ward,voting_districts,registered_voters,municipality,source_file,Municipality2021,Household,Homeless,Transient,Institution,UrbanArea,TribalOrTraditionalArea,FarmArea,MalePopulation,Population,"Food poverty headcount (FPL, %)",Gini coefficient (income per capita),"Poverty gap (P1, %)","Poverty headcount (P0, %)",Poverty share (%),"Severity of poverty (P2, %)",Dissatisfied with democracy,Distrust of national government,Distrust of political parties,Distrust of provincial government,Distrust of the IEC,QLFS_Q1_2024_DiscouragedWorkSeekers,QLFS_Q1_2024_Employed_thousand,QLFS_Q1_2024_AbsorptionRate,QLFS_Q1_2024_LabourForce_thousand,QLFS_Q1_2024_LabourForceParticipationRate,QLFS_Q1_2024_NotEconomicallyActive_thousand,QLFS_Q1_2024_OtherNotEconomicallyActive_thousand,QLFS_Q1_2024_Population15_64_thousand,QLFS_Q1_2024_Unemployed_thousand,QLFS_Q1_2024_UnemploymentRate,PreviousTurnout,PreviousRegistered,RegisteredVoters_2026,RegisteredVotersChange,RegistrationGrowth,SafeProvincialAverageTurnout,SafeBelowProvincialAverageTurnout,BaselinePredictedTurnout2026,PredictedTurnout2026_RF,PredictedTurnoutShift_RF_vs_2021,EstimatedVotesCast2026_RF,TurnoutTrendCategory,District,LeadingParty,UnemploymentRate,PovertyRate,ServiceDeliveryIndex
59500001,14,19964,eThekwini,iec_kzn_ethekwini_ward_registration_2026_clean.csv,ETH - eThekwini,5611.0,19.0,103101.0,3534197.439377465,686508.0393764396,19195.116724630065,2072331.459661568,2167569.135817591,4239900.595478572,27.3,0.604,21.2,49.6,24.8,11.4,85.0,83.0,77.0,80.0,55.0,771.0,2891.0,38.0,4126.0,54.2,3480.0,2709.0,7607.0,1235.0,29.9,55.59079227951228,18289.0,19964,1675.0,9.158510580130134,46.93336686359577,0.0,55.59079227951228,64.01,8.42,12779,Substantial Increase (>5pp),eThekwini Metro,ANC,29.9,49.6,6.0
59500002,21,21172,eThekwini,iec_kzn_ethekwini_ward_registration_2026_clean.csv,ETH - eThekwini,5611.0,19.0,103101.0,3534197.439377465,686508.0393764396,19195.116724630065,2072331.459661568,2167569.135817591,4239900.595478572,27.3,0.604,21.2,49.6,24.8,11.4,85.0,83.0,77.0,80.0,55.0,771.0,2891.0,38.0,4126.0,54.2,3480.0,2709.0,7607.0,1235.0,29.9,47.28889841405915,18664.0,21172,2508.0,13.437633947706814,46.93336686359577,0.0,47.28889841405915,60.29,13.0,12765,Substantial Increase (>5pp),eThekwini Metro,ANC,29.9,49.6,6.0
59500003,13,17103,eThekwini,iec_kzn_ethekwini_ward_registration_2026_clean.csv,ETH - eThekwini,5611.0,19.0,103101.0,3534197.439377465,686508.0393764396,19195.116724630065,2072331.459661568,2167569.135817591,4239900.595478572,27.3,0.604,21.2,49.6,24.8,11.4,85.0,83.0,77.0,80.0,55.0,771.0,2891.0,38.0,4126.0,54.2,3480.0,2709.0,7607.0,1235.0,29.9,42.93384594988731,15086.0,17103,2017.0,13.370011931592204,46.93336686359577,1.0,42.93384594988731,55.23,12.3,9446,Substantial Increase (>5pp),eThekwini Metro,ANC,29.9,49.6,6.0
59500004,9,20987,eThekwini,iec_kzn_ethekwini_ward_registration_2026_clean.csv,ETH - eThekwini,5611.0,19.0,103101.0,3534197.439377465,686508.0393764396,19195.116724630065,2072331.459661568,2167569.135817591,4239900.595478572,27.3,0.604,21.2,49.6,24.8,11.4,85.0,83.0,77.0,80.0,55.0,771.0,2891.0,38.0,4126.0,54.2,3480.0,2709.0,7607.0,1235.0,29.9,43.21905339805826,19776.0,20987,1211.0,6.123584142394822,46.93336686359577,1.0,43.21905339805826,57.23,14.01,12011,Substantial Increase (>5pp),eThekwini Metro,ANC,29.9,49.6,6.0
59500005,5,14950,eThekwini,iec_kzn_ethekwini_ward_registration_2026_clean.csv,ETH - eThekwini,5611.0,19.0,103101.0,3534197.439377465,686508.0393764396,19195.116724630065,2072331.459661568,2167569.135817591,4239900.595478572,27.3,0.604,21.2,49.6,24.8,11.4,85.0,83.0,77.0,80.0,55.0,771.0,2891.0,38.0,4126.0,54.2,3480.0,2709.0,7607.0,1235.0,29.9,43.80006846970216,14605.0,14950,345.0,2.3622047244094486,46.93336686359577,1.0,43.80006846970216,59.64,15.84,8916,Substantial Increase (>5pp),eThekwini Metro,MK,29.9,49.6,6.0
59500006,7,18454,eThekwini,iec_kzn_ethekwini_ward_registration_2026_clean.csv,ETH - eThekwini,5611.0,19.0,103101.0,3534197.439377465,686508.0393764396,19195.116724630065,2072331.459661568,2167569.135817591,4239900.595478572,27.3,0.604,21.2,49.6,24.8,11.4,85.0,83.0,77.0,80.0,55.0,771.0,2891.0,38.0,4126.0,54.2,3480.0,2709.0,7607.0,1235.0,29.9,44.51502430402121,18104.0,18454,350.0,1.9332744144940344,46.93336686359577,1.0,44.51502430402121,59.64,15.12,11006,Substantial Increase (>5pp),eThekwini Metro,MK,29.9,49.6,6.0
59500007,7,16867,eThekwini,iec_kzn_ethekwini_ward_registration_2026_clean.csv,ETH - eThekwini,5611.0,19.0,103101.0,3534197.439377465,686508.0393764396,19195.116724630065,2072331.459661568,2167569.135817591,4239900.595478572,27.3,0.604,21.2,49.6,24.8,11.4,85.0,83.0,77.0,80.0,55.0,771.0,2891.0,38.0,4126.0,54.2,3480.0,2709.0,7607.0,1235.0,29.9,46.77951601075532,16364.0,16867,503.0,3.0738205817648496,46.93336686359577,1.0,46.77951601075532,59.49,12.71,10034,Substantial Increase (>5pp),eThekwini Metro,MK,29.9,49.6,6.0
59500008,12,20847,eThekwini,iec_kzn_ethekwini_ward_registration_2026_clean.csv,ETH - eThekwini,5611.0,19.0,103101.0,3534197.439377465,686508.0393764396,19195.116724630065,2072331.459661568,2167569.135817591,4239900.595478572,27.3,0.604,21.2,49.6,24.8,11.4,85.0,83.0,77.0,80.0,55.0,771.0,2891.0,38.0,4126.0,54.2,3480.0,2709.0,7607.0,1235.0,29.9,50.05474737994682,19179.0,20847,1668.0,8.69701235726576,46.93336686359577,0.0,50.05474737994682,60.25,10.2,12560,Substantial Increase (>5pp),eThekwini Metro,ANC,29.9,49.6,6.0
59500009,10,20985,eThekwini,iec_kzn_ethekwini_ward_registration_2026_clean.csv,ETH - eThekwini,5611.0,19.0,103101.0,3534197.439377465,686508.0393764396,19195.116724630065,2072331.459661568,2167569.135817591,4239900.595478572,27.3,0.604,21.2,49.6,24.8,11.4,85.0,83.0,77.0,80.0,55.0,771.0,2891.0,38.0,4126.0,54.2,3480.0,2709.0,7607.0,1235.0,29.9,53.619088288673,18734.0,20985,2251.0,12.015586633927615,46.93336686359577,0.0,53.619088288673,64.72,11.1,13581,Substantial Increase (>5pp),eThekwini Metro,ANC,29.9,49.6,6.0
59500010,8,20505,eThekwini,iec_kzn_ethekwini_ward_registration_2026_clean.csv,ETH - eThekwini,5611.0,19.0,103101.0,3534197.439377465,686508.0393764396,19195.116724630065,2072331.459661568,2167569.135817591,4239900.595478572,27.3,0.604,21.2,49.6,24.8,11.4,85.0,83.0,77.0,80.0,55.0,771.0,2891.0,38.0,4126.0,54.2,3480.0,2709.0,7607.0,1235.0,29.9,56.95560466050623,19912.0,20505,593.0,2.9781036560867817,46.93336686359577,0.0,56.95560466050623,64.2,7.24,13164,Substantial Increase (>5pp),eThekwini Metro,DA,29.9,49.6,6.0
59500011,8,21901,eThekwini,iec_kzn_ethekwini_ward_registration_2026_clean.csv,ETH - eThekwini,5611.0,19.0,103101.0,3534197.439377465,686508.0393764396,19195.116724630065,2072331.459661568,2167569.135817591,4239900.595478572,27.3,0.604,21.2,49.6,24.8,11.4,85.0,83.0,77.0,80.0,55.0,771.0,2891.0,38.0,4126.0,54.2,3480.0,2709.0,7607.0,1235.0,29.9,38.247700360827366,19677.0,21901,2224.0,11.3025359556843,46.93336686359577,1.0,38.247700360827366,56.3,18.05,12330,Substantial Increase (>5pp),eThekwini Metro,MK,29.9,49.6,6.0
59500012,7,17495,eThekwini,iec_kzn_ethekwini_ward_registration_2026_clean.csv,ETH - eThekwini,5611.0,19.0,103101.0,3534197.439377465,686508.0393764396,19195.116724630065,2072331.459661568,2167569.135817591,4239900.595478572,27.3,0.604,21.2,49.6,24.8,11.4,85.0,83.0,77.0,80.0,55.0,771.0,2891.0,38.0,4126.0,54.2,3480.0,2709.0,7607.0,1235.0,29.9,34.98512175866885,16467.0,17495,1028.0,6.242788607518066,46.93336686359577,1.0,34.98512175866885,58.19,23.2,10180,Substantial Increase (>5pp),eThekwini Metro,ANC,29.9,49.6,6.0
59500013,7,17318,eThekwini,iec_kzn_ethekwini_ward_registration_2026_clean.csv,ETH - eThekwini,5611.0,19.0,103101.0,3534197.439377465,686508.0393764396,19195.116724630065,2072331.459661568,2167569.135817591,4239900.595478572,27.3,0.604,21.2,49.6,24.8,11.4,85.0,83.0,77.0,80.0,55.0,771.0,2891.0,38.0,4126.0,54.2,3480.0,2709.0,7607.0,1235.0,29.9,39.75695597317219,15059.0,17318,2259.0,15.000996082077164,46.93336686359577,1.0,39.75695597317219,56.25,16.49,9741,Substantial Increase (>5pp),eThekwini Metro,ANC,29.9,49.6,6.0
59500014,8,20024,eThekwini,iec_kzn_ethekwini_ward_registration_2026_clean.csv,ETH - eThekwini,5611.0,19.0,103101.0,3534197.439377465,686508.0393764396,19195.116724630065,2072331.459661568,2167569.135817591,4239900.595478572,27.3,0.604,21.2,49.6,24.8,11.4,85.0,83.0,77.0,80.0,55.0,771.0,2891.0,38.0,4126.0,54.2,3480.0,2709.0,7607.0,1235.0,29.9,36.40036632009912,18563.0,20024,1461.0,7.870495070839843,46.93336686359577,1.0,36.40036632009912,57.44,21.04,11502,Substantial Increase (>5pp),eThekwini Metro,ANC,29.9,49.6,6.0
59500015,7,19835,eThekwini,iec_kzn_ethekwini_ward_registration_2026_clean.csv,ETH - eThekwini,5611.0,19.0,103101.0,3534197.439377465,686508.0393764396,19195.116724630065,2072331.459661568,2167569.135817591,4239900.595478572,27.3,0.604,21.2,49.6,24.8,11.4,85.0,83.0,77.0,80.0,55.0,771.0,2891.0,38.0,4126.0,54.2,3480.0,2709.0,7607.0,1235.0,29.9,31.02690254370355,19106.0,19835,729.0,3.815555322935204,46.93336686359577,1.0,31.02690254370355,59.42,28.39,11786,Substantial Increase (>5pp),eThekwini Metro,MK,29.9,49.6,6.0
59500016,7,19791,eThekwini,iec_kzn_ethekwini_ward_registration_2026_clean.csv,ETH - eThekwini,5611.0,19.0,103101.0,3534197.439377465,686508.0393764396,19195.116724630065,2072331.459661568,2167569.135817591,4239900.595478572,27.3,0.604,21.2,49.6,24.8,11.4,85.0,83.0,77.0,80.0,55.0,771.0,2891.0,38.0,4126.0,54.2,3480.0,2709.0,7607.0,1235.0,29.9,41.3854897342686,19531.0,19791,260.0,1.3312170395781069,46.93336686359577,1.0,41.3854897342686,59.58,18.19,11791,Substantial Increase (>5pp),eThekwini Metro,MK,29.9,49.6,6.0
59500017,9,22433,eThekwini,iec_kzn_ethekwini_ward_registration_2026_clean.csv,ETH - eThekwini,5611.0,19.0,103101.0,3534197.439377465,686508.0393764396,19195.116724630065,2072331.459661568,2167569.135817591,4239900.595478572,27.3,0.604,21.2,49.6,24.8,11.4,85.0,83.0,77.0,80.0,55.0,771.0,2891.0,38.0,4126.0,54.2,3480.0,2709.0,7607.0,1235.0,29.9,42.65163092164199,18977.0,22433,3456.0,18.211519207461663,46.93336686359577,1.0,42.65163092164199,55.49,12.84,12448,Substantial Increase (>5pp),eThekwini Metro,ANC,29.9,49.6,6.0
59500018,6,20995,eThekwini,iec_kzn_ethekwini_ward_registration_2026_clean.csv,ETH - eThekwini,5611.0,19.0,103101.0,3534197.439377465,686508.0393764396,19195.116724630065,2072331.459661568,2167569.135817591,4239900.595478572,27.3,0.604,21.2,49.6,24.8,11.4,85.0,83.0,77.0,80.0,55.0,771.0,2891.0,38.0,4126.0,54.2,3480.0,2709.0,7607.0,1235.0,29.9,48.03174271692597,19154.0,20995,1841.0,9.61156938498486,46.93336686359577,0.0,48.03174271692597,60.18,12.15,12635,Substantial Increase (>5pp),eThekwini Metro,DA,29.9,49.6,6.0
59500019,8,20199,eThekwini,iec_kzn_ethekwini_ward_registration_2026_clean.csv,ETH - eThekwini,5611.0,19.0,103101.0,3534197.439377465,686508.0393764396,19195.116724630065,2072331.459661568,2167569.135817591,4239900.595478572,27.3,0.604,21.2,49.6,24.8,11.4,85.0,83.0,77.0,80.0,55.0,771.0,2891.0,38.0,4126.0,54.2,3480.0,2709.0,7607.0,1235.0,29.9,41.68656795627023,18843.0,20199,1356.0,7.196306320649579,46.93336686359577,1.0,41.68656795627023,57.03,15.34,11519,Substantial Increase (>5pp),eThekwini Metro,ANC,29.9,49.6,6.0
59500020,7,16140,eThekwini,iec_kzn_ethekwini_ward_registration_2026_clean.csv,ETH - eThekwini,5611.0,19.0,103101.0,3534197.439377465,686508.0393764396,19195.116724630065,2072331.459661568,2167569.135817591,4239900.595478572,27.3,0.604,21.2,49.6,24.8,11.4,85.0,83.0,77.0,80.0,55.0,771.0,2891.0,38.0,4126.0,54.2,3480.0,2709.0,7607.0,1235.0,29.9,41.13040732554468,15835.0,16140,305.0,1.9261130407325544,46.93336686359577,1.0,41.13040732554468,59.58,18.45,9616,Substantial Increase (>5pp),eThekwini Metro,ANC,29.9,49.6,6.0
59500021,6,18025,eThekwini,iec_kzn_ethekwini_ward_registration_2026_clean.csv,ETH - eThekwini,5611.0,19.0,103101.0,3534197.439377465,686508.0393764396,19195.116724630065,2072331.459661568,2167569.135817591,4239900.595478572,27.3,0.604,21.2,49.6,24.8,11.4,85.0,83.0,77.0,80.0,55.0,771.0,2891.0,38.0,4126.0,54.2,3480.0,2709.0,7607.0,1235.0,29.9,41.0385739668711,17447.0,18025,578.0,3.312890468275348,46.93336686359577,1.0,41.0385739668711,59.57,18.53,10737,Substantial Increase (>5pp),eThekwini Metro,ANC,29.9,49.6,6.0
59500022,6,16753,eThekwini,iec_kzn_ethekwini_ward_registration_2026_clean.csv,ETH - eThekwini,5611.0,19.0,103101.0,3534197.439377465,686508.0393764396,19195.116724630065,2072331.459661568,2167569.135817591,4239900.595478572,27.3,0.604,21.2,49.6,24.8,11.4,85.0,83.0,77.0,80.0,55.0,771.0,2891.0,38.0,4126.0,54.2,3480.0,2709.0,7607.0,1235.0,29.9,37.12407655168402,17191.0,16753,-438.0,-2.5478448025129428,46.93336686359577,1.0,37.12407655168402,59.61,22.49,9986,Substantial Increase (>5pp),eThekwini Metro,MK,29.9,49.6,6.0
59500023,6,21174,eThekwini,iec_kzn_ethekwini_ward_registration_2026_clean.csv,ETH - eThekwini,5611.0,19.0,103101.0,3534197.439377465,686508.0393764396,19195.116724630065,2072331.459661568,2167569.135817591,4239900.595478572,27.3,0.604,21.2,49.6,24.8,11.4,85.0,83.0,77.0,80.0,55.0,771.0,2891.0,38.0,4126.0,54.2,3480.0,2709.0,7607.0,1235.0,29.9,40.3680541316383,19508.0,21174,1666.0,8.54008611851548,46.93336686359577,1.0,40.3680541316383,56.25,15.88,11910,Substantial Increase (>5pp),eThekwini Metro,DA,29.9,49.6,6.0
59500024,6,17529,eThekwini,iec_kzn_ethekwini_ward_registration_2026_clean.csv,ETH - eThekwini,5611.0,19.0,103101.0,3534197.439377465,686508.0393764396,19195.116724630065,2072331.459661568,2167569.135817591,4239900.595478572,27.3,0.604,21.2,49.6,24.8,11.4,85.0,83.0,77.0,80.0,55.0,771.0,2891.0,38.0,4126.0,54.2,3480.0,2709.0,7607.0,1235.0,29.9,43.527312798446765,19057.0,17529,-1528.0,-8.01805110982841,46.93336686359577,1.0,43.527312798446765,59.35,15.82,10403,Substantial Increase (>5pp),eThekwini Metro,ANC,29.9,49.6,6.0
59500025,6,18854,eThekwini,iec_kzn_ethekwini_ward_registration_2026_clean.csv,ETH - eThekwini,5611.0,19.0,103101.0,3534197.439377465,686508.0393764396,19195.116724630065,2072331.459661568,2167569.135817591,4239900.595478572,27.3,0.604,21.2,49.6,24.8,11.4,85.0,83.0,77.0,80.0,55.0,771.0,2891.0,38.0,4126.0,54.2,3480.0,2709.0,7607.0,1235.0,29.9,40.38449573819449,16073.0,18854,2781.0,17.302308218751943,46.93336686359577,1.0,40.38449573819449,55.78,15.4,10517,Substantial Increase (>5pp),eThekwini Metro,ANC,29.9,49.6,6.0
59500026,3,17971,eThekwini,iec_kzn_ethekwini_ward_registration_2026_clean.csv,ETH - eThekwini,5611.0,19.0,103101.0,3534197.439377465,686508.0393764396,19195.116724630065,2072331.459661568,2167569.135817591,4239900.595478572,27.3,0.604,21.2,49.6,24.8,11.4,85.0,83.0,77.0,80.0,55.0,771.0,2891.0,38.0,4126.0,54.2,3480.0,2709.0,7607.0,1235.0,29.9,26.374381528312256,14552.0,17971,3419.0,23.495052226498075,46.93336686359577,1.0,26.374381528312256,59.65,33.28,10720,Substantial Increase (>5pp),eThekwini Metro,DA,29.9,49.6,6.0
59500027,7,18860,eThekwini,iec_kzn_ethekwini_ward_registration_2026_clean.csv,ETH - eThekwini,5611.0,19.0,103101.0,3534197.439377465,686508.0393764396,19195.116724630065,2072331.459661568,2167569.135817591,4239900.595478572,27.3,0.604,21.2,49.6,24.8,11.4,85.0,83.0,77.0,80.0,55.0,771.0,2891.0,38.0,4126.0,54.2,3480.0,2709.0,7607.0,1235.0,29.9,42.78237650200267,18725.0,18860,135.0,0.7209612817089452,46.93336686359577,1.0,42.78237650200267,59.58,16.8,11237,Substantial Increase (>5pp),eThekwini Metro,MK,29.9,49.6,6.0
59500028,5,22645,eThekwini,iec_kzn_ethekwini_ward_registration_2026_clean.csv,ETH - eThekwini,5611.0,19.0,103101.0,3534197.439377465,686508.0393764396,19195.116724630065,2072331.459661568,2167569.135817591,4239900.595478572,27.3,0.604,21.2,49.6,24.8,11.4,85.0,83.0,77.0,80.0,55.0,771.0,2891.0,38.0,4126.0,54.2,3480.0,2709.0,7607.0,1235.0,29.9,20.646469465648856,16768.0,22645,5877.0,35.04890267175573,46.93336686359577,1.0,20.646469465648856,59.92,39.27,13569,Substantial Increase (>5pp),eThekwini Metro,ANC,29.9,49.6,6.0
59500029,3,18596,eThekwini,iec_kzn_ethekwini_ward_registration_2026_clean.csv,ETH - eThekwini,5611.0,19.0,103101.0,3534197.439377465,686508.0393764396,19195.116724630065,2072331.459661568,2167569.135817591,4239900.595478572,27.3,0.604,21.2,49.6,24.8,11.4,85.0,83.0,77.0,80.0,55.0,771.0,2891.0,38.0,4126.0,54.2,3480.0,2709.0,7607.0,1235.0,29.9,30.846616148419127,22962.0,18596,-4366.0,-19.014023168713525,46.93336686359577,1.0,30.846616148419127,58.17,27.32,10817,Substantial Increase (>5pp),eThekwini Metro,ANC,29.9,49.6,6.0
59500030,8,20158,eThekwini,iec_kzn_ethekwini_ward_registration_2026_clean.csv,ETH - eThekwini,5611.0,19.0,103101.0,3534197.439377465,686508.0393764396,19195.116724630065,2072331.459661568,2167569.135817591,4239900.595478572,27.3,0.604,21.2,49.6,24.8,11.4,85.0,83.0,77.0,80.0,55.0,771.0,2891.0,38.0,4126.0,54.2,3480.0,2709.0,7607.0,1235.0,29.9,43.65327090648979,15378.0,20158,4780.0,31.083365847314344,46.93336686359577,1.0,43.65327090648979,55.81,12.16,11250,Substantial Increase (>5pp),eThekwini Metro,MK,29.9,49.6,6.0
59500031,8,20599,eThekwini,iec_kzn_ethekwini_ward_registration_2026_clean.csv,ETH - eThekwini,5611.0,19.0,103101.0,3534197.439377465,686508.0393764396,19195.116724630065,2072331.459661568,2167569.135817591,4239900.595478572,27.3,0.604,21.2,49.6,24.8,11.4,85.0,83.0,77.0,80.0,55.0,771.0,2891.0,38.0,4126.0,54.2,3480.0,2709.0,7607.0,1235.0,29.9,42.51040926170408,19694.0,20599,905.0,4.595308215700213,46.93336686359577,1.0,42.51040926170408,59.5,16.99,12256,Substantial Increase (>5pp),eThekwini Metro,DA,29.9,49.6,6.0
59500032,5,19777,eThekwini,iec_kzn_ethekwini_ward_registration_2026_clean.csv,ETH - eThekwini,5611.0,19.0,103101.0,3534197.439377465,686508.0393764396,19195.116724630065,2072331.459661568,2167569.135817591,4239900.595478572,27.3,0.604,21.2,49.6,24.8,11.4,85.0,83.0,77.0,80.0,55.0,771.0,2891.0,38.0,4126.0,54.2,3480.0,2709.0,7607.0,1235.0,29.9,16.917443789690488,17479.0,19777,2298.0,13.1472052176898,46.93336686359577,1.0,16.917443789690488,59.37,42.45,11742,Substantial Increase (>5pp),eThekwini Metro,MK,29.9,49.6,6.0
59500033,9,24254,eThekwini,iec_kzn_ethekwini_ward_registration_2026_clean.csv,ETH - eThekwini,5611.0,19.0,103101.0,3534197.439377465,686508.0393764396,19195.116724630065,2072331.459661568,2167569.135817591,4239900.595478572,27.3,0.604,21.2,49.6,24.8,11.4,85.0,83.0,77.0,80.0,55.0,771.0,2891.0,38.0,4126.0,54.2,3480.0,2709.0,7607.0,1235.0,29.9,39.54083115373438,17205.0,24254,7049.0,40.97064806742226,46.93336686359577,1.0,39.54083115373438,56.8,17.26,13776,Substantial Increase (>5pp),eThekwini Metro,MK,29.9,49.6,6.0
59500034,6,18405,eThekwini,iec_kzn_ethekwini_ward_registration_2026_clean.csv,ETH - eThekwini,5611.0,19.0,103101.0,3534197.439377465,686508.0393764396,19195.116724630065,2072331.459661568,2167569.135817591,4239900.595478572,27.3,0.604,21.2,49.6,24.8,11.4,85.0,83.0,77.0,80.0,55.0,771.0,2891.0,38.0,4126.0,54.2,3480.0,2709.0,7607.0,1235.0,29.9,40.95716078150206,16737.0,18405,1668.0,9.9659437175121,46.93336686359577,1.0,40.95716078150206,55.47,14.51,10209,Substantial Increase (>5pp),eThekwini Metro,DA,29.9,49.6,6.0
59500035,5,20541,eThekwini,iec_kzn_ethekwini_ward_registration_2026_clean.csv,ETH - eThekwini,5611.0,19.0,103101.0,3534197.439377465,686508.0393764396,19195.116724630065,2072331.459661568,2167569.135817591,4239900.595478572,27.3,0.604,21.2,49.6,24.8,11.4,85.0,83.0,77.0,80.0,55.0,771.0,2891.0,38.0,4126.0,54.2,3480.0,2709.0,7607.0,1235.0,29.9,55.31614868294884,17729.0,20541,2812.0,15.861018669975746,46.93336686359577,0.0,55.31614868294884,64.24,8.92,13196,Substantial Increase (>5pp),eThekwini Metro,DA,29.9,49.6,6.0
59500036,5,19314,eThekwini,iec_kzn_ethekwini_ward_registration_2026_clean.csv,ETH - eThekwini,5611.0,19.0,103101.0,3534197.439377465,686508.0393764396,19195.116724630065,2072331.459661568,2167569.135817591,4239900.595478572,27.3,0.604,21.2,49.6,24.8,11.4,85.0,83.0,77.0,80.0,55.0,771.0,2891.0,38.0,4126.0,54.2,3480.0,2709.0,7607.0,1235.0,29.9,49.794900221729485,18040.0,19314,1274.0,7.062084257206208,46.93336686359577,0.0,49.794900221729485,60.25,10.46,11637,Substantial Increase (>5pp),eThekwini Metro,DA,29.9,49.6,6.0
59500037,6,19855,eThekwini,iec_kzn_ethekwini_ward_registration_2026_clean.csv,ETH - eThekwini,5611.0,19.0,103101.0,3534197.439377465,686508.0393764396,19195.116724630065,2072331.459661568,2167569.135817591,4239900.595478572,27.3,0.604,21.2,49.6,24.8,11.4,85.0,83.0,77.0,80.0,55.0,771.0,2891.0,38.0,4126.0,54.2,3480.0,2709.0,7607.0,1235.0,29.9,36.78791328193719,19327.0,19855,528.0,2.7319294251565167,46.93336686359577,1.0,36.78791328193719,59.7,22.91,11853,Substantial Increase (>5pp),eThekwini Metro,ANC,29.9,49.6,6.0
59500038,7,15182,eThekwini,iec_kzn_ethekwini_ward_registration_2026_clean.csv,ETH - eThekwini,5611.0,19.0,103101.0,3534197.439377465,686508.0393764396,19195.116724630065,2072331.459661568,2167569.135817591,4239900.595478572,27.3,0.604,21.2,49.6,24.8,11.4,85.0,83.0,77.0,80.0,55.0,771.0,2891.0,38.0,4126.0,54.2,3480.0,2709.0,7607.0,1235.0,29.9,37.47788420474651,16391.0,15182,-1209.0,-7.375999023854554,46.93336686359577,1.0,37.47788420474651,59.37,21.89,9014,Substantial Increase (>5pp),eThekwini Metro,MK,29.9,49.6,6.0
59500039,5,16802,eThekwini,iec_kzn_ethekwini_ward_registration_2026_clean.csv,ETH - eThekwini,5611.0,19.0,103101.0,3534197.439377465,686508.0393764396,19195.116724630065,2072331.459661568,2167569.135817591,4239900.595478572,27.3,0.604,21.2,49.6,24.8,11.4,85.0,83.0,77.0,80.0,55.0,771.0,2891.0,38.0,4126.0,54.2,3480.0,2709.0,7607.0,1235.0,29.9,28.39898722251664,16983.0,16802,-181.0,-1.0657716540069482,46.93336686359577,1.0,28.39898722251664,58.73,30.33,9868,Substantial Increase (>5pp),eThekwini Metro,IFP,29.9,49.6,6.0
59500040,7,18533,eThekwini,iec_kzn_ethekwini_ward_registration_2026_clean.csv,ETH - eThekwini,5611.0,19.0,103101.0,3534197.439377465,686508.0393764396,19195.116724630065,2072331.459661568,2167569.135817591,4239900.595478572,27.3,0.604,21.2,49.6,24.8,11.4,85.0,83.0,77.0,80.0,55.0,771.0,2891.0,38.0,4126.0,54.2,3480.0,2709.0,7607.0,1235.0,29.9,37.21335431654676,17792.0,18533,741.0,4.164793165467626,46.93336686359577,1.0,37.21335431654676,59.69,22.48,11062,Substantial Increase (>5pp),eThekwini Metro,ANC,29.9,49.6,6.0
59500041,5,17053,eThekwini,iec_kzn_ethekwini_ward_registration_2026_clean.csv,ETH - eThekwini,5611.0,19.0,103101.0,3534197.439377465,686508.0393764396,19195.116724630065,2072331.459661568,2167569.135817591,4239900.595478572,27.3,0.604,21.2,49.6,24.8,11.4,85.0,83.0,77.0,80.0,55.0,771.0,2891.0,38.0,4126.0,54.2,3480.0,2709.0,7607.0,1235.0,29.9,34.872251524076994,14599.0,17053,2454.0,16.8093705048291,46.93336686359577,1.0,34.872251524076994,56.29,21.42,9599,Substantial Increase (>5pp),eThekwini Metro,MK,29.9,49.6,6.0
59500042,8,18545,eThekwini,iec_kzn_ethekwini_ward_registration_2026_clean.csv,ETH - eThekwini,5611.0,19.0,103101.0,3534197.439377465,686508.0393764396,19195.116724630065,2072331.459661568,2167569.135817591,4239900.595478572,27.3,0.604,21.2,49.6,24.8,11.4,85.0,83.0,77.0,80.0,55.0,771.0,2891.0,38.0,4126.0,54.2,3480.0,2709.0,7607.0,1235.0,29.9,36.88063063063063,14208.0,18545,4337.0,30.525056306306308,46.93336686359577,1.0,36.88063063063063,56.38,19.5,10456,Substantial Increase (>5pp),eThekwini Metro,ANC,29.9,49.6,6.0
59500043,7,16185,eThekwini,iec_kzn_ethekwini_ward_registration_2026_clean.csv,ETH - eThekwini,5611.0,19.0,103101.0,3534197.439377465,686508.0393764396,19195.116724630065,2072331.459661568,2167569.135817591,4239900.595478572,27.3,0.604,21.2,49.6,24.8,11.4,85.0,83.0,77.0,80.0,55.0,771.0,2891.0,38.0,4126.0,54.2,3480.0,2709.0,7607.0,1235.0,29.9,36.507282220390216,14556.0,16185,1629.0,11.19126133553174,46.93336686359577,1.0,36.507282220390216,56.21,19.7,9098,Substantial Increase (>5pp),eThekwini Metro,MK,29.9,49.6,6.0
59500044,7,16686,eThekwini,iec_kzn_ethekwini_ward_registration_2026_clean.csv,ETH - eThekwini,5611.0,19.0,103101.0,3534197.439377465,686508.0393764396,19195.116724630065,2072331.459661568,2167569.135817591,4239900.595478572,27.3,0.604,21.2,49.6,24.8,11.4,85.0,83.0,77.0,80.0,55.0,771.0,2891.0,38.0,4126.0,54.2,3480.0,2709.0,7607.0,1235.0,29.9,36.585522101217165,15610.0,16686,1076.0,6.89301729660474,46.93336686359577,1.0,36.585522101217165,57.79,21.2,9643,Substantial Increase (>5pp),eThekwini Metro,ANC,29.9,49.6,6.0
59500045,7,17493,eThekwini,iec_kzn_ethekwini_ward_registration_2026_clean.csv,ETH - eThekwini,5611.0,19.0,103101.0,3534197.439377465,686508.0393764396,19195.116724630065,2072331.459661568,2167569.135817591,4239900.595478572,27.3,0.604,21.2,49.6,24.8,11.4,85.0,83.0,77.0,80.0,55.0,771.0,2891.0,38.0,4126.0,54.2,3480.0,2709.0,7607.0,1235.0,29.9,38.02516411378556,18280.0,17493,-787.0,-4.305251641137856,46.93336686359577,1.0,38.02516411378556,59.68,21.65,10440,Substantial Increase (>5pp),eThekwini Metro,ANC,29.9,49.6,6.0
59500046,5,15572,eThekwini,iec_kzn_ethekwini_ward_registration_2026_clean.csv,ETH - eThekwini,5611.0,19.0,103101.0,3534197.439377465,686508.0393764396,19195.116724630065,2072331.459661568,2167569.135817591,4239900.595478572,27.3,0.604,21.2,49.6,24.8,11.4,85.0,83.0,77.0,80.0,55.0,771.0,2891.0,38.0,4126.0,54.2,3480.0,2709.0,7607.0,1235.0,29.9,29.954099398543843,12636.0,15572,2936.0,23.23520101297879,46.93336686359577,1.0,29.954099398543843,59.56,29.61,9275,Substantial Increase (>5pp),eThekwini Metro,ANC,29.9,49.6,6.0
59500047,6,16016,eThekwini,iec_kzn_ethekwini_ward_registration_2026_clean.csv,ETH - eThekwini,5611.0,19.0,103101.0,3534197.439377465,686508.0393764396,19195.116724630065,2072331.459661568,2167569.135817591,4239900.595478572,27.3,0.604,21.2,49.6,24.8,11.4,85.0,83.0,77.0,80.0,55.0,771.0,2891.0,38.0,4126.0,54.2,3480.0,2709.0,7607.0,1235.0,29.9,33.14535301597833,18087.0,16016,-2071.0,-11.45021286006524,46.93336686359577,1.0,33.14535301597833,58.79,25.64,9416,Substantial Increase (>5pp),eThekwini Metro,ANC,29.9,49.6,6.0
59500048,7,16258,eThekwini,iec_kzn_ethekwini_ward_registration_2026_clean.csv,ETH - eThekwini,5611.0,19.0,103101.0,3534197.439377465,686508.0393764396,19195.116724630065,2072331.459661568,2167569.135817591,4239900.595478572,27.3,0.604,21.2,49.6,24.8,11.4,85.0,83.0,77.0,80.0,55.0,771.0,2891.0,38.0,4126.0,54.2,3480.0,2709.0,7607.0,1235.0,29.9,45.6702108044988,16271.0,16258,-13.0,-0.0798967488169135,46.93336686359577,1.0,45.6702108044988,59.7,14.03,9706,Substantial Increase (>5pp),eThekwini Metro,DA,29.9,49.6,6.0
59500049,8,20047,eThekwini,iec_kzn_ethekwini_ward_registration_2026_clean.csv,ETH - eThekwini,5611.0,19.0,103101.0,3534197.439377465,686508.0393764396,19195.116724630065,2072331.459661568,2167569.135817591,4239900.595478572,27.3,0.604,21.2,49.6,24.8,11.4,85.0,83.0,77.0,80.0,55.0,771.0,2891.0,38.0,4126.0,54.2,3480.0,2709.0,7607.0,1235.0,29.9,48.5858794384806,19376.0,20047,671.0,3.463047068538398,46.93336686359577,0.0,48.5858794384806,60.54,11.95,12136,Substantial Increase (>5pp),eThekwini Metro,DA,29.9,49.6,6.0
59500050,7,15169,eThekwini,iec_kzn_ethekwini_ward_registration_2026_clean.csv,ETH - eThekwini,5611.0,19.0,103101.0,3534197.439377465,686508.0393764396,19195.116724630065,2072331.459661568,2167569.135817591,4239900.595478572,27.3,0.604,21.2,49.6,24.8,11.4,85.0,83.0,77.0,80.0,55.0,771.0,2891.0,38.0,4126.0,54.2,3480.0,2709.0,7607.0,1235.0,29.9,51.5025402659172,18502.0,15169,-3333.0,-18.01426872770511,46.93336686359577,0.0,51.5025402659172,61.5,10.0,9329,Substantial Increase (>5pp),eThekwini Metro,MK,29.9,49.6,6.0
59500051,7,17741,eThekwini,iec_kzn_ethekwini_ward_registration_2026_clean.csv,ETH - eThekwini,5611.0,19.0,103101.0,3534197.439377465,686508.0393764396,19195.116724630065,2072331.459661568,2167569.135817591,4239900.595478572,27.3,0.604,21.2,49.6,24.8,11.4,85.0,83.0,77.0,80.0,55.0,771.0,2891.0,38.0,4126.0,54.2,3480.0,2709.0,7607.0,1235.0,29.9,47.08627428104766,17143.0,17741,598.0,3.488304264131132,46.93336686359577,0.0,47.08627428104766,60.23,13.14,10685,Substantial Increase (>5pp),eThekwini Metro,DA,29.9,49.6,6.0
59500052,7,15432,eThekwini,iec_kzn_ethekwini_ward_registration_2026_clean.csv,ETH - eThekwini,5611.0,19.0,103101.0,3534197.439377465,686508.0393764396,19195.116724630065,2072331.459661568,2167569.135817591,4239900.595478572,27.3,0.604,21.2,49.6,24.8,11.4,85.0,83.0,77.0,80.0,55.0,771.0,2891.0,38.0,4126.0,54.2,3480.0,2709.0,7607.0,1235.0,29.9,46.89036917138766,16063.0,15432,-631.0,-3.9282823880968687,46.93336686359577,1.0,46.89036917138766,59.68,12.79,9210,Substantial Increase (>5pp),eThekwini Metro,DA,29.9,49.6,6.0
59500053,4,14901,eThekwini,iec_kzn_ethekwini_ward_registration_2026_clean.csv,ETH - eThekwini,5611.0,19.0,103101.0,3534197.439377465,686508.0393764396,19195.116724630065,2072331.459661568,2167569.135817591,4239900.595478572,27.3,0.604,21.2,49.6,24.8,11.4,85.0,83.0,77.0,80.0,55.0,771.0,2891.0,38.0,4126.0,54.2,3480.0,2709.0,7607.0,1235.0,29.9,31.442524417731025,18634.0,14901,-3733.0,-20.033272512611354,46.93336686359577,1.0,31.442524417731025,58.26,26.82,8681,Substantial Increase (>5pp),eThekwini Metro,ANC,29.9,49.6,6.0
59500054,5,14189,eThekwini,iec_kzn_ethekwini_ward_registration_2026_clean.csv,ETH - eThekwini,5611.0,19.0,103101.0,3534197.439377465,686508.0393764396,19195.116724630065,2072331.459661568,2167569.135817591,4239900.595478572,27.3,0.604,21.2,49.6,24.8,11.4,85.0,83.0,77.0,80.0,55.0,771.0,2891.0,38.0,4126.0,54.2,3480.0,2709.0,7607.0,1235.0,29.9,32.556879739978335,16614.0,14189,-2425.0,-14.596123751053328,46.93336686359577,1.0,32.556879739978335,58.71,26.15,8330,Substantial Increase (>5pp),eThekwini Metro,ANC,29.9,49.6,6.0
59500055,8,16419,eThekwini,iec_kzn_ethekwini_ward_registration_2026_clean.csv,ETH - eThekwini,5611.0,19.0,103101.0,3534197.439377465,686508.0393764396,19195.116724630065,2072331.459661568,2167569.135817591,4239900.595478572,27.3,0.604,21.2,49.6,24.8,11.4,85.0,83.0,77.0,80.0,55.0,771.0,2891.0,38.0,4126.0,54.2,3480.0,2709.0,7607.0,1235.0,29.9,38.27388762972683,16766.0,16419,-347.0,-2.069664797805081,46.93336686359577,1.0,38.27388762972683,59.62,21.35,9789,Substantial Increase (>5pp),eThekwini Metro,ANC,29.9,49.6,6.0
59500056,9,18871,eThekwini,iec_kzn_ethekwini_ward_registration_2026_clean.csv,ETH - eThekwini,5611.0,19.0,103101.0,3534197.439377465,686508.0393764396,19195.116724630065,2072331.459661568,2167569.135817591,4239900.595478572,27.3,0.604,21.2,49.6,24.8,11.4,85.0,83.0,77.0,80.0,55.0,771.0,2891.0,38.0,4126.0,54.2,3480.0,2709.0,7607.0,1235.0,29.9,37.59793762321185,19783.0,18871,-912.0,-4.610018702926755,46.93336686359577,1.0,37.59793762321185,59.59,21.99,11245,Substantial Increase (>5pp),eThekwini Metro,ANC,29.9,49.6,6.0
59500057,7,15270,eThekwini,iec_kzn_ethekwini_ward_registration_2026_clean.csv,ETH - eThekwini,5611.0,19.0,103101.0,3534197.439377465,686508.0393764396,19195.116724630065,2072331.459661568,2167569.135817591,4239900.595478572,27.3,0.604,21.2,49.6,24.8,11.4,85.0,83.0,77.0,80.0,55.0,771.0,2891.0,38.0,4126.0,54.2,3480.0,2709.0,7607.0,1235.0,29.9,42.46215438508696,15986.0,15270,-716.0,-4.4789190541724,46.93336686359577,1.0,42.46215438508696,59.55,17.09,9093,Substantial Increase (>5pp),eThekwini Metro,MK,29.9,49.6,6.0
59500058,11,20251,eThekwini,iec_kzn_ethekwini_ward_registration_2026_clean.csv,ETH - eThekwini,5611.0,19.0,103101.0,3534197.439377465,686508.0393764396,19195.116724630065,2072331.459661568,2167569.135817591,4239900.595478572,27.3,0.604,21.2,49.6,24.8,11.4,85.0,83.0,77.0,80.0,55.0,771.0,2891.0,38.0,4126.0,54.2,3480.0,2709.0,7607.0,1235.0,29.9,45.09963873674397,17162.0,20251,3089.0,17.999067707726372,46.93336686359577,1.0,45.09963873674397,54.68,9.58,11073,Substantial Increase (>5pp),eThekwini Metro,MK,29.9,49.6,6.0
59500059,9,16267,eThekwini,iec_kzn_ethekwini_ward_registration_2026_clean.csv,ETH - eThekwini,5611.0,19.0,103101.0,3534197.439377465,686508.0393764396,19195.116724630065,2072331.459661568,2167569.135817591,4239900.595478572,27.3,0.604,21.2,49.6,24.8,11.4,85.0,83.0,77.0,80.0,55.0,771.0,2891.0,38.0,4126.0,54.2,3480.0,2709.0,7607.0,1235.0,29.9,42.341562738610335,19645.0,16267,-3378.0,-17.195215067447187,46.93336686359577,1.0,42.341562738610335,58.86,16.52,9575,Substantial Increase (>5pp),eThekwini Metro,MK,29.9,49.6,6.0
59500060,6,21979,eThekwini,iec_kzn_ethekwini_ward_registration_2026_clean.csv,ETH - eThekwini,5611.0,19.0,103101.0,3534197.439377465,686508.0393764396,19195.116724630065,2072331.459661568,2167569.135817591,4239900.595478572,27.3,0.604,21.2,49.6,24.8,11.4,85.0,83.0,77.0,80.0,55.0,771.0,2891.0,38.0,4126.0,54.2,3480.0,2709.0,7607.0,1235.0,29.9,39.31432069792358,19601.0,21979,2378.0,12.132034079893884,46.93336686359577,1.0,39.31432069792358,55.95,16.64,12297,Substantial Increase (>5pp),eThekwini Metro,ANC,29.9,49.6,6.0
59500061,7,16381,eThekwini,iec_kzn_ethekwini_ward_registration_2026_clean.csv,ETH - eThekwini,5611.0,19.0,103101.0,3534197.439377465,686508.0393764396,19195.116724630065,2072331.459661568,2167569.135817591,4239900.595478572,27.3,0.604,21.2,49.6,24.8,11.4,85.0,83.0,77.0,80.0,55.0,771.0,2891.0,38.0,4126.0,54.2,3480.0,2709.0,7607.0,1235.0,29.9,46.17745163442295,14990.0,16381,1391.0,9.279519679786524,46.93336686359577,1.0,46.17745163442295,54.33,8.15,8900,Substantial Increase (>5pp),eThekwini Metro,DA,29.9,49.6,6.0
59500062,7,16596,eThekwini,iec_kzn_ethekwini_ward_registration_2026_clean.csv,ETH - eThekwini,5611.0,19.0,103101.0,3534197.439377465,686508.0393764396,19195.116724630065,2072331.459661568,2167569.135817591,4239900.595478572,27.3,0.604,21.2,49.6,24.8,11.4,85.0,83.0,77.0,80.0,55.0,771.0,2891.0,38.0,4126.0,54.2,3480.0,2709.0,7607.0,1235.0,29.9,41.40240937820755,18511.0,16596,-1915.0,-10.345200151261412,46.93336686359577,1.0,41.40240937820755,59.15,17.75,9817,Substantial Increase (>5pp),eThekwini Metro,ANC,29.9,49.6,6.0
59500063,6,20252,eThekwini,iec_kzn_ethekwini_ward_registration_2026_clean.csv,ETH - eThekwini,5611.0,19.0,103101.0,3534197.439377465,686508.0393764396,19195.116724630065,2072331.459661568,2167569.135817591,4239900.595478572,27.3,0.604,21.2,49.6,24.8,11.4,85.0,83.0,77.0,80.0,55.0,771.0,2891.0,38.0,4126.0,54.2,3480.0,2709.0,7607.0,1235.0,29.9,47.457003103139954,19013.0,20252,1239.0,6.516593909430391,46.93336686359577,0.0,47.457003103139954,60.29,12.83,12210,Substantial Increase (>5pp),eThekwini Metro,DA,29.9,49.6,6.0
59500064,8,21094,eThekwini,iec_kzn_ethekwini_ward_registration_2026_clean.csv,ETH - eThekwini,5611.0,19.0,103101.0,3534197.439377465,686508.0393764396,19195.116724630065,2072331.459661568,2167569.135817591,4239900.595478572,27.3,0.604,21.2,49.6,24.8,11.4,85.0,83.0,77.0,80.0,55.0,771.0,2891.0,38.0,4126.0,54.2,3480.0,2709.0,7607.0,1235.0,29.9,41.485391341437406,18756.0,21094,2338.0,12.465344423117935,46.93336686359577,1.0,41.485391341437406,55.28,13.79,11661,Substantial Increase (>5pp),eThekwini Metro,DA,29.9,49.6,6.0
59500065,8,19916,eThekwini,iec_kzn_ethekwini_ward_registration_2026_clean.csv,ETH - eThekwini,5611.0,19.0,103101.0,3534197.439377465,686508.0393764396,19195.116724630065,2072331.459661568,2167569.135817591,4239900.595478572,27.3,0.604,21.2,49.6,24.8,11.4,85.0,83.0,77.0,80.0,55.0,771.0,2891.0,38.0,4126.0,54.2,3480.0,2709.0,7607.0,1235.0,29.9,45.24205378973105,20450.0,19916,-534.0,-2.611246943765281,46.93336686359577,1.0,45.24205378973105,59.56,14.32,11862,Substantial Increase (>5pp),eThekwini Metro,DA,29.9,49.6,6.0
59500066,6,18908,eThekwini,iec_kzn_ethekwini_ward_registration_2026_clean.csv,ETH - eThekwini,5611.0,19.0,103101.0,3534197.439377465,686508.0393764396,19195.116724630065,2072331.459661568,2167569.135817591,4239900.595478572,27.3,0.604,21.2,49.6,24.8,11.4,85.0,83.0,77.0,80.0,55.0,771.0,2891.0,38.0,4126.0,54.2,3480.0,2709.0,7607.0,1235.0,29.9,45.373933411410405,17931.0,18908,977.0,5.44866432435447,46.93336686359577,1.0,45.373933411410405,57.18,11.81,10812,Substantial Increase (>5pp),eThekwini Metro,DA,29.9,49.6,6.0
59500067,8,16969,eThekwini,iec_kzn_ethekwini_ward_registration_2026_clean.csv,ETH - eThekwini,5611.0,19.0,103101.0,3534197.439377465,686508.0393764396,19195.116724630065,2072331.459661568,2167569.135817591,4239900.595478572,27.3,0.604,21.2,49.6,24.8,11.4,85.0,83.0,77.0,80.0,55.0,771.0,2891.0,38.0,4126.0,54.2,3480.0,2709.0,7607.0,1235.0,29.9,39.75267213522248,16092.0,16969,877.0,5.4499130002485705,46.93336686359577,1.0,39.75267213522248,58.37,18.62,9905,Substantial Increase (>5pp),eThekwini Metro,MK,29.9,49.6,6.0
59500068,9,21089,eThekwini,iec_kzn_ethekwini_ward_registration_2026_clean.csv,ETH - eThekwini,5611.0,19.0,103101.0,3534197.439377465,686508.0393764396,19195.116724630065,2072331.459661568,2167569.135817591,4239900.595478572,27.3,0.604,21.2,49.6,24.8,11.4,85.0,83.0,77.0,80.0,55.0,771.0,2891.0,38.0,4126.0,54.2,3480.0,2709.0,7607.0,1235.0,29.9,46.68545720635265,18449.0,21089,2640.0,14.30971868393951,46.93336686359577,1.0,46.68545720635265,54.4,7.71,11472,Substantial Increase (>5pp),eThekwini Metro,DA,29.9,49.6,6.0
59500069,9,17319,eThekwini,iec_kzn_ethekwini_ward_registration_2026_clean.csv,ETH - eThekwini,5611.0,19.0,103101.0,3534197.439377465,686508.0393764396,19195.116724630065,2072331.459661568,2167569.135817591,4239900.595478572,27.3,0.604,21.2,49.6,24.8,11.4,85.0,83.0,77.0,80.0,55.0,771.0,2891.0,38.0,4126.0,54.2,3480.0,2709.0,7607.0,1235.0,29.9,47.16401734104046,16608.0,17319,711.0,4.28106936416185,46.93336686359577,0.0,47.16401734104046,60.29,13.13,10442,Substantial Increase (>5pp),eThekwini Metro,MK,29.9,49.6,6.0
59500070,10,16914,eThekwini,iec_kzn_ethekwini_ward_registration_2026_clean.csv,ETH - eThekwini,5611.0,19.0,103101.0,3534197.439377465,686508.0393764396,19195.116724630065,2072331.459661568,2167569.135817591,4239900.595478572,27.3,0.604,21.2,49.6,24.8,11.4,85.0,83.0,77.0,80.0,55.0,771.0,2891.0,38.0,4126.0,54.2,3480.0,2709.0,7607.0,1235.0,29.9,48.15201624601102,17235.0,16914,-321.0,-1.8624891209747605,46.93336686359577,0.0,48.15201624601102,59.93,11.78,10137,Substantial Increase (>5pp),eThekwini Metro,DA,29.9,49.6,6.0
59500071,5,19242,eThekwini,iec_kzn_ethekwini_ward_registration_2026_clean.csv,ETH - eThekwini,5611.0,19.0,103101.0,3534197.439377465,686508.0393764396,19195.116724630065,2072331.459661568,2167569.135817591,4239900.595478572,27.3,0.604,21.2,49.6,24.8,11.4,85.0,83.0,77.0,80.0,55.0,771.0,2891.0,38.0,4126.0,54.2,3480.0,2709.0,7607.0,1235.0,29.9,41.57238024743577,18914.0,19242,328.0,1.7341651686581367,46.93336686359577,1.0,41.57238024743577,59.58,18.01,11464,Substantial Increase (>5pp),eThekwini Metro,DA,29.9,49.6,6.0
59500072,6,19869,eThekwini,iec_kzn_ethekwini_ward_registration_2026_clean.csv,ETH - eThekwini,5611.0,19.0,103101.0,3534197.439377465,686508.0393764396,19195.116724630065,2072331.459661568,2167569.135817591,4239900.595478572,27.3,0.604,21.2,49.6,24.8,11.4,85.0,83.0,77.0,80.0,55.0,771.0,2891.0,38.0,4126.0,54.2,3480.0,2709.0,7607.0,1235.0,29.9,38.86507341120994,18662.0,19869,1207.0,6.467688350659094,46.93336686359577,1.0,38.86507341120994,58.05,19.18,11534,Substantial Increase (>5pp),eThekwini Metro,MK,29.9,49.6,6.0
59500073,9,16367,eThekwini,iec_kzn_ethekwini_ward_registration_2026_clean.csv,ETH - eThekwini,5611.0,19.0,103101.0,3534197.439377465,686508.0393764396,19195.116724630065,2072331.459661568,2167569.135817591,4239900.595478572,27.3,0.604,21.2,49.6,24.8,11.4,85.0,83.0,77.0,80.0,55.0,771.0,2891.0,38.0,4126.0,54.2,3480.0,2709.0,7607.0,1235.0,29.9,48.30412155291021,16717.0,16367,-350.0,-2.0936770951725787,46.93336686359577,0.0,48.30412155291021,59.97,11.67,9815,Substantial Increase (>5pp),eThekwini Metro,MK,29.9,49.6,6.0
59500074,6,15873,eThekwini,iec_kzn_ethekwini_ward_registration_2026_clean.csv,ETH - eThekwini,5611.0,19.0,103101.0,3534197.439377465,686508.0393764396,19195.116724630065,2072331.459661568,2167569.135817591,4239900.595478572,27.3,0.604,21.2,49.6,24.8,11.4,85.0,83.0,77.0,80.0,55.0,771.0,2891.0,38.0,4126.0,54.2,3480.0,2709.0,7607.0,1235.0,29.9,36.85085168259244,16849.0,15873,-976.0,-5.792628642649415,46.93336686359577,1.0,36.85085168259244,59.3,22.45,9413,Substantial Increase (>5pp),eThekwini Metro,ANC,29.9,49.6,6.0
59500075,5,14944,eThekwini,iec_kzn_ethekwini_ward_registration_2026_clean.csv,ETH - eThekwini,5611.0,19.0,103101.0,3534197.439377465,686508.0393764396,19195.116724630065,2072331.459661568,2167569.135817591,4239900.595478572,27.3,0.604,21.2,49.6,24.8,11.4,85.0,83.0,77.0,80.0,55.0,771.0,2891.0,38.0,4126.0,54.2,3480.0,2709.0,7607.0,1235.0,29.9,38.297872340425535,15275.0,14944,-331.0,-2.1669394435351883,46.93336686359577,1.0,38.297872340425535,59.62,21.32,8910,Substantial Increase (>5pp),eThekwini Metro,ANC,29.9,49.6,6.0
59500076,7,16303,eThekwini,iec_kzn_ethekwini_ward_registration_2026_clean.csv,ETH - eThekwini,5611.0,19.0,103101.0,3534197.439377465,686508.0393764396,19195.116724630065,2072331.459661568,2167569.135817591,4239900.595478572,27.3,0.604,21.2,49.6,24.8,11.4,85.0,83.0,77.0,80.0,55.0,771.0,2891.0,38.0,4126.0,54.2,3480.0,2709.0,7607.0,1235.0,29.9,27.582385104182062,13534.0,16303,2769.0,20.45958327176001,46.93336686359577,1.0,27.582385104182062,59.56,31.98,9710,Substantial Increase (>5pp),eThekwini Metro,ANC,29.9,49.6,6.0
59500077,8,19862,eThekwini,iec_kzn_ethekwini_ward_registration_2026_clean.csv,ETH - eThekwini,5611.0,19.0,103101.0,3534197.439377465,686508.0393764396,19195.116724630065,2072331.459661568,2167569.135817591,4239900.595478572,27.3,0.604,21.2,49.6,24.8,11.4,85.0,83.0,77.0,80.0,55.0,771.0,2891.0,38.0,4126.0,54.2,3480.0,2709.0,7607.0,1235.0,29.9,45.40941574382194,18331.0,19862,1531.0,8.35197206917244,46.93336686359577,1.0,45.40941574382194,55.24,9.83,10972,Substantial Increase (>5pp),eThekwini Metro,DA,29.9,49.6,6.0
59500078,7,17769,eThekwini,iec_kzn_ethekwini_ward_registration_2026_clean.csv,ETH - eThekwini,5611.0,19.0,103101.0,3534197.439377465,686508.0393764396,19195.116724630065,2072331.459661568,2167569.135817591,4239900.595478572,27.3,0.604,21.2,49.6,24.8,11.4,85.0,83.0,77.0,80.0,55.0,771.0,2891.0,38.0,4126.0,54.2,3480.0,2709.0,7607.0,1235.0,29.9,33.53108685334599,16856.0,17769,913.0,5.416468913146654,46.93336686359577,1.0,33.53108685334599,59.54,26.01,10580,Substantial Increase (>5pp),eThekwini Metro,MK,29.9,49.6,6.0
59500079,6,19940,eThekwini,iec_kzn_ethekwini_ward_registration_2026_clean.csv,ETH - eThekwini,5611.0,19.0,103101.0,3534197.439377465,686508.0393764396,19195.116724630065,2072331.459661568,2167569.135817591,4239900.595478572,27.3,0.604,21.2,49.6,24.8,11.4,85.0,83.0,77.0,80.0,55.0,771.0,2891.0,38.0,4126.0,54.2,3480.0,2709.0,7607.0,1235.0,29.9,30.03676249020672,16593.0,19940,3347.0,20.17115651178208,46.93336686359577,1.0,30.03676249020672,59.48,29.44,11860,Substantial Increase (>5pp),eThekwini Metro,ANC,29.9,49.6,6.0
59500080,6,14970,eThekwini,iec_kzn_ethekwini_ward_registration_2026_clean.csv,ETH - eThekwini,5611.0,19.0,103101.0,3534197.439377465,686508.0393764396,19195.116724630065,2072331.459661568,2167569.135817591,4239900.595478572,27.3,0.604,21.2,49.6,24.8,11.4,85.0,83.0,77.0,80.0,55.0,771.0,2891.0,38.0,4126.0,54.2,3480.0,2709.0,7607.0,1235.0,29.9,35.98708983324368,14872.0,14970,98.0,0.6589564281871975,46.93336686359577,1.0,35.98708983324368,59.7,23.71,8937,Substantial Increase (>5pp),eThekwini Metro,MK,29.9,49.6,6.0
59500081,8,17765,eThekwini,iec_kzn_ethekwini_ward_registration_2026_clean.csv,ETH - eThekwini,5611.0,19.0,103101.0,3534197.439377465,686508.0393764396,19195.116724630065,2072331.459661568,2167569.135817591,4239900.595478572,27.3,0.604,21.2,49.6,24.8,11.4,85.0,83.0,77.0,80.0,55.0,771.0,2891.0,38.0,4126.0,54.2,3480.0,2709.0,7607.0,1235.0,29.9,30.86300709415249,14519.0,17765,3246.0,22.356911633032578,46.93336686359577,1.0,30.86300709415249,59.42,28.56,10556,Substantial Increase (>5pp),eThekwini Metro,ANC,29.9,49.6,6.0
59500082,7,15003,eThekwini,iec_kzn_ethekwini_ward_registration_2026_clean.csv,ETH - eThekwini,5611.0,19.0,103101.0,3534197.439377465,686508.0393764396,19195.116724630065,2072331.459661568,2167569.135817591,4239900.595478572,27.3,0.604,21.2,49.6,24.8,11.4,85.0,83.0,77.0,80.0,55.0,771.0,2891.0,38.0,4126.0,54.2,3480.0,2709.0,7607.0,1235.0,29.9,32.084837545126355,15512.0,15003,-509.0,-3.281330582774626,46.93336686359577,1.0,32.084837545126355,59.45,27.37,8919,Substantial Increase (>5pp),eThekwini Metro,ANC,29.9,49.6,6.0
59500083,8,17862,eThekwini,iec_kzn_ethekwini_ward_registration_2026_clean.csv,ETH - eThekwini,5611.0,19.0,103101.0,3534197.439377465,686508.0393764396,19195.116724630065,2072331.459661568,2167569.135817591,4239900.595478572,27.3,0.604,21.2,49.6,24.8,11.4,85.0,83.0,77.0,80.0,55.0,771.0,2891.0,38.0,4126.0,54.2,3480.0,2709.0,7607.0,1235.0,29.9,34.66848842226377,13906.0,17862,3956.0,28.44815187688767,46.93336686359577,1.0,34.66848842226377,56.61,21.94,10112,Substantial Increase (>5pp),eThekwini Metro,ANC,29.9,49.6,6.0
59500084,7,15188,eThekwini,iec_kzn_ethekwini_ward_registration_2026_clean.csv,ETH - eThekwini,5611.0,19.0,103101.0,3534197.439377465,686508.0393764396,19195.116724630065,2072331.459661568,2167569.135817591,4239900.595478572,27.3,0.604,21.2,49.6,24.8,11.4,85.0,83.0,77.0,80.0,55.0,771.0,2891.0,38.0,4126.0,54.2,3480.0,2709.0,7607.0,1235.0,29.9,37.026108153184936,15589.0,15188,-401.0,-2.572326640579896,46.93336686359577,1.0,37.026108153184936,59.61,22.58,9054,Substantial Increase (>5pp),eThekwini Metro,MK,29.9,49.6,6.0
59500085,7,15859,eThekwini,iec_kzn_ethekwini_ward_registration_2026_clean.csv,ETH - eThekwini,5611.0,19.0,103101.0,3534197.439377465,686508.0393764396,19195.116724630065,2072331.459661568,2167569.135817591,4239900.595478572,27.3,0.604,21.2,49.6,24.8,11.4,85.0,83.0,77.0,80.0,55.0,771.0,2891.0,38.0,4126.0,54.2,3480.0,2709.0,7607.0,1235.0,29.9,31.95371290643192,14086.0,15859,1773.0,12.586965781627146,46.93336686359577,1.0,31.95371290643192,59.16,27.21,9382,Substantial Increase (>5pp),eThekwini Metro,ANC,29.9,49.6,6.0
59500086,6,16873,eThekwini,iec_kzn_ethekwini_ward_registration_2026_clean.csv,ETH - eThekwini,5611.0,19.0,103101.0,3534197.439377465,686508.0393764396,19195.116724630065,2072331.459661568,2167569.135817591,4239900.595478572,27.3,0.604,21.2,49.6,24.8,11.4,85.0,83.0,77.0,80.0,55.0,771.0,2891.0,38.0,4126.0,54.2,3480.0,2709.0,7607.0,1235.0,29.9,33.09767803865611,15418.0,16873,1455.0,9.43702166299131,46.93336686359577,1.0,33.09767803865611,58.35,25.25,9845,Substantial Increase (>5pp),eThekwini Metro,ANC,29.9,49.6,6.0
59500087,5,14463,eThekwini,iec_kzn_ethekwini_ward_registration_2026_clean.csv,ETH - eThekwini,5611.0,19.0,103101.0,3534197.439377465,686508.0393764396,19195.116724630065,2072331.459661568,2167569.135817591,4239900.595478572,27.3,0.604,21.2,49.6,24.8,11.4,85.0,83.0,77.0,80.0,55.0,771.0,2891.0,38.0,4126.0,54.2,3480.0,2709.0,7607.0,1235.0,29.9,33.12128336329692,14462.0,14463,1.0,0.0069146729359701,46.93336686359577,1.0,33.12128336329692,59.62,26.5,8623,Substantial Increase (>5pp),eThekwini Metro,ANC,29.9,49.6,6.0
59500088,7,17836,eThekwini,iec_kzn_ethekwini_ward_registration_2026_clean.csv,ETH - eThekwini,5611.0,19.0,103101.0,3534197.439377465,686508.0393764396,19195.116724630065,2072331.459661568,2167569.135817591,4239900.595478572,27.3,0.604,21.2,49.6,24.8,11.4,85.0,83.0,77.0,80.0,55.0,771.0,2891.0,38.0,4126.0,54.2,3480.0,2709.0,7607.0,1235.0,29.9,29.37866634742009,16706.0,17836,1130.0,6.764036872979768,46.93336686359577,1.0,29.37866634742009,59.49,30.11,10611,Substantial Increase (>5pp),eThekwini Metro,ANC,29.9,49.6,6.0
59500089,4,18348,eThekwini,iec_kzn_ethekwini_ward_registration_2026_clean.csv,ETH - eThekwini,5611.0,19.0,103101.0,3534197.439377465,686508.0393764396,19195.116724630065,2072331.459661568,2167569.135817591,4239900.595478572,27.3,0.604,21.2,49.6,24.8,11.4,85.0,83.0,77.0,80.0,55.0,771.0,2891.0,38.0,4126.0,54.2,3480.0,2709.0,7607.0,1235.0,29.9,39.03759581457598,16438.0,18348,1910.0,11.61941842073245,46.93336686359577,1.0,39.03759581457598,56.18,17.14,10308,Substantial Increase (>5pp),eThekwini Metro,IFP,29.9,49.6,6.0
59500090,7,18614,eThekwini,iec_kzn_ethekwini_ward_registration_2026_clean.csv,ETH - eThekwini,5611.0,19.0,103101.0,3534197.439377465,686508.0393764396,19195.116724630065,2072331.459661568,2167569.135817591,4239900.595478572,27.3,0.604,21.2,49.6,24.8,11.4,85.0,83.0,77.0,80.0,55.0,771.0,2891.0,38.0,4126.0,54.2,3480.0,2709.0,7607.0,1235.0,29.9,44.39338235294117,18496.0,18614,118.0,0.6379757785467127,46.93336686359577,1.0,44.39338235294117,59.64,15.25,11101,Substantial Increase (>5pp),eThekwini Metro,DA,29.9,49.6,6.0
59500091,8,16209,eThekwini,iec_kzn_ethekwini_ward_registration_2026_clean.csv,ETH - eThekwini,5611.0,19.0,103101.0,3534197.439377465,686508.0393764396,19195.116724630065,2072331.459661568,2167569.135817591,4239900.595478572,27.3,0.604,21.2,49.6,24.8,11.4,85.0,83.0,77.0,80.0,55.0,771.0,2891.0,38.0,4126.0,54.2,3480.0,2709.0,7607.0,1235.0,29.9,39.40869803813966,14578.0,16209,1631.0,11.188091644944436,46.93336686359577,1.0,39.40869803813966,56.07,16.66,9088,Substantial Increase (>5pp),eThekwini Metro,MK,29.9,49.6,6.0
59500092,7,17745,eThekwini,iec_kzn_ethekwini_ward_registration_2026_clean.csv,ETH - eThekwini,5611.0,19.0,103101.0,3534197.439377465,686508.0393764396,19195.116724630065,2072331.459661568,2167569.135817591,4239900.595478572,27.3,0.604,21.2,49.6,24.8,11.4,85.0,83.0,77.0,80.0,55.0,771.0,2891.0,38.0,4126.0,54.2,3480.0,2709.0,7607.0,1235.0,29.9,35.24948138443062,18318.0,17745,-573.0,-3.1280707500818865,46.93336686359577,1.0,35.24948138443062,59.64,24.39,10583,Substantial Increase (>5pp),eThekwini Metro,ANC,29.9,49.6,6.0
59500093,7,17974,eThekwini,iec_kzn_ethekwini_ward_registration_2026_clean.csv,ETH - eThekwini,5611.0,19.0,103101.0,3534197.439377465,686508.0393764396,19195.116724630065,2072331.459661568,2167569.135817591,4239900.595478572,27.3,0.604,21.2,49.6,24.8,11.4,85.0,83.0,77.0,80.0,55.0,771.0,2891.0,38.0,4126.0,54.2,3480.0,2709.0,7607.0,1235.0,29.9,40.95671436268934,16703.0,17974,1271.0,7.609411482967133,46.93336686359577,1.0,40.95671436268934,57.03,16.07,10251,Substantial Increase (>5pp),eThekwini Metro,ANC,29.9,49.6,6.0
59500094,8,19282,eThekwini,iec_kzn_ethekwini_ward_registration_2026_clean.csv,ETH - eThekwini,5611.0,19.0,103101.0,3534197.439377465,686508.0393764396,19195.116724630065,2072331.459661568,2167569.135817591,4239900.595478572,27.3,0.604,21.2,49.6,24.8,11.4,85.0,83.0,77.0,80.0,55.0,771.0,2891.0,38.0,4126.0,54.2,3480.0,2709.0,7607.0,1235.0,29.9,35.167615433270086,17391.0,19282,1891.0,10.87344028520499,46.93336686359577,1.0,35.167615433270086,56.3,21.13,10856,Substantial Increase (>5pp),eThekwini Metro,ANC,29.9,49.6,6.0
59500095,6,19899,eThekwini,iec_kzn_ethekwini_ward_registration_2026_clean.csv,ETH - eThekwini,5611.0,19.0,103101.0,3534197.439377465,686508.0393764396,19195.116724630065,2072331.459661568,2167569.135817591,4239900.595478572,27.3,0.604,21.2,49.6,24.8,11.4,85.0,83.0,77.0,80.0,55.0,771.0,2891.0,38.0,4126.0,54.2,3480.0,2709.0,7607.0,1235.0,29.9,42.994153246486825,19498.0,19899,401.0,2.05662119191712,46.93336686359577,1.0,42.994153246486825,59.58,16.59,11856,Substantial Increase (>5pp),eThekwini Metro,ANC,29.9,49.6,6.0
59500096,13,18216,eThekwini,iec_kzn_ethekwini_ward_registration_2026_clean.csv,ETH - eThekwini,5611.0,19.0,103101.0,3534197.439377465,686508.0393764396,19195.116724630065,2072331.459661568,2167569.135817591,4239900.595478572,27.3,0.604,21.2,49.6,24.8,11.4,85.0,83.0,77.0,80.0,55.0,771.0,2891.0,38.0,4126.0,54.2,3480.0,2709.0,7607.0,1235.0,29.9,44.04418828049952,18738.0,18216,-522.0,-2.785782901056676,46.93336686359577,1.0,44.04418828049952,59.57,15.53,10851,Substantial Increase (>5pp),eThekwini Metro,ANC,29.9,49.6,6.0
59500097,5,18320,eThekwini,iec_kzn_ethekwini_ward_registration_2026_clean.csv,ETH - eThekwini,5611.0,19.0,103101.0,3534197.439377465,686508.0393764396,19195.116724630065,2072331.459661568,2167569.135817591,4239900.595478572,27.3,0.604,21.2,49.6,24.8,11.4,85.0,83.0,77.0,80.0,55.0,771.0,2891.0,38.0,4126.0,54.2,3480.0,2709.0,7607.0,1235.0,29.9,47.575012933264354,15464.0,18320,2856.0,18.468701500258668,46.93336686359577,0.0,47.575012933264354,60.29,12.71,11045,Substantial Increase (>5pp),eThekwini Metro,DA,29.9,49.6,6.0
59500098,10,21063,eThekwini,iec_kzn_ethekwini_ward_registration_2026_clean.csv,ETH - eThekwini,5611.0,19.0,103101.0,3534197.439377465,686508.0393764396,19195.116724630065,2072331.459661568,2167569.135817591,4239900.595478572,27.3,0.604,21.2,49.6,24.8,11.4,85.0,83.0,77.0,80.0,55.0,771.0,2891.0,38.0,4126.0,54.2,3480.0,2709.0,7607.0,1235.0,29.9,39.75664968873797,17670.0,21063,3393.0,19.202037351443124,46.93336686359577,1.0,39.75664968873797,56.27,16.51,11852,Substantial Increase (>5pp),eThekwini Metro,ANC,29.9,49.6,6.0
59500099,9,17935,eThekwini,iec_kzn_ethekwini_ward_registration_2026_clean.csv,ETH - eThekwini,5611.0,19.0,103101.0,3534197.439377465,686508.0393764396,19195.116724630065,2072331.459661568,2167569.135817591,4239900.595478572,27.3,0.604,21.2,49.6,24.8,11.4,85.0,83.0,77.0,80.0,55.0,771.0,2891.0,38.0,4126.0,54.2,3480.0,2709.0,7607.0,1235.0,29.9,49.46344524631315,15935.0,17935,2000.0,12.550988390335736,46.93336686359577,0.0,49.46344524631315,60.33,10.87,10820,Substantial Increase (>5pp),eThekwini Metro,MK,29.9,49.6,6.0
59500100,17,16375,eThekwini,iec_kzn_ethekwini_ward_registration_2026_clean.csv,ETH - eThekwini,5611.0,19.0,103101.0,3534197.439377465,686508.0393764396,19195.116724630065,2072331.459661568,2167569.135817591,4239900.595478572,27.3,0.604,21.2,49.6,24.8,11.4,85.0,83.0,77.0,80.0,55.0,771.0,2891.0,38.0,4126.0,54.2,3480.0,2709.0,7607.0,1235.0,29.9,49.36744766551313,17627.0,16375,-1252.0,-7.102740114596926,46.93336686359577,0.0,49.36744766551313,61.08,11.71,10002,Substantial Increase (>5pp),eThekwini Metro,MK,29.9,49.6,6.0
59500101,4,18890,eThekwini,iec_kzn_ethekwini_ward_registration_2026_clean.csv,ETH - eThekwini,5611.0,19.0,103101.0,3534197.439377465,686508.0393764396,19195.116724630065,2072331.459661568,2167569.135817591,4239900.595478572,27.3,0.604,21.2,49.6,24.8,11.4,85.0,83.0,77.0,80.0,55.0,771.0,2891.0,38.0,4126.0,54.2,3480.0,2709.0,7607.0,1235.0,29.9,31.69135802469136,16200.0,18890,2690.0,16.604938271604937,46.93336686359577,1.0,31.69135802469136,59.38,27.69,11217,Substantial Increase (>5pp),eThekwini Metro,MK,29.9,49.6,6.0
59500102,5,16632,eThekwini,iec_kzn_ethekwini_ward_registration_2026_clean.csv,ETH - eThekwini,5611.0,19.0,103101.0,3534197.439377465,686508.0393764396,19195.116724630065,2072331.459661568,2167569.135817591,4239900.595478572,27.3,0.604,21.2,49.6,24.8,11.4,85.0,83.0,77.0,80.0,55.0,771.0,2891.0,38.0,4126.0,54.2,3480.0,2709.0,7607.0,1235.0,29.9,46.54922931739541,15895.0,16632,737.0,4.6366782006920415,46.93336686359577,1.0,46.54922931739541,59.39,12.84,9878,Substantial Increase (>5pp),eThekwini Metro,DA,29.9,49.6,6.0
59500103,12,21012,eThekwini,iec_kzn_ethekwini_ward_registration_2026_clean.csv,ETH - eThekwini,5611.0,19.0,103101.0,3534197.439377465,686508.0393764396,19195.116724630065,2072331.459661568,2167569.135817591,4239900.595478572,27.3,0.604,21.2,49.6,24.8,11.4,85.0,83.0,77.0,80.0,55.0,771.0,2891.0,38.0,4126.0,54.2,3480.0,2709.0,7607.0,1235.0,29.9,50.79472438282042,17742.0,21012,3270.0,18.4308420696652,46.93336686359577,0.0,50.79472438282042,60.44,9.65,12700,Substantial Increase (>5pp),eThekwini Metro,ANC,29.9,49.6,6.0
59500104,4,15719,eThekwini,iec_kzn_ethekwini_ward_registration_2026_clean.csv,ETH - eThekwini,5611.0,19.0,103101.0,3534197.439377465,686508.0393764396,19195.116724630065,2072331.459661568,2167569.135817591,4239900.595478572,27.3,0.604,21.2,49.6,24.8,11.4,85.0,83.0,77.0,80.0,55.0,771.0,2891.0,38.0,4126.0,54.2,3480.0,2709.0,7607.0,1235.0,29.9,33.98410174880763,15725.0,15719,-6.0,-0.0381558028616852,46.93336686359577,1.0,33.98410174880763,59.62,25.64,9372,Substantial Increase (>5pp),eThekwini Metro,ANC,29.9,49.6,6.0
59500105,26,16780,eThekwini,iec_kzn_ethekwini_ward_registration_2026_clean.csv,ETH - eThekwini,5611.0,19.0,103101.0,3534197.439377465,686508.0393764396,19195.116724630065,2072331.459661568,2167569.135817591,4239900.595478572,27.3,0.604,21.2,49.6,24.8,11.4,85.0,83.0,77.0,80.0,55.0,771.0,2891.0,38.0,4126.0,54.2,3480.0,2709.0,7607.0,1235.0,29.9,51.64952110677545,16914.0,16780,-134.0,-0.7922431122147333,46.93336686359577,0.0,51.64952110677545,60.5,8.85,10152,Substantial Increase (>5pp),eThekwini Metro,ANC,29.9,49.6,6.0
59500106,6,16132,eThekwini,iec_kzn_ethekwini_ward_registration_2026_clean.csv,ETH - eThekwini,5611.0,19.0,103101.0,3534197.439377465,686508.0393764396,19195.116724630065,2072331.459661568,2167569.135817591,4239900.595478572,27.3,0.604,21.2,49.6,24.8,11.4,85.0,83.0,77.0,80.0,55.0,771.0,2891.0,38.0,4126.0,54.2,3480.0,2709.0,7607.0,1235.0,29.9,44.9928469241774,18174.0,16132,-2042.0,-11.235831407505229,46.93336686359577,1.0,44.9928469241774,59.24,14.25,9557,Substantial Increase (>5pp),eThekwini Metro,DA,29.9,49.6,6.0
59500107,5,16071,eThekwini,iec_kzn_ethekwini_ward_registration_2026_clean.csv,ETH - eThekwini,5611.0,19.0,103101.0,3534197.439377465,686508.0393764396,19195.116724630065,2072331.459661568,2167569.135817591,4239900.595478572,27.3,0.604,21.2,49.6,24.8,11.4,85.0,83.0,77.0,80.0,55.0,771.0,2891.0,38.0,4126.0,54.2,3480.0,2709.0,7607.0,1235.0,29.9,38.98727535091172,15246.0,16071,825.0,5.411255411255411,46.93336686359577,1.0,38.98727535091172,58.64,19.65,9424,Substantial Increase (>5pp),eThekwini Metro,ANC,29.9,49.6,6.0
59500108,10,15302,eThekwini,iec_kzn_ethekwini_ward_registration_2026_clean.csv,ETH - eThekwini,5611.0,19.0,103101.0,3534197.439377465,686508.0393764396,19195.116724630065,2072331.459661568,2167569.135817591,4239900.595478572,27.3,0.604,21.2,49.6,24.8,11.4,85.0,83.0,77.0,80.0,55.0,771.0,2891.0,38.0,4126.0,54.2,3480.0,2709.0,7607.0,1235.0,29.9,44.46768771012327,13385.0,15302,1917.0,14.322002241314904,46.93336686359577,1.0,44.46768771012327,55.34,10.87,8468,Substantial Increase (>5pp),eThekwini Metro,ANC,29.9,49.6,6.0
59500109,7,19849,eThekwini,iec_kzn_ethekwini_ward_registration_2026_clean.csv,ETH - eThekwini,5611.0,19.0,103101.0,3534197.439377465,686508.0393764396,19195.116724630065,2072331.459661568,2167569.135817591,4239900.595478572,27.3,0.604,21.2,49.6,24.8,11.4,85.0,83.0,77.0,80.0,55.0,771.0,2891.0,38.0,4126.0,54.2,3480.0,2709.0,7607.0,1235.0,29.9,33.080519480519484,19250.0,19849,599.0,3.111688311688312,46.93336686359577,1.0,33.080519480519484,59.57,26.49,11824,Substantial Increase (>5pp),eThekwini Metro,ANC,29.9,49.6,6.0
59500110,5,19858,eThekwini,iec_kzn_ethekwini_ward_registration_2026_clean.csv,ETH - eThekwini,5611.0,19.0,103101.0,3534197.439377465,686508.0393764396,19195.116724630065,2072331.459661568,2167569.135817591,4239900.595478572,27.3,0.604,21.2,49.6,24.8,11.4,85.0,83.0,77.0,80.0,55.0,771.0,2891.0,38.0,4126.0,54.2,3480.0,2709.0,7607.0,1235.0,29.9,48.450656786796905,17814.0,19858,2044.0,11.474121477489616,46.93336686359577,0.0,48.450656786796905,60.27,11.82,11968,Substantial Increase (>5pp),eThekwini Metro,MK,29.9,49.6,6.0
59500111,11,15638,eThekwini,iec_kzn_ethekwini_ward_registration_2026_clean.csv,ETH - eThekwini,5611.0,19.0,103101.0,3534197.439377465,686508.0393764396,19195.116724630065,2072331.459661568,2167569.135817591,4239900.595478572,27.3,0.604,21.2,49.6,24.8,11.4,85.0,83.0,77.0,80.0,55.0,771.0,2891.0,38.0,4126.0,54.2,3480.0,2709.0,7607.0,1235.0,29.9,34.57206528940553,16603.0,15638,-965.0,-5.812202613985424,46.93336686359577,1.0,34.57206528940553,59.2,24.63,9258,Substantial Increase (>5pp),eThekwini Metro,ANC,29.9,49.6,6.0
59500112,6,17140,eThekwini,iec_kzn_ethekwini_ward_registration_2026_clean.csv,,,,,,,,,,,,,,,,,,,,,,,,,,,,,,,,50.41896097677759,,17140,491.0,10.149511213341,46.93336686359577,0.0,50.41896097677759,60.33,9.91,10341,Substantial Increase (>5pp),eThekwini Metro,MK,33.1,42.5,6.8
52102001,10,3992,Umdoni,iec_kzn_kzn212___umdoni_ward_registration_2026_clean.csv,KZN212 - uMdoni,99.0,1.0,262.0,39850.27142586097,104607.2186177397,11985.390217549902,74391.52150339381,82051.35875776583,156442.8802611416,27.3,0.604,21.2,49.6,24.8,11.4,85.0,83.0,77.0,80.0,55.0,771.0,2891.0,38.0,4126.0,54.2,3480.0,2709.0,7607.0,1235.0,29.9,45.00831946755408,3606.0,3992,386.0,10.704381586245146,46.93336686359577,1.0,45.00831946755408,54.8,9.79,2188,Substantial Increase (>5pp),Ugu District,ANC,29.9,49.6,7.2
52102002,10,4556,Umdoni,iec_kzn_kzn212___umdoni_ward_registration_2026_clean.csv,KZN212 - uMdoni,99.0,1.0,262.0,39850.27142586097,104607.2186177397,11985.390217549902,74391.52150339381,82051.35875776583,156442.8802611416,27.3,0.604,21.2,49.6,24.8,11.4,85.0,83.0,77.0,80.0,55.0,771.0,2891.0,38.0,4126.0,54.2,3480.0,2709.0,7607.0,1235.0,29.9,48.48715992880753,3933.0,4556,623.0,15.840325451309434,46.93336686359577,0.0,48.48715992880753,60.27,11.78,2746,Substantial Increase (>5pp),Ugu District,ANC,29.9,49.6,7.2
52102003,6,5082,Umdoni,iec_kzn_kzn212___umdoni_ward_registration_2026_clean.csv,KZN212 - uMdoni,99.0,1.0,262.0,39850.27142586097,104607.2186177397,11985.390217549902,74391.52150339381,82051.35875776583,156442.8802611416,27.3,0.604,21.2,49.6,24.8,11.4,85.0,83.0,77.0,80.0,55.0,771.0,2891.0,38.0,4126.0,54.2,3480.0,2709.0,7607.0,1235.0,29.9,55.338164251207736,4140.0,5082,942.0,22.7536231884058,46.93336686359577,0.0,55.338164251207736,64.31,8.97,3268,Substantial Increase (>5pp),Ugu District,ANC,29.9,49.6,7.2
52102004,8,4008,Umdoni,iec_kzn_kzn212___umdoni_ward_registration_2026_clean.csv,KZN212 - uMdoni,99.0,1.0,262.0,39850.27142586097,104607.2186177397,11985.390217549902,74391.52150339381,82051.35875776583,156442.8802611416,27.3,0.604,21.2,49.6,24.8,11.4,85.0,83.0,77.0,80.0,55.0,771.0,2891.0,38.0,4126.0,54.2,3480.0,2709.0,7607.0,1235.0,29.9,53.13038483630098,3482.0,4008,526.0,15.106260769672602,46.93336686359577,0.0,53.13038483630098,64.27,11.14,2576,Substantial Increase (>5pp),Ugu District,ANC,29.9,49.6,7.2
52102005,5,4713,Umdoni,iec_kzn_kzn212___umdoni_ward_registration_2026_clean.csv,KZN212 - uMdoni,99.0,1.0,262.0,39850.27142586097,104607.2186177397,11985.390217549902,74391.52150339381,82051.35875776583,156442.8802611416,27.3,0.604,21.2,49.6,24.8,11.4,85.0,83.0,77.0,80.0,55.0,771.0,2891.0,38.0,4126.0,54.2,3480.0,2709.0,7607.0,1235.0,29.9,55.96094552929085,3892.0,4713,821.0,21.094552929085303,46.93336686359577,0.0,55.96094552929085,64.54,8.58,3042,Substantial Increase (>5pp),Ugu District,ANC,29.9,49.6,7.2
52102006,5,4300,Umdoni,iec_kzn_kzn212___umdoni_ward_registration_2026_clean.csv,KZN212 - uMdoni,99.0,1.0,262.0,39850.27142586097,104607.2186177397,11985.390217549902,74391.52150339381,82051.35875776583,156442.8802611416,27.3,0.604,21.2,49.6,24.8,11.4,85.0,83.0,77.0,80.0,55.0,771.0,2891.0,38.0,4126.0,54.2,3480.0,2709.0,7607.0,1235.0,29.9,22.75358671029449,3973.0,4300,327.0,8.230556254719355,46.93336686359577,1.0,22.75358671029449,59.71,36.96,2568,Substantial Increase (>5pp),Ugu District,ANC,29.9,49.6,7.2
52102007,3,4355,Umdoni,iec_kzn_kzn212___umdoni_ward_registration_2026_clean.csv,KZN212 - uMdoni,99.0,1.0,262.0,39850.27142586097,104607.2186177397,11985.390217549902,74391.52150339381,82051.35875776583,156442.8802611416,27.3,0.604,21.2,49.6,24.8,11.4,85.0,83.0,77.0,80.0,55.0,771.0,2891.0,38.0,4126.0,54.2,3480.0,2709.0,7607.0,1235.0,29.9,55.79888268156424,4475.0,4355,-120.0,-2.681564245810056,46.93336686359577,0.0,55.79888268156424,63.31,7.51,2757,Substantial Increase (>5pp),Ugu District,ANC,29.9,49.6,7.2
52102008,5,4765,Umdoni,iec_kzn_kzn212___umdoni_ward_registration_2026_clean.csv,KZN212 - uMdoni,99.0,1.0,262.0,39850.27142586097,104607.2186177397,11985.390217549902,74391.52150339381,82051.35875776583,156442.8802611416,27.3,0.604,21.2,49.6,24.8,11.4,85.0,83.0,77.0,80.0,55.0,771.0,2891.0,38.0,4126.0,54.2,3480.0,2709.0,7607.0,1235.0,29.9,44.82217573221757,3824.0,4765,941.0,24.607740585774057,46.93336686359577,1.0,44.82217573221757,55.99,11.17,2668,Substantial Increase (>5pp),Ugu District,ANC,29.9,49.6,7.2
52102009,4,4980,Umdoni,iec_kzn_kzn212___umdoni_ward_registration_2026_clean.csv,KZN212 - uMdoni,99.0,1.0,262.0,39850.27142586097,104607.2186177397,11985.390217549902,74391.52150339381,82051.35875776583,156442.8802611416,27.3,0.604,21.2,49.6,24.8,11.4,85.0,83.0,77.0,80.0,55.0,771.0,2891.0,38.0,4126.0,54.2,3480.0,2709.0,7607.0,1235.0,29.9,41.587802313354366,3804.0,4980,1176.0,30.91482649842272,46.93336686359577,1.0,41.587802313354366,56.18,14.59,2798,Substantial Increase (>5pp),Ugu District,ANC,29.9,49.6,7.2
52102010,2,5212,Umdoni,iec_kzn_kzn212___umdoni_ward_registration_2026_clean.csv,KZN212 - uMdoni,99.0,1.0,262.0,39850.27142586097,104607.2186177397,11985.390217549902,74391.52150339381,82051.35875776583,156442.8802611416,27.3,0.604,21.2,49.6,24.8,11.4,85.0,83.0,77.0,80.0,55.0,771.0,2891.0,38.0,4126.0,54.2,3480.0,2709.0,7607.0,1235.0,29.9,50.60648240206801,5029.0,5212,183.0,3.6388944124080336,46.93336686359577,0.0,50.60648240206801,60.22,9.61,3139,Substantial Increase (>5pp),Ugu District,DA,29.9,49.6,7.2
52102011,6,4161,Umdoni,iec_kzn_kzn212___umdoni_ward_registration_2026_clean.csv,KZN212 - uMdoni,99.0,1.0,262.0,39850.27142586097,104607.2186177397,11985.390217549902,74391.52150339381,82051.35875776583,156442.8802611416,27.3,0.604,21.2,49.6,24.8,11.4,85.0,83.0,77.0,80.0,55.0,771.0,2891.0,38.0,4126.0,54.2,3480.0,2709.0,7607.0,1235.0,29.9,39.036721660457694,3758.0,4161,403.0,10.723789249600852,46.93336686359577,1.0,39.036721660457694,56.59,17.55,2355,Substantial Increase (>5pp),Ugu District,ANC,29.9,49.6,7.2
52102012,3,4397,Umdoni,iec_kzn_kzn212___umdoni_ward_registration_2026_clean.csv,KZN212 - uMdoni,99.0,1.0,262.0,39850.27142586097,104607.2186177397,11985.390217549902,74391.52150339381,82051.35875776583,156442.8802611416,27.3,0.604,21.2,49.6,24.8,11.4,85.0,83.0,77.0,80.0,55.0,771.0,2891.0,38.0,4126.0,54.2,3480.0,2709.0,7607.0,1235.0,29.9,51.919654207983726,3933.0,4397,464.0,11.797609966946352,46.93336686359577,0.0,51.919654207983726,60.66,8.74,2667,Substantial Increase (>5pp),Ugu District,DA,29.9,49.6,7.2
52102013,2,4465,Umdoni,iec_kzn_kzn212___umdoni_ward_registration_2026_clean.csv,KZN212 - uMdoni,99.0,1.0,262.0,39850.27142586097,104607.2186177397,11985.390217549902,74391.52150339381,82051.35875776583,156442.8802611416,27.3,0.604,21.2,49.6,24.8,11.4,85.0,83.0,77.0,80.0,55.0,771.0,2891.0,38.0,4126.0,54.2,3480.0,2709.0,7607.0,1235.0,29.9,40.38461538461539,3380.0,4465,1085.0,32.10059171597633,46.93336686359577,1.0,40.38461538461539,56.41,16.03,2519,Substantial Increase (>5pp),Ugu District,DA,29.9,49.6,7.2
52102014,4,5564,Umdoni,iec_kzn_kzn212___umdoni_ward_registration_2026_clean.csv,KZN212 - uMdoni,99.0,1.0,262.0,39850.27142586097,104607.2186177397,11985.390217549902,74391.52150339381,82051.35875776583,156442.8802611416,27.3,0.604,21.2,49.6,24.8,11.4,85.0,83.0,77.0,80.0,55.0,771.0,2891.0,38.0,4126.0,54.2,3480.0,2709.0,7607.0,1235.0,29.9,43.027591349739005,4023.0,5564,1541.0,38.30474770072085,46.93336686359577,1.0,43.027591349739005,56.1,13.07,3121,Substantial Increase (>5pp),Ugu District,ANC,29.9,49.6,7.2
52102015,2,4217,Umdoni,iec_kzn_kzn212___umdoni_ward_registration_2026_clean.csv,KZN212 - uMdoni,99.0,1.0,262.0,39850.27142586097,104607.2186177397,11985.390217549902,74391.52150339381,82051.35875776583,156442.8802611416,27.3,0.604,21.2,49.6,24.8,11.4,85.0,83.0,77.0,80.0,55.0,771.0,2891.0,38.0,4126.0,54.2,3480.0,2709.0,7607.0,1235.0,29.9,61.89816418427433,2887.0,4217,1330.0,46.06858330446831,46.93336686359577,0.0,61.89816418427433,66.76,4.86,2815,Moderate Increase (1-5pp),Ugu District,DA,29.9,49.6,7.2
52102016,3,3133,Umdoni,iec_kzn_kzn212___umdoni_ward_registration_2026_clean.csv,KZN212 - uMdoni,99.0,1.0,262.0,39850.27142586097,104607.2186177397,11985.390217549902,74391.52150339381,82051.35875776583,156442.8802611416,27.3,0.604,21.2,49.6,24.8,11.4,85.0,83.0,77.0,80.0,55.0,771.0,2891.0,38.0,4126.0,54.2,3480.0,2709.0,7607.0,1235.0,29.9,40.94284791733936,3097.0,3133,36.0,1.162415240555376,46.93336686359577,1.0,40.94284791733936,59.61,18.67,1868,Substantial Increase (>5pp),Ugu District,ANC,29.9,49.6,7.2
52102017,2,4285,Umdoni,iec_kzn_kzn212___umdoni_ward_registration_2026_clean.csv,KZN212 - uMdoni,99.0,1.0,262.0,39850.27142586097,104607.2186177397,11985.390217549902,74391.52150339381,82051.35875776583,156442.8802611416,27.3,0.604,21.2,49.6,24.8,11.4,85.0,83.0,77.0,80.0,55.0,771.0,2891.0,38.0,4126.0,54.2,3480.0,2709.0,7607.0,1235.0,29.9,46.46434885091338,3394.0,4285,891.0,26.252209781968176,46.93336686359577,1.0,46.46434885091338,55.11,8.65,2361,Substantial Increase (>5pp),Ugu District,ANC,29.9,49.6,7.2
52102018,7,4192,Umdoni,iec_kzn_kzn212___umdoni_ward_registration_2026_clean.csv,KZN212 - uMdoni,99.0,1.0,262.0,39850.27142586097,104607.2186177397,11985.390217549902,74391.52150339381,82051.35875776583,156442.8802611416,27.3,0.604,21.2,49.6,24.8,11.4,85.0,83.0,77.0,80.0,55.0,771.0,2891.0,38.0,4126.0,54.2,3480.0,2709.0,7607.0,1235.0,29.9,58.13326139735635,3707.0,4192,485.0,13.08335581332614,46.93336686359577,0.0,58.13326139735635,64.66,6.53,2711,Substantial Increase (>5pp),Ugu District,ANC,29.9,49.6,7.2
52102019,6,4091,Umdoni,iec_kzn_kzn212___umdoni_ward_registration_2026_clean.csv,KZN212 - uMdoni,99.0,1.0,262.0,39850.27142586097,104607.2186177397,11985.390217549902,74391.52150339381,82051.35875776583,156442.8802611416,27.3,0.604,21.2,49.6,24.8,11.4,85.0,83.0,77.0,80.0,55.0,771.0,2891.0,38.0,4126.0,54.2,3480.0,2709.0,7607.0,1235.0,29.9,44.67658843732112,3494.0,4091,597.0,17.08643388666285,46.93336686359577,1.0,44.67658843732112,55.61,10.93,2275,Substantial Increase (>5pp),Ugu District,ANC,29.9,49.6,7.2
52103001,7,4168,Umzumbe,iec_kzn_kzn213___umzumbe_ward_registration_2026_clean.csv,KZN213 - uMzumbe,56.0,4.0,125.0,0.0,139029.36387646638,15.442093500000002,65512.79220890818,73532.013761062,139044.8059699663,27.3,0.604,21.2,49.6,24.8,11.4,85.0,83.0,77.0,80.0,55.0,771.0,2891.0,38.0,4126.0,54.2,3480.0,2709.0,7607.0,1235.0,29.9,54.7915538711424,3694.0,4168,474.0,12.831618841364376,46.93336686359577,0.0,54.7915538711424,63.99,9.2,2667,Substantial Increase (>5pp),Ugu District,ANC,29.9,49.6,7.7
52103002,6,4671,Umzumbe,iec_kzn_kzn213___umzumbe_ward_registration_2026_clean.csv,KZN213 - uMzumbe,56.0,4.0,125.0,0.0,139029.36387646638,15.442093500000002,65512.79220890818,73532.013761062,139044.8059699663,27.3,0.604,21.2,49.6,24.8,11.4,85.0,83.0,77.0,80.0,55.0,771.0,2891.0,38.0,4126.0,54.2,3480.0,2709.0,7607.0,1235.0,29.9,44.64751958224543,4213.0,4671,458.0,10.871113220982672,46.93336686359577,1.0,44.64751958224543,55.39,10.74,2587,Substantial Increase (>5pp),Ugu District,ANC,29.9,49.6,7.7
52103003,7,4505,Umzumbe,iec_kzn_kzn213___umzumbe_ward_registration_2026_clean.csv,KZN213 - uMzumbe,56.0,4.0,125.0,0.0,139029.36387646638,15.442093500000002,65512.79220890818,73532.013761062,139044.8059699663,27.3,0.604,21.2,49.6,24.8,11.4,85.0,83.0,77.0,80.0,55.0,771.0,2891.0,38.0,4126.0,54.2,3480.0,2709.0,7607.0,1235.0,29.9,45.372910950361685,4009.0,4505,496.0,12.372162634073334,46.93336686359577,1.0,45.372910950361685,54.57,9.2,2458,Substantial Increase (>5pp),Ugu District,ANC,29.9,49.6,7.7
52103004,7,4574,Umzumbe,iec_kzn_kzn213___umzumbe_ward_registration_2026_clean.csv,KZN213 - uMzumbe,56.0,4.0,125.0,0.0,139029.36387646638,15.442093500000002,65512.79220890818,73532.013761062,139044.8059699663,27.3,0.604,21.2,49.6,24.8,11.4,85.0,83.0,77.0,80.0,55.0,771.0,2891.0,38.0,4126.0,54.2,3480.0,2709.0,7607.0,1235.0,29.9,45.50731953558809,3962.0,4574,612.0,15.446744068652196,46.93336686359577,1.0,45.50731953558809,54.92,9.41,2512,Substantial Increase (>5pp),Ugu District,ANC,29.9,49.6,7.7
52103005,3,3563,Umzumbe,iec_kzn_kzn213___umzumbe_ward_registration_2026_clean.csv,KZN213 - uMzumbe,56.0,4.0,125.0,0.0,139029.36387646638,15.442093500000002,65512.79220890818,73532.013761062,139044.8059699663,27.3,0.604,21.2,49.6,24.8,11.4,85.0,83.0,77.0,80.0,55.0,771.0,2891.0,38.0,4126.0,54.2,3480.0,2709.0,7607.0,1235.0,29.9,47.14640198511167,3627.0,3563,-64.0,-1.764543700027571,46.93336686359577,0.0,47.14640198511167,60.05,12.9,2140,Substantial Increase (>5pp),Ugu District,ANC,29.9,49.6,7.7
52103006,7,3875,Umzumbe,iec_kzn_kzn213___umzumbe_ward_registration_2026_clean.csv,KZN213 - uMzumbe,56.0,4.0,125.0,0.0,139029.36387646638,15.442093500000002,65512.79220890818,73532.013761062,139044.8059699663,27.3,0.604,21.2,49.6,24.8,11.4,85.0,83.0,77.0,80.0,55.0,771.0,2891.0,38.0,4126.0,54.2,3480.0,2709.0,7607.0,1235.0,29.9,51.09375000000001,3840.0,3875,35.0,0.9114583333333334,46.93336686359577,0.0,51.09375000000001,60.45,9.36,2342,Substantial Increase (>5pp),Ugu District,ANC,29.9,49.6,7.7
52103007,8,3262,Umzumbe,iec_kzn_kzn213___umzumbe_ward_registration_2026_clean.csv,KZN213 - uMzumbe,56.0,4.0,125.0,0.0,139029.36387646638,15.442093500000002,65512.79220890818,73532.013761062,139044.8059699663,27.3,0.604,21.2,49.6,24.8,11.4,85.0,83.0,77.0,80.0,55.0,771.0,2891.0,38.0,4126.0,54.2,3480.0,2709.0,7607.0,1235.0,29.9,50.166616176916094,3301.0,3262,-39.0,-1.1814601635867918,46.93336686359577,0.0,50.166616176916094,60.12,9.95,1961,Substantial Increase (>5pp),Ugu District,ANC,29.9,49.6,7.7
52103008,6,4890,Umzumbe,iec_kzn_kzn213___umzumbe_ward_registration_2026_clean.csv,KZN213 - uMzumbe,56.0,4.0,125.0,0.0,139029.36387646638,15.442093500000002,65512.79220890818,73532.013761062,139044.8059699663,27.3,0.604,21.2,49.6,24.8,11.4,85.0,83.0,77.0,80.0,55.0,771.0,2891.0,38.0,4126.0,54.2,3480.0,2709.0,7607.0,1235.0,29.9,52.75282193043077,4341.0,4890,549.0,12.646855563234276,46.93336686359577,0.0,52.75282193043077,62.46,9.71,3054,Substantial Increase (>5pp),Ugu District,ANC,29.9,49.6,7.7
52103009,6,4276,Umzumbe,iec_kzn_kzn213___umzumbe_ward_registration_2026_clean.csv,KZN213 - uMzumbe,56.0,4.0,125.0,0.0,139029.36387646638,15.442093500000002,65512.79220890818,73532.013761062,139044.8059699663,27.3,0.604,21.2,49.6,24.8,11.4,85.0,83.0,77.0,80.0,55.0,771.0,2891.0,38.0,4126.0,54.2,3480.0,2709.0,7607.0,1235.0,29.9,38.95734597156398,4220.0,4276,56.0,1.3270142180094786,46.93336686359577,1.0,38.95734597156398,59.74,20.78,2554,Substantial Increase (>5pp),Ugu District,ANC,29.9,49.6,7.7
52103010,3,5144,Umzumbe,iec_kzn_kzn213___umzumbe_ward_registration_2026_clean.csv,KZN213 - uMzumbe,56.0,4.0,125.0,0.0,139029.36387646638,15.442093500000002,65512.79220890818,73532.013761062,139044.8059699663,27.3,0.604,21.2,49.6,24.8,11.4,85.0,83.0,77.0,80.0,55.0,771.0,2891.0,38.0,4126.0,54.2,3480.0,2709.0,7607.0,1235.0,29.9,42.24270353302612,3906.0,5144,1238.0,31.694828469022017,46.93336686359577,1.0,42.24270353302612,56.0,13.76,2881,Substantial Increase (>5pp),Ugu District,ANC,29.9,49.6,7.7
52103011,4,3840,Umzumbe,iec_kzn_kzn213___umzumbe_ward_registration_2026_clean.csv,KZN213 - uMzumbe,56.0,4.0,125.0,0.0,139029.36387646638,15.442093500000002,65512.79220890818,73532.013761062,139044.8059699663,27.3,0.604,21.2,49.6,24.8,11.4,85.0,83.0,77.0,80.0,55.0,771.0,2891.0,38.0,4126.0,54.2,3480.0,2709.0,7607.0,1235.0,29.9,51.16601887840089,3602.0,3840,238.0,6.607440310938367,46.93336686359577,0.0,51.16601887840089,60.45,9.28,2321,Substantial Increase (>5pp),Ugu District,ANC,29.9,49.6,7.7
52103012,8,4232,Umzumbe,iec_kzn_kzn213___umzumbe_ward_registration_2026_clean.csv,KZN213 - uMzumbe,56.0,4.0,125.0,0.0,139029.36387646638,15.442093500000002,65512.79220890818,73532.013761062,139044.8059699663,27.3,0.604,21.2,49.6,24.8,11.4,85.0,83.0,77.0,80.0,55.0,771.0,2891.0,38.0,4126.0,54.2,3480.0,2709.0,7607.0,1235.0,29.9,56.69975186104218,3224.0,4232,1008.0,31.265508684863523,46.93336686359577,0.0,56.69975186104218,65.35,8.65,2766,Substantial Increase (>5pp),Ugu District,IFP,29.9,49.6,7.7
52103013,6,4263,Umzumbe,iec_kzn_kzn213___umzumbe_ward_registration_2026_clean.csv,KZN213 - uMzumbe,56.0,4.0,125.0,0.0,139029.36387646638,15.442093500000002,65512.79220890818,73532.013761062,139044.8059699663,27.3,0.604,21.2,49.6,24.8,11.4,85.0,83.0,77.0,80.0,55.0,771.0,2891.0,38.0,4126.0,54.2,3480.0,2709.0,7607.0,1235.0,29.9,49.36745255894192,3478.0,4263,785.0,22.57044278320874,46.93336686359577,0.0,49.36745255894192,60.42,11.05,2576,Substantial Increase (>5pp),Ugu District,IFP,29.9,49.6,7.7
52103014,6,4492,Umzumbe,iec_kzn_kzn213___umzumbe_ward_registration_2026_clean.csv,KZN213 - uMzumbe,56.0,4.0,125.0,0.0,139029.36387646638,15.442093500000002,65512.79220890818,73532.013761062,139044.8059699663,27.3,0.604,21.2,49.6,24.8,11.4,85.0,83.0,77.0,80.0,55.0,771.0,2891.0,38.0,4126.0,54.2,3480.0,2709.0,7607.0,1235.0,29.9,58.57066093498119,3722.0,4492,770.0,20.68780225685116,46.93336686359577,0.0,58.57066093498119,65.36,6.79,2936,Substantial Increase (>5pp),Ugu District,ANC,29.9,49.6,7.7
52103015,6,5092,Umzumbe,iec_kzn_kzn213___umzumbe_ward_registration_2026_clean.csv,KZN213 - uMzumbe,56.0,4.0,125.0,0.0,139029.36387646638,15.442093500000002,65512.79220890818,73532.013761062,139044.8059699663,27.3,0.604,21.2,49.6,24.8,11.4,85.0,83.0,77.0,80.0,55.0,771.0,2891.0,38.0,4126.0,54.2,3480.0,2709.0,7607.0,1235.0,29.9,45.28720337103571,4509.0,5092,583.0,12.9296961632291,46.93336686359577,1.0,45.28720337103571,54.63,9.34,2782,Substantial Increase (>5pp),Ugu District,ANC,29.9,49.6,7.7
52103016,7,4021,Umzumbe,iec_kzn_kzn213___umzumbe_ward_registration_2026_clean.csv,KZN213 - uMzumbe,56.0,4.0,125.0,0.0,139029.36387646638,15.442093500000002,65512.79220890818,73532.013761062,139044.8059699663,27.3,0.604,21.2,49.6,24.8,11.4,85.0,83.0,77.0,80.0,55.0,771.0,2891.0,38.0,4126.0,54.2,3480.0,2709.0,7607.0,1235.0,29.9,51.701371254443885,3938.0,4021,83.0,2.107668867445404,46.93336686359577,0.0,51.701371254443885,60.55,8.85,2435,Substantial Increase (>5pp),Ugu District,IFP,29.9,49.6,7.7
52103017,3,3950,Umzumbe,iec_kzn_kzn213___umzumbe_ward_registration_2026_clean.csv,KZN213 - uMzumbe,56.0,4.0,125.0,0.0,139029.36387646638,15.442093500000002,65512.79220890818,73532.013761062,139044.8059699663,27.3,0.604,21.2,49.6,24.8,11.4,85.0,83.0,77.0,80.0,55.0,771.0,2891.0,38.0,4126.0,54.2,3480.0,2709.0,7607.0,1235.0,29.9,58.57586888951681,3539.0,3950,411.0,11.613450127154564,46.93336686359577,0.0,58.57586888951681,64.64,6.06,2553,Substantial Increase (>5pp),Ugu District,IFP,29.9,49.6,7.7
52103018,5,4601,Umzumbe,iec_kzn_kzn213___umzumbe_ward_registration_2026_clean.csv,KZN213 - uMzumbe,56.0,4.0,125.0,0.0,139029.36387646638,15.442093500000002,65512.79220890818,73532.013761062,139044.8059699663,27.3,0.604,21.2,49.6,24.8,11.4,85.0,83.0,77.0,80.0,55.0,771.0,2891.0,38.0,4126.0,54.2,3480.0,2709.0,7607.0,1235.0,29.9,56.22239542738373,3849.0,4601,752.0,19.53754221875812,46.93336686359577,0.0,56.22239542738373,64.64,8.42,2974,Substantial Increase (>5pp),Ugu District,IFP,29.9,49.6,7.7
52103019,3,4074,Umzumbe,iec_kzn_kzn213___umzumbe_ward_registration_2026_clean.csv,KZN213 - uMzumbe,56.0,4.0,125.0,0.0,139029.36387646638,15.442093500000002,65512.79220890818,73532.013761062,139044.8059699663,27.3,0.604,21.2,49.6,24.8,11.4,85.0,83.0,77.0,80.0,55.0,771.0,2891.0,38.0,4126.0,54.2,3480.0,2709.0,7607.0,1235.0,29.9,50.997605746209096,3759.0,4074,315.0,8.379888268156424,46.93336686359577,0.0,50.997605746209096,60.58,9.58,2468,Substantial Increase (>5pp),Ugu District,ANC,29.9,49.6,7.7
52103020,3,3138,Umzumbe,iec_kzn_kzn213___umzumbe_ward_registration_2026_clean.csv,KZN213 - uMzumbe,56.0,4.0,125.0,0.0,139029.36387646638,15.442093500000002,65512.79220890818,73532.013761062,139044.8059699663,27.3,0.604,21.2,49.6,24.8,11.4,85.0,83.0,77.0,80.0,55.0,771.0,2891.0,38.0,4126.0,54.2,3480.0,2709.0,7607.0,1235.0,29.9,54.7948653410521,3973.0,3138,-835.0,-21.01686383085829,46.93336686359577,0.0,54.7948653410521,63.08,8.29,1979,Substantial Increase (>5pp),Ugu District,ANC,29.9,49.6,7.7
52104001,7,4172,Umuziwabantu,iec_kzn_kzn214___umuziwabantu_ward_registration_2026_clean.csv,KZN214 - uMuziwabantu,54.0,3.0,183.0,12871.211719329976,100534.2224893799,2374.09130268,54516.21065913827,61263.31485225239,115779.52551139316,27.3,0.604,21.2,49.6,24.8,11.4,85.0,83.0,77.0,80.0,55.0,771.0,2891.0,38.0,4126.0,54.2,3480.0,2709.0,7607.0,1235.0,29.9,55.9257697174188,4742.0,4172,-570.0,-12.020244622522142,46.93336686359577,0.0,55.9257697174188,63.18,7.25,2636,Substantial Increase (>5pp),Ugu District,ANC,29.9,49.6,7.6
52104002,9,5438,Umuziwabantu,iec_kzn_kzn214___umuziwabantu_ward_registration_2026_clean.csv,KZN214 - uMuziwabantu,54.0,3.0,183.0,12871.211719329976,100534.2224893799,2374.09130268,54516.21065913827,61263.31485225239,115779.52551139316,27.3,0.604,21.2,49.6,24.8,11.4,85.0,83.0,77.0,80.0,55.0,771.0,2891.0,38.0,4126.0,54.2,3480.0,2709.0,7607.0,1235.0,29.9,52.02163275817667,3883.0,5438,1555.0,40.04635591037857,46.93336686359577,0.0,52.02163275817667,60.92,8.9,3313,Substantial Increase (>5pp),Ugu District,ANC,29.9,49.6,7.6
52104003,4,4811,Umuziwabantu,iec_kzn_kzn214___umuziwabantu_ward_registration_2026_clean.csv,KZN214 - uMuziwabantu,54.0,3.0,183.0,12871.211719329976,100534.2224893799,2374.09130268,54516.21065913827,61263.31485225239,115779.52551139316,27.3,0.604,21.2,49.6,24.8,11.4,85.0,83.0,77.0,80.0,55.0,771.0,2891.0,38.0,4126.0,54.2,3480.0,2709.0,7607.0,1235.0,29.9,37.99084557937847,4151.0,4811,660.0,15.899783184774751,46.93336686359577,1.0,37.99084557937847,56.5,18.51,2718,Substantial Increase (>5pp),Ugu District,ANC,29.9,49.6,7.6
52104004,4,4344,Umuziwabantu,iec_kzn_kzn214___umuziwabantu_ward_registration_2026_clean.csv,KZN214 - uMuziwabantu,54.0,3.0,183.0,12871.211719329976,100534.2224893799,2374.09130268,54516.21065913827,61263.31485225239,115779.52551139316,27.3,0.604,21.2,49.6,24.8,11.4,85.0,83.0,77.0,80.0,55.0,771.0,2891.0,38.0,4126.0,54.2,3480.0,2709.0,7607.0,1235.0,29.9,53.88725621159498,3743.0,4344,601.0,16.05663905957788,46.93336686359577,0.0,53.88725621159498,64.31,10.42,2794,Substantial Increase (>5pp),Ugu District,ANC,29.9,49.6,7.6
52104005,6,5649,Umuziwabantu,iec_kzn_kzn214___umuziwabantu_ward_registration_2026_clean.csv,KZN214 - uMuziwabantu,54.0,3.0,183.0,12871.211719329976,100534.2224893799,2374.09130268,54516.21065913827,61263.31485225239,115779.52551139316,27.3,0.604,21.2,49.6,24.8,11.4,85.0,83.0,77.0,80.0,55.0,771.0,2891.0,38.0,4126.0,54.2,3480.0,2709.0,7607.0,1235.0,29.9,52.52547149360503,4613.0,5649,1036.0,22.458270106221548,46.93336686359577,0.0,52.52547149360503,62.51,9.98,3531,Substantial Increase (>5pp),Ugu District,ANC,29.9,49.6,7.6
52104006,3,4700,Umuziwabantu,iec_kzn_kzn214___umuziwabantu_ward_registration_2026_clean.csv,KZN214 - uMuziwabantu,54.0,3.0,183.0,12871.211719329976,100534.2224893799,2374.09130268,54516.21065913827,61263.31485225239,115779.52551139316,27.3,0.604,21.2,49.6,24.8,11.4,85.0,83.0,77.0,80.0,55.0,771.0,2891.0,38.0,4126.0,54.2,3480.0,2709.0,7607.0,1235.0,29.9,57.02374936836786,3958.0,4700,742.0,18.746841839312783,46.93336686359577,0.0,57.02374936836786,65.26,8.24,3067,Substantial Increase (>5pp),Ugu District,ANC,29.9,49.6,7.6
52104007,7,5815,Umuziwabantu,iec_kzn_kzn214___umuziwabantu_ward_registration_2026_clean.csv,KZN214 - uMuziwabantu,54.0,3.0,183.0,12871.211719329976,100534.2224893799,2374.09130268,54516.21065913827,61263.31485225239,115779.52551139316,27.3,0.604,21.2,49.6,24.8,11.4,85.0,83.0,77.0,80.0,55.0,771.0,2891.0,38.0,4126.0,54.2,3480.0,2709.0,7607.0,1235.0,29.9,55.12085721405432,4013.0,5815,1802.0,44.90406179915276,46.93336686359577,0.0,55.12085721405432,64.35,9.23,3742,Substantial Increase (>5pp),Ugu District,ANC,29.9,49.6,7.6
52104008,5,4038,Umuziwabantu,iec_kzn_kzn214___umuziwabantu_ward_registration_2026_clean.csv,KZN214 - uMuziwabantu,54.0,3.0,183.0,12871.211719329976,100534.2224893799,2374.09130268,54516.21065913827,61263.31485225239,115779.52551139316,27.3,0.604,21.2,49.6,24.8,11.4,85.0,83.0,77.0,80.0,55.0,771.0,2891.0,38.0,4126.0,54.2,3480.0,2709.0,7607.0,1235.0,29.9,51.23324396782842,3730.0,4038,308.0,8.257372654155496,46.93336686359577,0.0,51.23324396782842,60.58,9.35,2446,Substantial Increase (>5pp),Ugu District,ANC,29.9,49.6,7.6
52104009,5,4906,Umuziwabantu,iec_kzn_kzn214___umuziwabantu_ward_registration_2026_clean.csv,KZN214 - uMuziwabantu,54.0,3.0,183.0,12871.211719329976,100534.2224893799,2374.09130268,54516.21065913827,61263.31485225239,115779.52551139316,27.3,0.604,21.2,49.6,24.8,11.4,85.0,83.0,77.0,80.0,55.0,771.0,2891.0,38.0,4126.0,54.2,3480.0,2709.0,7607.0,1235.0,29.9,56.473829201101935,5082.0,4906,-176.0,-3.463203463203463,46.93336686359577,0.0,56.473829201101935,63.79,7.32,3130,Substantial Increase (>5pp),Ugu District,ANC,29.9,49.6,7.6
52104010,7,4300,Umuziwabantu,iec_kzn_kzn214___umuziwabantu_ward_registration_2026_clean.csv,KZN214 - uMuziwabantu,54.0,3.0,183.0,12871.211719329976,100534.2224893799,2374.09130268,54516.21065913827,61263.31485225239,115779.52551139316,27.3,0.604,21.2,49.6,24.8,11.4,85.0,83.0,77.0,80.0,55.0,771.0,2891.0,38.0,4126.0,54.2,3480.0,2709.0,7607.0,1235.0,29.9,58.192705498094725,3674.0,4300,626.0,17.03864997278171,46.93336686359577,0.0,58.192705498094725,65.26,7.07,2806,Substantial Increase (>5pp),Ugu District,IFP,29.9,49.6,7.6
52104011,2,3965,Umuziwabantu,iec_kzn_kzn214___umuziwabantu_ward_registration_2026_clean.csv,KZN214 - uMuziwabantu,54.0,3.0,183.0,12871.211719329976,100534.2224893799,2374.09130268,54516.21065913827,61263.31485225239,115779.52551139316,27.3,0.604,21.2,49.6,24.8,11.4,85.0,83.0,77.0,80.0,55.0,771.0,2891.0,38.0,4126.0,54.2,3480.0,2709.0,7607.0,1235.0,29.9,52.651189452565205,3489.0,3965,476.0,13.642877615362568,46.93336686359577,0.0,52.651189452565205,62.52,9.87,2479,Substantial Increase (>5pp),Ugu District,Other,29.9,49.6,7.6
52106001,4,6348,Ray Nkonyeni,iec_kzn_kzn216___ray_nkonyeni_ward_registration_2026_clean.csv,KZN216 - Ray Nkonyeni,204.0,1.0,998.0,97837.43040253525,254636.9311737708,9660.081032619968,171980.17461575233,190154.2679931587,362134.4426089752,27.3,0.604,21.2,49.6,24.8,11.4,85.0,83.0,77.0,80.0,55.0,771.0,2891.0,38.0,4126.0,54.2,3480.0,2709.0,7607.0,1235.0,29.9,46.05510867704946,5843.0,6348,505.0,8.64282046893719,46.93336686359577,1.0,46.05510867704946,54.84,8.78,3481,Substantial Increase (>5pp),Ugu District,DA,29.9,49.6,7.3
52106002,3,5780,Ray Nkonyeni,iec_kzn_kzn216___ray_nkonyeni_ward_registration_2026_clean.csv,KZN216 - Ray Nkonyeni,204.0,1.0,998.0,97837.43040253525,254636.9311737708,9660.081032619968,171980.17461575233,190154.2679931587,362134.4426089752,27.3,0.604,21.2,49.6,24.8,11.4,85.0,83.0,77.0,80.0,55.0,771.0,2891.0,38.0,4126.0,54.2,3480.0,2709.0,7607.0,1235.0,29.9,53.05459272097054,4616.0,5780,1164.0,25.21663778162912,46.93336686359577,0.0,53.05459272097054,64.14,11.09,3707,Substantial Increase (>5pp),Ugu District,DA,29.9,49.6,7.3
52106003,3,5499,Ray Nkonyeni,iec_kzn_kzn216___ray_nkonyeni_ward_registration_2026_clean.csv,KZN216 - Ray Nkonyeni,204.0,1.0,998.0,97837.43040253525,254636.9311737708,9660.081032619968,171980.17461575233,190154.2679931587,362134.4426089752,27.3,0.604,21.2,49.6,24.8,11.4,85.0,83.0,77.0,80.0,55.0,771.0,2891.0,38.0,4126.0,54.2,3480.0,2709.0,7607.0,1235.0,29.9,46.46135019375892,4903.0,5499,596.0,12.155822965531309,46.93336686359577,1.0,46.46135019375892,54.43,7.97,2993,Substantial Increase (>5pp),Ugu District,DA,29.9,49.6,7.3
52106004,5,6622,Ray Nkonyeni,iec_kzn_kzn216___ray_nkonyeni_ward_registration_2026_clean.csv,KZN216 - Ray Nkonyeni,204.0,1.0,998.0,97837.43040253525,254636.9311737708,9660.081032619968,171980.17461575233,190154.2679931587,362134.4426089752,27.3,0.604,21.2,49.6,24.8,11.4,85.0,83.0,77.0,80.0,55.0,771.0,2891.0,38.0,4126.0,54.2,3480.0,2709.0,7607.0,1235.0,29.9,42.72818455366098,4985.0,6622,1637.0,32.83851554663992,46.93336686359577,1.0,42.72818455366098,55.87,13.14,3700,Substantial Increase (>5pp),Ugu District,ANC,29.9,49.6,7.3
52106005,3,4937,Ray Nkonyeni,iec_kzn_kzn216___ray_nkonyeni_ward_registration_2026_clean.csv,KZN216 - Ray Nkonyeni,204.0,1.0,998.0,97837.43040253525,254636.9311737708,9660.081032619968,171980.17461575233,190154.2679931587,362134.4426089752,27.3,0.604,21.2,49.6,24.8,11.4,85.0,83.0,77.0,80.0,55.0,771.0,2891.0,38.0,4126.0,54.2,3480.0,2709.0,7607.0,1235.0,29.9,42.211869556410775,4937.0,4937,0.0,0.0,46.93336686359577,1.0,42.211869556410775,59.61,17.4,2943,Substantial Increase (>5pp),Ugu District,ANC,29.9,49.6,7.3
52106006,2,5410,Ray Nkonyeni,iec_kzn_kzn216___ray_nkonyeni_ward_registration_2026_clean.csv,KZN216 - Ray Nkonyeni,204.0,1.0,998.0,97837.43040253525,254636.9311737708,9660.081032619968,171980.17461575233,190154.2679931587,362134.4426089752,27.3,0.604,21.2,49.6,24.8,11.4,85.0,83.0,77.0,80.0,55.0,771.0,2891.0,38.0,4126.0,54.2,3480.0,2709.0,7607.0,1235.0,29.9,42.76114844227245,4911.0,5410,499.0,10.1608633679495,46.93336686359577,1.0,42.76114844227245,55.52,12.76,3004,Substantial Increase (>5pp),Ugu District,DA,29.9,49.6,7.3
52106007,5,5863,Ray Nkonyeni,iec_kzn_kzn216___ray_nkonyeni_ward_registration_2026_clean.csv,KZN216 - Ray Nkonyeni,204.0,1.0,998.0,97837.43040253525,254636.9311737708,9660.081032619968,171980.17461575233,190154.2679931587,362134.4426089752,27.3,0.604,21.2,49.6,24.8,11.4,85.0,83.0,77.0,80.0,55.0,771.0,2891.0,38.0,4126.0,54.2,3480.0,2709.0,7607.0,1235.0,29.9,53.65757216291024,5058.0,5863,805.0,15.915381573744565,46.93336686359577,0.0,53.65757216291024,64.49,10.83,3781,Substantial Increase (>5pp),Ugu District,ANC,29.9,49.6,7.3
52106008,6,5599,Ray Nkonyeni,iec_kzn_kzn216___ray_nkonyeni_ward_registration_2026_clean.csv,KZN216 - Ray Nkonyeni,204.0,1.0,998.0,97837.43040253525,254636.9311737708,9660.081032619968,171980.17461575233,190154.2679931587,362134.4426089752,27.3,0.604,21.2,49.6,24.8,11.4,85.0,83.0,77.0,80.0,55.0,771.0,2891.0,38.0,4126.0,54.2,3480.0,2709.0,7607.0,1235.0,29.9,46.425322903401856,5497.0,5599,102.0,1.8555575768601056,46.93336686359577,1.0,46.425322903401856,59.73,13.3,3344,Substantial Increase (>5pp),Ugu District,ANC,29.9,49.6,7.3
52106009,5,5797,Ray Nkonyeni,iec_kzn_kzn216___ray_nkonyeni_ward_registration_2026_clean.csv,KZN216 - Ray Nkonyeni,204.0,1.0,998.0,97837.43040253525,254636.9311737708,9660.081032619968,171980.17461575233,190154.2679931587,362134.4426089752,27.3,0.604,21.2,49.6,24.8,11.4,85.0,83.0,77.0,80.0,55.0,771.0,2891.0,38.0,4126.0,54.2,3480.0,2709.0,7607.0,1235.0,29.9,53.85467434647763,4514.0,5797,1283.0,28.42268498006203,46.93336686359577,0.0,53.85467434647763,64.37,10.52,3732,Substantial Increase (>5pp),Ugu District,ANC,29.9,49.6,7.3
52106010,4,5723,Ray Nkonyeni,iec_kzn_kzn216___ray_nkonyeni_ward_registration_2026_clean.csv,KZN216 - Ray Nkonyeni,204.0,1.0,998.0,97837.43040253525,254636.9311737708,9660.081032619968,171980.17461575233,190154.2679931587,362134.4426089752,27.3,0.604,21.2,49.6,24.8,11.4,85.0,83.0,77.0,80.0,55.0,771.0,2891.0,38.0,4126.0,54.2,3480.0,2709.0,7607.0,1235.0,29.9,46.33277451802179,4772.0,5723,951.0,19.928751047778707,46.93336686359577,1.0,46.33277451802179,54.72,8.39,3132,Substantial Increase (>5pp),Ugu District,ANC,29.9,49.6,7.3
52106011,6,6023,Ray Nkonyeni,iec_kzn_kzn216___ray_nkonyeni_ward_registration_2026_clean.csv,KZN216 - Ray Nkonyeni,204.0,1.0,998.0,97837.43040253525,254636.9311737708,9660.081032619968,171980.17461575233,190154.2679931587,362134.4426089752,27.3,0.604,21.2,49.6,24.8,11.4,85.0,83.0,77.0,80.0,55.0,771.0,2891.0,38.0,4126.0,54.2,3480.0,2709.0,7607.0,1235.0,29.9,47.837617299061606,4902.0,6023,1121.0,22.868217054263564,46.93336686359577,0.0,47.837617299061606,60.3,12.46,3632,Substantial Increase (>5pp),Ugu District,ANC,29.9,49.6,7.3
52106012,4,7254,Ray Nkonyeni,iec_kzn_kzn216___ray_nkonyeni_ward_registration_2026_clean.csv,KZN216 - Ray Nkonyeni,204.0,1.0,998.0,97837.43040253525,254636.9311737708,9660.081032619968,171980.17461575233,190154.2679931587,362134.4426089752,27.3,0.604,21.2,49.6,24.8,11.4,85.0,83.0,77.0,80.0,55.0,771.0,2891.0,38.0,4126.0,54.2,3480.0,2709.0,7607.0,1235.0,29.9,47.60103994327582,4231.0,7254,3023.0,71.44883006381471,46.93336686359577,0.0,47.60103994327582,60.48,12.88,4387,Substantial Increase (>5pp),Ugu District,DA,29.9,49.6,7.3
52106013,6,5503,Ray Nkonyeni,iec_kzn_kzn216___ray_nkonyeni_ward_registration_2026_clean.csv,KZN216 - Ray Nkonyeni,204.0,1.0,998.0,97837.43040253525,254636.9311737708,9660.081032619968,171980.17461575233,190154.2679931587,362134.4426089752,27.3,0.604,21.2,49.6,24.8,11.4,85.0,83.0,77.0,80.0,55.0,771.0,2891.0,38.0,4126.0,54.2,3480.0,2709.0,7607.0,1235.0,29.9,49.35127342623738,4162.0,5503,1341.0,32.220086496876505,46.93336686359577,0.0,49.35127342623738,60.42,11.07,3325,Substantial Increase (>5pp),Ugu District,DA,29.9,49.6,7.3
52106014,7,4442,Ray Nkonyeni,iec_kzn_kzn216___ray_nkonyeni_ward_registration_2026_clean.csv,KZN216 - Ray Nkonyeni,204.0,1.0,998.0,97837.43040253525,254636.9311737708,9660.081032619968,171980.17461575233,190154.2679931587,362134.4426089752,27.3,0.604,21.2,49.6,24.8,11.4,85.0,83.0,77.0,80.0,55.0,771.0,2891.0,38.0,4126.0,54.2,3480.0,2709.0,7607.0,1235.0,29.9,47.59467758444217,4885.0,4442,-443.0,-9.068577277379736,46.93336686359577,0.0,47.59467758444217,60.03,12.44,2667,Substantial Increase (>5pp),Ugu District,ANC,29.9,49.6,7.3
52106015,6,6312,Ray Nkonyeni,iec_kzn_kzn216___ray_nkonyeni_ward_registration_2026_clean.csv,KZN216 - Ray Nkonyeni,204.0,1.0,998.0,97837.43040253525,254636.9311737708,9660.081032619968,171980.17461575233,190154.2679931587,362134.4426089752,27.3,0.604,21.2,49.6,24.8,11.4,85.0,83.0,77.0,80.0,55.0,771.0,2891.0,38.0,4126.0,54.2,3480.0,2709.0,7607.0,1235.0,29.9,61.80451127819549,4655.0,6312,1657.0,35.59613319011815,46.93336686359577,0.0,61.80451127819549,66.74,4.94,4213,Moderate Increase (1-5pp),Ugu District,ANC,29.9,49.6,7.3
52106016,4,6045,Ray Nkonyeni,iec_kzn_kzn216___ray_nkonyeni_ward_registration_2026_clean.csv,KZN216 - Ray Nkonyeni,204.0,1.0,998.0,97837.43040253525,254636.9311737708,9660.081032619968,171980.17461575233,190154.2679931587,362134.4426089752,27.3,0.604,21.2,49.6,24.8,11.4,85.0,83.0,77.0,80.0,55.0,771.0,2891.0,38.0,4126.0,54.2,3480.0,2709.0,7607.0,1235.0,29.9,52.26786061903835,5137.0,6045,908.0,17.675686198170137,46.93336686359577,0.0,52.26786061903835,61.77,9.5,3734,Substantial Increase (>5pp),Ugu District,DA,29.9,49.6,7.3
52106017,5,5737,Ray Nkonyeni,iec_kzn_kzn216___ray_nkonyeni_ward_registration_2026_clean.csv,KZN216 - Ray Nkonyeni,204.0,1.0,998.0,97837.43040253525,254636.9311737708,9660.081032619968,171980.17461575233,190154.2679931587,362134.4426089752,27.3,0.604,21.2,49.6,24.8,11.4,85.0,83.0,77.0,80.0,55.0,771.0,2891.0,38.0,4126.0,54.2,3480.0,2709.0,7607.0,1235.0,29.9,45.27248218756018,5193.0,5737,544.0,10.475640284999036,46.93336686359577,1.0,45.27248218756018,54.76,9.49,3142,Substantial Increase (>5pp),Ugu District,DA,29.9,49.6,7.3
52106018,2,4211,Ray Nkonyeni,iec_kzn_kzn216___ray_nkonyeni_ward_registration_2026_clean.csv,KZN216 - Ray Nkonyeni,204.0,1.0,998.0,97837.43040253525,254636.9311737708,9660.081032619968,171980.17461575233,190154.2679931587,362134.4426089752,27.3,0.604,21.2,49.6,24.8,11.4,85.0,83.0,77.0,80.0,55.0,771.0,2891.0,38.0,4126.0,54.2,3480.0,2709.0,7607.0,1235.0,29.9,41.46987951807229,4150.0,4211,61.0,1.4698795180722892,46.93336686359577,1.0,41.46987951807229,59.61,18.14,2510,Substantial Increase (>5pp),Ugu District,DA,29.9,49.6,7.3
52106019,1,5642,Ray Nkonyeni,iec_kzn_kzn216___ray_nkonyeni_ward_registration_2026_clean.csv,KZN216 - Ray Nkonyeni,204.0,1.0,998.0,97837.43040253525,254636.9311737708,9660.081032619968,171980.17461575233,190154.2679931587,362134.4426089752,27.3,0.604,21.2,49.6,24.8,11.4,85.0,83.0,77.0,80.0,55.0,771.0,2891.0,38.0,4126.0,54.2,3480.0,2709.0,7607.0,1235.0,29.9,54.02496771416272,4646.0,5642,996.0,21.437795953508395,46.93336686359577,0.0,54.02496771416272,64.35,10.33,3631,Substantial Increase (>5pp),Ugu District,DA,29.9,49.6,7.3
52106020,4,6163,Ray Nkonyeni,iec_kzn_kzn216___ray_nkonyeni_ward_registration_2026_clean.csv,KZN216 - Ray Nkonyeni,204.0,1.0,998.0,97837.43040253525,254636.9311737708,9660.081032619968,171980.17461575233,190154.2679931587,362134.4426089752,27.3,0.604,21.2,49.6,24.8,11.4,85.0,83.0,77.0,80.0,55.0,771.0,2891.0,38.0,4126.0,54.2,3480.0,2709.0,7607.0,1235.0,29.9,45.7107408720312,5642.0,6163,521.0,9.23431407302375,46.93336686359577,1.0,45.7107408720312,54.72,9.01,3372,Substantial Increase (>5pp),Ugu District,ANC,29.9,49.6,7.3
52106021,6,6343,Ray Nkonyeni,iec_kzn_kzn216___ray_nkonyeni_ward_registration_2026_clean.csv,KZN216 - Ray Nkonyeni,204.0,1.0,998.0,97837.43040253525,254636.9311737708,9660.081032619968,171980.17461575233,190154.2679931587,362134.4426089752,27.3,0.604,21.2,49.6,24.8,11.4,85.0,83.0,77.0,80.0,55.0,771.0,2891.0,38.0,4126.0,54.2,3480.0,2709.0,7607.0,1235.0,29.9,42.573402417962,4632.0,6343,1711.0,36.93868739205527,46.93336686359577,1.0,42.573402417962,56.1,13.53,3558,Substantial Increase (>5pp),Ugu District,ANC,29.9,49.6,7.3
52106022,6,5607,Ray Nkonyeni,iec_kzn_kzn216___ray_nkonyeni_ward_registration_2026_clean.csv,KZN216 - Ray Nkonyeni,204.0,1.0,998.0,97837.43040253525,254636.9311737708,9660.081032619968,171980.17461575233,190154.2679931587,362134.4426089752,27.3,0.604,21.2,49.6,24.8,11.4,85.0,83.0,77.0,80.0,55.0,771.0,2891.0,38.0,4126.0,54.2,3480.0,2709.0,7607.0,1235.0,29.9,43.176687871947465,4873.0,5607,734.0,15.06258978042274,46.93336686359577,1.0,43.176687871947465,55.67,12.49,3121,Substantial Increase (>5pp),Ugu District,ANC,29.9,49.6,7.3
52106023,5,5966,Ray Nkonyeni,iec_kzn_kzn216___ray_nkonyeni_ward_registration_2026_clean.csv,KZN216 - Ray Nkonyeni,204.0,1.0,998.0,97837.43040253525,254636.9311737708,9660.081032619968,171980.17461575233,190154.2679931587,362134.4426089752,27.3,0.604,21.2,49.6,24.8,11.4,85.0,83.0,77.0,80.0,55.0,771.0,2891.0,38.0,4126.0,54.2,3480.0,2709.0,7607.0,1235.0,29.9,36.8450810403317,5306.0,5966,660.0,12.438748586505842,46.93336686359577,1.0,36.8450810403317,56.47,19.62,3369,Substantial Increase (>5pp),Ugu District,ANC,29.9,49.6,7.3
52106024,5,6384,Ray Nkonyeni,iec_kzn_kzn216___ray_nkonyeni_ward_registration_2026_clean.csv,KZN216 - Ray Nkonyeni,204.0,1.0,998.0,97837.43040253525,254636.9311737708,9660.081032619968,171980.17461575233,190154.2679931587,362134.4426089752,27.3,0.604,21.2,49.6,24.8,11.4,85.0,83.0,77.0,80.0,55.0,771.0,2891.0,38.0,4126.0,54.2,3480.0,2709.0,7607.0,1235.0,29.9,41.99166982203711,5282.0,6384,1102.0,20.863309352517987,46.93336686359577,1.0,41.99166982203711,55.78,13.79,3561,Substantial Increase (>5pp),Ugu District,ANC,29.9,49.6,7.3
52106025,5,5872,Ray Nkonyeni,iec_kzn_kzn216___ray_nkonyeni_ward_registration_2026_clean.csv,KZN216 - Ray Nkonyeni,204.0,1.0,998.0,97837.43040253525,254636.9311737708,9660.081032619968,171980.17461575233,190154.2679931587,362134.4426089752,27.3,0.604,21.2,49.6,24.8,11.4,85.0,83.0,77.0,80.0,55.0,771.0,2891.0,38.0,4126.0,54.2,3480.0,2709.0,7607.0,1235.0,29.9,48.63931762794476,4924.0,5872,948.0,19.252640129975628,46.93336686359577,0.0,48.63931762794476,60.64,12.0,3561,Substantial Increase (>5pp),Ugu District,ANC,29.9,49.6,7.3
52106026,2,4615,Ray Nkonyeni,iec_kzn_kzn216___ray_nkonyeni_ward_registration_2026_clean.csv,KZN216 - Ray Nkonyeni,204.0,1.0,998.0,97837.43040253525,254636.9311737708,9660.081032619968,171980.17461575233,190154.2679931587,362134.4426089752,27.3,0.604,21.2,49.6,24.8,11.4,85.0,83.0,77.0,80.0,55.0,771.0,2891.0,38.0,4126.0,54.2,3480.0,2709.0,7607.0,1235.0,29.9,46.06060606060606,3465.0,4615,1150.0,33.18903318903319,46.93336686359577,1.0,46.06060606060606,55.07,9.01,2541,Substantial Increase (>5pp),Ugu District,ANC,29.9,49.6,7.3
52106027,3,6757,Ray Nkonyeni,iec_kzn_kzn216___ray_nkonyeni_ward_registration_2026_clean.csv,KZN216 - Ray Nkonyeni,204.0,1.0,998.0,97837.43040253525,254636.9311737708,9660.081032619968,171980.17461575233,190154.2679931587,362134.4426089752,27.3,0.604,21.2,49.6,24.8,11.4,85.0,83.0,77.0,80.0,55.0,771.0,2891.0,38.0,4126.0,54.2,3480.0,2709.0,7607.0,1235.0,29.9,34.82265334117186,5103.0,6757,1654.0,32.41230648638056,46.93336686359577,1.0,34.82265334117186,56.5,21.68,3818,Substantial Increase (>5pp),Ugu District,ANC,29.9,49.6,7.3
52106028,4,4864,Ray Nkonyeni,iec_kzn_kzn216___ray_nkonyeni_ward_registration_2026_clean.csv,KZN216 - Ray Nkonyeni,204.0,1.0,998.0,97837.43040253525,254636.9311737708,9660.081032619968,171980.17461575233,190154.2679931587,362134.4426089752,27.3,0.604,21.2,49.6,24.8,11.4,85.0,83.0,77.0,80.0,55.0,771.0,2891.0,38.0,4126.0,54.2,3480.0,2709.0,7607.0,1235.0,29.9,46.20060790273556,4277.0,4864,587.0,13.724573299041383,46.93336686359577,1.0,46.20060790273556,54.48,8.28,2650,Substantial Increase (>5pp),Ugu District,ANC,29.9,49.6,7.3
52106029,7,5561,Ray Nkonyeni,iec_kzn_kzn216___ray_nkonyeni_ward_registration_2026_clean.csv,KZN216 - Ray Nkonyeni,204.0,1.0,998.0,97837.43040253525,254636.9311737708,9660.081032619968,171980.17461575233,190154.2679931587,362134.4426089752,27.3,0.604,21.2,49.6,24.8,11.4,85.0,83.0,77.0,80.0,55.0,771.0,2891.0,38.0,4126.0,54.2,3480.0,2709.0,7607.0,1235.0,29.9,46.12890149979732,4934.0,5561,627.0,12.707742197000403,46.93336686359577,1.0,46.12890149979732,54.4,8.27,3025,Substantial Increase (>5pp),Ugu District,ANC,29.9,49.6,7.3
52106030,8,4901,Ray Nkonyeni,iec_kzn_kzn216___ray_nkonyeni_ward_registration_2026_clean.csv,KZN216 - Ray Nkonyeni,204.0,1.0,998.0,97837.43040253525,254636.9311737708,9660.081032619968,171980.17461575233,190154.2679931587,362134.4426089752,27.3,0.604,21.2,49.6,24.8,11.4,85.0,83.0,77.0,80.0,55.0,771.0,2891.0,38.0,4126.0,54.2,3480.0,2709.0,7607.0,1235.0,29.9,55.3012048192771,4150.0,4901,751.0,18.09638554216868,46.93336686359577,0.0,55.3012048192771,64.24,8.94,3148,Substantial Increase (>5pp),Ugu District,ANC,29.9,49.6,7.3
52106031,4,4832,Ray Nkonyeni,iec_kzn_kzn216___ray_nkonyeni_ward_registration_2026_clean.csv,KZN216 - Ray Nkonyeni,204.0,1.0,998.0,97837.43040253525,254636.9311737708,9660.081032619968,171980.17461575233,190154.2679931587,362134.4426089752,27.3,0.604,21.2,49.6,24.8,11.4,85.0,83.0,77.0,80.0,55.0,771.0,2891.0,38.0,4126.0,54.2,3480.0,2709.0,7607.0,1235.0,29.9,46.68727915194346,4528.0,4832,304.0,6.713780918727916,46.93336686359577,1.0,46.68727915194346,56.44,9.75,2727,Substantial Increase (>5pp),Ugu District,ANC,29.9,49.6,7.3
52106032,6,5379,Ray Nkonyeni,iec_kzn_kzn216___ray_nkonyeni_ward_registration_2026_clean.csv,KZN216 - Ray Nkonyeni,204.0,1.0,998.0,97837.43040253525,254636.9311737708,9660.081032619968,171980.17461575233,190154.2679931587,362134.4426089752,27.3,0.604,21.2,49.6,24.8,11.4,85.0,83.0,77.0,80.0,55.0,771.0,2891.0,38.0,4126.0,54.2,3480.0,2709.0,7607.0,1235.0,29.9,44.66463414634146,4592.0,5379,787.0,17.13850174216028,46.93336686359577,1.0,44.66463414634146,55.58,10.92,2990,Substantial Increase (>5pp),Ugu District,ANC,29.9,49.6,7.3
52106033,5,4766,Ray Nkonyeni,iec_kzn_kzn216___ray_nkonyeni_ward_registration_2026_clean.csv,KZN216 - Ray Nkonyeni,204.0,1.0,998.0,97837.43040253525,254636.9311737708,9660.081032619968,171980.17461575233,190154.2679931587,362134.4426089752,27.3,0.604,21.2,49.6,24.8,11.4,85.0,83.0,77.0,80.0,55.0,771.0,2891.0,38.0,4126.0,54.2,3480.0,2709.0,7607.0,1235.0,29.9,48.686167575607335,4034.0,4766,732.0,18.145761031234507,46.93336686359577,0.0,48.686167575607335,60.56,11.87,2886,Substantial Increase (>5pp),Ugu District,ANC,29.9,49.6,7.3
52106034,8,4920,Ray Nkonyeni,iec_kzn_kzn216___ray_nkonyeni_ward_registration_2026_clean.csv,KZN216 - Ray Nkonyeni,204.0,1.0,998.0,97837.43040253525,254636.9311737708,9660.081032619968,171980.17461575233,190154.2679931587,362134.4426089752,27.3,0.604,21.2,49.6,24.8,11.4,85.0,83.0,77.0,80.0,55.0,771.0,2891.0,38.0,4126.0,54.2,3480.0,2709.0,7607.0,1235.0,29.9,46.55641141821477,4414.0,4920,506.0,11.463525147258723,46.93336686359577,1.0,46.55641141821477,54.52,7.96,2682,Substantial Increase (>5pp),Ugu District,ANC,29.9,49.6,7.3
52106035,6,4506,Ray Nkonyeni,iec_kzn_kzn216___ray_nkonyeni_ward_registration_2026_clean.csv,KZN216 - Ray Nkonyeni,204.0,1.0,998.0,97837.43040253525,254636.9311737708,9660.081032619968,171980.17461575233,190154.2679931587,362134.4426089752,27.3,0.604,21.2,49.6,24.8,11.4,85.0,83.0,77.0,80.0,55.0,771.0,2891.0,38.0,4126.0,54.2,3480.0,2709.0,7607.0,1235.0,29.9,43.95253308991328,4382.0,4506,124.0,2.8297581013235966,46.93336686359577,1.0,43.95253308991328,59.62,15.67,2686,Substantial Increase (>5pp),Ugu District,ANC,29.9,49.6,7.3
52106036,7,4958,Ray Nkonyeni,iec_kzn_kzn216___ray_nkonyeni_ward_registration_2026_clean.csv,KZN216 - Ray Nkonyeni,204.0,1.0,998.0,97837.43040253525,254636.9311737708,9660.081032619968,171980.17461575233,190154.2679931587,362134.4426089752,27.3,0.604,21.2,49.6,24.8,11.4,85.0,83.0,77.0,80.0,55.0,771.0,2891.0,38.0,4126.0,54.2,3480.0,2709.0,7607.0,1235.0,29.9,49.444570392201314,4411.0,4958,547.0,12.40081614146452,46.93336686359577,0.0,49.444570392201314,60.33,10.89,2991,Substantial Increase (>5pp),Ugu District,ANC,29.9,49.6,7.3
52201001,7,4938,Umshwathi,iec_kzn_kzn221___umshwathi_ward_registration_2026_clean.csv,KZN221 - uMshwathi,10.0,1.0,605.0,15332.360949009892,72093.56327771148,31051.90850312021,55836.57193605163,62641.26079379732,118477.83272986033,27.3,0.604,21.2,49.6,24.8,11.4,85.0,83.0,77.0,80.0,55.0,771.0,2891.0,38.0,4126.0,54.2,3480.0,2709.0,7607.0,1235.0,29.9,56.58701628251216,4729.0,4938,209.0,4.419539014590822,46.93336686359577,0.0,56.58701628251216,63.85,7.26,3153,Substantial Increase (>5pp),uMgungundlovu District,ANC,29.9,49.6,6.8
52201002,4,4733,Umshwathi,iec_kzn_kzn221___umshwathi_ward_registration_2026_clean.csv,KZN221 - uMshwathi,10.0,1.0,605.0,15332.360949009892,72093.56327771148,31051.90850312021,55836.57193605163,62641.26079379732,118477.83272986033,27.3,0.604,21.2,49.6,24.8,11.4,85.0,83.0,77.0,80.0,55.0,771.0,2891.0,38.0,4126.0,54.2,3480.0,2709.0,7607.0,1235.0,29.9,51.390293225480285,3956.0,4733,777.0,19.64105156723964,46.93336686359577,0.0,51.390293225480285,60.76,9.37,2876,Substantial Increase (>5pp),uMgungundlovu District,ANC,29.9,49.6,6.8
52201003,5,4946,Umshwathi,iec_kzn_kzn221___umshwathi_ward_registration_2026_clean.csv,KZN221 - uMshwathi,10.0,1.0,605.0,15332.360949009892,72093.56327771148,31051.90850312021,55836.57193605163,62641.26079379732,118477.83272986033,27.3,0.604,21.2,49.6,24.8,11.4,85.0,83.0,77.0,80.0,55.0,771.0,2891.0,38.0,4126.0,54.2,3480.0,2709.0,7607.0,1235.0,29.9,55.12291052114061,5085.0,4946,-139.0,-2.7335299901671584,46.93336686359577,0.0,55.12291052114061,63.22,8.1,3127,Substantial Increase (>5pp),uMgungundlovu District,ANC,29.9,49.6,6.8
52201004,5,4681,Umshwathi,iec_kzn_kzn221___umshwathi_ward_registration_2026_clean.csv,KZN221 - uMshwathi,10.0,1.0,605.0,15332.360949009892,72093.56327771148,31051.90850312021,55836.57193605163,62641.26079379732,118477.83272986033,27.3,0.604,21.2,49.6,24.8,11.4,85.0,83.0,77.0,80.0,55.0,771.0,2891.0,38.0,4126.0,54.2,3480.0,2709.0,7607.0,1235.0,29.9,44.63508941517642,4138.0,4681,543.0,13.122281295311744,46.93336686359577,1.0,44.63508941517642,55.28,10.64,2588,Substantial Increase (>5pp),uMgungundlovu District,ANC,29.9,49.6,6.8
52201005,4,4189,Umshwathi,iec_kzn_kzn221___umshwathi_ward_registration_2026_clean.csv,KZN221 - uMshwathi,10.0,1.0,605.0,15332.360949009892,72093.56327771148,31051.90850312021,55836.57193605163,62641.26079379732,118477.83272986033,27.3,0.604,21.2,49.6,24.8,11.4,85.0,83.0,77.0,80.0,55.0,771.0,2891.0,38.0,4126.0,54.2,3480.0,2709.0,7607.0,1235.0,29.9,50.97074104457205,3657.0,4189,532.0,14.547443259502325,46.93336686359577,0.0,50.97074104457205,60.58,9.61,2538,Substantial Increase (>5pp),uMgungundlovu District,ANC,29.9,49.6,6.8
52201006,6,3891,Umshwathi,iec_kzn_kzn221___umshwathi_ward_registration_2026_clean.csv,KZN221 - uMshwathi,10.0,1.0,605.0,15332.360949009892,72093.56327771148,31051.90850312021,55836.57193605163,62641.26079379732,118477.83272986033,27.3,0.604,21.2,49.6,24.8,11.4,85.0,83.0,77.0,80.0,55.0,771.0,2891.0,38.0,4126.0,54.2,3480.0,2709.0,7607.0,1235.0,29.9,53.47606446956941,4157.0,3891,-266.0,-6.398845321145057,46.93336686359577,0.0,53.47606446956941,63.92,10.44,2487,Substantial Increase (>5pp),uMgungundlovu District,ANC,29.9,49.6,6.8
52201007,3,4153,Umshwathi,iec_kzn_kzn221___umshwathi_ward_registration_2026_clean.csv,KZN221 - uMshwathi,10.0,1.0,605.0,15332.360949009892,72093.56327771148,31051.90850312021,55836.57193605163,62641.26079379732,118477.83272986033,27.3,0.604,21.2,49.6,24.8,11.4,85.0,83.0,77.0,80.0,55.0,771.0,2891.0,38.0,4126.0,54.2,3480.0,2709.0,7607.0,1235.0,29.9,56.488332384746734,3514.0,4153,639.0,18.184405236198064,46.93336686359577,0.0,56.488332384746734,65.53,9.04,2721,Substantial Increase (>5pp),uMgungundlovu District,ANC,29.9,49.6,6.8
52201008,4,3915,Umshwathi,iec_kzn_kzn221___umshwathi_ward_registration_2026_clean.csv,KZN221 - uMshwathi,10.0,1.0,605.0,15332.360949009892,72093.56327771148,31051.90850312021,55836.57193605163,62641.26079379732,118477.83272986033,27.3,0.604,21.2,49.6,24.8,11.4,85.0,83.0,77.0,80.0,55.0,771.0,2891.0,38.0,4126.0,54.2,3480.0,2709.0,7607.0,1235.0,29.9,51.24668435013262,3770.0,3915,145.0,3.8461538461538463,46.93336686359577,0.0,51.24668435013262,60.45,9.2,2367,Substantial Increase (>5pp),uMgungundlovu District,ANC,29.9,49.6,6.8
52201009,2,3978,Umshwathi,iec_kzn_kzn221___umshwathi_ward_registration_2026_clean.csv,KZN221 - uMshwathi,10.0,1.0,605.0,15332.360949009892,72093.56327771148,31051.90850312021,55836.57193605163,62641.26079379732,118477.83272986033,27.3,0.604,21.2,49.6,24.8,11.4,85.0,83.0,77.0,80.0,55.0,771.0,2891.0,38.0,4126.0,54.2,3480.0,2709.0,7607.0,1235.0,29.9,41.67990919409761,4405.0,3978,-427.0,-9.693530079455163,46.93336686359577,1.0,41.67990919409761,59.48,17.8,2366,Substantial Increase (>5pp),uMgungundlovu District,ANC,29.9,49.6,6.8
52201010,4,5421,Umshwathi,iec_kzn_kzn221___umshwathi_ward_registration_2026_clean.csv,KZN221 - uMshwathi,10.0,1.0,605.0,15332.360949009892,72093.56327771148,31051.90850312021,55836.57193605163,62641.26079379732,118477.83272986033,27.3,0.604,21.2,49.6,24.8,11.4,85.0,83.0,77.0,80.0,55.0,771.0,2891.0,38.0,4126.0,54.2,3480.0,2709.0,7607.0,1235.0,29.9,57.73592158370171,5203.0,5421,218.0,4.189890447818566,46.93336686359577,0.0,57.73592158370171,63.83,6.09,3460,Substantial Increase (>5pp),uMgungundlovu District,ANC,29.9,49.6,6.8
52201011,6,4896,Umshwathi,iec_kzn_kzn221___umshwathi_ward_registration_2026_clean.csv,KZN221 - uMshwathi,10.0,1.0,605.0,15332.360949009892,72093.56327771148,31051.90850312021,55836.57193605163,62641.26079379732,118477.83272986033,27.3,0.604,21.2,49.6,24.8,11.4,85.0,83.0,77.0,80.0,55.0,771.0,2891.0,38.0,4126.0,54.2,3480.0,2709.0,7607.0,1235.0,29.9,53.37643678160919,4176.0,4896,720.0,17.24137931034483,46.93336686359577,0.0,53.37643678160919,64.44,11.06,3155,Substantial Increase (>5pp),uMgungundlovu District,ANC,29.9,49.6,6.8
52201012,4,3645,Umshwathi,iec_kzn_kzn221___umshwathi_ward_registration_2026_clean.csv,KZN221 - uMshwathi,10.0,1.0,605.0,15332.360949009892,72093.56327771148,31051.90850312021,55836.57193605163,62641.26079379732,118477.83272986033,27.3,0.604,21.2,49.6,24.8,11.4,85.0,83.0,77.0,80.0,55.0,771.0,2891.0,38.0,4126.0,54.2,3480.0,2709.0,7607.0,1235.0,29.9,53.78129117259552,3795.0,3645,-150.0,-3.9525691699604746,46.93336686359577,0.0,53.78129117259552,63.38,9.6,2310,Substantial Increase (>5pp),uMgungundlovu District,ANC,29.9,49.6,6.8
52201013,6,4297,Umshwathi,iec_kzn_kzn221___umshwathi_ward_registration_2026_clean.csv,KZN221 - uMshwathi,10.0,1.0,605.0,15332.360949009892,72093.56327771148,31051.90850312021,55836.57193605163,62641.26079379732,118477.83272986033,27.3,0.604,21.2,49.6,24.8,11.4,85.0,83.0,77.0,80.0,55.0,771.0,2891.0,38.0,4126.0,54.2,3480.0,2709.0,7607.0,1235.0,29.9,45.501285347043705,3501.0,4297,796.0,22.736361039702945,46.93336686359577,1.0,45.501285347043705,55.17,9.67,2371,Substantial Increase (>5pp),uMgungundlovu District,ANC,29.9,49.6,6.8
52201014,6,4511,Umshwathi,iec_kzn_kzn221___umshwathi_ward_registration_2026_clean.csv,KZN221 - uMshwathi,10.0,1.0,605.0,15332.360949009892,72093.56327771148,31051.90850312021,55836.57193605163,62641.26079379732,118477.83272986033,27.3,0.604,21.2,49.6,24.8,11.4,85.0,83.0,77.0,80.0,55.0,771.0,2891.0,38.0,4126.0,54.2,3480.0,2709.0,7607.0,1235.0,29.9,42.83625730994152,2736.0,4511,1775.0,64.87573099415205,46.93336686359577,1.0,42.83625730994152,56.3,13.46,2540,Substantial Increase (>5pp),uMgungundlovu District,ANC,29.9,49.6,6.8
52202001,3,5301,Umngeni,iec_kzn_kzn222___umngeni_ward_registration_2026_clean.csv,KZN222 - uMngeni,59.0,0.0,655.0,86250.14332081159,11491.315629379887,7327.136683379969,50012.08522692855,55056.51040663402,105068.59563358407,27.3,0.604,21.2,49.6,24.8,11.4,85.0,83.0,77.0,80.0,55.0,771.0,2891.0,38.0,4126.0,54.2,3480.0,2709.0,7607.0,1235.0,29.9,51.36176066024759,3635.0,5301,1666.0,45.832187070151306,46.93336686359577,0.0,51.36176066024759,60.77,9.41,3221,Substantial Increase (>5pp),uMgungundlovu District,ANC,29.9,49.6,5.7
52202002,3,5416,Umngeni,iec_kzn_kzn222___umngeni_ward_registration_2026_clean.csv,KZN222 - uMngeni,59.0,0.0,655.0,86250.14332081159,11491.315629379887,7327.136683379969,50012.08522692855,55056.51040663402,105068.59563358407,27.3,0.604,21.2,49.6,24.8,11.4,85.0,83.0,77.0,80.0,55.0,771.0,2891.0,38.0,4126.0,54.2,3480.0,2709.0,7607.0,1235.0,29.9,59.37623371496249,5066.0,5416,350.0,6.908803789972365,46.93336686359577,0.0,59.37623371496249,64.76,5.38,3507,Substantial Increase (>5pp),uMgungundlovu District,DA,29.9,49.6,5.7
52202003,7,4128,Umngeni,iec_kzn_kzn222___umngeni_ward_registration_2026_clean.csv,KZN222 - uMngeni,59.0,0.0,655.0,86250.14332081159,11491.315629379887,7327.136683379969,50012.08522692855,55056.51040663402,105068.59563358407,27.3,0.604,21.2,49.6,24.8,11.4,85.0,83.0,77.0,80.0,55.0,771.0,2891.0,38.0,4126.0,54.2,3480.0,2709.0,7607.0,1235.0,29.9,46.16552771450266,3951.0,4128,177.0,4.479878511769172,46.93336686359577,1.0,46.16552771450266,59.37,13.2,2451,Substantial Increase (>5pp),uMgungundlovu District,EFF,29.9,49.6,5.7
52202004,4,4452,Umngeni,iec_kzn_kzn222___umngeni_ward_registration_2026_clean.csv,KZN222 - uMngeni,59.0,0.0,655.0,86250.14332081159,11491.315629379887,7327.136683379969,50012.08522692855,55056.51040663402,105068.59563358407,27.3,0.604,21.2,49.6,24.8,11.4,85.0,83.0,77.0,80.0,55.0,771.0,2891.0,38.0,4126.0,54.2,3480.0,2709.0,7607.0,1235.0,29.9,52.68996117581808,3606.0,4452,846.0,23.46089850249584,46.93336686359577,0.0,52.68996117581808,62.77,10.08,2795,Substantial Increase (>5pp),uMgungundlovu District,ANC,29.9,49.6,5.7
52202005,4,4730,Umngeni,iec_kzn_kzn222___umngeni_ward_registration_2026_clean.csv,KZN222 - uMngeni,59.0,0.0,655.0,86250.14332081159,11491.315629379887,7327.136683379969,50012.08522692855,55056.51040663402,105068.59563358407,27.3,0.604,21.2,49.6,24.8,11.4,85.0,83.0,77.0,80.0,55.0,771.0,2891.0,38.0,4126.0,54.2,3480.0,2709.0,7607.0,1235.0,29.9,73.38451695457454,4689.0,4730,41.0,0.874386862870548,46.93336686359577,0.0,73.38451695457454,69.33,-4.05,3279,Moderate Decline (1-5pp),uMgungundlovu District,DA,29.9,49.6,5.7
52202006,5,5409,Umngeni,iec_kzn_kzn222___umngeni_ward_registration_2026_clean.csv,KZN222 - uMngeni,59.0,0.0,655.0,86250.14332081159,11491.315629379887,7327.136683379969,50012.08522692855,55056.51040663402,105068.59563358407,27.3,0.604,21.2,49.6,24.8,11.4,85.0,83.0,77.0,80.0,55.0,771.0,2891.0,38.0,4126.0,54.2,3480.0,2709.0,7607.0,1235.0,29.9,61.97365579788383,4631.0,5409,778.0,16.799827251133664,46.93336686359577,0.0,61.97365579788383,66.72,4.75,3609,Moderate Increase (1-5pp),uMgungundlovu District,DA,29.9,49.6,5.7
52202007,3,5401,Umngeni,iec_kzn_kzn222___umngeni_ward_registration_2026_clean.csv,KZN222 - uMngeni,59.0,0.0,655.0,86250.14332081159,11491.315629379887,7327.136683379969,50012.08522692855,55056.51040663402,105068.59563358407,27.3,0.604,21.2,49.6,24.8,11.4,85.0,83.0,77.0,80.0,55.0,771.0,2891.0,38.0,4126.0,54.2,3480.0,2709.0,7607.0,1235.0,29.9,62.1768140116764,4796.0,5401,605.0,12.614678899082568,46.93336686359577,0.0,62.1768140116764,66.41,4.23,3587,Moderate Increase (1-5pp),uMgungundlovu District,DA,29.9,49.6,5.7
52202008,4,4127,Umngeni,iec_kzn_kzn222___umngeni_ward_registration_2026_clean.csv,KZN222 - uMngeni,59.0,0.0,655.0,86250.14332081159,11491.315629379887,7327.136683379969,50012.08522692855,55056.51040663402,105068.59563358407,27.3,0.604,21.2,49.6,24.8,11.4,85.0,83.0,77.0,80.0,55.0,771.0,2891.0,38.0,4126.0,54.2,3480.0,2709.0,7607.0,1235.0,29.9,49.46291560102301,3910.0,4127,217.0,5.549872122762149,46.93336686359577,0.0,49.46291560102301,60.2,10.74,2484,Substantial Increase (>5pp),uMgungundlovu District,ANC,29.9,49.6,5.7
52202009,4,4635,Umngeni,iec_kzn_kzn222___umngeni_ward_registration_2026_clean.csv,KZN222 - uMngeni,59.0,0.0,655.0,86250.14332081159,11491.315629379887,7327.136683379969,50012.08522692855,55056.51040663402,105068.59563358407,27.3,0.604,21.2,49.6,24.8,11.4,85.0,83.0,77.0,80.0,55.0,771.0,2891.0,38.0,4126.0,54.2,3480.0,2709.0,7607.0,1235.0,29.9,50.42040358744395,3568.0,4635,1067.0,29.904708520179373,46.93336686359577,0.0,50.42040358744395,60.41,9.99,2800,Substantial Increase (>5pp),uMgungundlovu District,ANC,29.9,49.6,5.7
52202010,2,4113,Umngeni,iec_kzn_kzn222___umngeni_ward_registration_2026_clean.csv,KZN222 - uMngeni,59.0,0.0,655.0,86250.14332081159,11491.315629379887,7327.136683379969,50012.08522692855,55056.51040663402,105068.59563358407,27.3,0.604,21.2,49.6,24.8,11.4,85.0,83.0,77.0,80.0,55.0,771.0,2891.0,38.0,4126.0,54.2,3480.0,2709.0,7607.0,1235.0,29.9,49.014162732574285,3601.0,4113,512.0,14.218272702027216,46.93336686359577,0.0,49.014162732574285,60.49,11.48,2488,Substantial Increase (>5pp),uMgungundlovu District,ANC,29.9,49.6,5.7
52202011,3,4576,Umngeni,iec_kzn_kzn222___umngeni_ward_registration_2026_clean.csv,KZN222 - uMngeni,59.0,0.0,655.0,86250.14332081159,11491.315629379887,7327.136683379969,50012.08522692855,55056.51040663402,105068.59563358407,27.3,0.604,21.2,49.6,24.8,11.4,85.0,83.0,77.0,80.0,55.0,771.0,2891.0,38.0,4126.0,54.2,3480.0,2709.0,7607.0,1235.0,29.9,54.09441233140655,4152.0,4576,424.0,10.21194605009634,46.93336686359577,0.0,54.09441233140655,63.98,9.89,2928,Substantial Increase (>5pp),uMgungundlovu District,ANC,29.9,49.6,5.7
52202012,2,4676,Umngeni,iec_kzn_kzn222___umngeni_ward_registration_2026_clean.csv,KZN222 - uMngeni,59.0,0.0,655.0,86250.14332081159,11491.315629379887,7327.136683379969,50012.08522692855,55056.51040663402,105068.59563358407,27.3,0.604,21.2,49.6,24.8,11.4,85.0,83.0,77.0,80.0,55.0,771.0,2891.0,38.0,4126.0,54.2,3480.0,2709.0,7607.0,1235.0,29.9,53.38636363636363,4400.0,4676,276.0,6.2727272727272725,46.93336686359577,0.0,53.38636363636363,63.87,10.48,2987,Substantial Increase (>5pp),uMgungundlovu District,ANC,29.9,49.6,5.7
52202013,2,4633,Umngeni,iec_kzn_kzn222___umngeni_ward_registration_2026_clean.csv,KZN222 - uMngeni,59.0,0.0,655.0,86250.14332081159,11491.315629379887,7327.136683379969,50012.08522692855,55056.51040663402,105068.59563358407,27.3,0.604,21.2,49.6,24.8,11.4,85.0,83.0,77.0,80.0,55.0,771.0,2891.0,38.0,4126.0,54.2,3480.0,2709.0,7607.0,1235.0,29.9,39.3790044356826,4058.0,4633,575.0,14.169541646131098,46.93336686359577,1.0,39.3790044356826,56.47,17.09,2616,Substantial Increase (>5pp),uMgungundlovu District,ANC,29.9,49.6,5.7
52203001,4,3465,Mpofana,iec_kzn_kzn223___mpofana_ward_registration_2026_clean.csv,KZN223 - Mpofana,0.0,0.0,124.0,23992.012777839653,401.2824015800017,8989.06908119002,15763.96076390996,17618.403496700073,33382.36426061015,27.3,0.604,21.2,49.6,24.8,11.4,85.0,83.0,77.0,80.0,55.0,771.0,2891.0,38.0,4126.0,54.2,3480.0,2709.0,7607.0,1235.0,29.9,44.5817154959407,2833.0,3465,632.0,22.308506883162725,46.93336686359577,1.0,44.5817154959407,55.92,11.34,1938,Substantial Increase (>5pp),uMgungundlovu District,ANC,29.9,49.6,5.1
52203002,7,2671,Mpofana,iec_kzn_kzn223___mpofana_ward_registration_2026_clean.csv,KZN223 - Mpofana,0.0,0.0,124.0,23992.012777839653,401.2824015800017,8989.06908119002,15763.96076390996,17618.403496700073,33382.36426061015,27.3,0.604,21.2,49.6,24.8,11.4,85.0,83.0,77.0,80.0,55.0,771.0,2891.0,38.0,4126.0,54.2,3480.0,2709.0,7607.0,1235.0,29.9,47.72227458372604,3183.0,2671,-512.0,-16.08545397423814,46.93336686359577,0.0,47.72227458372604,59.91,12.19,1600,Substantial Increase (>5pp),uMgungundlovu District,ANC,29.9,49.6,5.1
52203003,3,3612,Mpofana,iec_kzn_kzn223___mpofana_ward_registration_2026_clean.csv,KZN223 - Mpofana,0.0,0.0,124.0,23992.012777839653,401.2824015800017,8989.06908119002,15763.96076390996,17618.403496700073,33382.36426061015,27.3,0.604,21.2,49.6,24.8,11.4,85.0,83.0,77.0,80.0,55.0,771.0,2891.0,38.0,4126.0,54.2,3480.0,2709.0,7607.0,1235.0,29.9,53.0823947836396,3374.0,3612,238.0,7.053941908713693,46.93336686359577,0.0,53.0823947836396,63.6,10.52,2297,Substantial Increase (>5pp),uMgungundlovu District,ANC,29.9,49.6,5.1
52203004,8,3101,Mpofana,iec_kzn_kzn223___mpofana_ward_registration_2026_clean.csv,KZN223 - Mpofana,0.0,0.0,124.0,23992.012777839653,401.2824015800017,8989.06908119002,15763.96076390996,17618.403496700073,33382.36426061015,27.3,0.604,21.2,49.6,24.8,11.4,85.0,83.0,77.0,80.0,55.0,771.0,2891.0,38.0,4126.0,54.2,3480.0,2709.0,7607.0,1235.0,29.9,49.52581664910432,3796.0,3101,-695.0,-18.30874604847208,46.93336686359577,0.0,49.52581664910432,60.06,10.53,1862,Substantial Increase (>5pp),uMgungundlovu District,ANC,29.9,49.6,5.1
52203005,1,3046,Mpofana,iec_kzn_kzn223___mpofana_ward_registration_2026_clean.csv,KZN223 - Mpofana,0.0,0.0,124.0,23992.012777839653,401.2824015800017,8989.06908119002,15763.96076390996,17618.403496700073,33382.36426061015,27.3,0.604,21.2,49.6,24.8,11.4,85.0,83.0,77.0,80.0,55.0,771.0,2891.0,38.0,4126.0,54.2,3480.0,2709.0,7607.0,1235.0,29.9,47.7107761027359,3582.0,3046,-536.0,-14.963707426018985,46.93336686359577,0.0,47.7107761027359,59.91,12.2,1825,Substantial Increase (>5pp),uMgungundlovu District,ANC,29.9,49.6,5.1
52203006,6,2758,Mpofana,iec_kzn_kzn223___mpofana_ward_registration_2026_clean.csv,,,,,,,,,,,,,,,,,,,,,,,,,,,,,,,,50.41896097677759,,2758,491.0,10.149511213341,46.93336686359577,0.0,50.41896097677759,60.33,9.91,1664,Substantial Increase (>5pp),uMgungundlovu District,ANC,33.1,42.5,6.8
52204001,7,2632,Impendle,iec_kzn_kzn224___impendle_ward_registration_2026_clean.csv,KZN224 - iMpendle,0.0,0.0,45.0,1593.8033533200078,31352.482493539694,3701.438008449988,17421.837448470225,19225.886406839705,36647.72385531167,27.3,0.604,21.2,49.6,24.8,11.4,85.0,83.0,77.0,80.0,55.0,771.0,2891.0,38.0,4126.0,54.2,3480.0,2709.0,7607.0,1235.0,29.9,55.610357583230574,4055.0,2632,-1423.0,-35.0924784217016,46.93336686359577,0.0,55.610357583230574,62.91,7.3,1656,Substantial Increase (>5pp),uMgungundlovu District,EFF,29.9,49.6,7.4
52204002,5,3561,Impendle,iec_kzn_kzn224___impendle_ward_registration_2026_clean.csv,KZN224 - iMpendle,0.0,0.0,45.0,1593.8033533200078,31352.482493539694,3701.438008449988,17421.837448470225,19225.886406839705,36647.72385531167,27.3,0.604,21.2,49.6,24.8,11.4,85.0,83.0,77.0,80.0,55.0,771.0,2891.0,38.0,4126.0,54.2,3480.0,2709.0,7607.0,1235.0,29.9,54.199360650973546,3441.0,3561,120.0,3.4873583260680032,46.93336686359577,0.0,54.199360650973546,63.34,9.14,2256,Substantial Increase (>5pp),uMgungundlovu District,ANC,29.9,49.6,7.4
52204003,5,3103,Impendle,iec_kzn_kzn224___impendle_ward_registration_2026_clean.csv,KZN224 - iMpendle,0.0,0.0,45.0,1593.8033533200078,31352.482493539694,3701.438008449988,17421.837448470225,19225.886406839705,36647.72385531167,27.3,0.604,21.2,49.6,24.8,11.4,85.0,83.0,77.0,80.0,55.0,771.0,2891.0,38.0,4126.0,54.2,3480.0,2709.0,7607.0,1235.0,29.9,53.19221577330146,2929.0,3103,174.0,5.9405940594059405,46.93336686359577,0.0,53.19221577330146,63.6,10.41,1974,Substantial Increase (>5pp),uMgungundlovu District,ANC,29.9,49.6,7.4
52204004,5,3294,Impendle,iec_kzn_kzn224___impendle_ward_registration_2026_clean.csv,KZN224 - iMpendle,0.0,0.0,45.0,1593.8033533200078,31352.482493539694,3701.438008449988,17421.837448470225,19225.886406839705,36647.72385531167,27.3,0.604,21.2,49.6,24.8,11.4,85.0,83.0,77.0,80.0,55.0,771.0,2891.0,38.0,4126.0,54.2,3480.0,2709.0,7607.0,1235.0,29.9,53.956204379562045,3425.0,3294,-131.0,-3.824817518248176,46.93336686359577,0.0,53.956204379562045,63.28,9.32,2084,Substantial Increase (>5pp),uMgungundlovu District,EFF,29.9,49.6,7.4
52204005,5,3123,Impendle,iec_kzn_kzn224___impendle_ward_registration_2026_clean.csv,KZN224 - iMpendle,0.0,0.0,45.0,1593.8033533200078,31352.482493539694,3701.438008449988,17421.837448470225,19225.886406839705,36647.72385531167,27.3,0.604,21.2,49.6,24.8,11.4,85.0,83.0,77.0,80.0,55.0,771.0,2891.0,38.0,4126.0,54.2,3480.0,2709.0,7607.0,1235.0,29.9,55.26239489707161,3449.0,3123,-326.0,-9.452015076833865,46.93336686359577,0.0,55.26239489707161,63.2,7.94,1974,Substantial Increase (>5pp),uMgungundlovu District,ANC,29.9,49.6,7.4
52204006,5,2884,Impendle,iec_kzn_kzn224___impendle_ward_registration_2026_clean.csv,,,,,,,,,,,,,,,,,,,,,,,,,,,,,,,,50.41896097677759,,2884,491.0,10.149511213341,46.93336686359577,0.0,50.41896097677759,60.33,9.91,1740,Substantial Increase (>5pp),uMgungundlovu District,ANC,33.1,42.5,6.8
52205001,7,8819,Msunduzi,iec_kzn_kzn225___msunduzi_ward_registration_2026_clean.csv,KZN225 - Msunduzi,431.0,3.0,5587.0,616742.6891735981,188013.76671786336,12968.623513279968,390308.4841134411,427416.5952912772,817725.0794047411,27.3,0.604,21.2,49.6,24.8,11.4,85.0,83.0,77.0,80.0,55.0,771.0,2891.0,38.0,4126.0,54.2,3480.0,2709.0,7607.0,1235.0,29.9,56.08333333333333,8400.0,8819,419.0,4.988095238095238,46.93336686359577,0.0,56.08333333333333,63.96,7.88,5641,Substantial Increase (>5pp),uMgungundlovu District,ANC,29.9,49.6,6.3
52205002,7,7948,Msunduzi,iec_kzn_kzn225___msunduzi_ward_registration_2026_clean.csv,KZN225 - Msunduzi,431.0,3.0,5587.0,616742.6891735981,188013.76671786336,12968.623513279968,390308.4841134411,427416.5952912772,817725.0794047411,27.3,0.604,21.2,49.6,24.8,11.4,85.0,83.0,77.0,80.0,55.0,771.0,2891.0,38.0,4126.0,54.2,3480.0,2709.0,7607.0,1235.0,29.9,57.32431312991855,7243.0,7948,705.0,9.733535827695707,46.93336686359577,0.0,57.32431312991855,64.47,7.15,5124,Substantial Increase (>5pp),uMgungundlovu District,ANC,29.9,49.6,6.3
52205003,9,10072,Msunduzi,iec_kzn_kzn225___msunduzi_ward_registration_2026_clean.csv,KZN225 - Msunduzi,431.0,3.0,5587.0,616742.6891735981,188013.76671786336,12968.623513279968,390308.4841134411,427416.5952912772,817725.0794047411,27.3,0.604,21.2,49.6,24.8,11.4,85.0,83.0,77.0,80.0,55.0,771.0,2891.0,38.0,4126.0,54.2,3480.0,2709.0,7607.0,1235.0,29.9,59.39610647596345,7551.0,10072,2521.0,33.38630644947689,46.93336686359577,0.0,59.39610647596345,65.76,6.36,6623,Substantial Increase (>5pp),uMgungundlovu District,ANC,29.9,49.6,6.3
52205004,6,7760,Msunduzi,iec_kzn_kzn225___msunduzi_ward_registration_2026_clean.csv,KZN225 - Msunduzi,431.0,3.0,5587.0,616742.6891735981,188013.76671786336,12968.623513279968,390308.4841134411,427416.5952912772,817725.0794047411,27.3,0.604,21.2,49.6,24.8,11.4,85.0,83.0,77.0,80.0,55.0,771.0,2891.0,38.0,4126.0,54.2,3480.0,2709.0,7607.0,1235.0,29.9,52.39917976760082,7315.0,7760,445.0,6.08339029391661,46.93336686359577,0.0,52.39917976760082,62.12,9.72,4821,Substantial Increase (>5pp),uMgungundlovu District,ANC,29.9,49.6,6.3
52205005,9,10393,Msunduzi,iec_kzn_kzn225___msunduzi_ward_registration_2026_clean.csv,KZN225 - Msunduzi,431.0,3.0,5587.0,616742.6891735981,188013.76671786336,12968.623513279968,390308.4841134411,427416.5952912772,817725.0794047411,27.3,0.604,21.2,49.6,24.8,11.4,85.0,83.0,77.0,80.0,55.0,771.0,2891.0,38.0,4126.0,54.2,3480.0,2709.0,7607.0,1235.0,29.9,50.71611799914494,9356.0,10393,1037.0,11.083796494228302,46.93336686359577,0.0,50.71611799914494,60.44,9.72,6282,Substantial Increase (>5pp),uMgungundlovu District,ANC,29.9,49.6,6.3
52205006,9,8985,Msunduzi,iec_kzn_kzn225___msunduzi_ward_registration_2026_clean.csv,KZN225 - Msunduzi,431.0,3.0,5587.0,616742.6891735981,188013.76671786336,12968.623513279968,390308.4841134411,427416.5952912772,817725.0794047411,27.3,0.604,21.2,49.6,24.8,11.4,85.0,83.0,77.0,80.0,55.0,771.0,2891.0,38.0,4126.0,54.2,3480.0,2709.0,7607.0,1235.0,29.9,50.96071472280015,8171.0,8985,814.0,9.962060947252478,46.93336686359577,0.0,50.96071472280015,60.58,9.62,5443,Substantial Increase (>5pp),uMgungundlovu District,ANC,29.9,49.6,6.3
52205007,8,8508,Msunduzi,iec_kzn_kzn225___msunduzi_ward_registration_2026_clean.csv,KZN225 - Msunduzi,431.0,3.0,5587.0,616742.6891735981,188013.76671786336,12968.623513279968,390308.4841134411,427416.5952912772,817725.0794047411,27.3,0.604,21.2,49.6,24.8,11.4,85.0,83.0,77.0,80.0,55.0,771.0,2891.0,38.0,4126.0,54.2,3480.0,2709.0,7607.0,1235.0,29.9,48.100936524453694,7688.0,8508,820.0,10.665972944849116,46.93336686359577,0.0,48.100936524453694,60.18,12.08,5120,Substantial Increase (>5pp),uMgungundlovu District,ANC,29.9,49.6,6.3
52205008,7,7887,Msunduzi,iec_kzn_kzn225___msunduzi_ward_registration_2026_clean.csv,KZN225 - Msunduzi,431.0,3.0,5587.0,616742.6891735981,188013.76671786336,12968.623513279968,390308.4841134411,427416.5952912772,817725.0794047411,27.3,0.604,21.2,49.6,24.8,11.4,85.0,83.0,77.0,80.0,55.0,771.0,2891.0,38.0,4126.0,54.2,3480.0,2709.0,7607.0,1235.0,29.9,53.25634483684705,7447.0,7887,440.0,5.908419497784342,46.93336686359577,0.0,53.25634483684705,63.96,10.7,5045,Substantial Increase (>5pp),uMgungundlovu District,IFP,29.9,49.6,6.3
52205009,8,8961,Msunduzi,iec_kzn_kzn225___msunduzi_ward_registration_2026_clean.csv,KZN225 - Msunduzi,431.0,3.0,5587.0,616742.6891735981,188013.76671786336,12968.623513279968,390308.4841134411,427416.5952912772,817725.0794047411,27.3,0.604,21.2,49.6,24.8,11.4,85.0,83.0,77.0,80.0,55.0,771.0,2891.0,38.0,4126.0,54.2,3480.0,2709.0,7607.0,1235.0,29.9,52.13281342313601,8463.0,8961,498.0,5.884438142502659,46.93336686359577,0.0,52.13281342313601,60.95,8.82,5462,Substantial Increase (>5pp),uMgungundlovu District,ANC,29.9,49.6,6.3
52205010,6,8002,Msunduzi,iec_kzn_kzn225___msunduzi_ward_registration_2026_clean.csv,KZN225 - Msunduzi,431.0,3.0,5587.0,616742.6891735981,188013.76671786336,12968.623513279968,390308.4841134411,427416.5952912772,817725.0794047411,27.3,0.604,21.2,49.6,24.8,11.4,85.0,83.0,77.0,80.0,55.0,771.0,2891.0,38.0,4126.0,54.2,3480.0,2709.0,7607.0,1235.0,29.9,47.30077120822622,7391.0,8002,611.0,8.26681098633473,46.93336686359577,0.0,47.30077120822622,60.29,12.99,4824,Substantial Increase (>5pp),uMgungundlovu District,ANC,29.9,49.6,6.3
52205011,7,10060,Msunduzi,iec_kzn_kzn225___msunduzi_ward_registration_2026_clean.csv,KZN225 - Msunduzi,431.0,3.0,5587.0,616742.6891735981,188013.76671786336,12968.623513279968,390308.4841134411,427416.5952912772,817725.0794047411,27.3,0.604,21.2,49.6,24.8,11.4,85.0,83.0,77.0,80.0,55.0,771.0,2891.0,38.0,4126.0,54.2,3480.0,2709.0,7607.0,1235.0,29.9,49.643123468626825,9387.0,10060,673.0,7.1694897198252905,46.93336686359577,0.0,49.643123468626825,60.25,10.61,6061,Substantial Increase (>5pp),uMgungundlovu District,ANC,29.9,49.6,6.3
52205012,6,7910,Msunduzi,iec_kzn_kzn225___msunduzi_ward_registration_2026_clean.csv,KZN225 - Msunduzi,431.0,3.0,5587.0,616742.6891735981,188013.76671786336,12968.623513279968,390308.4841134411,427416.5952912772,817725.0794047411,27.3,0.604,21.2,49.6,24.8,11.4,85.0,83.0,77.0,80.0,55.0,771.0,2891.0,38.0,4126.0,54.2,3480.0,2709.0,7607.0,1235.0,29.9,45.28806309316936,7481.0,7910,429.0,5.734527469589628,46.93336686359577,1.0,45.28806309316936,57.3,12.01,4532,Substantial Increase (>5pp),uMgungundlovu District,ANC,29.9,49.6,6.3
52205013,5,8759,Msunduzi,iec_kzn_kzn225___msunduzi_ward_registration_2026_clean.csv,KZN225 - Msunduzi,431.0,3.0,5587.0,616742.6891735981,188013.76671786336,12968.623513279968,390308.4841134411,427416.5952912772,817725.0794047411,27.3,0.604,21.2,49.6,24.8,11.4,85.0,83.0,77.0,80.0,55.0,771.0,2891.0,38.0,4126.0,54.2,3480.0,2709.0,7607.0,1235.0,29.9,42.68104776579353,9086.0,8759,-327.0,-3.598943429451904,46.93336686359577,1.0,42.68104776579353,59.49,16.81,5211,Substantial Increase (>5pp),uMgungundlovu District,ANC,29.9,49.6,6.3
52205014,4,8156,Msunduzi,iec_kzn_kzn225___msunduzi_ward_registration_2026_clean.csv,KZN225 - Msunduzi,431.0,3.0,5587.0,616742.6891735981,188013.76671786336,12968.623513279968,390308.4841134411,427416.5952912772,817725.0794047411,27.3,0.604,21.2,49.6,24.8,11.4,85.0,83.0,77.0,80.0,55.0,771.0,2891.0,38.0,4126.0,54.2,3480.0,2709.0,7607.0,1235.0,29.9,45.49606698807409,7882.0,8156,274.0,3.476275057092108,46.93336686359577,1.0,45.49606698807409,59.58,14.08,4859,Substantial Increase (>5pp),uMgungundlovu District,ANC,29.9,49.6,6.3
52205015,5,9317,Msunduzi,iec_kzn_kzn225___msunduzi_ward_registration_2026_clean.csv,KZN225 - Msunduzi,431.0,3.0,5587.0,616742.6891735981,188013.76671786336,12968.623513279968,390308.4841134411,427416.5952912772,817725.0794047411,27.3,0.604,21.2,49.6,24.8,11.4,85.0,83.0,77.0,80.0,55.0,771.0,2891.0,38.0,4126.0,54.2,3480.0,2709.0,7607.0,1235.0,29.9,41.59596704782983,8133.0,9317,1184.0,14.557973687446207,46.93336686359577,1.0,41.59596704782983,55.72,14.12,5191,Substantial Increase (>5pp),uMgungundlovu District,ANC,29.9,49.6,6.3
52205016,6,9775,Msunduzi,iec_kzn_kzn225___msunduzi_ward_registration_2026_clean.csv,KZN225 - Msunduzi,431.0,3.0,5587.0,616742.6891735981,188013.76671786336,12968.623513279968,390308.4841134411,427416.5952912772,817725.0794047411,27.3,0.604,21.2,49.6,24.8,11.4,85.0,83.0,77.0,80.0,55.0,771.0,2891.0,38.0,4126.0,54.2,3480.0,2709.0,7607.0,1235.0,29.9,40.62856418704854,7891.0,9775,1884.0,23.87530097579521,46.93336686359577,1.0,40.62856418704854,55.95,15.32,5469,Substantial Increase (>5pp),uMgungundlovu District,ANC,29.9,49.6,6.3
52205017,7,9843,Msunduzi,iec_kzn_kzn225___msunduzi_ward_registration_2026_clean.csv,KZN225 - Msunduzi,431.0,3.0,5587.0,616742.6891735981,188013.76671786336,12968.623513279968,390308.4841134411,427416.5952912772,817725.0794047411,27.3,0.604,21.2,49.6,24.8,11.4,85.0,83.0,77.0,80.0,55.0,771.0,2891.0,38.0,4126.0,54.2,3480.0,2709.0,7607.0,1235.0,29.9,40.98260975313146,8223.0,9843,1620.0,19.700839109813938,46.93336686359577,1.0,40.98260975313146,55.64,14.66,5477,Substantial Increase (>5pp),uMgungundlovu District,ANC,29.9,49.6,6.3
52205018,3,8108,Msunduzi,iec_kzn_kzn225___msunduzi_ward_registration_2026_clean.csv,KZN225 - Msunduzi,431.0,3.0,5587.0,616742.6891735981,188013.76671786336,12968.623513279968,390308.4841134411,427416.5952912772,817725.0794047411,27.3,0.604,21.2,49.6,24.8,11.4,85.0,83.0,77.0,80.0,55.0,771.0,2891.0,38.0,4126.0,54.2,3480.0,2709.0,7607.0,1235.0,29.9,45.361328125,8192.0,8108,-84.0,-1.025390625,46.93336686359577,1.0,45.361328125,59.67,14.31,4838,Substantial Increase (>5pp),uMgungundlovu District,EFF,29.9,49.6,6.3
52205019,6,8962,Msunduzi,iec_kzn_kzn225___msunduzi_ward_registration_2026_clean.csv,KZN225 - Msunduzi,431.0,3.0,5587.0,616742.6891735981,188013.76671786336,12968.623513279968,390308.4841134411,427416.5952912772,817725.0794047411,27.3,0.604,21.2,49.6,24.8,11.4,85.0,83.0,77.0,80.0,55.0,771.0,2891.0,38.0,4126.0,54.2,3480.0,2709.0,7607.0,1235.0,29.9,39.06960873521383,8792.0,8962,170.0,1.9335759781619648,46.93336686359577,1.0,39.06960873521383,59.7,20.63,5350,Substantial Increase (>5pp),uMgungundlovu District,ANC,29.9,49.6,6.3
52205020,4,8047,Msunduzi,iec_kzn_kzn225___msunduzi_ward_registration_2026_clean.csv,KZN225 - Msunduzi,431.0,3.0,5587.0,616742.6891735981,188013.76671786336,12968.623513279968,390308.4841134411,427416.5952912772,817725.0794047411,27.3,0.604,21.2,49.6,24.8,11.4,85.0,83.0,77.0,80.0,55.0,771.0,2891.0,38.0,4126.0,54.2,3480.0,2709.0,7607.0,1235.0,29.9,45.54945790389506,7471.0,8047,576.0,7.709811270244947,46.93336686359577,1.0,45.54945790389506,56.14,10.59,4518,Substantial Increase (>5pp),uMgungundlovu District,ANC,29.9,49.6,6.3
52205021,5,8125,Msunduzi,iec_kzn_kzn225___msunduzi_ward_registration_2026_clean.csv,KZN225 - Msunduzi,431.0,3.0,5587.0,616742.6891735981,188013.76671786336,12968.623513279968,390308.4841134411,427416.5952912772,817725.0794047411,27.3,0.604,21.2,49.6,24.8,11.4,85.0,83.0,77.0,80.0,55.0,771.0,2891.0,38.0,4126.0,54.2,3480.0,2709.0,7607.0,1235.0,29.9,49.18243852195185,7767.0,8125,358.0,4.609244238444702,46.93336686359577,0.0,49.18243852195185,60.33,11.15,4902,Substantial Increase (>5pp),uMgungundlovu District,EFF,29.9,49.6,6.3
52205022,5,8911,Msunduzi,iec_kzn_kzn225___msunduzi_ward_registration_2026_clean.csv,KZN225 - Msunduzi,431.0,3.0,5587.0,616742.6891735981,188013.76671786336,12968.623513279968,390308.4841134411,427416.5952912772,817725.0794047411,27.3,0.604,21.2,49.6,24.8,11.4,85.0,83.0,77.0,80.0,55.0,771.0,2891.0,38.0,4126.0,54.2,3480.0,2709.0,7607.0,1235.0,29.9,41.78436911487759,8496.0,8911,415.0,4.884651600753296,46.93336686359577,1.0,41.78436911487759,59.49,17.71,5301,Substantial Increase (>5pp),uMgungundlovu District,ANC,29.9,49.6,6.3
52205023,3,8700,Msunduzi,iec_kzn_kzn225___msunduzi_ward_registration_2026_clean.csv,KZN225 - Msunduzi,431.0,3.0,5587.0,616742.6891735981,188013.76671786336,12968.623513279968,390308.4841134411,427416.5952912772,817725.0794047411,27.3,0.604,21.2,49.6,24.8,11.4,85.0,83.0,77.0,80.0,55.0,771.0,2891.0,38.0,4126.0,54.2,3480.0,2709.0,7607.0,1235.0,29.9,43.4920248386704,8213.0,8700,487.0,5.929623767198344,46.93336686359577,1.0,43.4920248386704,57.87,14.38,5035,Substantial Increase (>5pp),uMgungundlovu District,ANC,29.9,49.6,6.3
52205024,7,10266,Msunduzi,iec_kzn_kzn225___msunduzi_ward_registration_2026_clean.csv,KZN225 - Msunduzi,431.0,3.0,5587.0,616742.6891735981,188013.76671786336,12968.623513279968,390308.4841134411,427416.5952912772,817725.0794047411,27.3,0.604,21.2,49.6,24.8,11.4,85.0,83.0,77.0,80.0,55.0,771.0,2891.0,38.0,4126.0,54.2,3480.0,2709.0,7607.0,1235.0,29.9,33.82369455362156,8905.0,10266,1361.0,15.283548568220102,46.93336686359577,1.0,33.82369455362156,57.38,23.56,5891,Substantial Increase (>5pp),uMgungundlovu District,ANC,29.9,49.6,6.3
52205025,3,8482,Msunduzi,iec_kzn_kzn225___msunduzi_ward_registration_2026_clean.csv,KZN225 - Msunduzi,431.0,3.0,5587.0,616742.6891735981,188013.76671786336,12968.623513279968,390308.4841134411,427416.5952912772,817725.0794047411,27.3,0.604,21.2,49.6,24.8,11.4,85.0,83.0,77.0,80.0,55.0,771.0,2891.0,38.0,4126.0,54.2,3480.0,2709.0,7607.0,1235.0,29.9,55.56424289809747,7674.0,8482,808.0,10.52905916080271,46.93336686359577,0.0,55.56424289809747,64.01,8.45,5429,Substantial Increase (>5pp),uMgungundlovu District,DA,29.9,49.6,6.3
52205026,6,9504,Msunduzi,iec_kzn_kzn225___msunduzi_ward_registration_2026_clean.csv,KZN225 - Msunduzi,431.0,3.0,5587.0,616742.6891735981,188013.76671786336,12968.623513279968,390308.4841134411,427416.5952912772,817725.0794047411,27.3,0.604,21.2,49.6,24.8,11.4,85.0,83.0,77.0,80.0,55.0,771.0,2891.0,38.0,4126.0,54.2,3480.0,2709.0,7607.0,1235.0,29.9,51.88844971453667,9108.0,9504,396.0,4.3478260869565215,46.93336686359577,0.0,51.88844971453667,60.66,8.77,5765,Substantial Increase (>5pp),uMgungundlovu District,DA,29.9,49.6,6.3
52205027,5,9065,Msunduzi,iec_kzn_kzn225___msunduzi_ward_registration_2026_clean.csv,KZN225 - Msunduzi,431.0,3.0,5587.0,616742.6891735981,188013.76671786336,12968.623513279968,390308.4841134411,427416.5952912772,817725.0794047411,27.3,0.604,21.2,49.6,24.8,11.4,85.0,83.0,77.0,80.0,55.0,771.0,2891.0,38.0,4126.0,54.2,3480.0,2709.0,7607.0,1235.0,29.9,30.82427017744705,6988.0,9065,2077.0,29.72238122495707,46.93336686359577,1.0,30.82427017744705,59.53,28.71,5396,Substantial Increase (>5pp),uMgungundlovu District,DA,29.9,49.6,6.3
52205028,5,9669,Msunduzi,iec_kzn_kzn225___msunduzi_ward_registration_2026_clean.csv,KZN225 - Msunduzi,431.0,3.0,5587.0,616742.6891735981,188013.76671786336,12968.623513279968,390308.4841134411,427416.5952912772,817725.0794047411,27.3,0.604,21.2,49.6,24.8,11.4,85.0,83.0,77.0,80.0,55.0,771.0,2891.0,38.0,4126.0,54.2,3480.0,2709.0,7607.0,1235.0,29.9,43.01638613309553,8971.0,9669,698.0,7.780626463047597,46.93336686359577,1.0,43.01638613309553,56.89,13.87,5501,Substantial Increase (>5pp),uMgungundlovu District,DA,29.9,49.6,6.3
52205029,4,7970,Msunduzi,iec_kzn_kzn225___msunduzi_ward_registration_2026_clean.csv,KZN225 - Msunduzi,431.0,3.0,5587.0,616742.6891735981,188013.76671786336,12968.623513279968,390308.4841134411,427416.5952912772,817725.0794047411,27.3,0.604,21.2,49.6,24.8,11.4,85.0,83.0,77.0,80.0,55.0,771.0,2891.0,38.0,4126.0,54.2,3480.0,2709.0,7607.0,1235.0,29.9,44.86341349521364,8566.0,7970,-596.0,-6.957739901937894,46.93336686359577,1.0,44.86341349521364,59.59,14.73,4749,Substantial Increase (>5pp),uMgungundlovu District,ANC,29.9,49.6,6.3
52205030,6,10296,Msunduzi,iec_kzn_kzn225___msunduzi_ward_registration_2026_clean.csv,KZN225 - Msunduzi,431.0,3.0,5587.0,616742.6891735981,188013.76671786336,12968.623513279968,390308.4841134411,427416.5952912772,817725.0794047411,27.3,0.604,21.2,49.6,24.8,11.4,85.0,83.0,77.0,80.0,55.0,771.0,2891.0,38.0,4126.0,54.2,3480.0,2709.0,7607.0,1235.0,29.9,48.64133263925039,9605.0,10296,691.0,7.194169703279542,46.93336686359577,0.0,48.64133263925039,60.56,11.92,6235,Substantial Increase (>5pp),uMgungundlovu District,DA,29.9,49.6,6.3
52205031,5,9412,Msunduzi,iec_kzn_kzn225___msunduzi_ward_registration_2026_clean.csv,KZN225 - Msunduzi,431.0,3.0,5587.0,616742.6891735981,188013.76671786336,12968.623513279968,390308.4841134411,427416.5952912772,817725.0794047411,27.3,0.604,21.2,49.6,24.8,11.4,85.0,83.0,77.0,80.0,55.0,771.0,2891.0,38.0,4126.0,54.2,3480.0,2709.0,7607.0,1235.0,29.9,41.43511125306079,9393.0,9412,19.0,0.2022782923453635,46.93336686359577,1.0,41.43511125306079,59.61,18.17,5610,Substantial Increase (>5pp),uMgungundlovu District,DA,29.9,49.6,6.3
52205032,6,10127,Msunduzi,iec_kzn_kzn225___msunduzi_ward_registration_2026_clean.csv,KZN225 - Msunduzi,431.0,3.0,5587.0,616742.6891735981,188013.76671786336,12968.623513279968,390308.4841134411,427416.5952912772,817725.0794047411,27.3,0.604,21.2,49.6,24.8,11.4,85.0,83.0,77.0,80.0,55.0,771.0,2891.0,38.0,4126.0,54.2,3480.0,2709.0,7607.0,1235.0,29.9,42.58313471796618,8811.0,10127,1316.0,14.935875610032914,46.93336686359577,1.0,42.58313471796618,55.51,12.93,5621,Substantial Increase (>5pp),uMgungundlovu District,DA,29.9,49.6,6.3
52205033,5,9982,Msunduzi,iec_kzn_kzn225___msunduzi_ward_registration_2026_clean.csv,KZN225 - Msunduzi,431.0,3.0,5587.0,616742.6891735981,188013.76671786336,12968.623513279968,390308.4841134411,427416.5952912772,817725.0794047411,27.3,0.604,21.2,49.6,24.8,11.4,85.0,83.0,77.0,80.0,55.0,771.0,2891.0,38.0,4126.0,54.2,3480.0,2709.0,7607.0,1235.0,29.9,36.88497882046269,9207.0,9982,775.0,8.417508417508419,46.93336686359577,1.0,36.88497882046269,57.21,20.33,5711,Substantial Increase (>5pp),uMgungundlovu District,DA,29.9,49.6,6.3
52205034,6,8973,Msunduzi,iec_kzn_kzn225___msunduzi_ward_registration_2026_clean.csv,KZN225 - Msunduzi,431.0,3.0,5587.0,616742.6891735981,188013.76671786336,12968.623513279968,390308.4841134411,427416.5952912772,817725.0794047411,27.3,0.604,21.2,49.6,24.8,11.4,85.0,83.0,77.0,80.0,55.0,771.0,2891.0,38.0,4126.0,54.2,3480.0,2709.0,7607.0,1235.0,29.9,38.424540401881146,9356.0,8973,-383.0,-4.093629756306114,46.93336686359577,1.0,38.424540401881146,59.62,21.2,5350,Substantial Increase (>5pp),uMgungundlovu District,ANC,29.9,49.6,6.3
52205035,4,9849,Msunduzi,iec_kzn_kzn225___msunduzi_ward_registration_2026_clean.csv,KZN225 - Msunduzi,431.0,3.0,5587.0,616742.6891735981,188013.76671786336,12968.623513279968,390308.4841134411,427416.5952912772,817725.0794047411,27.3,0.604,21.2,49.6,24.8,11.4,85.0,83.0,77.0,80.0,55.0,771.0,2891.0,38.0,4126.0,54.2,3480.0,2709.0,7607.0,1235.0,29.9,50.58925289220456,9249.0,9849,600.0,6.487187804086929,46.93336686359577,0.0,50.58925289220456,60.36,9.77,5945,Substantial Increase (>5pp),uMgungundlovu District,ANC,29.9,49.6,6.3
52205036,4,9825,Msunduzi,iec_kzn_kzn225___msunduzi_ward_registration_2026_clean.csv,KZN225 - Msunduzi,431.0,3.0,5587.0,616742.6891735981,188013.76671786336,12968.623513279968,390308.4841134411,427416.5952912772,817725.0794047411,27.3,0.604,21.2,49.6,24.8,11.4,85.0,83.0,77.0,80.0,55.0,771.0,2891.0,38.0,4126.0,54.2,3480.0,2709.0,7607.0,1235.0,29.9,45.56167541949532,7807.0,9825,2018.0,25.848597412578457,46.93336686359577,1.0,45.56167541949532,55.08,9.52,5412,Substantial Increase (>5pp),uMgungundlovu District,DA,29.9,49.6,6.3
52205037,6,8754,Msunduzi,iec_kzn_kzn225___msunduzi_ward_registration_2026_clean.csv,KZN225 - Msunduzi,431.0,3.0,5587.0,616742.6891735981,188013.76671786336,12968.623513279968,390308.4841134411,427416.5952912772,817725.0794047411,27.3,0.604,21.2,49.6,24.8,11.4,85.0,83.0,77.0,80.0,55.0,771.0,2891.0,38.0,4126.0,54.2,3480.0,2709.0,7607.0,1235.0,29.9,45.12367038318595,7803.0,8754,951.0,12.187620146097656,46.93336686359577,1.0,45.12367038318595,54.55,9.43,4775,Substantial Increase (>5pp),uMgungundlovu District,DA,29.9,49.6,6.3
52205038,4,7781,Msunduzi,iec_kzn_kzn225___msunduzi_ward_registration_2026_clean.csv,KZN225 - Msunduzi,431.0,3.0,5587.0,616742.6891735981,188013.76671786336,12968.623513279968,390308.4841134411,427416.5952912772,817725.0794047411,27.3,0.604,21.2,49.6,24.8,11.4,85.0,83.0,77.0,80.0,55.0,771.0,2891.0,38.0,4126.0,54.2,3480.0,2709.0,7607.0,1235.0,29.9,46.92179700499168,7212.0,7781,569.0,7.889628397115918,46.93336686359577,1.0,46.92179700499168,55.88,8.96,4348,Substantial Increase (>5pp),uMgungundlovu District,ANC,29.9,49.6,6.3
52205039,9,7560,Msunduzi,iec_kzn_kzn225___msunduzi_ward_registration_2026_clean.csv,KZN225 - Msunduzi,431.0,3.0,5587.0,616742.6891735981,188013.76671786336,12968.623513279968,390308.4841134411,427416.5952912772,817725.0794047411,27.3,0.604,21.2,49.6,24.8,11.4,85.0,83.0,77.0,80.0,55.0,771.0,2891.0,38.0,4126.0,54.2,3480.0,2709.0,7607.0,1235.0,29.9,51.8176810795924,7262.0,7560,298.0,4.1035527402919305,46.93336686359577,0.0,51.8176810795924,60.66,8.84,4586,Substantial Increase (>5pp),uMgungundlovu District,ANC,29.9,49.6,6.3
52205040,9,7006,Msunduzi,iec_kzn_kzn225___msunduzi_ward_registration_2026_clean.csv,KZN225 - Msunduzi,431.0,3.0,5587.0,616742.6891735981,188013.76671786336,12968.623513279968,390308.4841134411,427416.5952912772,817725.0794047411,27.3,0.604,21.2,49.6,24.8,11.4,85.0,83.0,77.0,80.0,55.0,771.0,2891.0,38.0,4126.0,54.2,3480.0,2709.0,7607.0,1235.0,29.9,53.099519714062325,8953.0,7006,-1947.0,-21.746900480285937,46.93336686359577,0.0,53.099519714062325,63.18,10.08,4426,Substantial Increase (>5pp),uMgungundlovu District,ANC,29.9,49.6,6.3
52205041,4,9737,Msunduzi,iec_kzn_kzn225___msunduzi_ward_registration_2026_clean.csv,KZN225 - Msunduzi,431.0,3.0,5587.0,616742.6891735981,188013.76671786336,12968.623513279968,390308.4841134411,427416.5952912772,817725.0794047411,27.3,0.604,21.2,49.6,24.8,11.4,85.0,83.0,77.0,80.0,55.0,771.0,2891.0,38.0,4126.0,54.2,3480.0,2709.0,7607.0,1235.0,29.9,42.94441782462866,8348.0,9737,1389.0,16.638715860086247,46.93336686359577,1.0,42.94441782462866,55.55,12.61,5409,Substantial Increase (>5pp),uMgungundlovu District,ANC,29.9,49.6,6.3
52206001,3,4470,Mkhambathini,iec_kzn_kzn226___mkhambathini_ward_registration_2026_clean.csv,KZN226 - Mkhambathini,2.0,0.0,384.0,2592.543286570032,48374.54515160059,10693.15670212998,29228.53229985996,32431.71284043954,61660.24514030446,27.3,0.604,21.2,49.6,24.8,11.4,85.0,83.0,77.0,80.0,55.0,771.0,2891.0,38.0,4126.0,54.2,3480.0,2709.0,7607.0,1235.0,29.9,49.88873153955088,4943.0,4470,-473.0,-9.569087598624318,46.93336686359577,0.0,49.88873153955088,60.03,10.14,2683,Substantial Increase (>5pp),uMgungundlovu District,ANC,29.9,49.6,7.2
52206002,5,4455,Mkhambathini,iec_kzn_kzn226___mkhambathini_ward_registration_2026_clean.csv,KZN226 - Mkhambathini,2.0,0.0,384.0,2592.543286570032,48374.54515160059,10693.15670212998,29228.53229985996,32431.71284043954,61660.24514030446,27.3,0.604,21.2,49.6,24.8,11.4,85.0,83.0,77.0,80.0,55.0,771.0,2891.0,38.0,4126.0,54.2,3480.0,2709.0,7607.0,1235.0,29.9,16.83794466403162,5060.0,4455,-605.0,-11.956521739130435,46.93336686359577,1.0,16.83794466403162,57.12,40.28,2545,Substantial Increase (>5pp),uMgungundlovu District,ANC,29.9,49.6,7.2
52206003,5,4937,Mkhambathini,iec_kzn_kzn226___mkhambathini_ward_registration_2026_clean.csv,KZN226 - Mkhambathini,2.0,0.0,384.0,2592.543286570032,48374.54515160059,10693.15670212998,29228.53229985996,32431.71284043954,61660.24514030446,27.3,0.604,21.2,49.6,24.8,11.4,85.0,83.0,77.0,80.0,55.0,771.0,2891.0,38.0,4126.0,54.2,3480.0,2709.0,7607.0,1235.0,29.9,44.6157007809289,4866.0,4937,71.0,1.4591039868475133,46.93336686359577,1.0,44.6157007809289,59.68,15.06,2946,Substantial Increase (>5pp),uMgungundlovu District,ANC,29.9,49.6,7.2
52206004,6,4252,Mkhambathini,iec_kzn_kzn226___mkhambathini_ward_registration_2026_clean.csv,KZN226 - Mkhambathini,2.0,0.0,384.0,2592.543286570032,48374.54515160059,10693.15670212998,29228.53229985996,32431.71284043954,61660.24514030446,27.3,0.604,21.2,49.6,24.8,11.4,85.0,83.0,77.0,80.0,55.0,771.0,2891.0,38.0,4126.0,54.2,3480.0,2709.0,7607.0,1235.0,29.9,47.76684330052991,3963.0,4252,289.0,7.292455210698965,46.93336686359577,0.0,47.76684330052991,60.15,12.38,2558,Substantial Increase (>5pp),uMgungundlovu District,ANC,29.9,49.6,7.2
52206005,4,4220,Mkhambathini,iec_kzn_kzn226___mkhambathini_ward_registration_2026_clean.csv,KZN226 - Mkhambathini,2.0,0.0,384.0,2592.543286570032,48374.54515160059,10693.15670212998,29228.53229985996,32431.71284043954,61660.24514030446,27.3,0.604,21.2,49.6,24.8,11.4,85.0,83.0,77.0,80.0,55.0,771.0,2891.0,38.0,4126.0,54.2,3480.0,2709.0,7607.0,1235.0,29.9,18.712610672409667,4179.0,4220,41.0,0.9810959559703278,46.93336686359577,1.0,18.712610672409667,57.7,38.99,2435,Substantial Increase (>5pp),uMgungundlovu District,ANC,29.9,49.6,7.2
52206006,4,3957,Mkhambathini,iec_kzn_kzn226___mkhambathini_ward_registration_2026_clean.csv,KZN226 - Mkhambathini,2.0,0.0,384.0,2592.543286570032,48374.54515160059,10693.15670212998,29228.53229985996,32431.71284043954,61660.24514030446,27.3,0.604,21.2,49.6,24.8,11.4,85.0,83.0,77.0,80.0,55.0,771.0,2891.0,38.0,4126.0,54.2,3480.0,2709.0,7607.0,1235.0,29.9,51.97383261899391,4433.0,3957,-476.0,-10.737649447326866,46.93336686359577,0.0,51.97383261899391,60.48,8.51,2393,Substantial Increase (>5pp),uMgungundlovu District,ANC,29.9,49.6,7.2
52206007,7,5121,Mkhambathini,iec_kzn_kzn226___mkhambathini_ward_registration_2026_clean.csv,KZN226 - Mkhambathini,2.0,0.0,384.0,2592.543286570032,48374.54515160059,10693.15670212998,29228.53229985996,32431.71284043954,61660.24514030446,27.3,0.604,21.2,49.6,24.8,11.4,85.0,83.0,77.0,80.0,55.0,771.0,2891.0,38.0,4126.0,54.2,3480.0,2709.0,7607.0,1235.0,29.9,47.08366323568224,3789.0,5121,1332.0,35.15439429928741,46.93336686359577,0.0,47.08366323568224,60.41,13.33,3094,Substantial Increase (>5pp),uMgungundlovu District,ANC,29.9,49.6,7.2
52206008,5,5187,Mkhambathini,iec_kzn_kzn226___mkhambathini_ward_registration_2026_clean.csv,,,,,,,,,,,,,,,,,,,,,,,,,,,,,,,,50.41896097677759,,5187,491.0,10.149511213341,46.93336686359577,0.0,50.41896097677759,60.33,9.91,3129,Substantial Increase (>5pp),uMgungundlovu District,ANC,33.1,42.5,6.8
52206009,4,4137,Mkhambathini,iec_kzn_kzn226___mkhambathini_ward_registration_2026_clean.csv,,,,,,,,,,,,,,,,,,,,,,,,,,,,,,,,50.41896097677759,,4137,491.0,10.149511213341,46.93336686359577,0.0,50.41896097677759,60.33,9.91,2496,Substantial Increase (>5pp),uMgungundlovu District,ANC,33.1,42.5,6.8
52206010,6,3857,Mkhambathini,iec_kzn_kzn226___mkhambathini_ward_registration_2026_clean.csv,,,,,,,,,,,,,,,,,,,,,,,,,,,,,,,,50.41896097677759,,3857,491.0,10.149511213341,46.93336686359577,0.0,50.41896097677759,60.33,9.91,2327,Substantial Increase (>5pp),uMgungundlovu District,ANC,33.1,42.5,6.8
52207001,4,4423,Richmond,iec_kzn_kzn227___richmond_ward_registration_2026_clean.csv,KZN227 - Richmond,15.0,0.0,1899.0,21065.5234562694,34717.1146250902,6971.018023140012,30440.24629880041,32313.40980569984,62753.656104501104,27.3,0.604,21.2,49.6,24.8,11.4,85.0,83.0,77.0,80.0,55.0,771.0,2891.0,38.0,4126.0,54.2,3480.0,2709.0,7607.0,1235.0,29.9,44.60256149623908,4919.0,4423,-496.0,-10.083350274446026,46.93336686359577,1.0,44.60256149623908,59.54,14.94,2633,Substantial Increase (>5pp),uMgungundlovu District,ANC,29.9,49.6,6.9
52207002,6,5059,Richmond,iec_kzn_kzn227___richmond_ward_registration_2026_clean.csv,KZN227 - Richmond,15.0,0.0,1899.0,21065.5234562694,34717.1146250902,6971.018023140012,30440.24629880041,32313.40980569984,62753.656104501104,27.3,0.604,21.2,49.6,24.8,11.4,85.0,83.0,77.0,80.0,55.0,771.0,2891.0,38.0,4126.0,54.2,3480.0,2709.0,7607.0,1235.0,29.9,39.04467221040418,5171.0,5059,-112.0,-2.1659253529298006,46.93336686359577,1.0,39.04467221040418,59.7,20.66,3020,Substantial Increase (>5pp),uMgungundlovu District,ANC,29.9,49.6,6.9
52207003,5,3792,Richmond,iec_kzn_kzn227___richmond_ward_registration_2026_clean.csv,KZN227 - Richmond,15.0,0.0,1899.0,21065.5234562694,34717.1146250902,6971.018023140012,30440.24629880041,32313.40980569984,62753.656104501104,27.3,0.604,21.2,49.6,24.8,11.4,85.0,83.0,77.0,80.0,55.0,771.0,2891.0,38.0,4126.0,54.2,3480.0,2709.0,7607.0,1235.0,29.9,51.572465361777,4547.0,3792,-755.0,-16.60435451946338,46.93336686359577,0.0,51.572465361777,60.46,8.89,2293,Substantial Increase (>5pp),uMgungundlovu District,ANC,29.9,49.6,6.9
52207004,2,4626,Richmond,iec_kzn_kzn227___richmond_ward_registration_2026_clean.csv,KZN227 - Richmond,15.0,0.0,1899.0,21065.5234562694,34717.1146250902,6971.018023140012,30440.24629880041,32313.40980569984,62753.656104501104,27.3,0.604,21.2,49.6,24.8,11.4,85.0,83.0,77.0,80.0,55.0,771.0,2891.0,38.0,4126.0,54.2,3480.0,2709.0,7607.0,1235.0,29.9,52.69434628975264,4528.0,4626,98.0,2.1643109540636045,46.93336686359577,0.0,52.69434628975264,62.09,9.4,2872,Substantial Increase (>5pp),uMgungundlovu District,EFF,29.9,49.6,6.9
52207005,9,3703,Richmond,iec_kzn_kzn227___richmond_ward_registration_2026_clean.csv,KZN227 - Richmond,15.0,0.0,1899.0,21065.5234562694,34717.1146250902,6971.018023140012,30440.24629880041,32313.40980569984,62753.656104501104,27.3,0.604,21.2,49.6,24.8,11.4,85.0,83.0,77.0,80.0,55.0,771.0,2891.0,38.0,4126.0,54.2,3480.0,2709.0,7607.0,1235.0,29.9,52.82093213409649,4892.0,3703,-1189.0,-24.30498773507768,46.93336686359577,0.0,52.82093213409649,62.33,9.51,2308,Substantial Increase (>5pp),uMgungundlovu District,ANC,29.9,49.6,6.9
52207006,9,3904,Richmond,iec_kzn_kzn227___richmond_ward_registration_2026_clean.csv,KZN227 - Richmond,15.0,0.0,1899.0,21065.5234562694,34717.1146250902,6971.018023140012,30440.24629880041,32313.40980569984,62753.656104501104,27.3,0.604,21.2,49.6,24.8,11.4,85.0,83.0,77.0,80.0,55.0,771.0,2891.0,38.0,4126.0,54.2,3480.0,2709.0,7607.0,1235.0,29.9,55.37989617744219,4238.0,3904,-334.0,-7.881075979235488,46.93336686359577,0.0,55.37989617744219,63.2,7.82,2467,Substantial Increase (>5pp),uMgungundlovu District,ANC,29.9,49.6,6.9
52207007,2,3976,Richmond,iec_kzn_kzn227___richmond_ward_registration_2026_clean.csv,KZN227 - Richmond,15.0,0.0,1899.0,21065.5234562694,34717.1146250902,6971.018023140012,30440.24629880041,32313.40980569984,62753.656104501104,27.3,0.604,21.2,49.6,24.8,11.4,85.0,83.0,77.0,80.0,55.0,771.0,2891.0,38.0,4126.0,54.2,3480.0,2709.0,7607.0,1235.0,29.9,46.73072416217483,4267.0,3976,-291.0,-6.8197797047105695,46.93336686359577,1.0,46.73072416217483,59.57,12.84,2369,Substantial Increase (>5pp),uMgungundlovu District,EFF,29.9,49.6,6.9
52207008,4,4066,Richmond,iec_kzn_kzn227___richmond_ward_registration_2026_clean.csv,,,,,,,,,,,,,,,,,,,,,,,,,,,,,,,,50.41896097677759,,4066,491.0,10.149511213341,46.93336686359577,0.0,50.41896097677759,60.33,9.91,2453,Substantial Increase (>5pp),uMgungundlovu District,ANC,33.1,42.5,6.8
52207009,4,4957,Richmond,iec_kzn_kzn227___richmond_ward_registration_2026_clean.csv,,,,,,,,,,,,,,,,,,,,,,,,,,,,,,,,50.41896097677759,,4957,491.0,10.149511213341,46.93336686359577,0.0,50.41896097677759,60.33,9.91,2991,Substantial Increase (>5pp),uMgungundlovu District,ANC,33.1,42.5,6.8
52305001,4,4726,Okhahlamba,iec_kzn_kzn235___okhahlamba_ward_registration_2026_clean.csv,KZN235 - Okhahlamba,17.0,1.0,1051.0,9711.79825043011,107360.80277033195,26059.87610268024,66226.80945755914,76905.66766588789,143132.47712344155,27.3,0.604,21.2,49.6,24.8,11.4,85.0,83.0,77.0,80.0,55.0,771.0,2891.0,38.0,4126.0,54.2,3480.0,2709.0,7607.0,1235.0,29.9,55.223880597014926,3953.0,4726,773.0,19.55476853023021,46.93336686359577,0.0,55.223880597014926,64.31,9.09,3039,Substantial Increase (>5pp),uThukela District,Other,29.9,49.6,7.2
52305002,6,5678,Okhahlamba,iec_kzn_kzn235___okhahlamba_ward_registration_2026_clean.csv,KZN235 - Okhahlamba,17.0,1.0,1051.0,9711.79825043011,107360.80277033195,26059.87610268024,66226.80945755914,76905.66766588789,143132.47712344155,27.3,0.604,21.2,49.6,24.8,11.4,85.0,83.0,77.0,80.0,55.0,771.0,2891.0,38.0,4126.0,54.2,3480.0,2709.0,7607.0,1235.0,29.9,60.01333629695488,4499.0,5678,1179.0,26.205823516336963,46.93336686359577,0.0,60.01333629695488,65.85,5.84,3739,Substantial Increase (>5pp),uThukela District,Other,29.9,49.6,7.2
52305003,7,4487,Okhahlamba,iec_kzn_kzn235___okhahlamba_ward_registration_2026_clean.csv,KZN235 - Okhahlamba,17.0,1.0,1051.0,9711.79825043011,107360.80277033195,26059.87610268024,66226.80945755914,76905.66766588789,143132.47712344155,27.3,0.604,21.2,49.6,24.8,11.4,85.0,83.0,77.0,80.0,55.0,771.0,2891.0,38.0,4126.0,54.2,3480.0,2709.0,7607.0,1235.0,29.9,57.4621306183263,4027.0,4487,460.0,11.4228954556742,46.93336686359577,0.0,57.4621306183263,64.4,6.94,2890,Substantial Increase (>5pp),uThukela District,NFP,29.9,49.6,7.2
52305004,7,5417,Okhahlamba,iec_kzn_kzn235___okhahlamba_ward_registration_2026_clean.csv,KZN235 - Okhahlamba,17.0,1.0,1051.0,9711.79825043011,107360.80277033195,26059.87610268024,66226.80945755914,76905.66766588789,143132.47712344155,27.3,0.604,21.2,49.6,24.8,11.4,85.0,83.0,77.0,80.0,55.0,771.0,2891.0,38.0,4126.0,54.2,3480.0,2709.0,7607.0,1235.0,29.9,57.41980152319409,4333.0,5417,1084.0,25.017309023771062,46.93336686359577,0.0,57.41980152319409,65.32,7.9,3538,Substantial Increase (>5pp),uThukela District,IFP,29.9,49.6,7.2
52305005,7,4371,Okhahlamba,iec_kzn_kzn235___okhahlamba_ward_registration_2026_clean.csv,KZN235 - Okhahlamba,17.0,1.0,1051.0,9711.79825043011,107360.80277033195,26059.87610268024,66226.80945755914,76905.66766588789,143132.47712344155,27.3,0.604,21.2,49.6,24.8,11.4,85.0,83.0,77.0,80.0,55.0,771.0,2891.0,38.0,4126.0,54.2,3480.0,2709.0,7607.0,1235.0,29.9,50.61839442320666,4447.0,4371,-76.0,-1.70901731504385,46.93336686359577,0.0,50.61839442320666,60.14,9.52,2629,Substantial Increase (>5pp),uThukela District,IFP,29.9,49.6,7.2
52305006,6,4539,Okhahlamba,iec_kzn_kzn235___okhahlamba_ward_registration_2026_clean.csv,KZN235 - Okhahlamba,17.0,1.0,1051.0,9711.79825043011,107360.80277033195,26059.87610268024,66226.80945755914,76905.66766588789,143132.47712344155,27.3,0.604,21.2,49.6,24.8,11.4,85.0,83.0,77.0,80.0,55.0,771.0,2891.0,38.0,4126.0,54.2,3480.0,2709.0,7607.0,1235.0,29.9,50.08415484491464,4159.0,4539,380.0,9.136811733589806,46.93336686359577,0.0,50.08415484491464,60.25,10.17,2735,Substantial Increase (>5pp),uThukela District,IFP,29.9,49.6,7.2
52305007,6,4713,Okhahlamba,iec_kzn_kzn235___okhahlamba_ward_registration_2026_clean.csv,KZN235 - Okhahlamba,17.0,1.0,1051.0,9711.79825043011,107360.80277033195,26059.87610268024,66226.80945755914,76905.66766588789,143132.47712344155,27.3,0.604,21.2,49.6,24.8,11.4,85.0,83.0,77.0,80.0,55.0,771.0,2891.0,38.0,4126.0,54.2,3480.0,2709.0,7607.0,1235.0,29.9,45.463760770400405,3946.0,4713,767.0,19.437404967055247,46.93336686359577,1.0,45.463760770400405,54.86,9.4,2586,Substantial Increase (>5pp),uThukela District,IFP,29.9,49.6,7.2
52305008,7,4673,Okhahlamba,iec_kzn_kzn235___okhahlamba_ward_registration_2026_clean.csv,KZN235 - Okhahlamba,17.0,1.0,1051.0,9711.79825043011,107360.80277033195,26059.87610268024,66226.80945755914,76905.66766588789,143132.47712344155,27.3,0.604,21.2,49.6,24.8,11.4,85.0,83.0,77.0,80.0,55.0,771.0,2891.0,38.0,4126.0,54.2,3480.0,2709.0,7607.0,1235.0,29.9,52.95654238898124,4211.0,4673,462.0,10.97126573260508,46.93336686359577,0.0,52.95654238898124,63.22,10.26,2954,Substantial Increase (>5pp),uThukela District,IFP,29.9,49.6,7.2
52305009,5,4266,Okhahlamba,iec_kzn_kzn235___okhahlamba_ward_registration_2026_clean.csv,KZN235 - Okhahlamba,17.0,1.0,1051.0,9711.79825043011,107360.80277033195,26059.87610268024,66226.80945755914,76905.66766588789,143132.47712344155,27.3,0.604,21.2,49.6,24.8,11.4,85.0,83.0,77.0,80.0,55.0,771.0,2891.0,38.0,4126.0,54.2,3480.0,2709.0,7607.0,1235.0,29.9,53.98104265402844,4220.0,4266,46.0,1.0900473933649288,46.93336686359577,0.0,53.98104265402844,63.31,9.33,2701,Substantial Increase (>5pp),uThukela District,IFP,29.9,49.6,7.2
52305010,8,4734,Okhahlamba,iec_kzn_kzn235___okhahlamba_ward_registration_2026_clean.csv,KZN235 - Okhahlamba,17.0,1.0,1051.0,9711.79825043011,107360.80277033195,26059.87610268024,66226.80945755914,76905.66766588789,143132.47712344155,27.3,0.604,21.2,49.6,24.8,11.4,85.0,83.0,77.0,80.0,55.0,771.0,2891.0,38.0,4126.0,54.2,3480.0,2709.0,7607.0,1235.0,29.9,53.80088278567925,4078.0,4734,656.0,16.086316821971554,46.93336686359577,0.0,53.80088278567925,64.33,10.53,3045,Substantial Increase (>5pp),uThukela District,ANC,29.9,49.6,7.2
52305011,4,4200,Okhahlamba,iec_kzn_kzn235___okhahlamba_ward_registration_2026_clean.csv,KZN235 - Okhahlamba,17.0,1.0,1051.0,9711.79825043011,107360.80277033195,26059.87610268024,66226.80945755914,76905.66766588789,143132.47712344155,27.3,0.604,21.2,49.6,24.8,11.4,85.0,83.0,77.0,80.0,55.0,771.0,2891.0,38.0,4126.0,54.2,3480.0,2709.0,7607.0,1235.0,29.9,52.4130493394446,3709.0,4200,491.0,13.238069560528446,46.93336686359577,0.0,52.4130493394446,62.22,9.81,2613,Substantial Increase (>5pp),uThukela District,ANC,29.9,49.6,7.2
52305012,7,4489,Okhahlamba,iec_kzn_kzn235___okhahlamba_ward_registration_2026_clean.csv,KZN235 - Okhahlamba,17.0,1.0,1051.0,9711.79825043011,107360.80277033195,26059.87610268024,66226.80945755914,76905.66766588789,143132.47712344155,27.3,0.604,21.2,49.6,24.8,11.4,85.0,83.0,77.0,80.0,55.0,771.0,2891.0,38.0,4126.0,54.2,3480.0,2709.0,7607.0,1235.0,29.9,55.88442565186751,4257.0,4489,232.0,5.4498473103124265,46.93336686359577,0.0,55.88442565186751,63.65,7.77,2857,Substantial Increase (>5pp),uThukela District,ANC,29.9,49.6,7.2
52305013,8,3734,Okhahlamba,iec_kzn_kzn235___okhahlamba_ward_registration_2026_clean.csv,KZN235 - Okhahlamba,17.0,1.0,1051.0,9711.79825043011,107360.80277033195,26059.87610268024,66226.80945755914,76905.66766588789,143132.47712344155,27.3,0.604,21.2,49.6,24.8,11.4,85.0,83.0,77.0,80.0,55.0,771.0,2891.0,38.0,4126.0,54.2,3480.0,2709.0,7607.0,1235.0,29.9,55.2964881980426,3474.0,3734,260.0,7.484168105929764,46.93336686359577,0.0,55.2964881980426,63.73,8.43,2380,Substantial Increase (>5pp),uThukela District,IFP,29.9,49.6,7.2
52305014,6,4735,Okhahlamba,iec_kzn_kzn235___okhahlamba_ward_registration_2026_clean.csv,KZN235 - Okhahlamba,17.0,1.0,1051.0,9711.79825043011,107360.80277033195,26059.87610268024,66226.80945755914,76905.66766588789,143132.47712344155,27.3,0.604,21.2,49.6,24.8,11.4,85.0,83.0,77.0,80.0,55.0,771.0,2891.0,38.0,4126.0,54.2,3480.0,2709.0,7607.0,1235.0,29.9,59.67174677608441,4265.0,4735,470.0,11.019929660023449,46.93336686359577,0.0,59.67174677608441,64.92,5.25,3074,Substantial Increase (>5pp),uThukela District,Other,29.9,49.6,7.2
52305015,4,3987,Okhahlamba,iec_kzn_kzn235___okhahlamba_ward_registration_2026_clean.csv,KZN235 - Okhahlamba,17.0,1.0,1051.0,9711.79825043011,107360.80277033195,26059.87610268024,66226.80945755914,76905.66766588789,143132.47712344155,27.3,0.604,21.2,49.6,24.8,11.4,85.0,83.0,77.0,80.0,55.0,771.0,2891.0,38.0,4126.0,54.2,3480.0,2709.0,7607.0,1235.0,29.9,55.71266968325792,3536.0,3987,451.0,12.754524886877828,46.93336686359577,0.0,55.71266968325792,64.22,8.51,2560,Substantial Increase (>5pp),uThukela District,IFP,29.9,49.6,7.2
52307001,6,4121,Inkosi Langalibalele,iec_kzn_kzn237___inkosi_langalibalele_ward_registration_2026_clean.csv,KZN237 - iNkosi Langalibalele,63.0,0.0,1022.0,68272.60188082345,134436.38497461833,28214.83137864006,107711.26124451864,123212.55698957673,230923.81823407355,27.3,0.604,21.2,49.6,24.8,11.4,85.0,83.0,77.0,80.0,55.0,771.0,2891.0,38.0,4126.0,54.2,3480.0,2709.0,7607.0,1235.0,29.9,56.04657316750463,3779.0,4121,342.0,9.050013231013496,46.93336686359577,0.0,56.04657316750463,64.06,8.01,2640,Substantial Increase (>5pp),uThukela District,IFP,29.9,49.6,7.0
52307002,4,4677,Inkosi Langalibalele,iec_kzn_kzn237___inkosi_langalibalele_ward_registration_2026_clean.csv,KZN237 - iNkosi Langalibalele,63.0,0.0,1022.0,68272.60188082345,134436.38497461833,28214.83137864006,107711.26124451864,123212.55698957673,230923.81823407355,27.3,0.604,21.2,49.6,24.8,11.4,85.0,83.0,77.0,80.0,55.0,771.0,2891.0,38.0,4126.0,54.2,3480.0,2709.0,7607.0,1235.0,29.9,51.1352885525071,4228.0,4677,449.0,10.619678334910123,46.93336686359577,0.0,51.1352885525071,60.58,9.44,2833,Substantial Increase (>5pp),uThukela District,ANC,29.9,49.6,7.0
52307003,5,3748,Inkosi Langalibalele,iec_kzn_kzn237___inkosi_langalibalele_ward_registration_2026_clean.csv,KZN237 - iNkosi Langalibalele,63.0,0.0,1022.0,68272.60188082345,134436.38497461833,28214.83137864006,107711.26124451864,123212.55698957673,230923.81823407355,27.3,0.604,21.2,49.6,24.8,11.4,85.0,83.0,77.0,80.0,55.0,771.0,2891.0,38.0,4126.0,54.2,3480.0,2709.0,7607.0,1235.0,29.9,50.02666666666666,3750.0,3748,-2.0,-0.0533333333333333,46.93336686359577,0.0,50.02666666666666,60.12,10.09,2253,Substantial Increase (>5pp),uThukela District,IFP,29.9,49.6,7.0
52307004,3,4629,Inkosi Langalibalele,iec_kzn_kzn237___inkosi_langalibalele_ward_registration_2026_clean.csv,KZN237 - iNkosi Langalibalele,63.0,0.0,1022.0,68272.60188082345,134436.38497461833,28214.83137864006,107711.26124451864,123212.55698957673,230923.81823407355,27.3,0.604,21.2,49.6,24.8,11.4,85.0,83.0,77.0,80.0,55.0,771.0,2891.0,38.0,4126.0,54.2,3480.0,2709.0,7607.0,1235.0,29.9,54.460877862595424,4192.0,4629,437.0,10.424618320610689,46.93336686359577,0.0,54.460877862595424,63.94,9.48,2960,Substantial Increase (>5pp),uThukela District,ANC,29.9,49.6,7.0
52307005,3,4536,Inkosi Langalibalele,iec_kzn_kzn237___inkosi_langalibalele_ward_registration_2026_clean.csv,KZN237 - iNkosi Langalibalele,63.0,0.0,1022.0,68272.60188082345,134436.38497461833,28214.83137864006,107711.26124451864,123212.55698957673,230923.81823407355,27.3,0.604,21.2,49.6,24.8,11.4,85.0,83.0,77.0,80.0,55.0,771.0,2891.0,38.0,4126.0,54.2,3480.0,2709.0,7607.0,1235.0,29.9,53.301762694027886,3801.0,4536,735.0,19.33701657458564,46.93336686359577,0.0,53.301762694027886,64.44,11.14,2923,Substantial Increase (>5pp),uThukela District,IFP,29.9,49.6,7.0
52307006,4,4943,Inkosi Langalibalele,iec_kzn_kzn237___inkosi_langalibalele_ward_registration_2026_clean.csv,KZN237 - iNkosi Langalibalele,63.0,0.0,1022.0,68272.60188082345,134436.38497461833,28214.83137864006,107711.26124451864,123212.55698957673,230923.81823407355,27.3,0.604,21.2,49.6,24.8,11.4,85.0,83.0,77.0,80.0,55.0,771.0,2891.0,38.0,4126.0,54.2,3480.0,2709.0,7607.0,1235.0,29.9,58.03415061295972,4568.0,4943,375.0,8.209281961471103,46.93336686359577,0.0,58.03415061295972,64.37,6.34,3182,Substantial Increase (>5pp),uThukela District,IFP,29.9,49.6,7.0
52307007,5,4717,Inkosi Langalibalele,iec_kzn_kzn237___inkosi_langalibalele_ward_registration_2026_clean.csv,KZN237 - iNkosi Langalibalele,63.0,0.0,1022.0,68272.60188082345,134436.38497461833,28214.83137864006,107711.26124451864,123212.55698957673,230923.81823407355,27.3,0.604,21.2,49.6,24.8,11.4,85.0,83.0,77.0,80.0,55.0,771.0,2891.0,38.0,4126.0,54.2,3480.0,2709.0,7607.0,1235.0,29.9,47.46791131855309,4285.0,4717,432.0,10.081680280046674,46.93336686359577,0.0,47.46791131855309,60.25,12.78,2842,Substantial Increase (>5pp),uThukela District,IFP,29.9,49.6,7.0
52307008,4,4839,Inkosi Langalibalele,iec_kzn_kzn237___inkosi_langalibalele_ward_registration_2026_clean.csv,KZN237 - iNkosi Langalibalele,63.0,0.0,1022.0,68272.60188082345,134436.38497461833,28214.83137864006,107711.26124451864,123212.55698957673,230923.81823407355,27.3,0.604,21.2,49.6,24.8,11.4,85.0,83.0,77.0,80.0,55.0,771.0,2891.0,38.0,4126.0,54.2,3480.0,2709.0,7607.0,1235.0,29.9,55.72413793103448,4350.0,4839,489.0,11.241379310344827,46.93336686359577,0.0,55.72413793103448,64.06,8.34,3100,Substantial Increase (>5pp),uThukela District,IFP,29.9,49.6,7.0
52307009,3,5184,Inkosi Langalibalele,iec_kzn_kzn237___inkosi_langalibalele_ward_registration_2026_clean.csv,KZN237 - iNkosi Langalibalele,63.0,0.0,1022.0,68272.60188082345,134436.38497461833,28214.83137864006,107711.26124451864,123212.55698957673,230923.81823407355,27.3,0.604,21.2,49.6,24.8,11.4,85.0,83.0,77.0,80.0,55.0,771.0,2891.0,38.0,4126.0,54.2,3480.0,2709.0,7607.0,1235.0,29.9,55.71720845646738,4399.0,5184,785.0,17.844964764719254,46.93336686359577,0.0,55.71720845646738,64.48,8.76,3343,Substantial Increase (>5pp),uThukela District,ANC,29.9,49.6,7.0
52307010,3,4345,Inkosi Langalibalele,iec_kzn_kzn237___inkosi_langalibalele_ward_registration_2026_clean.csv,KZN237 - iNkosi Langalibalele,63.0,0.0,1022.0,68272.60188082345,134436.38497461833,28214.83137864006,107711.26124451864,123212.55698957673,230923.81823407355,27.3,0.604,21.2,49.6,24.8,11.4,85.0,83.0,77.0,80.0,55.0,771.0,2891.0,38.0,4126.0,54.2,3480.0,2709.0,7607.0,1235.0,29.9,43.3759246805649,4461.0,4345,-116.0,-2.600313830979601,46.93336686359577,1.0,43.3759246805649,59.64,16.26,2591,Substantial Increase (>5pp),uThukela District,ANC,29.9,49.6,7.0
52307011,8,4724,Inkosi Langalibalele,iec_kzn_kzn237___inkosi_langalibalele_ward_registration_2026_clean.csv,KZN237 - iNkosi Langalibalele,63.0,0.0,1022.0,68272.60188082345,134436.38497461833,28214.83137864006,107711.26124451864,123212.55698957673,230923.81823407355,27.3,0.604,21.2,49.6,24.8,11.4,85.0,83.0,77.0,80.0,55.0,771.0,2891.0,38.0,4126.0,54.2,3480.0,2709.0,7607.0,1235.0,29.9,48.33294474236418,4289.0,4724,435.0,10.142224294707392,46.93336686359577,0.0,48.33294474236418,60.19,11.86,2843,Substantial Increase (>5pp),uThukela District,ANC,29.9,49.6,7.0
52307012,7,4246,Inkosi Langalibalele,iec_kzn_kzn237___inkosi_langalibalele_ward_registration_2026_clean.csv,KZN237 - iNkosi Langalibalele,63.0,0.0,1022.0,68272.60188082345,134436.38497461833,28214.83137864006,107711.26124451864,123212.55698957673,230923.81823407355,27.3,0.604,21.2,49.6,24.8,11.4,85.0,83.0,77.0,80.0,55.0,771.0,2891.0,38.0,4126.0,54.2,3480.0,2709.0,7607.0,1235.0,29.9,49.935517152437455,3877.0,4246,369.0,9.517668300232138,46.93336686359577,0.0,49.935517152437455,60.25,10.31,2558,Substantial Increase (>5pp),uThukela District,ANC,29.9,49.6,7.0
52307013,4,4794,Inkosi Langalibalele,iec_kzn_kzn237___inkosi_langalibalele_ward_registration_2026_clean.csv,KZN237 - iNkosi Langalibalele,63.0,0.0,1022.0,68272.60188082345,134436.38497461833,28214.83137864006,107711.26124451864,123212.55698957673,230923.81823407355,27.3,0.604,21.2,49.6,24.8,11.4,85.0,83.0,77.0,80.0,55.0,771.0,2891.0,38.0,4126.0,54.2,3480.0,2709.0,7607.0,1235.0,29.9,57.130184076291854,4509.0,4794,285.0,6.320691949434465,46.93336686359577,0.0,57.130184076291854,64.1,6.97,3073,Substantial Increase (>5pp),uThukela District,IFP,29.9,49.6,7.0
52307014,4,3578,Inkosi Langalibalele,iec_kzn_kzn237___inkosi_langalibalele_ward_registration_2026_clean.csv,KZN237 - iNkosi Langalibalele,63.0,0.0,1022.0,68272.60188082345,134436.38497461833,28214.83137864006,107711.26124451864,123212.55698957673,230923.81823407355,27.3,0.604,21.2,49.6,24.8,11.4,85.0,83.0,77.0,80.0,55.0,771.0,2891.0,38.0,4126.0,54.2,3480.0,2709.0,7607.0,1235.0,29.9,55.18827249209542,3479.0,3578,99.0,2.8456453003736706,46.93336686359577,0.0,55.18827249209542,63.24,8.05,2263,Substantial Increase (>5pp),uThukela District,IFP,29.9,49.6,7.0
52307015,4,4673,Inkosi Langalibalele,iec_kzn_kzn237___inkosi_langalibalele_ward_registration_2026_clean.csv,KZN237 - iNkosi Langalibalele,63.0,0.0,1022.0,68272.60188082345,134436.38497461833,28214.83137864006,107711.26124451864,123212.55698957673,230923.81823407355,27.3,0.604,21.2,49.6,24.8,11.4,85.0,83.0,77.0,80.0,55.0,771.0,2891.0,38.0,4126.0,54.2,3480.0,2709.0,7607.0,1235.0,29.9,57.90105667627281,4164.0,4673,509.0,12.223823246878002,46.93336686359577,0.0,57.90105667627281,64.58,6.68,3018,Substantial Increase (>5pp),uThukela District,IFP,29.9,49.6,7.0
52307016,6,4844,Inkosi Langalibalele,iec_kzn_kzn237___inkosi_langalibalele_ward_registration_2026_clean.csv,KZN237 - iNkosi Langalibalele,63.0,0.0,1022.0,68272.60188082345,134436.38497461833,28214.83137864006,107711.26124451864,123212.55698957673,230923.81823407355,27.3,0.604,21.2,49.6,24.8,11.4,85.0,83.0,77.0,80.0,55.0,771.0,2891.0,38.0,4126.0,54.2,3480.0,2709.0,7607.0,1235.0,29.9,50.60737527114968,4610.0,4844,234.0,5.07592190889371,46.93336686359577,0.0,50.60737527114968,60.22,9.61,2917,Substantial Increase (>5pp),uThukela District,IFP,29.9,49.6,7.0
52307017,2,4773,Inkosi Langalibalele,iec_kzn_kzn237___inkosi_langalibalele_ward_registration_2026_clean.csv,KZN237 - iNkosi Langalibalele,63.0,0.0,1022.0,68272.60188082345,134436.38497461833,28214.83137864006,107711.26124451864,123212.55698957673,230923.81823407355,27.3,0.604,21.2,49.6,24.8,11.4,85.0,83.0,77.0,80.0,55.0,771.0,2891.0,38.0,4126.0,54.2,3480.0,2709.0,7607.0,1235.0,29.9,49.95037220843672,4030.0,4773,743.0,18.436724565756823,46.93336686359577,0.0,49.95037220843672,60.25,10.3,2876,Substantial Increase (>5pp),uThukela District,IFP,29.9,49.6,7.0
52307018,6,5512,Inkosi Langalibalele,iec_kzn_kzn237___inkosi_langalibalele_ward_registration_2026_clean.csv,KZN237 - iNkosi Langalibalele,63.0,0.0,1022.0,68272.60188082345,134436.38497461833,28214.83137864006,107711.26124451864,123212.55698957673,230923.81823407355,27.3,0.604,21.2,49.6,24.8,11.4,85.0,83.0,77.0,80.0,55.0,771.0,2891.0,38.0,4126.0,54.2,3480.0,2709.0,7607.0,1235.0,29.9,52.365038560411314,3890.0,5512,1622.0,41.69665809768637,46.93336686359577,0.0,52.365038560411314,61.98,9.61,3416,Substantial Increase (>5pp),uThukela District,IFP,29.9,49.6,7.0
52307019,8,4369,Inkosi Langalibalele,iec_kzn_kzn237___inkosi_langalibalele_ward_registration_2026_clean.csv,KZN237 - iNkosi Langalibalele,63.0,0.0,1022.0,68272.60188082345,134436.38497461833,28214.83137864006,107711.26124451864,123212.55698957673,230923.81823407355,27.3,0.604,21.2,49.6,24.8,11.4,85.0,83.0,77.0,80.0,55.0,771.0,2891.0,38.0,4126.0,54.2,3480.0,2709.0,7607.0,1235.0,29.9,50.12130033964095,4122.0,4369,247.0,5.99223677826298,46.93336686359577,0.0,50.12130033964095,60.12,10.0,2627,Substantial Increase (>5pp),uThukela District,IFP,29.9,49.6,7.0
52307020,8,3957,Inkosi Langalibalele,iec_kzn_kzn237___inkosi_langalibalele_ward_registration_2026_clean.csv,KZN237 - iNkosi Langalibalele,63.0,0.0,1022.0,68272.60188082345,134436.38497461833,28214.83137864006,107711.26124451864,123212.55698957673,230923.81823407355,27.3,0.604,21.2,49.6,24.8,11.4,85.0,83.0,77.0,80.0,55.0,771.0,2891.0,38.0,4126.0,54.2,3480.0,2709.0,7607.0,1235.0,29.9,61.87263896384242,3706.0,3957,251.0,6.772800863464652,46.93336686359577,0.0,61.87263896384242,66.05,4.18,2614,Moderate Increase (1-5pp),uThukela District,ANC,29.9,49.6,7.0
52307021,6,4916,Inkosi Langalibalele,iec_kzn_kzn237___inkosi_langalibalele_ward_registration_2026_clean.csv,KZN237 - iNkosi Langalibalele,63.0,0.0,1022.0,68272.60188082345,134436.38497461833,28214.83137864006,107711.26124451864,123212.55698957673,230923.81823407355,27.3,0.604,21.2,49.6,24.8,11.4,85.0,83.0,77.0,80.0,55.0,771.0,2891.0,38.0,4126.0,54.2,3480.0,2709.0,7607.0,1235.0,29.9,64.08559452900948,4533.0,4916,383.0,8.449150672843592,46.93336686359577,0.0,64.08559452900948,66.35,2.26,3262,Moderate Increase (1-5pp),uThukela District,IFP,29.9,49.6,7.0
52307022,11,5046,Inkosi Langalibalele,iec_kzn_kzn237___inkosi_langalibalele_ward_registration_2026_clean.csv,KZN237 - iNkosi Langalibalele,63.0,0.0,1022.0,68272.60188082345,134436.38497461833,28214.83137864006,107711.26124451864,123212.55698957673,230923.81823407355,27.3,0.604,21.2,49.6,24.8,11.4,85.0,83.0,77.0,80.0,55.0,771.0,2891.0,38.0,4126.0,54.2,3480.0,2709.0,7607.0,1235.0,29.9,68.97175141242938,4425.0,5046,621.0,14.033898305084747,46.93336686359577,0.0,68.97175141242938,69.95,0.98,3530,Stable (±1pp),uThukela District,IFP,29.9,49.6,7.0
52307023,6,5366,Inkosi Langalibalele,iec_kzn_kzn237___inkosi_langalibalele_ward_registration_2026_clean.csv,KZN237 - iNkosi Langalibalele,63.0,0.0,1022.0,68272.60188082345,134436.38497461833,28214.83137864006,107711.26124451864,123212.55698957673,230923.81823407355,27.3,0.604,21.2,49.6,24.8,11.4,85.0,83.0,77.0,80.0,55.0,771.0,2891.0,38.0,4126.0,54.2,3480.0,2709.0,7607.0,1235.0,29.9,57.32365145228216,4820.0,5366,546.0,11.32780082987552,46.93336686359577,0.0,57.32365145228216,64.4,7.08,3456,Substantial Increase (>5pp),uThukela District,IFP,29.9,49.6,7.0
52307024,6,3666,Inkosi Langalibalele,iec_kzn_kzn237___inkosi_langalibalele_ward_registration_2026_clean.csv,KZN237 - iNkosi Langalibalele,63.0,0.0,1022.0,68272.60188082345,134436.38497461833,28214.83137864006,107711.26124451864,123212.55698957673,230923.81823407355,27.3,0.604,21.2,49.6,24.8,11.4,85.0,83.0,77.0,80.0,55.0,771.0,2891.0,38.0,4126.0,54.2,3480.0,2709.0,7607.0,1235.0,29.9,55.14176893779095,2363.0,3666,1303.0,55.14176893779095,46.93336686359577,0.0,55.14176893779095,64.35,9.21,2359,Substantial Increase (>5pp),uThukela District,ANC,29.9,49.6,7.0
52308001,4,5020,Alfred Duma,iec_kzn_kzn238___alfred_duma_ward_registration_2026_clean.csv,KZN238 - Alfred Duma,97.0,17.0,2007.0,176625.7219242323,222148.17800226703,16261.622581299898,193712.65780254893,221322.8647052775,415035.5225078197,27.3,0.604,21.2,49.6,24.8,11.4,85.0,83.0,77.0,80.0,55.0,771.0,2891.0,38.0,4126.0,54.2,3480.0,2709.0,7607.0,1235.0,29.9,55.52065716356608,4139.0,5020,881.0,21.285334621889344,46.93336686359577,0.0,55.52065716356608,64.31,8.79,3228,Substantial Increase (>5pp),uThukela District,ANC,29.9,49.6,7.1
52308002,2,4411,Alfred Duma,iec_kzn_kzn238___alfred_duma_ward_registration_2026_clean.csv,KZN238 - Alfred Duma,97.0,17.0,2007.0,176625.7219242323,222148.17800226703,16261.622581299898,193712.65780254893,221322.8647052775,415035.5225078197,27.3,0.604,21.2,49.6,24.8,11.4,85.0,83.0,77.0,80.0,55.0,771.0,2891.0,38.0,4126.0,54.2,3480.0,2709.0,7607.0,1235.0,29.9,48.01237800523685,4201.0,4411,210.0,4.998809807188764,46.93336686359577,0.0,48.01237800523685,60.05,12.04,2649,Substantial Increase (>5pp),uThukela District,ANC,29.9,49.6,7.1
52308003,3,4705,Alfred Duma,iec_kzn_kzn238___alfred_duma_ward_registration_2026_clean.csv,KZN238 - Alfred Duma,97.0,17.0,2007.0,176625.7219242323,222148.17800226703,16261.622581299898,193712.65780254893,221322.8647052775,415035.5225078197,27.3,0.604,21.2,49.6,24.8,11.4,85.0,83.0,77.0,80.0,55.0,771.0,2891.0,38.0,4126.0,54.2,3480.0,2709.0,7607.0,1235.0,29.9,46.67639091477391,4799.0,4705,-94.0,-1.958741404459262,46.93336686359577,1.0,46.67639091477391,59.7,13.02,2809,Substantial Increase (>5pp),uThukela District,ANC,29.9,49.6,7.1
52308004,2,3598,Alfred Duma,iec_kzn_kzn238___alfred_duma_ward_registration_2026_clean.csv,KZN238 - Alfred Duma,97.0,17.0,2007.0,176625.7219242323,222148.17800226703,16261.622581299898,193712.65780254893,221322.8647052775,415035.5225078197,27.3,0.604,21.2,49.6,24.8,11.4,85.0,83.0,77.0,80.0,55.0,771.0,2891.0,38.0,4126.0,54.2,3480.0,2709.0,7607.0,1235.0,29.9,54.30076067875951,3418.0,3598,180.0,5.26623756582797,46.93336686359577,0.0,54.30076067875951,63.53,9.23,2286,Substantial Increase (>5pp),uThukela District,ANC,29.9,49.6,7.1
52308005,3,4772,Alfred Duma,iec_kzn_kzn238___alfred_duma_ward_registration_2026_clean.csv,KZN238 - Alfred Duma,97.0,17.0,2007.0,176625.7219242323,222148.17800226703,16261.622581299898,193712.65780254893,221322.8647052775,415035.5225078197,27.3,0.604,21.2,49.6,24.8,11.4,85.0,83.0,77.0,80.0,55.0,771.0,2891.0,38.0,4126.0,54.2,3480.0,2709.0,7607.0,1235.0,29.9,56.83352735739232,4295.0,4772,477.0,11.10593713620489,46.93336686359577,0.0,56.83352735739232,64.4,7.57,3073,Substantial Increase (>5pp),uThukela District,ANC,29.9,49.6,7.1
52308006,3,4303,Alfred Duma,iec_kzn_kzn238___alfred_duma_ward_registration_2026_clean.csv,KZN238 - Alfred Duma,97.0,17.0,2007.0,176625.7219242323,222148.17800226703,16261.622581299898,193712.65780254893,221322.8647052775,415035.5225078197,27.3,0.604,21.2,49.6,24.8,11.4,85.0,83.0,77.0,80.0,55.0,771.0,2891.0,38.0,4126.0,54.2,3480.0,2709.0,7607.0,1235.0,29.9,49.93595217762596,4684.0,4303,-381.0,-8.134073441502988,46.93336686359577,0.0,49.93595217762596,59.98,10.04,2581,Substantial Increase (>5pp),uThukela District,ANC,29.9,49.6,7.1
52308007,5,5818,Alfred Duma,iec_kzn_kzn238___alfred_duma_ward_registration_2026_clean.csv,KZN238 - Alfred Duma,97.0,17.0,2007.0,176625.7219242323,222148.17800226703,16261.622581299898,193712.65780254893,221322.8647052775,415035.5225078197,27.3,0.604,21.2,49.6,24.8,11.4,85.0,83.0,77.0,80.0,55.0,771.0,2891.0,38.0,4126.0,54.2,3480.0,2709.0,7607.0,1235.0,29.9,50.07627765064836,5244.0,5818,574.0,10.945842868039664,46.93336686359577,0.0,50.07627765064836,60.25,10.17,3505,Substantial Increase (>5pp),uThukela District,IFP,29.9,49.6,7.1
52308008,4,5630,Alfred Duma,iec_kzn_kzn238___alfred_duma_ward_registration_2026_clean.csv,KZN238 - Alfred Duma,97.0,17.0,2007.0,176625.7219242323,222148.17800226703,16261.622581299898,193712.65780254893,221322.8647052775,415035.5225078197,27.3,0.604,21.2,49.6,24.8,11.4,85.0,83.0,77.0,80.0,55.0,771.0,2891.0,38.0,4126.0,54.2,3480.0,2709.0,7607.0,1235.0,29.9,47.35279564571994,4042.0,5630,1588.0,39.28748144482929,46.93336686359577,0.0,47.35279564571994,60.48,13.13,3405,Substantial Increase (>5pp),uThukela District,ANC,29.9,49.6,7.1
52308009,3,5762,Alfred Duma,iec_kzn_kzn238___alfred_duma_ward_registration_2026_clean.csv,KZN238 - Alfred Duma,97.0,17.0,2007.0,176625.7219242323,222148.17800226703,16261.622581299898,193712.65780254893,221322.8647052775,415035.5225078197,27.3,0.604,21.2,49.6,24.8,11.4,85.0,83.0,77.0,80.0,55.0,771.0,2891.0,38.0,4126.0,54.2,3480.0,2709.0,7607.0,1235.0,29.9,50.47054009819967,4888.0,5762,874.0,17.880523731587562,46.93336686359577,0.0,50.47054009819967,60.33,9.86,3476,Substantial Increase (>5pp),uThukela District,ANC,29.9,49.6,7.1
52308010,4,5619,Alfred Duma,iec_kzn_kzn238___alfred_duma_ward_registration_2026_clean.csv,KZN238 - Alfred Duma,97.0,17.0,2007.0,176625.7219242323,222148.17800226703,16261.622581299898,193712.65780254893,221322.8647052775,415035.5225078197,27.3,0.604,21.2,49.6,24.8,11.4,85.0,83.0,77.0,80.0,55.0,771.0,2891.0,38.0,4126.0,54.2,3480.0,2709.0,7607.0,1235.0,29.9,35.36053374390557,3897.0,5619,1722.0,44.18783679753657,46.93336686359577,1.0,35.36053374390557,56.83,21.47,3193,Substantial Increase (>5pp),uThukela District,ANC,29.9,49.6,7.1
52308011,4,5811,Alfred Duma,iec_kzn_kzn238___alfred_duma_ward_registration_2026_clean.csv,KZN238 - Alfred Duma,97.0,17.0,2007.0,176625.7219242323,222148.17800226703,16261.622581299898,193712.65780254893,221322.8647052775,415035.5225078197,27.3,0.604,21.2,49.6,24.8,11.4,85.0,83.0,77.0,80.0,55.0,771.0,2891.0,38.0,4126.0,54.2,3480.0,2709.0,7607.0,1235.0,29.9,51.05460279913267,5073.0,5811,738.0,14.547604967474866,46.93336686359577,0.0,51.05460279913267,60.58,9.53,3520,Substantial Increase (>5pp),uThukela District,ANC,29.9,49.6,7.1
52308012,4,5608,Alfred Duma,iec_kzn_kzn238___alfred_duma_ward_registration_2026_clean.csv,KZN238 - Alfred Duma,97.0,17.0,2007.0,176625.7219242323,222148.17800226703,16261.622581299898,193712.65780254893,221322.8647052775,415035.5225078197,27.3,0.604,21.2,49.6,24.8,11.4,85.0,83.0,77.0,80.0,55.0,771.0,2891.0,38.0,4126.0,54.2,3480.0,2709.0,7607.0,1235.0,29.9,50.21946811257423,3873.0,5608,1735.0,44.79731474309321,46.93336686359577,0.0,50.21946811257423,60.41,10.19,3388,Substantial Increase (>5pp),uThukela District,DA,29.9,49.6,7.1
52308013,3,4117,Alfred Duma,iec_kzn_kzn238___alfred_duma_ward_registration_2026_clean.csv,KZN238 - Alfred Duma,97.0,17.0,2007.0,176625.7219242323,222148.17800226703,16261.622581299898,193712.65780254893,221322.8647052775,415035.5225078197,27.3,0.604,21.2,49.6,24.8,11.4,85.0,83.0,77.0,80.0,55.0,771.0,2891.0,38.0,4126.0,54.2,3480.0,2709.0,7607.0,1235.0,29.9,48.4599044078598,3766.0,4117,351.0,9.32023366967605,46.93336686359577,0.0,48.4599044078598,60.27,11.81,2481,Substantial Increase (>5pp),uThukela District,DA,29.9,49.6,7.1
52308014,5,5236,Alfred Duma,iec_kzn_kzn238___alfred_duma_ward_registration_2026_clean.csv,KZN238 - Alfred Duma,97.0,17.0,2007.0,176625.7219242323,222148.17800226703,16261.622581299898,193712.65780254893,221322.8647052775,415035.5225078197,27.3,0.604,21.2,49.6,24.8,11.4,85.0,83.0,77.0,80.0,55.0,771.0,2891.0,38.0,4126.0,54.2,3480.0,2709.0,7607.0,1235.0,29.9,60.05482182905557,4013.0,5236,1223.0,30.47595315225517,46.93336686359577,0.0,60.05482182905557,65.87,5.82,3449,Substantial Increase (>5pp),uThukela District,IFP,29.9,49.6,7.1
52308015,4,4718,Alfred Duma,iec_kzn_kzn238___alfred_duma_ward_registration_2026_clean.csv,KZN238 - Alfred Duma,97.0,17.0,2007.0,176625.7219242323,222148.17800226703,16261.622581299898,193712.65780254893,221322.8647052775,415035.5225078197,27.3,0.604,21.2,49.6,24.8,11.4,85.0,83.0,77.0,80.0,55.0,771.0,2891.0,38.0,4126.0,54.2,3480.0,2709.0,7607.0,1235.0,29.9,63.85798816568047,4225.0,4718,493.0,11.668639053254438,46.93336686359577,0.0,63.85798816568047,66.52,2.66,3138,Moderate Increase (1-5pp),uThukela District,IFP,29.9,49.6,7.1
52308016,4,4504,Alfred Duma,iec_kzn_kzn238___alfred_duma_ward_registration_2026_clean.csv,KZN238 - Alfred Duma,97.0,17.0,2007.0,176625.7219242323,222148.17800226703,16261.622581299898,193712.65780254893,221322.8647052775,415035.5225078197,27.3,0.604,21.2,49.6,24.8,11.4,85.0,83.0,77.0,80.0,55.0,771.0,2891.0,38.0,4126.0,54.2,3480.0,2709.0,7607.0,1235.0,29.9,56.213017751479285,4056.0,4504,448.0,11.045364891518735,46.93336686359577,0.0,56.213017751479285,64.15,7.94,2889,Substantial Increase (>5pp),uThukela District,IFP,29.9,49.6,7.1
52308017,4,4542,Alfred Duma,iec_kzn_kzn238___alfred_duma_ward_registration_2026_clean.csv,KZN238 - Alfred Duma,97.0,17.0,2007.0,176625.7219242323,222148.17800226703,16261.622581299898,193712.65780254893,221322.8647052775,415035.5225078197,27.3,0.604,21.2,49.6,24.8,11.4,85.0,83.0,77.0,80.0,55.0,771.0,2891.0,38.0,4126.0,54.2,3480.0,2709.0,7607.0,1235.0,29.9,58.42424242424242,4125.0,4542,417.0,10.10909090909091,46.93336686359577,0.0,58.42424242424242,64.46,6.04,2928,Substantial Increase (>5pp),uThukela District,IFP,29.9,49.6,7.1
52308018,4,3275,Alfred Duma,iec_kzn_kzn238___alfred_duma_ward_registration_2026_clean.csv,KZN238 - Alfred Duma,97.0,17.0,2007.0,176625.7219242323,222148.17800226703,16261.622581299898,193712.65780254893,221322.8647052775,415035.5225078197,27.3,0.604,21.2,49.6,24.8,11.4,85.0,83.0,77.0,80.0,55.0,771.0,2891.0,38.0,4126.0,54.2,3480.0,2709.0,7607.0,1235.0,29.9,55.16262261228704,3874.0,3275,-599.0,-15.462054723799689,46.93336686359577,0.0,55.16262261228704,63.1,7.94,2067,Substantial Increase (>5pp),uThukela District,IFP,29.9,49.6,7.1
52308019,5,4482,Alfred Duma,iec_kzn_kzn238___alfred_duma_ward_registration_2026_clean.csv,KZN238 - Alfred Duma,97.0,17.0,2007.0,176625.7219242323,222148.17800226703,16261.622581299898,193712.65780254893,221322.8647052775,415035.5225078197,27.3,0.604,21.2,49.6,24.8,11.4,85.0,83.0,77.0,80.0,55.0,771.0,2891.0,38.0,4126.0,54.2,3480.0,2709.0,7607.0,1235.0,29.9,50.699549442731794,4217.0,4482,265.0,6.284088214370405,46.93336686359577,0.0,50.699549442731794,60.25,9.55,2700,Substantial Increase (>5pp),uThukela District,IFP,29.9,49.6,7.1
52308020,2,4868,Alfred Duma,iec_kzn_kzn238___alfred_duma_ward_registration_2026_clean.csv,KZN238 - Alfred Duma,97.0,17.0,2007.0,176625.7219242323,222148.17800226703,16261.622581299898,193712.65780254893,221322.8647052775,415035.5225078197,27.3,0.604,21.2,49.6,24.8,11.4,85.0,83.0,77.0,80.0,55.0,771.0,2891.0,38.0,4126.0,54.2,3480.0,2709.0,7607.0,1235.0,29.9,51.11791009649329,4249.0,4868,619.0,14.56813367851259,46.93336686359577,0.0,51.11791009649329,60.58,9.46,2949,Substantial Increase (>5pp),uThukela District,IFP,29.9,49.6,7.1
52308021,3,4593,Alfred Duma,iec_kzn_kzn238___alfred_duma_ward_registration_2026_clean.csv,KZN238 - Alfred Duma,97.0,17.0,2007.0,176625.7219242323,222148.17800226703,16261.622581299898,193712.65780254893,221322.8647052775,415035.5225078197,27.3,0.604,21.2,49.6,24.8,11.4,85.0,83.0,77.0,80.0,55.0,771.0,2891.0,38.0,4126.0,54.2,3480.0,2709.0,7607.0,1235.0,29.9,42.40050804403048,4724.0,4593,-131.0,-2.77307366638442,46.93336686359577,1.0,42.40050804403048,59.58,17.18,2737,Substantial Increase (>5pp),uThukela District,ANC,29.9,49.6,7.1
52308022,5,5467,Alfred Duma,iec_kzn_kzn238___alfred_duma_ward_registration_2026_clean.csv,KZN238 - Alfred Duma,97.0,17.0,2007.0,176625.7219242323,222148.17800226703,16261.622581299898,193712.65780254893,221322.8647052775,415035.5225078197,27.3,0.604,21.2,49.6,24.8,11.4,85.0,83.0,77.0,80.0,55.0,771.0,2891.0,38.0,4126.0,54.2,3480.0,2709.0,7607.0,1235.0,29.9,40.7205982324949,4413.0,5467,1054.0,23.883979152503965,46.93336686359577,1.0,40.7205982324949,56.12,15.4,3068,Substantial Increase (>5pp),uThukela District,ANC,29.9,49.6,7.1
52308023,5,4694,Alfred Duma,iec_kzn_kzn238___alfred_duma_ward_registration_2026_clean.csv,KZN238 - Alfred Duma,97.0,17.0,2007.0,176625.7219242323,222148.17800226703,16261.622581299898,193712.65780254893,221322.8647052775,415035.5225078197,27.3,0.604,21.2,49.6,24.8,11.4,85.0,83.0,77.0,80.0,55.0,771.0,2891.0,38.0,4126.0,54.2,3480.0,2709.0,7607.0,1235.0,29.9,61.091753774680605,4305.0,4694,389.0,9.036004645760745,46.93336686359577,0.0,61.091753774680605,65.56,4.47,3077,Moderate Increase (1-5pp),uThukela District,IFP,29.9,49.6,7.1
52308024,8,4762,Alfred Duma,iec_kzn_kzn238___alfred_duma_ward_registration_2026_clean.csv,KZN238 - Alfred Duma,97.0,17.0,2007.0,176625.7219242323,222148.17800226703,16261.622581299898,193712.65780254893,221322.8647052775,415035.5225078197,27.3,0.604,21.2,49.6,24.8,11.4,85.0,83.0,77.0,80.0,55.0,771.0,2891.0,38.0,4126.0,54.2,3480.0,2709.0,7607.0,1235.0,29.9,52.113299402522685,4519.0,4762,243.0,5.377295861916353,46.93336686359577,0.0,52.113299402522685,60.82,8.71,2896,Substantial Increase (>5pp),uThukela District,IFP,29.9,49.6,7.1
52308025,4,5093,Alfred Duma,iec_kzn_kzn238___alfred_duma_ward_registration_2026_clean.csv,KZN238 - Alfred Duma,97.0,17.0,2007.0,176625.7219242323,222148.17800226703,16261.622581299898,193712.65780254893,221322.8647052775,415035.5225078197,27.3,0.604,21.2,49.6,24.8,11.4,85.0,83.0,77.0,80.0,55.0,771.0,2891.0,38.0,4126.0,54.2,3480.0,2709.0,7607.0,1235.0,29.9,53.1299080098721,4457.0,5093,636.0,14.26968813102984,46.93336686359577,0.0,53.1299080098721,64.26,11.13,3273,Substantial Increase (>5pp),uThukela District,ANC,29.9,49.6,7.1
52308026,8,3854,Alfred Duma,iec_kzn_kzn238___alfred_duma_ward_registration_2026_clean.csv,KZN238 - Alfred Duma,97.0,17.0,2007.0,176625.7219242323,222148.17800226703,16261.622581299898,193712.65780254893,221322.8647052775,415035.5225078197,27.3,0.604,21.2,49.6,24.8,11.4,85.0,83.0,77.0,80.0,55.0,771.0,2891.0,38.0,4126.0,54.2,3480.0,2709.0,7607.0,1235.0,29.9,54.39047174217655,4282.0,3854,-428.0,-9.995329285380665,46.93336686359577,0.0,54.39047174217655,63.18,8.79,2435,Substantial Increase (>5pp),uThukela District,ANC,29.9,49.6,7.1
52308027,3,4962,Alfred Duma,iec_kzn_kzn238___alfred_duma_ward_registration_2026_clean.csv,KZN238 - Alfred Duma,97.0,17.0,2007.0,176625.7219242323,222148.17800226703,16261.622581299898,193712.65780254893,221322.8647052775,415035.5225078197,27.3,0.604,21.2,49.6,24.8,11.4,85.0,83.0,77.0,80.0,55.0,771.0,2891.0,38.0,4126.0,54.2,3480.0,2709.0,7607.0,1235.0,29.9,56.41176470588235,5100.0,4962,-138.0,-2.705882352941176,46.93336686359577,0.0,56.41176470588235,63.79,7.38,3165,Substantial Increase (>5pp),uThukela District,IFP,29.9,49.6,7.1
52308028,6,5064,Alfred Duma,iec_kzn_kzn238___alfred_duma_ward_registration_2026_clean.csv,KZN238 - Alfred Duma,97.0,17.0,2007.0,176625.7219242323,222148.17800226703,16261.622581299898,193712.65780254893,221322.8647052775,415035.5225078197,27.3,0.604,21.2,49.6,24.8,11.4,85.0,83.0,77.0,80.0,55.0,771.0,2891.0,38.0,4126.0,54.2,3480.0,2709.0,7607.0,1235.0,29.9,57.617000955109845,4188.0,5064,876.0,20.91690544412608,46.93336686359577,0.0,57.617000955109845,65.32,7.7,3308,Substantial Increase (>5pp),uThukela District,IFP,29.9,49.6,7.1
52308029,9,5143,Alfred Duma,iec_kzn_kzn238___alfred_duma_ward_registration_2026_clean.csv,KZN238 - Alfred Duma,97.0,17.0,2007.0,176625.7219242323,222148.17800226703,16261.622581299898,193712.65780254893,221322.8647052775,415035.5225078197,27.3,0.604,21.2,49.6,24.8,11.4,85.0,83.0,77.0,80.0,55.0,771.0,2891.0,38.0,4126.0,54.2,3480.0,2709.0,7607.0,1235.0,29.9,64.53001674240613,4181.0,5143,962.0,23.00884955752212,46.93336686359577,0.0,64.53001674240613,66.69,2.16,3430,Moderate Increase (1-5pp),uThukela District,IFP,29.9,49.6,7.1
52308030,6,4595,Alfred Duma,iec_kzn_kzn238___alfred_duma_ward_registration_2026_clean.csv,KZN238 - Alfred Duma,97.0,17.0,2007.0,176625.7219242323,222148.17800226703,16261.622581299898,193712.65780254893,221322.8647052775,415035.5225078197,27.3,0.604,21.2,49.6,24.8,11.4,85.0,83.0,77.0,80.0,55.0,771.0,2891.0,38.0,4126.0,54.2,3480.0,2709.0,7607.0,1235.0,29.9,56.49771799183281,4163.0,4595,432.0,10.377131876050925,46.93336686359577,0.0,56.49771799183281,64.62,8.12,2969,Substantial Increase (>5pp),uThukela District,IFP,29.9,49.6,7.1
52308031,8,4457,Alfred Duma,iec_kzn_kzn238___alfred_duma_ward_registration_2026_clean.csv,KZN238 - Alfred Duma,97.0,17.0,2007.0,176625.7219242323,222148.17800226703,16261.622581299898,193712.65780254893,221322.8647052775,415035.5225078197,27.3,0.604,21.2,49.6,24.8,11.4,85.0,83.0,77.0,80.0,55.0,771.0,2891.0,38.0,4126.0,54.2,3480.0,2709.0,7607.0,1235.0,29.9,57.06126687435099,3852.0,4457,605.0,15.706126687435098,46.93336686359577,0.0,57.06126687435099,65.26,8.2,2909,Substantial Increase (>5pp),uThukela District,IFP,29.9,49.6,7.1
52308032,6,5466,Alfred Duma,iec_kzn_kzn238___alfred_duma_ward_registration_2026_clean.csv,KZN238 - Alfred Duma,97.0,17.0,2007.0,176625.7219242323,222148.17800226703,16261.622581299898,193712.65780254893,221322.8647052775,415035.5225078197,27.3,0.604,21.2,49.6,24.8,11.4,85.0,83.0,77.0,80.0,55.0,771.0,2891.0,38.0,4126.0,54.2,3480.0,2709.0,7607.0,1235.0,29.9,50.27403035413154,4744.0,5466,722.0,15.219224283305229,46.93336686359577,0.0,50.27403035413154,60.29,10.02,3295,Substantial Increase (>5pp),uThukela District,IFP,29.9,49.6,7.1
52308033,4,5114,Alfred Duma,iec_kzn_kzn238___alfred_duma_ward_registration_2026_clean.csv,KZN238 - Alfred Duma,97.0,17.0,2007.0,176625.7219242323,222148.17800226703,16261.622581299898,193712.65780254893,221322.8647052775,415035.5225078197,27.3,0.604,21.2,49.6,24.8,11.4,85.0,83.0,77.0,80.0,55.0,771.0,2891.0,38.0,4126.0,54.2,3480.0,2709.0,7607.0,1235.0,29.9,59.395203336809175,4795.0,5114,319.0,6.652763295099061,46.93336686359577,0.0,59.395203336809175,64.72,5.32,3310,Substantial Increase (>5pp),uThukela District,IFP,29.9,49.6,7.1
52308034,5,4743,Alfred Duma,iec_kzn_kzn238___alfred_duma_ward_registration_2026_clean.csv,KZN238 - Alfred Duma,97.0,17.0,2007.0,176625.7219242323,222148.17800226703,16261.622581299898,193712.65780254893,221322.8647052775,415035.5225078197,27.3,0.604,21.2,49.6,24.8,11.4,85.0,83.0,77.0,80.0,55.0,771.0,2891.0,38.0,4126.0,54.2,3480.0,2709.0,7607.0,1235.0,29.9,52.37230419977299,4405.0,4743,338.0,7.673098751418843,46.93336686359577,0.0,52.37230419977299,61.67,9.3,2925,Substantial Increase (>5pp),uThukela District,IFP,29.9,49.6,7.1
52308035,7,6399,Alfred Duma,iec_kzn_kzn238___alfred_duma_ward_registration_2026_clean.csv,KZN238 - Alfred Duma,97.0,17.0,2007.0,176625.7219242323,222148.17800226703,16261.622581299898,193712.65780254893,221322.8647052775,415035.5225078197,27.3,0.604,21.2,49.6,24.8,11.4,85.0,83.0,77.0,80.0,55.0,771.0,2891.0,38.0,4126.0,54.2,3480.0,2709.0,7607.0,1235.0,29.9,50.96504005826657,5492.0,6399,907.0,16.514930808448653,46.93336686359577,0.0,50.96504005826657,60.58,9.61,3877,Substantial Increase (>5pp),uThukela District,IFP,29.9,49.6,7.1
52308036,6,5437,Alfred Duma,iec_kzn_kzn238___alfred_duma_ward_registration_2026_clean.csv,KZN238 - Alfred Duma,97.0,17.0,2007.0,176625.7219242323,222148.17800226703,16261.622581299898,193712.65780254893,221322.8647052775,415035.5225078197,27.3,0.604,21.2,49.6,24.8,11.4,85.0,83.0,77.0,80.0,55.0,771.0,2891.0,38.0,4126.0,54.2,3480.0,2709.0,7607.0,1235.0,29.9,48.687722419928825,4496.0,5437,941.0,20.929715302491104,46.93336686359577,0.0,48.687722419928825,60.64,11.95,3297,Substantial Increase (>5pp),uThukela District,IFP,29.9,49.6,7.1
52308037,5,4693,Alfred Duma,iec_kzn_kzn238___alfred_duma_ward_registration_2026_clean.csv,KZN238 - Alfred Duma,97.0,17.0,2007.0,176625.7219242323,222148.17800226703,16261.622581299898,193712.65780254893,221322.8647052775,415035.5225078197,27.3,0.604,21.2,49.6,24.8,11.4,85.0,83.0,77.0,80.0,55.0,771.0,2891.0,38.0,4126.0,54.2,3480.0,2709.0,7607.0,1235.0,29.9,62.394303515798846,4494.0,4693,199.0,4.428126390743213,46.93336686359577,0.0,62.394303515798846,66.02,3.63,3098,Moderate Increase (1-5pp),uThukela District,IFP,29.9,49.6,7.1
52401001,4,4176,Endumeni,iec_kzn_kzn241___endumeni_ward_registration_2026_clean.csv,KZN241 - eNdumeni,20.0,3.0,1138.0,81923.14802050134,3471.4044620999784,14690.781474169857,48390.79166576988,51694.54229099539,100085.33395678402,27.3,0.604,21.2,49.6,24.8,11.4,85.0,83.0,77.0,80.0,55.0,771.0,2891.0,38.0,4126.0,54.2,3480.0,2709.0,7607.0,1235.0,29.9,57.80620705993841,4221.0,4176,-45.0,-1.0660980810234542,46.93336686359577,0.0,57.80620705993841,63.53,5.72,2653,Substantial Increase (>5pp),uMzinyathi District,IFP,29.9,49.6,5.2
52401002,3,5144,Endumeni,iec_kzn_kzn241___endumeni_ward_registration_2026_clean.csv,KZN241 - eNdumeni,20.0,3.0,1138.0,81923.14802050134,3471.4044620999784,14690.781474169857,48390.79166576988,51694.54229099539,100085.33395678402,27.3,0.604,21.2,49.6,24.8,11.4,85.0,83.0,77.0,80.0,55.0,771.0,2891.0,38.0,4126.0,54.2,3480.0,2709.0,7607.0,1235.0,29.9,45.67046016823355,4042.0,5144,1102.0,27.2637308263236,46.93336686359577,1.0,45.67046016823355,55.27,9.6,2843,Substantial Increase (>5pp),uMzinyathi District,ANC,29.9,49.6,5.2
52401003,2,4039,Endumeni,iec_kzn_kzn241___endumeni_ward_registration_2026_clean.csv,KZN241 - eNdumeni,20.0,3.0,1138.0,81923.14802050134,3471.4044620999784,14690.781474169857,48390.79166576988,51694.54229099539,100085.33395678402,27.3,0.604,21.2,49.6,24.8,11.4,85.0,83.0,77.0,80.0,55.0,771.0,2891.0,38.0,4126.0,54.2,3480.0,2709.0,7607.0,1235.0,29.9,57.53572975313988,4618.0,4039,-579.0,-12.537895192724122,46.93336686359577,0.0,57.53572975313988,63.39,5.85,2560,Substantial Increase (>5pp),uMzinyathi District,Other,29.9,49.6,5.2
52401004,2,4296,Endumeni,iec_kzn_kzn241___endumeni_ward_registration_2026_clean.csv,KZN241 - eNdumeni,20.0,3.0,1138.0,81923.14802050134,3471.4044620999784,14690.781474169857,48390.79166576988,51694.54229099539,100085.33395678402,27.3,0.604,21.2,49.6,24.8,11.4,85.0,83.0,77.0,80.0,55.0,771.0,2891.0,38.0,4126.0,54.2,3480.0,2709.0,7607.0,1235.0,29.9,46.39537804571716,3981.0,4296,315.0,7.912584777694047,46.93336686359577,1.0,46.39537804571716,55.92,9.52,2402,Substantial Increase (>5pp),uMzinyathi District,IFP,29.9,49.6,5.2
52401005,3,4478,Endumeni,iec_kzn_kzn241___endumeni_ward_registration_2026_clean.csv,KZN241 - eNdumeni,20.0,3.0,1138.0,81923.14802050134,3471.4044620999784,14690.781474169857,48390.79166576988,51694.54229099539,100085.33395678402,27.3,0.604,21.2,49.6,24.8,11.4,85.0,83.0,77.0,80.0,55.0,771.0,2891.0,38.0,4126.0,54.2,3480.0,2709.0,7607.0,1235.0,29.9,45.32915360501568,4785.0,4478,-307.0,-6.415882967607106,46.93336686359577,1.0,45.32915360501568,59.52,14.19,2665,Substantial Increase (>5pp),uMzinyathi District,ANC,29.9,49.6,5.2
52401006,6,5486,Endumeni,iec_kzn_kzn241___endumeni_ward_registration_2026_clean.csv,KZN241 - eNdumeni,20.0,3.0,1138.0,81923.14802050134,3471.4044620999784,14690.781474169857,48390.79166576988,51694.54229099539,100085.33395678402,27.3,0.604,21.2,49.6,24.8,11.4,85.0,83.0,77.0,80.0,55.0,771.0,2891.0,38.0,4126.0,54.2,3480.0,2709.0,7607.0,1235.0,29.9,44.46778711484593,4284.0,5486,1202.0,28.057889822595705,46.93336686359577,1.0,44.46778711484593,56.0,11.53,3072,Substantial Increase (>5pp),uMzinyathi District,ANC,29.9,49.6,5.2
52401007,3,5173,Endumeni,iec_kzn_kzn241___endumeni_ward_registration_2026_clean.csv,KZN241 - eNdumeni,20.0,3.0,1138.0,81923.14802050134,3471.4044620999784,14690.781474169857,48390.79166576988,51694.54229099539,100085.33395678402,27.3,0.604,21.2,49.6,24.8,11.4,85.0,83.0,77.0,80.0,55.0,771.0,2891.0,38.0,4126.0,54.2,3480.0,2709.0,7607.0,1235.0,29.9,49.49920927780707,3794.0,5173,1379.0,36.34686346863469,46.93336686359577,0.0,49.49920927780707,60.45,10.95,3127,Substantial Increase (>5pp),uMzinyathi District,DA,29.9,49.6,5.2
52401008,4,3132,Endumeni,iec_kzn_kzn241___endumeni_ward_registration_2026_clean.csv,,,,,,,,,,,,,,,,,,,,,,,,,,,,,,,,50.41896097677759,,3132,491.0,10.149511213341,46.93336686359577,0.0,50.41896097677759,60.33,9.91,1890,Substantial Increase (>5pp),uMzinyathi District,ANC,33.1,42.5,6.8
52402001,6,4505,Nqutu,iec_kzn_kzn242___nqutu_ward_registration_2026_clean.csv,KZN242 - Nqutu,13.0,2.0,340.0,20922.03381117884,179678.54877751213,531.9666377199997,93058.228102074,108074.32112435171,201132.54922641235,27.3,0.604,21.2,49.6,24.8,11.4,85.0,83.0,77.0,80.0,55.0,771.0,2891.0,38.0,4126.0,54.2,3480.0,2709.0,7607.0,1235.0,29.9,59.95174909529554,4145.0,4505,360.0,8.685162846803378,46.93336686359577,0.0,59.95174909529554,64.97,5.02,2927,Substantial Increase (>5pp),uMzinyathi District,IFP,29.9,49.6,7.6
52402002,7,3783,Nqutu,iec_kzn_kzn242___nqutu_ward_registration_2026_clean.csv,KZN242 - Nqutu,13.0,2.0,340.0,20922.03381117884,179678.54877751213,531.9666377199997,93058.228102074,108074.32112435171,201132.54922641235,27.3,0.604,21.2,49.6,24.8,11.4,85.0,83.0,77.0,80.0,55.0,771.0,2891.0,38.0,4126.0,54.2,3480.0,2709.0,7607.0,1235.0,29.9,57.82807868499057,3711.0,3783,72.0,1.9401778496362168,46.93336686359577,0.0,57.82807868499057,63.53,5.7,2403,Substantial Increase (>5pp),uMzinyathi District,ANC,29.9,49.6,7.6
52402003,8,3770,Nqutu,iec_kzn_kzn242___nqutu_ward_registration_2026_clean.csv,KZN242 - Nqutu,13.0,2.0,340.0,20922.03381117884,179678.54877751213,531.9666377199997,93058.228102074,108074.32112435171,201132.54922641235,27.3,0.604,21.2,49.6,24.8,11.4,85.0,83.0,77.0,80.0,55.0,771.0,2891.0,38.0,4126.0,54.2,3480.0,2709.0,7607.0,1235.0,29.9,54.59108973018198,4781.0,3770,-1011.0,-21.146203723070485,46.93336686359577,0.0,54.59108973018198,63.08,8.49,2378,Substantial Increase (>5pp),uMzinyathi District,IFP,29.9,49.6,7.6
52402004,4,4480,Nqutu,iec_kzn_kzn242___nqutu_ward_registration_2026_clean.csv,KZN242 - Nqutu,13.0,2.0,340.0,20922.03381117884,179678.54877751213,531.9666377199997,93058.228102074,108074.32112435171,201132.54922641235,27.3,0.604,21.2,49.6,24.8,11.4,85.0,83.0,77.0,80.0,55.0,771.0,2891.0,38.0,4126.0,54.2,3480.0,2709.0,7607.0,1235.0,29.9,48.51364522417154,4104.0,4480,376.0,9.161793372319687,46.93336686359577,0.0,48.51364522417154,60.27,11.76,2700,Substantial Increase (>5pp),uMzinyathi District,ANC,29.9,49.6,7.6
52402005,8,4619,Nqutu,iec_kzn_kzn242___nqutu_ward_registration_2026_clean.csv,KZN242 - Nqutu,13.0,2.0,340.0,20922.03381117884,179678.54877751213,531.9666377199997,93058.228102074,108074.32112435171,201132.54922641235,27.3,0.604,21.2,49.6,24.8,11.4,85.0,83.0,77.0,80.0,55.0,771.0,2891.0,38.0,4126.0,54.2,3480.0,2709.0,7607.0,1235.0,29.9,46.23067776456599,4205.0,4619,414.0,9.845422116527942,46.93336686359577,1.0,46.23067776456599,54.62,8.39,2523,Substantial Increase (>5pp),uMzinyathi District,IFP,29.9,49.6,7.6
52402006,4,4875,Nqutu,iec_kzn_kzn242___nqutu_ward_registration_2026_clean.csv,KZN242 - Nqutu,13.0,2.0,340.0,20922.03381117884,179678.54877751213,531.9666377199997,93058.228102074,108074.32112435171,201132.54922641235,27.3,0.604,21.2,49.6,24.8,11.4,85.0,83.0,77.0,80.0,55.0,771.0,2891.0,38.0,4126.0,54.2,3480.0,2709.0,7607.0,1235.0,29.9,50.605798355690176,4622.0,4875,253.0,5.47382085677196,46.93336686359577,0.0,50.605798355690176,60.22,9.61,2936,Substantial Increase (>5pp),uMzinyathi District,IFP,29.9,49.6,7.6
52402007,7,4214,Nqutu,iec_kzn_kzn242___nqutu_ward_registration_2026_clean.csv,KZN242 - Nqutu,13.0,2.0,340.0,20922.03381117884,179678.54877751213,531.9666377199997,93058.228102074,108074.32112435171,201132.54922641235,27.3,0.604,21.2,49.6,24.8,11.4,85.0,83.0,77.0,80.0,55.0,771.0,2891.0,38.0,4126.0,54.2,3480.0,2709.0,7607.0,1235.0,29.9,51.54406226462466,3983.0,4214,231.0,5.799648506151142,46.93336686359577,0.0,51.54406226462466,60.55,9.01,2552,Substantial Increase (>5pp),uMzinyathi District,IFP,29.9,49.6,7.6
52402008,5,3535,Nqutu,iec_kzn_kzn242___nqutu_ward_registration_2026_clean.csv,KZN242 - Nqutu,13.0,2.0,340.0,20922.03381117884,179678.54877751213,531.9666377199997,93058.228102074,108074.32112435171,201132.54922641235,27.3,0.604,21.2,49.6,24.8,11.4,85.0,83.0,77.0,80.0,55.0,771.0,2891.0,38.0,4126.0,54.2,3480.0,2709.0,7607.0,1235.0,29.9,51.42237222757956,4148.0,3535,-613.0,-14.77820636451302,46.93336686359577,0.0,51.42237222757956,60.38,8.96,2134,Substantial Increase (>5pp),uMzinyathi District,IFP,29.9,49.6,7.6
52402009,5,5166,Nqutu,iec_kzn_kzn242___nqutu_ward_registration_2026_clean.csv,KZN242 - Nqutu,13.0,2.0,340.0,20922.03381117884,179678.54877751213,531.9666377199997,93058.228102074,108074.32112435171,201132.54922641235,27.3,0.604,21.2,49.6,24.8,11.4,85.0,83.0,77.0,80.0,55.0,771.0,2891.0,38.0,4126.0,54.2,3480.0,2709.0,7607.0,1235.0,29.9,46.94152519536513,3711.0,5166,1455.0,39.20776071139854,46.93336686359577,0.0,46.94152519536513,60.41,13.47,3121,Substantial Increase (>5pp),uMzinyathi District,IFP,29.9,49.6,7.6
52402010,4,4223,Nqutu,iec_kzn_kzn242___nqutu_ward_registration_2026_clean.csv,KZN242 - Nqutu,13.0,2.0,340.0,20922.03381117884,179678.54877751213,531.9666377199997,93058.228102074,108074.32112435171,201132.54922641235,27.3,0.604,21.2,49.6,24.8,11.4,85.0,83.0,77.0,80.0,55.0,771.0,2891.0,38.0,4126.0,54.2,3480.0,2709.0,7607.0,1235.0,29.9,53.98904501071684,4199.0,4223,24.0,0.5715646582519648,46.93336686359577,0.0,53.98904501071684,63.31,9.32,2674,Substantial Increase (>5pp),uMzinyathi District,IFP,29.9,49.6,7.6
52402011,9,4706,Nqutu,iec_kzn_kzn242___nqutu_ward_registration_2026_clean.csv,KZN242 - Nqutu,13.0,2.0,340.0,20922.03381117884,179678.54877751213,531.9666377199997,93058.228102074,108074.32112435171,201132.54922641235,27.3,0.604,21.2,49.6,24.8,11.4,85.0,83.0,77.0,80.0,55.0,771.0,2891.0,38.0,4126.0,54.2,3480.0,2709.0,7607.0,1235.0,29.9,55.78041993422717,3953.0,4706,753.0,19.04882367821908,46.93336686359577,0.0,55.78041993422717,64.48,8.7,3034,Substantial Increase (>5pp),uMzinyathi District,IFP,29.9,49.6,7.6
52402012,9,4997,Nqutu,iec_kzn_kzn242___nqutu_ward_registration_2026_clean.csv,KZN242 - Nqutu,13.0,2.0,340.0,20922.03381117884,179678.54877751213,531.9666377199997,93058.228102074,108074.32112435171,201132.54922641235,27.3,0.604,21.2,49.6,24.8,11.4,85.0,83.0,77.0,80.0,55.0,771.0,2891.0,38.0,4126.0,54.2,3480.0,2709.0,7607.0,1235.0,29.9,54.20539560190433,4411.0,4997,586.0,13.284969394695082,46.93336686359577,0.0,54.20539560190433,64.08,9.87,3202,Substantial Increase (>5pp),uMzinyathi District,IFP,29.9,49.6,7.6
52402013,6,4019,Nqutu,iec_kzn_kzn242___nqutu_ward_registration_2026_clean.csv,KZN242 - Nqutu,13.0,2.0,340.0,20922.03381117884,179678.54877751213,531.9666377199997,93058.228102074,108074.32112435171,201132.54922641235,27.3,0.604,21.2,49.6,24.8,11.4,85.0,83.0,77.0,80.0,55.0,771.0,2891.0,38.0,4126.0,54.2,3480.0,2709.0,7607.0,1235.0,29.9,56.54898683935659,4787.0,4019,-768.0,-16.04345101316064,46.93336686359577,0.0,56.54898683935659,63.4,6.85,2548,Substantial Increase (>5pp),uMzinyathi District,IFP,29.9,49.6,7.6
52402014,7,4551,Nqutu,iec_kzn_kzn242___nqutu_ward_registration_2026_clean.csv,KZN242 - Nqutu,13.0,2.0,340.0,20922.03381117884,179678.54877751213,531.9666377199997,93058.228102074,108074.32112435171,201132.54922641235,27.3,0.604,21.2,49.6,24.8,11.4,85.0,83.0,77.0,80.0,55.0,771.0,2891.0,38.0,4126.0,54.2,3480.0,2709.0,7607.0,1235.0,29.9,52.110660624850944,4193.0,4551,358.0,8.538039589792511,46.93336686359577,0.0,52.110660624850944,60.95,8.84,2774,Substantial Increase (>5pp),uMzinyathi District,IFP,29.9,49.6,7.6
52402015,4,4830,Nqutu,iec_kzn_kzn242___nqutu_ward_registration_2026_clean.csv,KZN242 - Nqutu,13.0,2.0,340.0,20922.03381117884,179678.54877751213,531.9666377199997,93058.228102074,108074.32112435171,201132.54922641235,27.3,0.604,21.2,49.6,24.8,11.4,85.0,83.0,77.0,80.0,55.0,771.0,2891.0,38.0,4126.0,54.2,3480.0,2709.0,7607.0,1235.0,29.9,52.946883337375695,4123.0,4830,707.0,17.147707979626485,46.93336686359577,0.0,52.946883337375695,63.46,10.51,3065,Substantial Increase (>5pp),uMzinyathi District,IFP,29.9,49.6,7.6
52402016,5,4804,Nqutu,iec_kzn_kzn242___nqutu_ward_registration_2026_clean.csv,KZN242 - Nqutu,13.0,2.0,340.0,20922.03381117884,179678.54877751213,531.9666377199997,93058.228102074,108074.32112435171,201132.54922641235,27.3,0.604,21.2,49.6,24.8,11.4,85.0,83.0,77.0,80.0,55.0,771.0,2891.0,38.0,4126.0,54.2,3480.0,2709.0,7607.0,1235.0,29.9,53.235863255213935,4651.0,4804,153.0,3.2896151365297785,46.93336686359577,0.0,53.235863255213935,63.46,10.22,3049,Substantial Increase (>5pp),uMzinyathi District,IFP,29.9,49.6,7.6
52402017,5,4435,Nqutu,iec_kzn_kzn242___nqutu_ward_registration_2026_clean.csv,KZN242 - Nqutu,13.0,2.0,340.0,20922.03381117884,179678.54877751213,531.9666377199997,93058.228102074,108074.32112435171,201132.54922641235,27.3,0.604,21.2,49.6,24.8,11.4,85.0,83.0,77.0,80.0,55.0,771.0,2891.0,38.0,4126.0,54.2,3480.0,2709.0,7607.0,1235.0,29.9,51.67487684729064,4060.0,4435,375.0,9.236453201970445,46.93336686359577,0.0,51.67487684729064,60.68,9.01,2691,Substantial Increase (>5pp),uMzinyathi District,ANC,29.9,49.6,7.6
52402018,8,3793,Nqutu,iec_kzn_kzn242___nqutu_ward_registration_2026_clean.csv,KZN242 - Nqutu,13.0,2.0,340.0,20922.03381117884,179678.54877751213,531.9666377199997,93058.228102074,108074.32112435171,201132.54922641235,27.3,0.604,21.2,49.6,24.8,11.4,85.0,83.0,77.0,80.0,55.0,771.0,2891.0,38.0,4126.0,54.2,3480.0,2709.0,7607.0,1235.0,29.9,52.236346516007536,4248.0,3793,-455.0,-10.710922787193972,46.93336686359577,0.0,52.236346516007536,61.34,9.1,2327,Substantial Increase (>5pp),uMzinyathi District,IFP,29.9,49.6,7.6
52402019,7,4489,Nqutu,iec_kzn_kzn242___nqutu_ward_registration_2026_clean.csv,KZN242 - Nqutu,13.0,2.0,340.0,20922.03381117884,179678.54877751213,531.9666377199997,93058.228102074,108074.32112435171,201132.54922641235,27.3,0.604,21.2,49.6,24.8,11.4,85.0,83.0,77.0,80.0,55.0,771.0,2891.0,38.0,4126.0,54.2,3480.0,2709.0,7607.0,1235.0,29.9,53.275821869899744,4289.0,4489,200.0,4.663091629750524,46.93336686359577,0.0,53.275821869899744,63.68,10.4,2859,Substantial Increase (>5pp),uMzinyathi District,EFF,29.9,49.6,7.6
52402020,5,4649,Nqutu,iec_kzn_kzn242___nqutu_ward_registration_2026_clean.csv,,,,,,,,,,,,,,,,,,,,,,,,,,,,,,,,50.41896097677759,,4649,491.0,10.149511213341,46.93336686359577,0.0,50.41896097677759,60.33,9.91,2805,Substantial Increase (>5pp),uMzinyathi District,ANC,33.1,42.5,6.8
52404001,8,4171,Umsinga,iec_kzn_kzn244___umsinga_ward_registration_2026_clean.csv,KZN244 - uMsinga,1.0,0.0,224.0,2568.2803038500183,197072.4201081845,6360.570899770042,89746.29324352399,116254.97806829328,206001.271311802,27.3,0.604,21.2,49.6,24.8,11.4,85.0,83.0,77.0,80.0,55.0,771.0,2891.0,38.0,4126.0,54.2,3480.0,2709.0,7607.0,1235.0,29.9,52.4822695035461,4089.0,4171,82.0,2.005380288579115,46.93336686359577,0.0,52.4822695035461,61.88,9.4,2581,Substantial Increase (>5pp),uMzinyathi District,IFP,29.9,49.6,7.7
52404002,7,4443,Umsinga,iec_kzn_kzn244___umsinga_ward_registration_2026_clean.csv,KZN244 - uMsinga,1.0,0.0,224.0,2568.2803038500183,197072.4201081845,6360.570899770042,89746.29324352399,116254.97806829328,206001.271311802,27.3,0.604,21.2,49.6,24.8,11.4,85.0,83.0,77.0,80.0,55.0,771.0,2891.0,38.0,4126.0,54.2,3480.0,2709.0,7607.0,1235.0,29.9,51.87542623323482,4399.0,4443,44.0,1.000227324391907,46.93336686359577,0.0,51.87542623323482,60.53,8.65,2689,Substantial Increase (>5pp),uMzinyathi District,IFP,29.9,49.6,7.7
52404003,7,5668,Umsinga,iec_kzn_kzn244___umsinga_ward_registration_2026_clean.csv,KZN244 - uMsinga,1.0,0.0,224.0,2568.2803038500183,197072.4201081845,6360.570899770042,89746.29324352399,116254.97806829328,206001.271311802,27.3,0.604,21.2,49.6,24.8,11.4,85.0,83.0,77.0,80.0,55.0,771.0,2891.0,38.0,4126.0,54.2,3480.0,2709.0,7607.0,1235.0,29.9,60.4618753732829,5023.0,5668,645.0,12.84093171411507,46.93336686359577,0.0,60.4618753732829,65.59,5.13,3718,Substantial Increase (>5pp),uMzinyathi District,IFP,29.9,49.6,7.7
52404004,7,6034,Umsinga,iec_kzn_kzn244___umsinga_ward_registration_2026_clean.csv,KZN244 - uMsinga,1.0,0.0,224.0,2568.2803038500183,197072.4201081845,6360.570899770042,89746.29324352399,116254.97806829328,206001.271311802,27.3,0.604,21.2,49.6,24.8,11.4,85.0,83.0,77.0,80.0,55.0,771.0,2891.0,38.0,4126.0,54.2,3480.0,2709.0,7607.0,1235.0,29.9,54.50945886493621,4546.0,6034,1488.0,32.73207215134184,46.93336686359577,0.0,54.50945886493621,64.35,9.84,3883,Substantial Increase (>5pp),uMzinyathi District,IFP,29.9,49.6,7.7
52404005,6,4529,Umsinga,iec_kzn_kzn244___umsinga_ward_registration_2026_clean.csv,KZN244 - uMsinga,1.0,0.0,224.0,2568.2803038500183,197072.4201081845,6360.570899770042,89746.29324352399,116254.97806829328,206001.271311802,27.3,0.604,21.2,49.6,24.8,11.4,85.0,83.0,77.0,80.0,55.0,771.0,2891.0,38.0,4126.0,54.2,3480.0,2709.0,7607.0,1235.0,29.9,58.599735799207394,3785.0,4529,744.0,19.65653896961691,46.93336686359577,0.0,58.599735799207394,65.36,6.76,2960,Substantial Increase (>5pp),uMzinyathi District,IFP,29.9,49.6,7.7
52404006,8,4991,Umsinga,iec_kzn_kzn244___umsinga_ward_registration_2026_clean.csv,KZN244 - uMsinga,1.0,0.0,224.0,2568.2803038500183,197072.4201081845,6360.570899770042,89746.29324352399,116254.97806829328,206001.271311802,27.3,0.604,21.2,49.6,24.8,11.4,85.0,83.0,77.0,80.0,55.0,771.0,2891.0,38.0,4126.0,54.2,3480.0,2709.0,7607.0,1235.0,29.9,53.792761527020325,4034.0,4991,957.0,23.72335151214676,46.93336686359577,0.0,53.792761527020325,64.39,10.6,3214,Substantial Increase (>5pp),uMzinyathi District,EFF,29.9,49.6,7.7
52404007,9,5316,Umsinga,iec_kzn_kzn244___umsinga_ward_registration_2026_clean.csv,KZN244 - uMsinga,1.0,0.0,224.0,2568.2803038500183,197072.4201081845,6360.570899770042,89746.29324352399,116254.97806829328,206001.271311802,27.3,0.604,21.2,49.6,24.8,11.4,85.0,83.0,77.0,80.0,55.0,771.0,2891.0,38.0,4126.0,54.2,3480.0,2709.0,7607.0,1235.0,29.9,53.59274817598939,4523.0,5316,793.0,17.53261109882821,46.93336686359577,0.0,53.59274817598939,64.88,11.29,3449,Substantial Increase (>5pp),uMzinyathi District,IFP,29.9,49.6,7.7
52404008,5,4485,Umsinga,iec_kzn_kzn244___umsinga_ward_registration_2026_clean.csv,KZN244 - uMsinga,1.0,0.0,224.0,2568.2803038500183,197072.4201081845,6360.570899770042,89746.29324352399,116254.97806829328,206001.271311802,27.3,0.604,21.2,49.6,24.8,11.4,85.0,83.0,77.0,80.0,55.0,771.0,2891.0,38.0,4126.0,54.2,3480.0,2709.0,7607.0,1235.0,29.9,59.08056440600819,4394.0,4485,91.0,2.071005917159764,46.93336686359577,0.0,59.08056440600819,63.62,4.54,2853,Moderate Increase (1-5pp),uMzinyathi District,IFP,29.9,49.6,7.7
52404009,8,4768,Umsinga,iec_kzn_kzn244___umsinga_ward_registration_2026_clean.csv,KZN244 - uMsinga,1.0,0.0,224.0,2568.2803038500183,197072.4201081845,6360.570899770042,89746.29324352399,116254.97806829328,206001.271311802,27.3,0.604,21.2,49.6,24.8,11.4,85.0,83.0,77.0,80.0,55.0,771.0,2891.0,38.0,4126.0,54.2,3480.0,2709.0,7607.0,1235.0,29.9,54.02735562310031,3948.0,4768,820.0,20.77001013171226,46.93336686359577,0.0,54.02735562310031,64.35,10.32,3068,Substantial Increase (>5pp),uMzinyathi District,IFP,29.9,49.6,7.7
52404010,7,4224,Umsinga,iec_kzn_kzn244___umsinga_ward_registration_2026_clean.csv,KZN244 - uMsinga,1.0,0.0,224.0,2568.2803038500183,197072.4201081845,6360.570899770042,89746.29324352399,116254.97806829328,206001.271311802,27.3,0.604,21.2,49.6,24.8,11.4,85.0,83.0,77.0,80.0,55.0,771.0,2891.0,38.0,4126.0,54.2,3480.0,2709.0,7607.0,1235.0,29.9,58.79754601226994,4075.0,4224,149.0,3.656441717791411,46.93336686359577,0.0,58.79754601226994,63.62,4.82,2687,Moderate Increase (1-5pp),uMzinyathi District,IFP,29.9,49.6,7.7
52404011,6,5180,Umsinga,iec_kzn_kzn244___umsinga_ward_registration_2026_clean.csv,KZN244 - uMsinga,1.0,0.0,224.0,2568.2803038500183,197072.4201081845,6360.570899770042,89746.29324352399,116254.97806829328,206001.271311802,27.3,0.604,21.2,49.6,24.8,11.4,85.0,83.0,77.0,80.0,55.0,771.0,2891.0,38.0,4126.0,54.2,3480.0,2709.0,7607.0,1235.0,29.9,62.9344529974341,4287.0,5180,893.0,20.830417541404245,46.93336686359577,0.0,62.9344529974341,66.93,4.0,3467,Moderate Increase (1-5pp),uMzinyathi District,IFP,29.9,49.6,7.7
52404012,5,4898,Umsinga,iec_kzn_kzn244___umsinga_ward_registration_2026_clean.csv,KZN244 - uMsinga,1.0,0.0,224.0,2568.2803038500183,197072.4201081845,6360.570899770042,89746.29324352399,116254.97806829328,206001.271311802,27.3,0.604,21.2,49.6,24.8,11.4,85.0,83.0,77.0,80.0,55.0,771.0,2891.0,38.0,4126.0,54.2,3480.0,2709.0,7607.0,1235.0,29.9,59.52718676122931,4230.0,4898,668.0,15.7919621749409,46.93336686359577,0.0,59.52718676122931,65.65,6.12,3216,Substantial Increase (>5pp),uMzinyathi District,IFP,29.9,49.6,7.7
52404013,9,4485,Umsinga,iec_kzn_kzn244___umsinga_ward_registration_2026_clean.csv,KZN244 - uMsinga,1.0,0.0,224.0,2568.2803038500183,197072.4201081845,6360.570899770042,89746.29324352399,116254.97806829328,206001.271311802,27.3,0.604,21.2,49.6,24.8,11.4,85.0,83.0,77.0,80.0,55.0,771.0,2891.0,38.0,4126.0,54.2,3480.0,2709.0,7607.0,1235.0,29.9,57.30337078651685,4183.0,4485,302.0,7.219698780779344,46.93336686359577,0.0,57.30337078651685,64.22,6.92,2880,Substantial Increase (>5pp),uMzinyathi District,IFP,29.9,49.6,7.7
52404014,6,4100,Umsinga,iec_kzn_kzn244___umsinga_ward_registration_2026_clean.csv,KZN244 - uMsinga,1.0,0.0,224.0,2568.2803038500183,197072.4201081845,6360.570899770042,89746.29324352399,116254.97806829328,206001.271311802,27.3,0.604,21.2,49.6,24.8,11.4,85.0,83.0,77.0,80.0,55.0,771.0,2891.0,38.0,4126.0,54.2,3480.0,2709.0,7607.0,1235.0,29.9,58.88256034716572,3687.0,4100,413.0,11.201518850013562,46.93336686359577,0.0,58.88256034716572,64.48,5.6,2644,Substantial Increase (>5pp),uMzinyathi District,IFP,29.9,49.6,7.7
52404015,8,4893,Umsinga,iec_kzn_kzn244___umsinga_ward_registration_2026_clean.csv,KZN244 - uMsinga,1.0,0.0,224.0,2568.2803038500183,197072.4201081845,6360.570899770042,89746.29324352399,116254.97806829328,206001.271311802,27.3,0.604,21.2,49.6,24.8,11.4,85.0,83.0,77.0,80.0,55.0,771.0,2891.0,38.0,4126.0,54.2,3480.0,2709.0,7607.0,1235.0,29.9,50.35652815343005,4067.0,4893,826.0,20.309810671256454,46.93336686359577,0.0,50.35652815343005,60.38,10.02,2954,Substantial Increase (>5pp),uMzinyathi District,IFP,29.9,49.6,7.7
52404016,7,4083,Umsinga,iec_kzn_kzn244___umsinga_ward_registration_2026_clean.csv,KZN244 - uMsinga,1.0,0.0,224.0,2568.2803038500183,197072.4201081845,6360.570899770042,89746.29324352399,116254.97806829328,206001.271311802,27.3,0.604,21.2,49.6,24.8,11.4,85.0,83.0,77.0,80.0,55.0,771.0,2891.0,38.0,4126.0,54.2,3480.0,2709.0,7607.0,1235.0,29.9,52.55936675461741,3790.0,4083,293.0,7.730870712401056,46.93336686359577,0.0,52.55936675461741,62.22,9.66,2540,Substantial Increase (>5pp),uMzinyathi District,IFP,29.9,49.6,7.7
52404017,7,4551,Umsinga,iec_kzn_kzn244___umsinga_ward_registration_2026_clean.csv,KZN244 - uMsinga,1.0,0.0,224.0,2568.2803038500183,197072.4201081845,6360.570899770042,89746.29324352399,116254.97806829328,206001.271311802,27.3,0.604,21.2,49.6,24.8,11.4,85.0,83.0,77.0,80.0,55.0,771.0,2891.0,38.0,4126.0,54.2,3480.0,2709.0,7607.0,1235.0,29.9,55.5650441218332,3513.0,4551,1038.0,29.54739538855679,46.93336686359577,0.0,55.5650441218332,64.31,8.74,2927,Substantial Increase (>5pp),uMzinyathi District,IFP,29.9,49.6,7.7
52404018,5,5188,Umsinga,iec_kzn_kzn244___umsinga_ward_registration_2026_clean.csv,KZN244 - uMsinga,1.0,0.0,224.0,2568.2803038500183,197072.4201081845,6360.570899770042,89746.29324352399,116254.97806829328,206001.271311802,27.3,0.604,21.2,49.6,24.8,11.4,85.0,83.0,77.0,80.0,55.0,771.0,2891.0,38.0,4126.0,54.2,3480.0,2709.0,7607.0,1235.0,29.9,50.58710759645339,4173.0,5188,1015.0,24.32302899592619,46.93336686359577,0.0,50.58710759645339,60.41,9.82,3134,Substantial Increase (>5pp),uMzinyathi District,IFP,29.9,49.6,7.7
52404019,6,4009,Umsinga,iec_kzn_kzn244___umsinga_ward_registration_2026_clean.csv,KZN244 - uMsinga,1.0,0.0,224.0,2568.2803038500183,197072.4201081845,6360.570899770042,89746.29324352399,116254.97806829328,206001.271311802,27.3,0.604,21.2,49.6,24.8,11.4,85.0,83.0,77.0,80.0,55.0,771.0,2891.0,38.0,4126.0,54.2,3480.0,2709.0,7607.0,1235.0,29.9,51.6751541141785,3731.0,4009,278.0,7.451085499865988,46.93336686359577,0.0,51.6751541141785,60.58,8.9,2429,Substantial Increase (>5pp),uMzinyathi District,IFP,29.9,49.6,7.7
52404020,6,4023,Umsinga,iec_kzn_kzn244___umsinga_ward_registration_2026_clean.csv,KZN244 - uMsinga,1.0,0.0,224.0,2568.2803038500183,197072.4201081845,6360.570899770042,89746.29324352399,116254.97806829328,206001.271311802,27.3,0.604,21.2,49.6,24.8,11.4,85.0,83.0,77.0,80.0,55.0,771.0,2891.0,38.0,4126.0,54.2,3480.0,2709.0,7607.0,1235.0,29.9,51.89245627773428,3831.0,4023,192.0,5.011746280344558,46.93336686359577,0.0,51.89245627773428,60.53,8.64,2435,Substantial Increase (>5pp),uMzinyathi District,IFP,29.9,49.6,7.7
52404021,9,4111,Umsinga,iec_kzn_kzn244___umsinga_ward_registration_2026_clean.csv,KZN244 - uMsinga,1.0,0.0,224.0,2568.2803038500183,197072.4201081845,6360.570899770042,89746.29324352399,116254.97806829328,206001.271311802,27.3,0.604,21.2,49.6,24.8,11.4,85.0,83.0,77.0,80.0,55.0,771.0,2891.0,38.0,4126.0,54.2,3480.0,2709.0,7607.0,1235.0,29.9,54.75125032903395,3799.0,4111,312.0,8.212687549355094,46.93336686359577,0.0,54.75125032903395,63.76,9.01,2621,Substantial Increase (>5pp),uMzinyathi District,IFP,29.9,49.6,7.7
52405001,12,4773,Umvoti,iec_kzn_kzn245___umvoti_ward_registration_2026_clean.csv,KZN245 - uMvoti,46.0,1.0,444.0,29436.83481858931,68405.4747693712,44199.51594958193,63204.367681850345,78837.45785569733,142041.82553754273,27.3,0.604,21.2,49.6,24.8,11.4,85.0,83.0,77.0,80.0,55.0,771.0,2891.0,38.0,4126.0,54.2,3480.0,2709.0,7607.0,1235.0,29.9,56.58720200752823,4782.0,4773,-9.0,-0.1882057716436637,46.93336686359577,0.0,56.58720200752823,63.55,6.96,3033,Substantial Increase (>5pp),uMzinyathi District,ANC,29.9,49.6,6.6
52405002,3,4414,Umvoti,iec_kzn_kzn245___umvoti_ward_registration_2026_clean.csv,KZN245 - uMvoti,46.0,1.0,444.0,29436.83481858931,68405.4747693712,44199.51594958193,63204.367681850345,78837.45785569733,142041.82553754273,27.3,0.604,21.2,49.6,24.8,11.4,85.0,83.0,77.0,80.0,55.0,771.0,2891.0,38.0,4126.0,54.2,3480.0,2709.0,7607.0,1235.0,29.9,51.72964342735498,3758.0,4414,656.0,17.456093666844065,46.93336686359577,0.0,51.72964342735498,60.68,8.95,2678,Substantial Increase (>5pp),uMzinyathi District,ANC,29.9,49.6,6.6
52405003,6,4011,Umvoti,iec_kzn_kzn245___umvoti_ward_registration_2026_clean.csv,KZN245 - uMvoti,46.0,1.0,444.0,29436.83481858931,68405.4747693712,44199.51594958193,63204.367681850345,78837.45785569733,142041.82553754273,27.3,0.604,21.2,49.6,24.8,11.4,85.0,83.0,77.0,80.0,55.0,771.0,2891.0,38.0,4126.0,54.2,3480.0,2709.0,7607.0,1235.0,29.9,62.420907840440165,3635.0,4011,376.0,10.34387895460798,46.93336686359577,0.0,62.420907840440165,66.17,3.75,2654,Moderate Increase (1-5pp),uMzinyathi District,Other,29.9,49.6,6.6
52405004,6,4538,Umvoti,iec_kzn_kzn245___umvoti_ward_registration_2026_clean.csv,KZN245 - uMvoti,46.0,1.0,444.0,29436.83481858931,68405.4747693712,44199.51594958193,63204.367681850345,78837.45785569733,142041.82553754273,27.3,0.604,21.2,49.6,24.8,11.4,85.0,83.0,77.0,80.0,55.0,771.0,2891.0,38.0,4126.0,54.2,3480.0,2709.0,7607.0,1235.0,29.9,53.64778487987657,4537.0,4538,1.0,0.0220409962530306,46.93336686359577,0.0,53.64778487987657,63.59,9.94,2886,Substantial Increase (>5pp),uMzinyathi District,IFP,29.9,49.6,6.6
52405005,9,5297,Umvoti,iec_kzn_kzn245___umvoti_ward_registration_2026_clean.csv,KZN245 - uMvoti,46.0,1.0,444.0,29436.83481858931,68405.4747693712,44199.51594958193,63204.367681850345,78837.45785569733,142041.82553754273,27.3,0.604,21.2,49.6,24.8,11.4,85.0,83.0,77.0,80.0,55.0,771.0,2891.0,38.0,4126.0,54.2,3480.0,2709.0,7607.0,1235.0,29.9,52.8658125421443,4449.0,5297,848.0,19.060463025398967,46.93336686359577,0.0,52.8658125421443,63.46,10.59,3361,Substantial Increase (>5pp),uMzinyathi District,IFP,29.9,49.6,6.6
52405006,11,4862,Umvoti,iec_kzn_kzn245___umvoti_ward_registration_2026_clean.csv,KZN245 - uMvoti,46.0,1.0,444.0,29436.83481858931,68405.4747693712,44199.51594958193,63204.367681850345,78837.45785569733,142041.82553754273,27.3,0.604,21.2,49.6,24.8,11.4,85.0,83.0,77.0,80.0,55.0,771.0,2891.0,38.0,4126.0,54.2,3480.0,2709.0,7607.0,1235.0,29.9,55.512616503750856,4399.0,4862,463.0,10.525119345305752,46.93336686359577,0.0,55.512616503750856,63.94,8.43,3109,Substantial Increase (>5pp),uMzinyathi District,IFP,29.9,49.6,6.6
52405007,3,5922,Umvoti,iec_kzn_kzn245___umvoti_ward_registration_2026_clean.csv,KZN245 - uMvoti,46.0,1.0,444.0,29436.83481858931,68405.4747693712,44199.51594958193,63204.367681850345,78837.45785569733,142041.82553754273,27.3,0.604,21.2,49.6,24.8,11.4,85.0,83.0,77.0,80.0,55.0,771.0,2891.0,38.0,4126.0,54.2,3480.0,2709.0,7607.0,1235.0,29.9,56.278674596431614,5885.0,5922,37.0,0.6287170773152081,46.93336686359577,0.0,56.278674596431614,63.74,7.46,3775,Substantial Increase (>5pp),uMzinyathi District,ANC,29.9,49.6,6.6
52405008,5,3760,Umvoti,iec_kzn_kzn245___umvoti_ward_registration_2026_clean.csv,KZN245 - uMvoti,46.0,1.0,444.0,29436.83481858931,68405.4747693712,44199.51594958193,63204.367681850345,78837.45785569733,142041.82553754273,27.3,0.604,21.2,49.6,24.8,11.4,85.0,83.0,77.0,80.0,55.0,771.0,2891.0,38.0,4126.0,54.2,3480.0,2709.0,7607.0,1235.0,29.9,61.50997150997151,3510.0,3760,250.0,7.122507122507122,46.93336686359577,0.0,61.50997150997151,65.68,4.17,2470,Moderate Increase (1-5pp),uMzinyathi District,ANC,29.9,49.6,6.6
52405009,3,4497,Umvoti,iec_kzn_kzn245___umvoti_ward_registration_2026_clean.csv,KZN245 - uMvoti,46.0,1.0,444.0,29436.83481858931,68405.4747693712,44199.51594958193,63204.367681850345,78837.45785569733,142041.82553754273,27.3,0.604,21.2,49.6,24.8,11.4,85.0,83.0,77.0,80.0,55.0,771.0,2891.0,38.0,4126.0,54.2,3480.0,2709.0,7607.0,1235.0,29.9,52.73679200380771,4202.0,4497,295.0,7.020466444550213,46.93336686359577,0.0,52.73679200380771,62.35,9.61,2804,Substantial Increase (>5pp),uMzinyathi District,Other,29.9,49.6,6.6
52405010,8,4192,Umvoti,iec_kzn_kzn245___umvoti_ward_registration_2026_clean.csv,KZN245 - uMvoti,46.0,1.0,444.0,29436.83481858931,68405.4747693712,44199.51594958193,63204.367681850345,78837.45785569733,142041.82553754273,27.3,0.604,21.2,49.6,24.8,11.4,85.0,83.0,77.0,80.0,55.0,771.0,2891.0,38.0,4126.0,54.2,3480.0,2709.0,7607.0,1235.0,29.9,39.041302381670185,3317.0,4192,875.0,26.37925836599337,46.93336686359577,1.0,39.041302381670185,56.81,17.77,2381,Substantial Increase (>5pp),uMzinyathi District,Other,29.9,49.6,6.6
52405011,7,5163,Umvoti,iec_kzn_kzn245___umvoti_ward_registration_2026_clean.csv,KZN245 - uMvoti,46.0,1.0,444.0,29436.83481858931,68405.4747693712,44199.51594958193,63204.367681850345,78837.45785569733,142041.82553754273,27.3,0.604,21.2,49.6,24.8,11.4,85.0,83.0,77.0,80.0,55.0,771.0,2891.0,38.0,4126.0,54.2,3480.0,2709.0,7607.0,1235.0,29.9,56.72823218997362,4548.0,5163,615.0,13.522427440633244,46.93336686359577,0.0,56.72823218997362,65.1,8.37,3361,Substantial Increase (>5pp),uMzinyathi District,IFP,29.9,49.6,6.6
52405012,9,4917,Umvoti,iec_kzn_kzn245___umvoti_ward_registration_2026_clean.csv,KZN245 - uMvoti,46.0,1.0,444.0,29436.83481858931,68405.4747693712,44199.51594958193,63204.367681850345,78837.45785569733,142041.82553754273,27.3,0.604,21.2,49.6,24.8,11.4,85.0,83.0,77.0,80.0,55.0,771.0,2891.0,38.0,4126.0,54.2,3480.0,2709.0,7607.0,1235.0,29.9,53.91048824593129,4424.0,4917,493.0,11.14376130198915,46.93336686359577,0.0,53.91048824593129,64.0,10.09,3147,Substantial Increase (>5pp),uMzinyathi District,IFP,29.9,49.6,6.6
52405013,4,4142,Umvoti,iec_kzn_kzn245___umvoti_ward_registration_2026_clean.csv,KZN245 - uMvoti,46.0,1.0,444.0,29436.83481858931,68405.4747693712,44199.51594958193,63204.367681850345,78837.45785569733,142041.82553754273,27.3,0.604,21.2,49.6,24.8,11.4,85.0,83.0,77.0,80.0,55.0,771.0,2891.0,38.0,4126.0,54.2,3480.0,2709.0,7607.0,1235.0,29.9,57.49235474006116,3597.0,4142,545.0,15.151515151515152,46.93336686359577,0.0,57.49235474006116,65.18,7.69,2700,Substantial Increase (>5pp),uMzinyathi District,ANC,29.9,49.6,6.6
52405014,8,5159,Umvoti,iec_kzn_kzn245___umvoti_ward_registration_2026_clean.csv,KZN245 - uMvoti,46.0,1.0,444.0,29436.83481858931,68405.4747693712,44199.51594958193,63204.367681850345,78837.45785569733,142041.82553754273,27.3,0.604,21.2,49.6,24.8,11.4,85.0,83.0,77.0,80.0,55.0,771.0,2891.0,38.0,4126.0,54.2,3480.0,2709.0,7607.0,1235.0,29.9,60.296096904441455,4458.0,5159,701.0,15.724540152534768,46.93336686359577,0.0,60.296096904441455,65.83,5.53,3396,Substantial Increase (>5pp),uMzinyathi District,ANC,29.9,49.6,6.6
52502001,8,5341,Newcastle,iec_kzn_kzn252___newcastle_ward_registration_2026_clean.csv,KZN252 - Newcastle,174.0,3.0,2603.0,339403.2923009517,153227.2841733339,15079.702936949912,243433.88290796083,264276.3965032232,507710.2794112632,27.3,0.604,21.2,49.6,24.8,11.4,85.0,83.0,77.0,80.0,55.0,771.0,2891.0,38.0,4126.0,54.2,3480.0,2709.0,7607.0,1235.0,29.9,43.00834520659475,4913.0,5341,428.0,8.711581518420516,46.93336686359577,1.0,43.00834520659475,55.47,12.46,2963,Substantial Increase (>5pp),Amajuba District,ANC,29.9,49.6,6.5
52502002,3,5488,Newcastle,iec_kzn_kzn252___newcastle_ward_registration_2026_clean.csv,KZN252 - Newcastle,174.0,3.0,2603.0,339403.2923009517,153227.2841733339,15079.702936949912,243433.88290796083,264276.3965032232,507710.2794112632,27.3,0.604,21.2,49.6,24.8,11.4,85.0,83.0,77.0,80.0,55.0,771.0,2891.0,38.0,4126.0,54.2,3480.0,2709.0,7607.0,1235.0,29.9,53.59920239282153,5015.0,5488,473.0,9.431704885343969,46.93336686359577,0.0,53.59920239282153,64.6,11.0,3545,Substantial Increase (>5pp),Amajuba District,DA,29.9,49.6,6.5
52502003,2,4526,Newcastle,iec_kzn_kzn252___newcastle_ward_registration_2026_clean.csv,KZN252 - Newcastle,174.0,3.0,2603.0,339403.2923009517,153227.2841733339,15079.702936949912,243433.88290796083,264276.3965032232,507710.2794112632,27.3,0.604,21.2,49.6,24.8,11.4,85.0,83.0,77.0,80.0,55.0,771.0,2891.0,38.0,4126.0,54.2,3480.0,2709.0,7607.0,1235.0,29.9,44.481605351170565,4485.0,4526,41.0,0.9141583054626532,46.93336686359577,1.0,44.481605351170565,59.68,15.2,2701,Substantial Increase (>5pp),Amajuba District,DA,29.9,49.6,6.5
52502004,3,4597,Newcastle,iec_kzn_kzn252___newcastle_ward_registration_2026_clean.csv,KZN252 - Newcastle,174.0,3.0,2603.0,339403.2923009517,153227.2841733339,15079.702936949912,243433.88290796083,264276.3965032232,507710.2794112632,27.3,0.604,21.2,49.6,24.8,11.4,85.0,83.0,77.0,80.0,55.0,771.0,2891.0,38.0,4126.0,54.2,3480.0,2709.0,7607.0,1235.0,29.9,47.89971409720695,4547.0,4597,50.0,1.0996261271167804,46.93336686359577,0.0,47.89971409720695,60.05,12.15,2760,Substantial Increase (>5pp),Amajuba District,DA,29.9,49.6,6.5
52502005,3,4023,Newcastle,iec_kzn_kzn252___newcastle_ward_registration_2026_clean.csv,KZN252 - Newcastle,174.0,3.0,2603.0,339403.2923009517,153227.2841733339,15079.702936949912,243433.88290796083,264276.3965032232,507710.2794112632,27.3,0.604,21.2,49.6,24.8,11.4,85.0,83.0,77.0,80.0,55.0,771.0,2891.0,38.0,4126.0,54.2,3480.0,2709.0,7607.0,1235.0,29.9,30.37112700034048,5874.0,4023,-1851.0,-31.51174668028601,46.93336686359577,1.0,30.37112700034048,54.54,24.17,2194,Substantial Increase (>5pp),Amajuba District,ANC,29.9,49.6,6.5
52502006,4,5367,Newcastle,iec_kzn_kzn252___newcastle_ward_registration_2026_clean.csv,KZN252 - Newcastle,174.0,3.0,2603.0,339403.2923009517,153227.2841733339,15079.702936949912,243433.88290796083,264276.3965032232,507710.2794112632,27.3,0.604,21.2,49.6,24.8,11.4,85.0,83.0,77.0,80.0,55.0,771.0,2891.0,38.0,4126.0,54.2,3480.0,2709.0,7607.0,1235.0,29.9,50.70322236069076,5617.0,5367,-250.0,-4.450774434751647,46.93336686359577,0.0,50.70322236069076,60.17,9.47,3229,Substantial Increase (>5pp),Amajuba District,IFP,29.9,49.6,6.5
52502007,2,5195,Newcastle,iec_kzn_kzn252___newcastle_ward_registration_2026_clean.csv,KZN252 - Newcastle,174.0,3.0,2603.0,339403.2923009517,153227.2841733339,15079.702936949912,243433.88290796083,264276.3965032232,507710.2794112632,27.3,0.604,21.2,49.6,24.8,11.4,85.0,83.0,77.0,80.0,55.0,771.0,2891.0,38.0,4126.0,54.2,3480.0,2709.0,7607.0,1235.0,29.9,39.69014534419421,6261.0,5195,-1066.0,-17.026034179843474,46.93336686359577,1.0,39.69014534419421,59.34,19.65,3083,Substantial Increase (>5pp),Amajuba District,ANC,29.9,49.6,6.5
52502008,3,5754,Newcastle,iec_kzn_kzn252___newcastle_ward_registration_2026_clean.csv,KZN252 - Newcastle,174.0,3.0,2603.0,339403.2923009517,153227.2841733339,15079.702936949912,243433.88290796083,264276.3965032232,507710.2794112632,27.3,0.604,21.2,49.6,24.8,11.4,85.0,83.0,77.0,80.0,55.0,771.0,2891.0,38.0,4126.0,54.2,3480.0,2709.0,7607.0,1235.0,29.9,47.93500338524036,4431.0,5754,1323.0,29.85781990521327,46.93336686359577,0.0,47.93500338524036,60.33,12.39,3471,Substantial Increase (>5pp),Amajuba District,ANC,29.9,49.6,6.5
52502009,3,6288,Newcastle,iec_kzn_kzn252___newcastle_ward_registration_2026_clean.csv,KZN252 - Newcastle,174.0,3.0,2603.0,339403.2923009517,153227.2841733339,15079.702936949912,243433.88290796083,264276.3965032232,507710.2794112632,27.3,0.604,21.2,49.6,24.8,11.4,85.0,83.0,77.0,80.0,55.0,771.0,2891.0,38.0,4126.0,54.2,3480.0,2709.0,7607.0,1235.0,29.9,45.40677658996195,5519.0,6288,769.0,13.93368363834028,46.93336686359577,1.0,45.40677658996195,54.66,9.25,3437,Substantial Increase (>5pp),Amajuba District,IFP,29.9,49.6,6.5
52502010,4,4937,Newcastle,iec_kzn_kzn252___newcastle_ward_registration_2026_clean.csv,KZN252 - Newcastle,174.0,3.0,2603.0,339403.2923009517,153227.2841733339,15079.702936949912,243433.88290796083,264276.3965032232,507710.2794112632,27.3,0.604,21.2,49.6,24.8,11.4,85.0,83.0,77.0,80.0,55.0,771.0,2891.0,38.0,4126.0,54.2,3480.0,2709.0,7607.0,1235.0,29.9,45.24147727272727,4224.0,4937,713.0,16.879734848484848,46.93336686359577,1.0,45.24147727272727,54.86,9.62,2708,Substantial Increase (>5pp),Amajuba District,ANC,29.9,49.6,6.5
52502011,3,5435,Newcastle,iec_kzn_kzn252___newcastle_ward_registration_2026_clean.csv,KZN252 - Newcastle,174.0,3.0,2603.0,339403.2923009517,153227.2841733339,15079.702936949912,243433.88290796083,264276.3965032232,507710.2794112632,27.3,0.604,21.2,49.6,24.8,11.4,85.0,83.0,77.0,80.0,55.0,771.0,2891.0,38.0,4126.0,54.2,3480.0,2709.0,7607.0,1235.0,29.9,47.33434060004317,4633.0,5435,802.0,17.31059788473991,46.93336686359577,0.0,47.33434060004317,60.33,13.0,3279,Substantial Increase (>5pp),Amajuba District,ANC,29.9,49.6,6.5
52502012,4,5111,Newcastle,iec_kzn_kzn252___newcastle_ward_registration_2026_clean.csv,KZN252 - Newcastle,174.0,3.0,2603.0,339403.2923009517,153227.2841733339,15079.702936949912,243433.88290796083,264276.3965032232,507710.2794112632,27.3,0.604,21.2,49.6,24.8,11.4,85.0,83.0,77.0,80.0,55.0,771.0,2891.0,38.0,4126.0,54.2,3480.0,2709.0,7607.0,1235.0,29.9,48.69292436388986,5738.0,5111,-627.0,-10.927152317880797,46.93336686359577,0.0,48.69292436388986,60.34,11.65,3084,Substantial Increase (>5pp),Amajuba District,ANC,29.9,49.6,6.5
52502013,3,6573,Newcastle,iec_kzn_kzn252___newcastle_ward_registration_2026_clean.csv,KZN252 - Newcastle,174.0,3.0,2603.0,339403.2923009517,153227.2841733339,15079.702936949912,243433.88290796083,264276.3965032232,507710.2794112632,27.3,0.604,21.2,49.6,24.8,11.4,85.0,83.0,77.0,80.0,55.0,771.0,2891.0,38.0,4126.0,54.2,3480.0,2709.0,7607.0,1235.0,29.9,44.03435468895079,4308.0,6573,2265.0,52.5766016713092,46.93336686359577,1.0,44.03435468895079,56.29,12.26,3700,Substantial Increase (>5pp),Amajuba District,ANC,29.9,49.6,6.5
52502014,3,5634,Newcastle,iec_kzn_kzn252___newcastle_ward_registration_2026_clean.csv,KZN252 - Newcastle,174.0,3.0,2603.0,339403.2923009517,153227.2841733339,15079.702936949912,243433.88290796083,264276.3965032232,507710.2794112632,27.3,0.604,21.2,49.6,24.8,11.4,85.0,83.0,77.0,80.0,55.0,771.0,2891.0,38.0,4126.0,54.2,3480.0,2709.0,7607.0,1235.0,29.9,46.53910149750416,6010.0,5634,-376.0,-6.256239600665557,46.93336686359577,1.0,46.53910149750416,59.57,13.03,3356,Substantial Increase (>5pp),Amajuba District,ANC,29.9,49.6,6.5
52502015,3,5396,Newcastle,iec_kzn_kzn252___newcastle_ward_registration_2026_clean.csv,KZN252 - Newcastle,174.0,3.0,2603.0,339403.2923009517,153227.2841733339,15079.702936949912,243433.88290796083,264276.3965032232,507710.2794112632,27.3,0.604,21.2,49.6,24.8,11.4,85.0,83.0,77.0,80.0,55.0,771.0,2891.0,38.0,4126.0,54.2,3480.0,2709.0,7607.0,1235.0,29.9,48.19654992158912,5739.0,5396,-343.0,-5.976650984492072,46.93336686359577,0.0,48.19654992158912,59.91,11.71,3233,Substantial Increase (>5pp),Amajuba District,ANC,29.9,49.6,6.5
52502016,2,5293,Newcastle,iec_kzn_kzn252___newcastle_ward_registration_2026_clean.csv,KZN252 - Newcastle,174.0,3.0,2603.0,339403.2923009517,153227.2841733339,15079.702936949912,243433.88290796083,264276.3965032232,507710.2794112632,27.3,0.604,21.2,49.6,24.8,11.4,85.0,83.0,77.0,80.0,55.0,771.0,2891.0,38.0,4126.0,54.2,3480.0,2709.0,7607.0,1235.0,29.9,49.77218880991434,5487.0,5293,-194.0,-3.535629670129397,46.93336686359577,0.0,49.77218880991434,60.04,10.27,3178,Substantial Increase (>5pp),Amajuba District,IFP,29.9,49.6,6.5
52502017,4,6037,Newcastle,iec_kzn_kzn252___newcastle_ward_registration_2026_clean.csv,KZN252 - Newcastle,174.0,3.0,2603.0,339403.2923009517,153227.2841733339,15079.702936949912,243433.88290796083,264276.3965032232,507710.2794112632,27.3,0.604,21.2,49.6,24.8,11.4,85.0,83.0,77.0,80.0,55.0,771.0,2891.0,38.0,4126.0,54.2,3480.0,2709.0,7607.0,1235.0,29.9,48.6639260020555,5838.0,6037,199.0,3.4087016101404592,46.93336686359577,0.0,48.6639260020555,60.43,11.77,3648,Substantial Increase (>5pp),Amajuba District,ANC,29.9,49.6,6.5
52502018,4,6431,Newcastle,iec_kzn_kzn252___newcastle_ward_registration_2026_clean.csv,KZN252 - Newcastle,174.0,3.0,2603.0,339403.2923009517,153227.2841733339,15079.702936949912,243433.88290796083,264276.3965032232,507710.2794112632,27.3,0.604,21.2,49.6,24.8,11.4,85.0,83.0,77.0,80.0,55.0,771.0,2891.0,38.0,4126.0,54.2,3480.0,2709.0,7607.0,1235.0,29.9,52.51452282157676,6025.0,6431,406.0,6.738589211618256,46.93336686359577,0.0,52.51452282157676,62.23,9.72,4002,Substantial Increase (>5pp),Amajuba District,IFP,29.9,49.6,6.5
52502019,4,7283,Newcastle,iec_kzn_kzn252___newcastle_ward_registration_2026_clean.csv,KZN252 - Newcastle,174.0,3.0,2603.0,339403.2923009517,153227.2841733339,15079.702936949912,243433.88290796083,264276.3965032232,507710.2794112632,27.3,0.604,21.2,49.6,24.8,11.4,85.0,83.0,77.0,80.0,55.0,771.0,2891.0,38.0,4126.0,54.2,3480.0,2709.0,7607.0,1235.0,29.9,45.80634162973065,5866.0,7283,1417.0,24.15615410842141,46.93336686359577,1.0,45.80634162973065,55.01,9.2,4006,Substantial Increase (>5pp),Amajuba District,ANC,29.9,49.6,6.5
52502020,3,6207,Newcastle,iec_kzn_kzn252___newcastle_ward_registration_2026_clean.csv,KZN252 - Newcastle,174.0,3.0,2603.0,339403.2923009517,153227.2841733339,15079.702936949912,243433.88290796083,264276.3965032232,507710.2794112632,27.3,0.604,21.2,49.6,24.8,11.4,85.0,83.0,77.0,80.0,55.0,771.0,2891.0,38.0,4126.0,54.2,3480.0,2709.0,7607.0,1235.0,29.9,45.05347593582888,4488.0,6207,1719.0,38.30213903743315,46.93336686359577,1.0,45.05347593582888,55.26,10.21,3430,Substantial Increase (>5pp),Amajuba District,ANC,29.9,49.6,6.5
52502021,6,5290,Newcastle,iec_kzn_kzn252___newcastle_ward_registration_2026_clean.csv,KZN252 - Newcastle,174.0,3.0,2603.0,339403.2923009517,153227.2841733339,15079.702936949912,243433.88290796083,264276.3965032232,507710.2794112632,27.3,0.604,21.2,49.6,24.8,11.4,85.0,83.0,77.0,80.0,55.0,771.0,2891.0,38.0,4126.0,54.2,3480.0,2709.0,7607.0,1235.0,29.9,46.181242580134544,5054.0,5290,236.0,4.669568658488326,46.93336686359577,1.0,46.181242580134544,59.45,13.27,3145,Substantial Increase (>5pp),Amajuba District,ANC,29.9,49.6,6.5
52502022,3,4888,Newcastle,iec_kzn_kzn252___newcastle_ward_registration_2026_clean.csv,KZN252 - Newcastle,174.0,3.0,2603.0,339403.2923009517,153227.2841733339,15079.702936949912,243433.88290796083,264276.3965032232,507710.2794112632,27.3,0.604,21.2,49.6,24.8,11.4,85.0,83.0,77.0,80.0,55.0,771.0,2891.0,38.0,4126.0,54.2,3480.0,2709.0,7607.0,1235.0,29.9,37.37742741780427,5201.0,4888,-313.0,-6.018073447413959,46.93336686359577,1.0,37.37742741780427,59.58,22.2,2912,Substantial Increase (>5pp),Amajuba District,ANC,29.9,49.6,6.5
52502023,4,6148,Newcastle,iec_kzn_kzn252___newcastle_ward_registration_2026_clean.csv,KZN252 - Newcastle,174.0,3.0,2603.0,339403.2923009517,153227.2841733339,15079.702936949912,243433.88290796083,264276.3965032232,507710.2794112632,27.3,0.604,21.2,49.6,24.8,11.4,85.0,83.0,77.0,80.0,55.0,771.0,2891.0,38.0,4126.0,54.2,3480.0,2709.0,7607.0,1235.0,29.9,42.260093325218094,4929.0,6148,1219.0,24.731182795698924,46.93336686359577,1.0,42.260093325218094,55.98,13.72,3442,Substantial Increase (>5pp),Amajuba District,ANC,29.9,49.6,6.5
52502024,4,7057,Newcastle,iec_kzn_kzn252___newcastle_ward_registration_2026_clean.csv,KZN252 - Newcastle,174.0,3.0,2603.0,339403.2923009517,153227.2841733339,15079.702936949912,243433.88290796083,264276.3965032232,507710.2794112632,27.3,0.604,21.2,49.6,24.8,11.4,85.0,83.0,77.0,80.0,55.0,771.0,2891.0,38.0,4126.0,54.2,3480.0,2709.0,7607.0,1235.0,29.9,38.30076465590484,5885.0,7057,1172.0,19.915038232795244,46.93336686359577,1.0,38.30076465590484,56.46,18.16,3984,Substantial Increase (>5pp),Amajuba District,ANC,29.9,49.6,6.5
52502025,3,5882,Newcastle,iec_kzn_kzn252___newcastle_ward_registration_2026_clean.csv,KZN252 - Newcastle,174.0,3.0,2603.0,339403.2923009517,153227.2841733339,15079.702936949912,243433.88290796083,264276.3965032232,507710.2794112632,27.3,0.604,21.2,49.6,24.8,11.4,85.0,83.0,77.0,80.0,55.0,771.0,2891.0,38.0,4126.0,54.2,3480.0,2709.0,7607.0,1235.0,29.9,41.09024278515804,4366.0,5882,1516.0,34.72285845167201,46.93336686359577,1.0,41.09024278515804,56.38,15.29,3316,Substantial Increase (>5pp),Amajuba District,Other,29.9,49.6,6.5
52502026,4,5889,Newcastle,iec_kzn_kzn252___newcastle_ward_registration_2026_clean.csv,KZN252 - Newcastle,174.0,3.0,2603.0,339403.2923009517,153227.2841733339,15079.702936949912,243433.88290796083,264276.3965032232,507710.2794112632,27.3,0.604,21.2,49.6,24.8,11.4,85.0,83.0,77.0,80.0,55.0,771.0,2891.0,38.0,4126.0,54.2,3480.0,2709.0,7607.0,1235.0,29.9,37.58603323820715,5957.0,5889,-68.0,-1.141514184992446,46.93336686359577,1.0,37.58603323820715,59.71,22.12,3516,Substantial Increase (>5pp),Amajuba District,ANC,29.9,49.6,6.5
52502027,4,6065,Newcastle,iec_kzn_kzn252___newcastle_ward_registration_2026_clean.csv,KZN252 - Newcastle,174.0,3.0,2603.0,339403.2923009517,153227.2841733339,15079.702936949912,243433.88290796083,264276.3965032232,507710.2794112632,27.3,0.604,21.2,49.6,24.8,11.4,85.0,83.0,77.0,80.0,55.0,771.0,2891.0,38.0,4126.0,54.2,3480.0,2709.0,7607.0,1235.0,29.9,42.18618009798952,5919.0,6065,146.0,2.466632877175199,46.93336686359577,1.0,42.18618009798952,59.58,17.39,3614,Substantial Increase (>5pp),Amajuba District,ANC,29.9,49.6,6.5
52502028,4,6794,Newcastle,iec_kzn_kzn252___newcastle_ward_registration_2026_clean.csv,KZN252 - Newcastle,174.0,3.0,2603.0,339403.2923009517,153227.2841733339,15079.702936949912,243433.88290796083,264276.3965032232,507710.2794112632,27.3,0.604,21.2,49.6,24.8,11.4,85.0,83.0,77.0,80.0,55.0,771.0,2891.0,38.0,4126.0,54.2,3480.0,2709.0,7607.0,1235.0,29.9,36.978390461997016,5368.0,6794,1426.0,26.56482861400894,46.93336686359577,1.0,36.978390461997016,56.46,19.48,3836,Substantial Increase (>5pp),Amajuba District,Other,29.9,49.6,6.5
52502029,3,4484,Newcastle,iec_kzn_kzn252___newcastle_ward_registration_2026_clean.csv,KZN252 - Newcastle,174.0,3.0,2603.0,339403.2923009517,153227.2841733339,15079.702936949912,243433.88290796083,264276.3965032232,507710.2794112632,27.3,0.604,21.2,49.6,24.8,11.4,85.0,83.0,77.0,80.0,55.0,771.0,2891.0,38.0,4126.0,54.2,3480.0,2709.0,7607.0,1235.0,29.9,41.98884758364312,5380.0,4484,-896.0,-16.654275092936803,46.93336686359577,1.0,41.98884758364312,59.48,17.49,2667,Substantial Increase (>5pp),Amajuba District,ANC,29.9,49.6,6.5
52502030,4,5451,Newcastle,iec_kzn_kzn252___newcastle_ward_registration_2026_clean.csv,KZN252 - Newcastle,174.0,3.0,2603.0,339403.2923009517,153227.2841733339,15079.702936949912,243433.88290796083,264276.3965032232,507710.2794112632,27.3,0.604,21.2,49.6,24.8,11.4,85.0,83.0,77.0,80.0,55.0,771.0,2891.0,38.0,4126.0,54.2,3480.0,2709.0,7607.0,1235.0,29.9,46.73505622410732,5069.0,5451,382.0,7.536003156441112,46.93336686359577,1.0,46.73505622410732,56.14,9.4,3060,Substantial Increase (>5pp),Amajuba District,ANC,29.9,49.6,6.5
52502031,3,5818,Newcastle,iec_kzn_kzn252___newcastle_ward_registration_2026_clean.csv,KZN252 - Newcastle,174.0,3.0,2603.0,339403.2923009517,153227.2841733339,15079.702936949912,243433.88290796083,264276.3965032232,507710.2794112632,27.3,0.604,21.2,49.6,24.8,11.4,85.0,83.0,77.0,80.0,55.0,771.0,2891.0,38.0,4126.0,54.2,3480.0,2709.0,7607.0,1235.0,29.9,43.38022740412411,5189.0,5818,629.0,12.12179610714974,46.93336686359577,1.0,43.38022740412411,55.38,12.0,3222,Substantial Increase (>5pp),Amajuba District,Other,29.9,49.6,6.5
52502032,3,4742,Newcastle,iec_kzn_kzn252___newcastle_ward_registration_2026_clean.csv,KZN252 - Newcastle,174.0,3.0,2603.0,339403.2923009517,153227.2841733339,15079.702936949912,243433.88290796083,264276.3965032232,507710.2794112632,27.3,0.604,21.2,49.6,24.8,11.4,85.0,83.0,77.0,80.0,55.0,771.0,2891.0,38.0,4126.0,54.2,3480.0,2709.0,7607.0,1235.0,29.9,44.138044914134746,6056.0,4742,-1314.0,-21.69749009247028,46.93336686359577,1.0,44.138044914134746,59.61,15.47,2827,Substantial Increase (>5pp),Amajuba District,IFP,29.9,49.6,6.5
52502033,3,5096,Newcastle,iec_kzn_kzn252___newcastle_ward_registration_2026_clean.csv,KZN252 - Newcastle,174.0,3.0,2603.0,339403.2923009517,153227.2841733339,15079.702936949912,243433.88290796083,264276.3965032232,507710.2794112632,27.3,0.604,21.2,49.6,24.8,11.4,85.0,83.0,77.0,80.0,55.0,771.0,2891.0,38.0,4126.0,54.2,3480.0,2709.0,7607.0,1235.0,29.9,45.02116982907323,6377.0,5096,-1281.0,-20.08781558726674,46.93336686359577,1.0,45.02116982907323,59.41,14.39,3028,Substantial Increase (>5pp),Amajuba District,IFP,29.9,49.6,6.5
52502034,2,5111,Newcastle,iec_kzn_kzn252___newcastle_ward_registration_2026_clean.csv,KZN252 - Newcastle,174.0,3.0,2603.0,339403.2923009517,153227.2841733339,15079.702936949912,243433.88290796083,264276.3965032232,507710.2794112632,27.3,0.604,21.2,49.6,24.8,11.4,85.0,83.0,77.0,80.0,55.0,771.0,2891.0,38.0,4126.0,54.2,3480.0,2709.0,7607.0,1235.0,29.9,46.643658326143225,5795.0,5111,-684.0,-11.80327868852459,46.93336686359577,1.0,46.643658326143225,59.63,12.99,3048,Substantial Increase (>5pp),Amajuba District,DA,29.9,49.6,6.5
52502035,6,6993,Newcastle,iec_kzn_kzn252___newcastle_ward_registration_2026_clean.csv,,,,,,,,,,,,,,,,,,,,,,,,,,,,,,,,50.41896097677759,,6993,491.0,10.149511213341,46.93336686359577,0.0,50.41896097677759,60.33,9.91,4219,Substantial Increase (>5pp),Amajuba District,ANC,33.1,42.5,6.8
52502036,3,4902,Newcastle,iec_kzn_kzn252___newcastle_ward_registration_2026_clean.csv,,,,,,,,,,,,,,,,,,,,,,,,,,,,,,,,50.41896097677759,,4902,491.0,10.149511213341,46.93336686359577,0.0,50.41896097677759,60.33,9.91,2957,Substantial Increase (>5pp),Amajuba District,ANC,33.1,42.5,6.8
52503001,6,2827,Emadlangeni,iec_kzn_kzn253___emadlangeni_ward_registration_2026_clean.csv,KZN253 - eMadlangeni,0.0,0.0,230.0,10332.403968500032,4093.922612349978,22521.309360299885,18188.93741613009,18758.69852502013,36947.63594115146,27.3,0.604,21.2,49.6,24.8,11.4,85.0,83.0,77.0,80.0,55.0,771.0,2891.0,38.0,4126.0,54.2,3480.0,2709.0,7607.0,1235.0,29.9,47.82608695652174,2484.0,2827,343.0,13.808373590982288,46.93336686359577,0.0,47.82608695652174,60.18,12.35,1701,Substantial Increase (>5pp),Amajuba District,ANC,29.9,49.6,5.4
52503002,3,2799,Emadlangeni,iec_kzn_kzn253___emadlangeni_ward_registration_2026_clean.csv,KZN253 - eMadlangeni,0.0,0.0,230.0,10332.403968500032,4093.922612349978,22521.309360299885,18188.93741613009,18758.69852502013,36947.63594115146,27.3,0.604,21.2,49.6,24.8,11.4,85.0,83.0,77.0,80.0,55.0,771.0,2891.0,38.0,4126.0,54.2,3480.0,2709.0,7607.0,1235.0,29.9,49.06576980568012,2676.0,2799,123.0,4.596412556053812,46.93336686359577,0.0,49.06576980568012,60.36,11.29,1689,Substantial Increase (>5pp),Amajuba District,DA,29.9,49.6,5.4
52503003,4,3204,Emadlangeni,iec_kzn_kzn253___emadlangeni_ward_registration_2026_clean.csv,KZN253 - eMadlangeni,0.0,0.0,230.0,10332.403968500032,4093.922612349978,22521.309360299885,18188.93741613009,18758.69852502013,36947.63594115146,27.3,0.604,21.2,49.6,24.8,11.4,85.0,83.0,77.0,80.0,55.0,771.0,2891.0,38.0,4126.0,54.2,3480.0,2709.0,7607.0,1235.0,29.9,53.22108345534407,2732.0,3204,472.0,17.276720351390924,46.93336686359577,0.0,53.22108345534407,64.25,11.03,2059,Substantial Increase (>5pp),Amajuba District,IFP,29.9,49.6,5.4
52503004,6,2673,Emadlangeni,iec_kzn_kzn253___emadlangeni_ward_registration_2026_clean.csv,KZN253 - eMadlangeni,0.0,0.0,230.0,10332.403968500032,4093.922612349978,22521.309360299885,18188.93741613009,18758.69852502013,36947.63594115146,27.3,0.604,21.2,49.6,24.8,11.4,85.0,83.0,77.0,80.0,55.0,771.0,2891.0,38.0,4126.0,54.2,3480.0,2709.0,7607.0,1235.0,29.9,52.575697994494696,2543.0,2673,130.0,5.112072355485647,46.93336686359577,0.0,52.575697994494696,62.09,9.51,1660,Substantial Increase (>5pp),Amajuba District,ANC,29.9,49.6,5.4
52503005,4,3294,Emadlangeni,iec_kzn_kzn253___emadlangeni_ward_registration_2026_clean.csv,KZN253 - eMadlangeni,0.0,0.0,230.0,10332.403968500032,4093.922612349978,22521.309360299885,18188.93741613009,18758.69852502013,36947.63594115146,27.3,0.604,21.2,49.6,24.8,11.4,85.0,83.0,77.0,80.0,55.0,771.0,2891.0,38.0,4126.0,54.2,3480.0,2709.0,7607.0,1235.0,29.9,63.45914558274575,2411.0,3294,883.0,36.623807548734966,46.93336686359577,0.0,63.45914558274575,67.07,3.61,2209,Moderate Increase (1-5pp),Amajuba District,IFP,29.9,49.6,5.4
52503006,9,2897,Emadlangeni,iec_kzn_kzn253___emadlangeni_ward_registration_2026_clean.csv,KZN253 - eMadlangeni,0.0,0.0,230.0,10332.403968500032,4093.922612349978,22521.309360299885,18188.93741613009,18758.69852502013,36947.63594115146,27.3,0.604,21.2,49.6,24.8,11.4,85.0,83.0,77.0,80.0,55.0,771.0,2891.0,38.0,4126.0,54.2,3480.0,2709.0,7607.0,1235.0,29.9,49.93097100782329,2173.0,2897,724.0,33.31799355729406,46.93336686359577,0.0,49.93097100782329,60.33,10.4,1748,Substantial Increase (>5pp),Amajuba District,IFP,29.9,49.6,5.4
52504001,8,4743,Dannhauser,iec_kzn_kzn254___dannhauser_ward_registration_2026_clean.csv,KZN254 - Dannhauser,11.0,1.0,690.0,13574.565698149978,116829.0335896601,12346.39258988994,68838.50678425145,73911.48509345553,142749.99187769476,27.3,0.604,21.2,49.6,24.8,11.4,85.0,83.0,77.0,80.0,55.0,771.0,2891.0,38.0,4126.0,54.2,3480.0,2709.0,7607.0,1235.0,29.9,39.46713147410358,4016.0,4743,727.0,18.102589641434264,46.93336686359577,1.0,39.46713147410358,56.54,17.07,2682,Substantial Increase (>5pp),Amajuba District,ANC,29.9,49.6,7.4
52504002,4,4891,Dannhauser,iec_kzn_kzn254___dannhauser_ward_registration_2026_clean.csv,KZN254 - Dannhauser,11.0,1.0,690.0,13574.565698149978,116829.0335896601,12346.39258988994,68838.50678425145,73911.48509345553,142749.99187769476,27.3,0.604,21.2,49.6,24.8,11.4,85.0,83.0,77.0,80.0,55.0,771.0,2891.0,38.0,4126.0,54.2,3480.0,2709.0,7607.0,1235.0,29.9,47.95646379386939,4502.0,4891,389.0,8.640604175921812,46.93336686359577,0.0,47.95646379386939,60.18,12.22,2943,Substantial Increase (>5pp),Amajuba District,ANC,29.9,49.6,7.4
52504003,4,4049,Dannhauser,iec_kzn_kzn254___dannhauser_ward_registration_2026_clean.csv,KZN254 - Dannhauser,11.0,1.0,690.0,13574.565698149978,116829.0335896601,12346.39258988994,68838.50678425145,73911.48509345553,142749.99187769476,27.3,0.604,21.2,49.6,24.8,11.4,85.0,83.0,77.0,80.0,55.0,771.0,2891.0,38.0,4126.0,54.2,3480.0,2709.0,7607.0,1235.0,29.9,54.65367965367965,3696.0,4049,353.0,9.550865800865802,46.93336686359577,0.0,54.65367965367965,63.84,9.19,2585,Substantial Increase (>5pp),Amajuba District,IFP,29.9,49.6,7.4
52504004,5,3958,Dannhauser,iec_kzn_kzn254___dannhauser_ward_registration_2026_clean.csv,KZN254 - Dannhauser,11.0,1.0,690.0,13574.565698149978,116829.0335896601,12346.39258988994,68838.50678425145,73911.48509345553,142749.99187769476,27.3,0.604,21.2,49.6,24.8,11.4,85.0,83.0,77.0,80.0,55.0,771.0,2891.0,38.0,4126.0,54.2,3480.0,2709.0,7607.0,1235.0,29.9,38.21161587119034,3478.0,3958,480.0,13.80103507763082,46.93336686359577,1.0,38.21161587119034,56.47,18.26,2235,Substantial Increase (>5pp),Amajuba District,ANC,29.9,49.6,7.4
52504005,5,5589,Dannhauser,iec_kzn_kzn254___dannhauser_ward_registration_2026_clean.csv,KZN254 - Dannhauser,11.0,1.0,690.0,13574.565698149978,116829.0335896601,12346.39258988994,68838.50678425145,73911.48509345553,142749.99187769476,27.3,0.604,21.2,49.6,24.8,11.4,85.0,83.0,77.0,80.0,55.0,771.0,2891.0,38.0,4126.0,54.2,3480.0,2709.0,7607.0,1235.0,29.9,51.04166666666666,3360.0,5589,2229.0,66.33928571428571,46.93336686359577,0.0,51.04166666666666,60.7,9.66,3393,Substantial Increase (>5pp),Amajuba District,IFP,29.9,49.6,7.4
52504006,3,3852,Dannhauser,iec_kzn_kzn254___dannhauser_ward_registration_2026_clean.csv,KZN254 - Dannhauser,11.0,1.0,690.0,13574.565698149978,116829.0335896601,12346.39258988994,68838.50678425145,73911.48509345553,142749.99187769476,27.3,0.604,21.2,49.6,24.8,11.4,85.0,83.0,77.0,80.0,55.0,771.0,2891.0,38.0,4126.0,54.2,3480.0,2709.0,7607.0,1235.0,29.9,45.0795362631437,3709.0,3852,143.0,3.855486654084659,46.93336686359577,1.0,45.0795362631437,59.55,14.47,2294,Substantial Increase (>5pp),Amajuba District,IFP,29.9,49.6,7.4
52504007,5,4788,Dannhauser,iec_kzn_kzn254___dannhauser_ward_registration_2026_clean.csv,KZN254 - Dannhauser,11.0,1.0,690.0,13574.565698149978,116829.0335896601,12346.39258988994,68838.50678425145,73911.48509345553,142749.99187769476,27.3,0.604,21.2,49.6,24.8,11.4,85.0,83.0,77.0,80.0,55.0,771.0,2891.0,38.0,4126.0,54.2,3480.0,2709.0,7607.0,1235.0,29.9,47.5,3880.0,4788,908.0,23.4020618556701,46.93336686359577,0.0,47.5,60.37,12.87,2891,Substantial Increase (>5pp),Amajuba District,IFP,29.9,49.6,7.4
52504008,6,4624,Dannhauser,iec_kzn_kzn254___dannhauser_ward_registration_2026_clean.csv,KZN254 - Dannhauser,11.0,1.0,690.0,13574.565698149978,116829.0335896601,12346.39258988994,68838.50678425145,73911.48509345553,142749.99187769476,27.3,0.604,21.2,49.6,24.8,11.4,85.0,83.0,77.0,80.0,55.0,771.0,2891.0,38.0,4126.0,54.2,3480.0,2709.0,7607.0,1235.0,29.9,48.23143001515917,3958.0,4624,666.0,16.826680141485596,46.93336686359577,0.0,48.23143001515917,60.24,12.01,2785,Substantial Increase (>5pp),Amajuba District,IFP,29.9,49.6,7.4
52504009,5,5671,Dannhauser,iec_kzn_kzn254___dannhauser_ward_registration_2026_clean.csv,KZN254 - Dannhauser,11.0,1.0,690.0,13574.565698149978,116829.0335896601,12346.39258988994,68838.50678425145,73911.48509345553,142749.99187769476,27.3,0.604,21.2,49.6,24.8,11.4,85.0,83.0,77.0,80.0,55.0,771.0,2891.0,38.0,4126.0,54.2,3480.0,2709.0,7607.0,1235.0,29.9,48.824061510628674,4422.0,5671,1249.0,28.24513794663048,46.93336686359577,0.0,48.824061510628674,60.64,11.82,3439,Substantial Increase (>5pp),Amajuba District,IFP,29.9,49.6,7.4
52504010,5,3694,Dannhauser,iec_kzn_kzn254___dannhauser_ward_registration_2026_clean.csv,KZN254 - Dannhauser,11.0,1.0,690.0,13574.565698149978,116829.0335896601,12346.39258988994,68838.50678425145,73911.48509345553,142749.99187769476,27.3,0.604,21.2,49.6,24.8,11.4,85.0,83.0,77.0,80.0,55.0,771.0,2891.0,38.0,4126.0,54.2,3480.0,2709.0,7607.0,1235.0,29.9,49.4111992309541,4161.0,3694,-467.0,-11.223263638548426,46.93336686359577,0.0,49.4111992309541,60.11,10.7,2220,Substantial Increase (>5pp),Amajuba District,ANC,29.9,49.6,7.4
52504011,3,3379,Dannhauser,iec_kzn_kzn254___dannhauser_ward_registration_2026_clean.csv,KZN254 - Dannhauser,11.0,1.0,690.0,13574.565698149978,116829.0335896601,12346.39258988994,68838.50678425145,73911.48509345553,142749.99187769476,27.3,0.604,21.2,49.6,24.8,11.4,85.0,83.0,77.0,80.0,55.0,771.0,2891.0,38.0,4126.0,54.2,3480.0,2709.0,7607.0,1235.0,29.9,49.07175112895133,3986.0,3379,-607.0,-15.228299046663322,46.93336686359577,0.0,49.07175112895133,60.2,11.13,2034,Substantial Increase (>5pp),Amajuba District,ANC,29.9,49.6,7.4
52504012,4,3817,Dannhauser,iec_kzn_kzn254___dannhauser_ward_registration_2026_clean.csv,KZN254 - Dannhauser,11.0,1.0,690.0,13574.565698149978,116829.0335896601,12346.39258988994,68838.50678425145,73911.48509345553,142749.99187769476,27.3,0.604,21.2,49.6,24.8,11.4,85.0,83.0,77.0,80.0,55.0,771.0,2891.0,38.0,4126.0,54.2,3480.0,2709.0,7607.0,1235.0,29.9,47.78481012658228,3792.0,3817,25.0,0.6592827004219409,46.93336686359577,0.0,47.78481012658228,60.05,12.27,2292,Substantial Increase (>5pp),Amajuba District,ANC,29.9,49.6,7.4
52504013,6,4130,Dannhauser,iec_kzn_kzn254___dannhauser_ward_registration_2026_clean.csv,KZN254 - Dannhauser,11.0,1.0,690.0,13574.565698149978,116829.0335896601,12346.39258988994,68838.50678425145,73911.48509345553,142749.99187769476,27.3,0.604,21.2,49.6,24.8,11.4,85.0,83.0,77.0,80.0,55.0,771.0,2891.0,38.0,4126.0,54.2,3480.0,2709.0,7607.0,1235.0,29.9,44.85795454545455,3520.0,4130,610.0,17.329545454545457,46.93336686359577,1.0,44.85795454545455,55.61,10.75,2297,Substantial Increase (>5pp),Amajuba District,IFP,29.9,49.6,7.4
52601001,8,3692,Edumbe,iec_kzn_kzn261___edumbe_ward_registration_2026_clean.csv,KZN261 - eDumbe,4.0,0.0,60.0,31878.24626593895,46249.26228550044,18607.74341251005,45519.46989060029,51215.782073353264,96735.251963954,27.3,0.604,21.2,49.6,24.8,11.4,85.0,83.0,77.0,80.0,55.0,771.0,2891.0,38.0,4126.0,54.2,3480.0,2709.0,7607.0,1235.0,29.9,63.96028037383178,3424.0,3692,268.0,7.827102803738317,46.93336686359577,0.0,63.96028037383178,66.35,2.39,2450,Moderate Increase (1-5pp),Zululand District,ANC,29.9,49.6,6.7
52601002,3,4579,Edumbe,iec_kzn_kzn261___edumbe_ward_registration_2026_clean.csv,KZN261 - eDumbe,4.0,0.0,60.0,31878.24626593895,46249.26228550044,18607.74341251005,45519.46989060029,51215.782073353264,96735.251963954,27.3,0.604,21.2,49.6,24.8,11.4,85.0,83.0,77.0,80.0,55.0,771.0,2891.0,38.0,4126.0,54.2,3480.0,2709.0,7607.0,1235.0,29.9,55.23242500572475,4367.0,4579,212.0,4.854591252576139,46.93336686359577,0.0,55.23242500572475,63.53,8.3,2909,Substantial Increase (>5pp),Zululand District,NFP,29.9,49.6,6.7
52601003,3,5294,Edumbe,iec_kzn_kzn261___edumbe_ward_registration_2026_clean.csv,KZN261 - eDumbe,4.0,0.0,60.0,31878.24626593895,46249.26228550044,18607.74341251005,45519.46989060029,51215.782073353264,96735.251963954,27.3,0.604,21.2,49.6,24.8,11.4,85.0,83.0,77.0,80.0,55.0,771.0,2891.0,38.0,4126.0,54.2,3480.0,2709.0,7607.0,1235.0,29.9,52.82258064516129,4216.0,5294,1078.0,25.569259962049333,46.93336686359577,0.0,52.82258064516129,63.41,10.59,3357,Substantial Increase (>5pp),Zululand District,ANC,29.9,49.6,6.7
52601004,6,5077,Edumbe,iec_kzn_kzn261___edumbe_ward_registration_2026_clean.csv,KZN261 - eDumbe,4.0,0.0,60.0,31878.24626593895,46249.26228550044,18607.74341251005,45519.46989060029,51215.782073353264,96735.251963954,27.3,0.604,21.2,49.6,24.8,11.4,85.0,83.0,77.0,80.0,55.0,771.0,2891.0,38.0,4126.0,54.2,3480.0,2709.0,7607.0,1235.0,29.9,52.91342297711724,4239.0,5077,838.0,19.768813399386648,46.93336686359577,0.0,52.91342297711724,63.52,10.61,3225,Substantial Increase (>5pp),Zululand District,NFP,29.9,49.6,6.7
52601005,8,4555,Edumbe,iec_kzn_kzn261___edumbe_ward_registration_2026_clean.csv,KZN261 - eDumbe,4.0,0.0,60.0,31878.24626593895,46249.26228550044,18607.74341251005,45519.46989060029,51215.782073353264,96735.251963954,27.3,0.604,21.2,49.6,24.8,11.4,85.0,83.0,77.0,80.0,55.0,771.0,2891.0,38.0,4126.0,54.2,3480.0,2709.0,7607.0,1235.0,29.9,58.515376458112414,4715.0,4555,-160.0,-3.3934252386002126,46.93336686359577,0.0,58.515376458112414,63.6,5.08,2897,Substantial Increase (>5pp),Zululand District,IFP,29.9,49.6,6.7
52601006,13,4853,Edumbe,iec_kzn_kzn261___edumbe_ward_registration_2026_clean.csv,KZN261 - eDumbe,4.0,0.0,60.0,31878.24626593895,46249.26228550044,18607.74341251005,45519.46989060029,51215.782073353264,96735.251963954,27.3,0.604,21.2,49.6,24.8,11.4,85.0,83.0,77.0,80.0,55.0,771.0,2891.0,38.0,4126.0,54.2,3480.0,2709.0,7607.0,1235.0,29.9,56.921995783555865,4269.0,4853,584.0,13.6800187397517,46.93336686359577,0.0,56.921995783555865,65.0,8.08,3154,Substantial Increase (>5pp),Zululand District,NFP,29.9,49.6,6.7
52601007,10,3850,Edumbe,iec_kzn_kzn261___edumbe_ward_registration_2026_clean.csv,KZN261 - eDumbe,4.0,0.0,60.0,31878.24626593895,46249.26228550044,18607.74341251005,45519.46989060029,51215.782073353264,96735.251963954,27.3,0.604,21.2,49.6,24.8,11.4,85.0,83.0,77.0,80.0,55.0,771.0,2891.0,38.0,4126.0,54.2,3480.0,2709.0,7607.0,1235.0,29.9,51.63414634146341,4100.0,3850,-250.0,-6.097560975609756,46.93336686359577,0.0,51.63414634146341,60.44,8.81,2327,Substantial Increase (>5pp),Zululand District,IFP,29.9,49.6,6.7
52601008,4,3894,Edumbe,iec_kzn_kzn261___edumbe_ward_registration_2026_clean.csv,KZN261 - eDumbe,4.0,0.0,60.0,31878.24626593895,46249.26228550044,18607.74341251005,45519.46989060029,51215.782073353264,96735.251963954,27.3,0.604,21.2,49.6,24.8,11.4,85.0,83.0,77.0,80.0,55.0,771.0,2891.0,38.0,4126.0,54.2,3480.0,2709.0,7607.0,1235.0,29.9,60.84774121583938,3586.0,3894,308.0,8.588957055214724,46.93336686359577,0.0,60.84774121583938,65.56,4.71,2553,Moderate Increase (1-5pp),Zululand District,NFP,29.9,49.6,6.7
52601009,10,3920,Edumbe,iec_kzn_kzn261___edumbe_ward_registration_2026_clean.csv,KZN261 - eDumbe,4.0,0.0,60.0,31878.24626593895,46249.26228550044,18607.74341251005,45519.46989060029,51215.782073353264,96735.251963954,27.3,0.604,21.2,49.6,24.8,11.4,85.0,83.0,77.0,80.0,55.0,771.0,2891.0,38.0,4126.0,54.2,3480.0,2709.0,7607.0,1235.0,29.9,60.58913153885221,3938.0,3920,-18.0,-0.4570848146267141,46.93336686359577,0.0,60.58913153885221,64.6,4.01,2532,Moderate Increase (1-5pp),Zululand District,NFP,29.9,49.6,6.7
52601010,3,4894,Edumbe,iec_kzn_kzn261___edumbe_ward_registration_2026_clean.csv,KZN261 - eDumbe,4.0,0.0,60.0,31878.24626593895,46249.26228550044,18607.74341251005,45519.46989060029,51215.782073353264,96735.251963954,27.3,0.604,21.2,49.6,24.8,11.4,85.0,83.0,77.0,80.0,55.0,771.0,2891.0,38.0,4126.0,54.2,3480.0,2709.0,7607.0,1235.0,29.9,57.12682379349046,3564.0,4894,1330.0,37.317620650953984,46.93336686359577,0.0,57.12682379349046,65.37,8.24,3199,Substantial Increase (>5pp),Zululand District,MK,29.9,49.6,6.7
52602001,10,4248,Uphongolo,iec_kzn_kzn262___uphongolo_ward_registration_2026_clean.csv,KZN262 - uPhongolo,3.0,1.0,279.0,22112.539650588977,112261.76666650058,17166.286174689878,71269.22096095176,80271.37153083626,151540.592491773,27.3,0.604,21.2,49.6,24.8,11.4,85.0,83.0,77.0,80.0,55.0,771.0,2891.0,38.0,4126.0,54.2,3480.0,2709.0,7607.0,1235.0,29.9,54.73470423965473,3939.0,4248,309.0,7.844630616907845,46.93336686359577,0.0,54.73470423965473,63.76,9.03,2709,Substantial Increase (>5pp),Zululand District,IFP,29.9,49.6,7.2
52602002,3,5555,Uphongolo,iec_kzn_kzn262___uphongolo_ward_registration_2026_clean.csv,KZN262 - uPhongolo,3.0,1.0,279.0,22112.539650588977,112261.76666650058,17166.286174689878,71269.22096095176,80271.37153083626,151540.592491773,27.3,0.604,21.2,49.6,24.8,11.4,85.0,83.0,77.0,80.0,55.0,771.0,2891.0,38.0,4126.0,54.2,3480.0,2709.0,7607.0,1235.0,29.9,51.76470588235295,4335.0,5555,1220.0,28.143021914648216,46.93336686359577,0.0,51.76470588235295,60.76,9.0,3375,Substantial Increase (>5pp),Zululand District,MK,29.9,49.6,7.2
52602003,7,4944,Uphongolo,iec_kzn_kzn262___uphongolo_ward_registration_2026_clean.csv,KZN262 - uPhongolo,3.0,1.0,279.0,22112.539650588977,112261.76666650058,17166.286174689878,71269.22096095176,80271.37153083626,151540.592491773,27.3,0.604,21.2,49.6,24.8,11.4,85.0,83.0,77.0,80.0,55.0,771.0,2891.0,38.0,4126.0,54.2,3480.0,2709.0,7607.0,1235.0,29.9,55.78635014836796,4044.0,4944,900.0,22.25519287833828,46.93336686359577,0.0,55.78635014836796,64.54,8.75,3191,Substantial Increase (>5pp),Zululand District,IFP,29.9,49.6,7.2
52602004,4,4591,Uphongolo,iec_kzn_kzn262___uphongolo_ward_registration_2026_clean.csv,KZN262 - uPhongolo,3.0,1.0,279.0,22112.539650588977,112261.76666650058,17166.286174689878,71269.22096095176,80271.37153083626,151540.592491773,27.3,0.604,21.2,49.6,24.8,11.4,85.0,83.0,77.0,80.0,55.0,771.0,2891.0,38.0,4126.0,54.2,3480.0,2709.0,7607.0,1235.0,29.9,52.24295355299722,5038.0,4591,-447.0,-8.87256847955538,46.93336686359577,0.0,52.24295355299722,61.37,9.13,2817,Substantial Increase (>5pp),Zululand District,IFP,29.9,49.6,7.2
52602005,3,4306,Uphongolo,iec_kzn_kzn262___uphongolo_ward_registration_2026_clean.csv,KZN262 - uPhongolo,3.0,1.0,279.0,22112.539650588977,112261.76666650058,17166.286174689878,71269.22096095176,80271.37153083626,151540.592491773,27.3,0.604,21.2,49.6,24.8,11.4,85.0,83.0,77.0,80.0,55.0,771.0,2891.0,38.0,4126.0,54.2,3480.0,2709.0,7607.0,1235.0,29.9,53.09973045822103,3710.0,4306,596.0,16.064690026954178,46.93336686359577,0.0,53.09973045822103,64.07,10.97,2759,Substantial Increase (>5pp),Zululand District,IFP,29.9,49.6,7.2
52602006,7,4967,Uphongolo,iec_kzn_kzn262___uphongolo_ward_registration_2026_clean.csv,KZN262 - uPhongolo,3.0,1.0,279.0,22112.539650588977,112261.76666650058,17166.286174689878,71269.22096095176,80271.37153083626,151540.592491773,27.3,0.604,21.2,49.6,24.8,11.4,85.0,83.0,77.0,80.0,55.0,771.0,2891.0,38.0,4126.0,54.2,3480.0,2709.0,7607.0,1235.0,29.9,62.3773173391494,4585.0,4967,382.0,8.331515812431842,46.93336686359577,0.0,62.3773173391494,66.17,3.79,3287,Moderate Increase (1-5pp),Zululand District,ANC,29.9,49.6,7.2
52602007,6,6003,Uphongolo,iec_kzn_kzn262___uphongolo_ward_registration_2026_clean.csv,KZN262 - uPhongolo,3.0,1.0,279.0,22112.539650588977,112261.76666650058,17166.286174689878,71269.22096095176,80271.37153083626,151540.592491773,27.3,0.604,21.2,49.6,24.8,11.4,85.0,83.0,77.0,80.0,55.0,771.0,2891.0,38.0,4126.0,54.2,3480.0,2709.0,7607.0,1235.0,29.9,49.584176219375145,4449.0,6003,1554.0,34.9291975724882,46.93336686359577,0.0,49.584176219375145,60.37,10.79,3624,Substantial Increase (>5pp),Zululand District,MK,29.9,49.6,7.2
52602008,7,5053,Uphongolo,iec_kzn_kzn262___uphongolo_ward_registration_2026_clean.csv,KZN262 - uPhongolo,3.0,1.0,279.0,22112.539650588977,112261.76666650058,17166.286174689878,71269.22096095176,80271.37153083626,151540.592491773,27.3,0.604,21.2,49.6,24.8,11.4,85.0,83.0,77.0,80.0,55.0,771.0,2891.0,38.0,4126.0,54.2,3480.0,2709.0,7607.0,1235.0,29.9,54.71132216945763,4001.0,5053,1052.0,26.293426643339163,46.93336686359577,0.0,54.71132216945763,64.31,9.6,3250,Substantial Increase (>5pp),Zululand District,MK,29.9,49.6,7.2
52602009,5,5740,Uphongolo,iec_kzn_kzn262___uphongolo_ward_registration_2026_clean.csv,KZN262 - uPhongolo,3.0,1.0,279.0,22112.539650588977,112261.76666650058,17166.286174689878,71269.22096095176,80271.37153083626,151540.592491773,27.3,0.604,21.2,49.6,24.8,11.4,85.0,83.0,77.0,80.0,55.0,771.0,2891.0,38.0,4126.0,54.2,3480.0,2709.0,7607.0,1235.0,29.9,50.37284144427001,5096.0,5740,644.0,12.637362637362637,46.93336686359577,0.0,50.37284144427001,60.29,9.92,3461,Substantial Increase (>5pp),Zululand District,IFP,29.9,49.6,7.2
52602010,4,5240,Uphongolo,iec_kzn_kzn262___uphongolo_ward_registration_2026_clean.csv,KZN262 - uPhongolo,3.0,1.0,279.0,22112.539650588977,112261.76666650058,17166.286174689878,71269.22096095176,80271.37153083626,151540.592491773,27.3,0.604,21.2,49.6,24.8,11.4,85.0,83.0,77.0,80.0,55.0,771.0,2891.0,38.0,4126.0,54.2,3480.0,2709.0,7607.0,1235.0,29.9,55.70212765957447,4700.0,5240,540.0,11.48936170212766,46.93336686359577,0.0,55.70212765957447,63.98,8.28,3353,Substantial Increase (>5pp),Zululand District,IFP,29.9,49.6,7.2
52602011,5,5661,Uphongolo,iec_kzn_kzn262___uphongolo_ward_registration_2026_clean.csv,KZN262 - uPhongolo,3.0,1.0,279.0,22112.539650588977,112261.76666650058,17166.286174689878,71269.22096095176,80271.37153083626,151540.592491773,27.3,0.604,21.2,49.6,24.8,11.4,85.0,83.0,77.0,80.0,55.0,771.0,2891.0,38.0,4126.0,54.2,3480.0,2709.0,7607.0,1235.0,29.9,58.59263778726866,4917.0,5661,744.0,15.13117754728493,46.93336686359577,0.0,58.59263778726866,65.3,6.71,3697,Substantial Increase (>5pp),Zululand District,MK,29.9,49.6,7.2
52602012,4,4519,Uphongolo,iec_kzn_kzn262___uphongolo_ward_registration_2026_clean.csv,KZN262 - uPhongolo,3.0,1.0,279.0,22112.539650588977,112261.76666650058,17166.286174689878,71269.22096095176,80271.37153083626,151540.592491773,27.3,0.604,21.2,49.6,24.8,11.4,85.0,83.0,77.0,80.0,55.0,771.0,2891.0,38.0,4126.0,54.2,3480.0,2709.0,7607.0,1235.0,29.9,51.50510204081633,3920.0,4519,599.0,15.28061224489796,46.93336686359577,0.0,51.50510204081633,60.68,9.17,2742,Substantial Increase (>5pp),Zululand District,IFP,29.9,49.6,7.2
52602013,4,4420,Uphongolo,iec_kzn_kzn262___uphongolo_ward_registration_2026_clean.csv,KZN262 - uPhongolo,3.0,1.0,279.0,22112.539650588977,112261.76666650058,17166.286174689878,71269.22096095176,80271.37153083626,151540.592491773,27.3,0.604,21.2,49.6,24.8,11.4,85.0,83.0,77.0,80.0,55.0,771.0,2891.0,38.0,4126.0,54.2,3480.0,2709.0,7607.0,1235.0,29.9,52.50721974271463,3809.0,4420,611.0,16.040955631399317,46.93336686359577,0.0,52.50721974271463,62.43,9.92,2759,Substantial Increase (>5pp),Zululand District,IFP,29.9,49.6,7.2
52602014,8,4198,Uphongolo,iec_kzn_kzn262___uphongolo_ward_registration_2026_clean.csv,KZN262 - uPhongolo,3.0,1.0,279.0,22112.539650588977,112261.76666650058,17166.286174689878,71269.22096095176,80271.37153083626,151540.592491773,27.3,0.604,21.2,49.6,24.8,11.4,85.0,83.0,77.0,80.0,55.0,771.0,2891.0,38.0,4126.0,54.2,3480.0,2709.0,7607.0,1235.0,29.9,50.33222591362127,4214.0,4198,-16.0,-0.3796867584242999,46.93336686359577,0.0,50.33222591362127,60.16,9.83,2526,Substantial Increase (>5pp),Zululand District,IFP,29.9,49.6,7.2
52602015,5,3912,Uphongolo,iec_kzn_kzn262___uphongolo_ward_registration_2026_clean.csv,KZN262 - uPhongolo,3.0,1.0,279.0,22112.539650588977,112261.76666650058,17166.286174689878,71269.22096095176,80271.37153083626,151540.592491773,27.3,0.604,21.2,49.6,24.8,11.4,85.0,83.0,77.0,80.0,55.0,771.0,2891.0,38.0,4126.0,54.2,3480.0,2709.0,7607.0,1235.0,29.9,58.63746958637469,3288.0,3912,624.0,18.97810218978102,46.93336686359577,0.0,58.63746958637469,65.3,6.66,2555,Substantial Increase (>5pp),Zululand District,IFP,29.9,49.6,7.2
52603001,7,4527,Abaqulusi,iec_kzn_kzn263___abaqulusi_ward_registration_2026_clean.csv,KZN263 - AbaQulusi,34.0,2.0,860.0,97064.57781907923,104588.62329538092,45609.656298894464,116369.12410344434,130893.73330992168,247262.8574133328,27.3,0.604,21.2,49.6,24.8,11.4,85.0,83.0,77.0,80.0,55.0,771.0,2891.0,38.0,4126.0,54.2,3480.0,2709.0,7607.0,1235.0,29.9,46.53821723480839,4723.0,4527,-196.0,-4.14990472157527,46.93336686359577,1.0,46.53821723480839,59.68,13.14,2702,Substantial Increase (>5pp),Zululand District,MK,29.9,49.6,6.6
52603002,9,3824,Abaqulusi,iec_kzn_kzn263___abaqulusi_ward_registration_2026_clean.csv,KZN263 - AbaQulusi,34.0,2.0,860.0,97064.57781907923,104588.62329538092,45609.656298894464,116369.12410344434,130893.73330992168,247262.8574133328,27.3,0.604,21.2,49.6,24.8,11.4,85.0,83.0,77.0,80.0,55.0,771.0,2891.0,38.0,4126.0,54.2,3480.0,2709.0,7607.0,1235.0,29.9,46.23430962343097,4302.0,3824,-478.0,-11.11111111111111,46.93336686359577,1.0,46.23430962343097,59.59,13.36,2279,Substantial Increase (>5pp),Zululand District,MK,29.9,49.6,6.6
52603003,7,5132,Abaqulusi,iec_kzn_kzn263___abaqulusi_ward_registration_2026_clean.csv,KZN263 - AbaQulusi,34.0,2.0,860.0,97064.57781907923,104588.62329538092,45609.656298894464,116369.12410344434,130893.73330992168,247262.8574133328,27.3,0.604,21.2,49.6,24.8,11.4,85.0,83.0,77.0,80.0,55.0,771.0,2891.0,38.0,4126.0,54.2,3480.0,2709.0,7607.0,1235.0,29.9,47.39034550355305,4081.0,5132,1051.0,25.75349179122764,46.93336686359577,0.0,47.39034550355305,60.41,13.02,3100,Substantial Increase (>5pp),Zululand District,IFP,29.9,49.6,6.6
52603004,6,4928,Abaqulusi,iec_kzn_kzn263___abaqulusi_ward_registration_2026_clean.csv,KZN263 - AbaQulusi,34.0,2.0,860.0,97064.57781907923,104588.62329538092,45609.656298894464,116369.12410344434,130893.73330992168,247262.8574133328,27.3,0.604,21.2,49.6,24.8,11.4,85.0,83.0,77.0,80.0,55.0,771.0,2891.0,38.0,4126.0,54.2,3480.0,2709.0,7607.0,1235.0,29.9,52.4859287054409,4264.0,4928,664.0,15.572232645403378,46.93336686359577,0.0,52.4859287054409,62.43,9.94,3077,Substantial Increase (>5pp),Zululand District,IFP,29.9,49.6,6.6
52603005,5,4696,Abaqulusi,iec_kzn_kzn263___abaqulusi_ward_registration_2026_clean.csv,KZN263 - AbaQulusi,34.0,2.0,860.0,97064.57781907923,104588.62329538092,45609.656298894464,116369.12410344434,130893.73330992168,247262.8574133328,27.3,0.604,21.2,49.6,24.8,11.4,85.0,83.0,77.0,80.0,55.0,771.0,2891.0,38.0,4126.0,54.2,3480.0,2709.0,7607.0,1235.0,29.9,43.48206474190726,4572.0,4696,124.0,2.712160979877515,46.93336686359577,1.0,43.48206474190726,59.64,16.16,2801,Substantial Increase (>5pp),Zululand District,IFP,29.9,49.6,6.6
52603006,7,5960,Abaqulusi,iec_kzn_kzn263___abaqulusi_ward_registration_2026_clean.csv,KZN263 - AbaQulusi,34.0,2.0,860.0,97064.57781907923,104588.62329538092,45609.656298894464,116369.12410344434,130893.73330992168,247262.8574133328,27.3,0.604,21.2,49.6,24.8,11.4,85.0,83.0,77.0,80.0,55.0,771.0,2891.0,38.0,4126.0,54.2,3480.0,2709.0,7607.0,1235.0,29.9,53.40635853593374,3743.0,5960,2217.0,59.23056371894202,46.93336686359577,0.0,53.40635853593374,65.0,11.59,3874,Substantial Increase (>5pp),Zululand District,IFP,29.9,49.6,6.6
52603007,5,4719,Abaqulusi,iec_kzn_kzn263___abaqulusi_ward_registration_2026_clean.csv,KZN263 - AbaQulusi,34.0,2.0,860.0,97064.57781907923,104588.62329538092,45609.656298894464,116369.12410344434,130893.73330992168,247262.8574133328,27.3,0.604,21.2,49.6,24.8,11.4,85.0,83.0,77.0,80.0,55.0,771.0,2891.0,38.0,4126.0,54.2,3480.0,2709.0,7607.0,1235.0,29.9,44.88479262672811,4340.0,4719,379.0,8.732718894009217,46.93336686359577,1.0,44.88479262672811,55.34,10.46,2611,Substantial Increase (>5pp),Zululand District,IFP,29.9,49.6,6.6
52603008,3,5309,Abaqulusi,iec_kzn_kzn263___abaqulusi_ward_registration_2026_clean.csv,KZN263 - AbaQulusi,34.0,2.0,860.0,97064.57781907923,104588.62329538092,45609.656298894464,116369.12410344434,130893.73330992168,247262.8574133328,27.3,0.604,21.2,49.6,24.8,11.4,85.0,83.0,77.0,80.0,55.0,771.0,2891.0,38.0,4126.0,54.2,3480.0,2709.0,7607.0,1235.0,29.9,44.20787545787546,4368.0,5309,941.0,21.543040293040296,46.93336686359577,1.0,44.20787545787546,55.96,11.75,2971,Substantial Increase (>5pp),Zululand District,IFP,29.9,49.6,6.6
52603009,3,4064,Abaqulusi,iec_kzn_kzn263___abaqulusi_ward_registration_2026_clean.csv,KZN263 - AbaQulusi,34.0,2.0,860.0,97064.57781907923,104588.62329538092,45609.656298894464,116369.12410344434,130893.73330992168,247262.8574133328,27.3,0.604,21.2,49.6,24.8,11.4,85.0,83.0,77.0,80.0,55.0,771.0,2891.0,38.0,4126.0,54.2,3480.0,2709.0,7607.0,1235.0,29.9,48.01615585649798,4209.0,4064,-145.0,-3.444998812069376,46.93336686359577,0.0,48.01615585649798,59.97,11.95,2437,Substantial Increase (>5pp),Zululand District,DA,29.9,49.6,6.6
52603010,3,4888,Abaqulusi,iec_kzn_kzn263___abaqulusi_ward_registration_2026_clean.csv,KZN263 - AbaQulusi,34.0,2.0,860.0,97064.57781907923,104588.62329538092,45609.656298894464,116369.12410344434,130893.73330992168,247262.8574133328,27.3,0.604,21.2,49.6,24.8,11.4,85.0,83.0,77.0,80.0,55.0,771.0,2891.0,38.0,4126.0,54.2,3480.0,2709.0,7607.0,1235.0,29.9,40.155512357678425,3601.0,4888,1287.0,35.74007220216607,46.93336686359577,1.0,40.155512357678425,56.86,16.7,2779,Substantial Increase (>5pp),Zululand District,ANC,29.9,49.6,6.6
52603011,3,3644,Abaqulusi,iec_kzn_kzn263___abaqulusi_ward_registration_2026_clean.csv,KZN263 - AbaQulusi,34.0,2.0,860.0,97064.57781907923,104588.62329538092,45609.656298894464,116369.12410344434,130893.73330992168,247262.8574133328,27.3,0.604,21.2,49.6,24.8,11.4,85.0,83.0,77.0,80.0,55.0,771.0,2891.0,38.0,4126.0,54.2,3480.0,2709.0,7607.0,1235.0,29.9,42.00398142003981,4521.0,3644,-877.0,-19.39836319398363,46.93336686359577,1.0,42.00398142003981,59.54,17.54,2170,Substantial Increase (>5pp),Zululand District,IFP,29.9,49.6,6.6
52603012,9,5273,Abaqulusi,iec_kzn_kzn263___abaqulusi_ward_registration_2026_clean.csv,KZN263 - AbaQulusi,34.0,2.0,860.0,97064.57781907923,104588.62329538092,45609.656298894464,116369.12410344434,130893.73330992168,247262.8574133328,27.3,0.604,21.2,49.6,24.8,11.4,85.0,83.0,77.0,80.0,55.0,771.0,2891.0,38.0,4126.0,54.2,3480.0,2709.0,7607.0,1235.0,29.9,54.0318686624819,4142.0,5273,1131.0,27.3056494447127,46.93336686359577,0.0,54.0318686624819,64.35,10.32,3393,Substantial Increase (>5pp),Zululand District,ANC,29.9,49.6,6.6
52603013,5,4395,Abaqulusi,iec_kzn_kzn263___abaqulusi_ward_registration_2026_clean.csv,KZN263 - AbaQulusi,34.0,2.0,860.0,97064.57781907923,104588.62329538092,45609.656298894464,116369.12410344434,130893.73330992168,247262.8574133328,27.3,0.604,21.2,49.6,24.8,11.4,85.0,83.0,77.0,80.0,55.0,771.0,2891.0,38.0,4126.0,54.2,3480.0,2709.0,7607.0,1235.0,29.9,41.95574979513794,3661.0,4395,734.0,20.049166894291176,46.93336686359577,1.0,41.95574979513794,55.85,13.89,2455,Substantial Increase (>5pp),Zululand District,MK,29.9,49.6,6.6
52603014,5,4969,Abaqulusi,iec_kzn_kzn263___abaqulusi_ward_registration_2026_clean.csv,KZN263 - AbaQulusi,34.0,2.0,860.0,97064.57781907923,104588.62329538092,45609.656298894464,116369.12410344434,130893.73330992168,247262.8574133328,27.3,0.604,21.2,49.6,24.8,11.4,85.0,83.0,77.0,80.0,55.0,771.0,2891.0,38.0,4126.0,54.2,3480.0,2709.0,7607.0,1235.0,29.9,50.49097967572506,4379.0,4969,590.0,13.473395752454898,46.93336686359577,0.0,50.49097967572506,60.33,9.84,2998,Substantial Increase (>5pp),Zululand District,MK,29.9,49.6,6.6
52603015,5,4049,Abaqulusi,iec_kzn_kzn263___abaqulusi_ward_registration_2026_clean.csv,KZN263 - AbaQulusi,34.0,2.0,860.0,97064.57781907923,104588.62329538092,45609.656298894464,116369.12410344434,130893.73330992168,247262.8574133328,27.3,0.604,21.2,49.6,24.8,11.4,85.0,83.0,77.0,80.0,55.0,771.0,2891.0,38.0,4126.0,54.2,3480.0,2709.0,7607.0,1235.0,29.9,49.48428879827297,4169.0,4049,-120.0,-2.878388102662509,46.93336686359577,0.0,49.48428879827297,60.12,10.64,2434,Substantial Increase (>5pp),Zululand District,IFP,29.9,49.6,6.6
52603016,3,4400,Abaqulusi,iec_kzn_kzn263___abaqulusi_ward_registration_2026_clean.csv,KZN263 - AbaQulusi,34.0,2.0,860.0,97064.57781907923,104588.62329538092,45609.656298894464,116369.12410344434,130893.73330992168,247262.8574133328,27.3,0.604,21.2,49.6,24.8,11.4,85.0,83.0,77.0,80.0,55.0,771.0,2891.0,38.0,4126.0,54.2,3480.0,2709.0,7607.0,1235.0,29.9,43.6173001310616,3815.0,4400,585.0,15.334207077326342,46.93336686359577,1.0,43.6173001310616,55.66,12.04,2449,Substantial Increase (>5pp),Zululand District,ANC,29.9,49.6,6.6
52603017,4,5596,Abaqulusi,iec_kzn_kzn263___abaqulusi_ward_registration_2026_clean.csv,KZN263 - AbaQulusi,34.0,2.0,860.0,97064.57781907923,104588.62329538092,45609.656298894464,116369.12410344434,130893.73330992168,247262.8574133328,27.3,0.604,21.2,49.6,24.8,11.4,85.0,83.0,77.0,80.0,55.0,771.0,2891.0,38.0,4126.0,54.2,3480.0,2709.0,7607.0,1235.0,29.9,49.75609756097561,4920.0,5596,676.0,13.739837398373982,46.93336686359577,0.0,49.75609756097561,60.25,10.49,3372,Substantial Increase (>5pp),Zululand District,IFP,29.9,49.6,6.6
52603018,3,4400,Abaqulusi,iec_kzn_kzn263___abaqulusi_ward_registration_2026_clean.csv,KZN263 - AbaQulusi,34.0,2.0,860.0,97064.57781907923,104588.62329538092,45609.656298894464,116369.12410344434,130893.73330992168,247262.8574133328,27.3,0.604,21.2,49.6,24.8,11.4,85.0,83.0,77.0,80.0,55.0,771.0,2891.0,38.0,4126.0,54.2,3480.0,2709.0,7607.0,1235.0,29.9,46.40039447731756,4056.0,4400,344.0,8.481262327416173,46.93336686359577,1.0,46.40039447731756,55.35,8.95,2435,Substantial Increase (>5pp),Zululand District,IFP,29.9,49.6,6.6
52603019,3,4188,Abaqulusi,iec_kzn_kzn263___abaqulusi_ward_registration_2026_clean.csv,KZN263 - AbaQulusi,34.0,2.0,860.0,97064.57781907923,104588.62329538092,45609.656298894464,116369.12410344434,130893.73330992168,247262.8574133328,27.3,0.604,21.2,49.6,24.8,11.4,85.0,83.0,77.0,80.0,55.0,771.0,2891.0,38.0,4126.0,54.2,3480.0,2709.0,7607.0,1235.0,29.9,48.61396303901437,3896.0,4188,292.0,7.494866529774128,46.93336686359577,0.0,48.61396303901437,60.53,11.92,2535,Substantial Increase (>5pp),Zululand District,MK,29.9,49.6,6.6
52603020,3,4714,Abaqulusi,iec_kzn_kzn263___abaqulusi_ward_registration_2026_clean.csv,KZN263 - AbaQulusi,34.0,2.0,860.0,97064.57781907923,104588.62329538092,45609.656298894464,116369.12410344434,130893.73330992168,247262.8574133328,27.3,0.604,21.2,49.6,24.8,11.4,85.0,83.0,77.0,80.0,55.0,771.0,2891.0,38.0,4126.0,54.2,3480.0,2709.0,7607.0,1235.0,29.9,38.84444444444444,4500.0,4714,214.0,4.755555555555556,46.93336686359577,1.0,38.84444444444444,59.8,20.96,2819,Substantial Increase (>5pp),Zululand District,MK,29.9,49.6,6.6
52603021,6,4967,Abaqulusi,iec_kzn_kzn263___abaqulusi_ward_registration_2026_clean.csv,KZN263 - AbaQulusi,34.0,2.0,860.0,97064.57781907923,104588.62329538092,45609.656298894464,116369.12410344434,130893.73330992168,247262.8574133328,27.3,0.604,21.2,49.6,24.8,11.4,85.0,83.0,77.0,80.0,55.0,771.0,2891.0,38.0,4126.0,54.2,3480.0,2709.0,7607.0,1235.0,29.9,50.98774693673418,3999.0,4967,968.0,24.20605151287822,46.93336686359577,0.0,50.98774693673418,60.66,9.67,3013,Substantial Increase (>5pp),Zululand District,IFP,29.9,49.6,6.6
52603022,4,5042,Abaqulusi,iec_kzn_kzn263___abaqulusi_ward_registration_2026_clean.csv,KZN263 - AbaQulusi,34.0,2.0,860.0,97064.57781907923,104588.62329538092,45609.656298894464,116369.12410344434,130893.73330992168,247262.8574133328,27.3,0.604,21.2,49.6,24.8,11.4,85.0,83.0,77.0,80.0,55.0,771.0,2891.0,38.0,4126.0,54.2,3480.0,2709.0,7607.0,1235.0,29.9,44.423305588585016,4205.0,5042,837.0,19.90487514863258,46.93336686359577,1.0,44.423305588585016,55.71,11.29,2809,Substantial Increase (>5pp),Zululand District,IFP,29.9,49.6,6.6
52603023,4,5818,Abaqulusi,iec_kzn_kzn263___abaqulusi_ward_registration_2026_clean.csv,KZN263 - AbaQulusi,34.0,2.0,860.0,97064.57781907923,104588.62329538092,45609.656298894464,116369.12410344434,130893.73330992168,247262.8574133328,27.3,0.604,21.2,49.6,24.8,11.4,85.0,83.0,77.0,80.0,55.0,771.0,2891.0,38.0,4126.0,54.2,3480.0,2709.0,7607.0,1235.0,29.9,52.527627557018576,4253.0,5818,1565.0,36.79755466729368,46.93336686359577,0.0,52.527627557018576,62.51,9.98,3637,Substantial Increase (>5pp),Zululand District,IFP,29.9,49.6,6.6
52603024,7,3108,Abaqulusi,iec_kzn_kzn263___abaqulusi_ward_registration_2026_clean.csv,,,,,,,,,,,,,,,,,,,,,,,,,,,,,,,,50.41896097677759,,3108,491.0,10.149511213341,46.93336686359577,0.0,50.41896097677759,60.33,9.91,1875,Substantial Increase (>5pp),Zululand District,ANC,33.1,42.5,6.8
52605001,5,4769,Nongoma,iec_kzn_kzn265___nongoma_ward_registration_2026_clean.csv,KZN265 - Nongoma,16.0,4.0,676.0,11043.566087150108,214234.83687060256,0.0,102240.75706304358,123037.64589472036,225278.4029577534,27.3,0.604,21.2,49.6,24.8,11.4,85.0,83.0,77.0,80.0,55.0,771.0,2891.0,38.0,4126.0,54.2,3480.0,2709.0,7607.0,1235.0,29.9,53.814620815304025,4391.0,4769,378.0,8.608517421999544,46.93336686359577,0.0,53.814620815304025,63.98,10.17,3051,Substantial Increase (>5pp),Zululand District,IFP,29.9,49.6,7.7
52605002,8,5015,Nongoma,iec_kzn_kzn265___nongoma_ward_registration_2026_clean.csv,KZN265 - Nongoma,16.0,4.0,676.0,11043.566087150108,214234.83687060256,0.0,102240.75706304358,123037.64589472036,225278.4029577534,27.3,0.604,21.2,49.6,24.8,11.4,85.0,83.0,77.0,80.0,55.0,771.0,2891.0,38.0,4126.0,54.2,3480.0,2709.0,7607.0,1235.0,29.9,53.58003065469674,4567.0,5015,448.0,9.809502955988613,46.93336686359577,0.0,53.58003065469674,64.6,11.02,3240,Substantial Increase (>5pp),Zululand District,IFP,29.9,49.6,7.7
52605003,6,4817,Nongoma,iec_kzn_kzn265___nongoma_ward_registration_2026_clean.csv,KZN265 - Nongoma,16.0,4.0,676.0,11043.566087150108,214234.83687060256,0.0,102240.75706304358,123037.64589472036,225278.4029577534,27.3,0.604,21.2,49.6,24.8,11.4,85.0,83.0,77.0,80.0,55.0,771.0,2891.0,38.0,4126.0,54.2,3480.0,2709.0,7607.0,1235.0,29.9,56.99674569967457,4302.0,4817,515.0,11.97117619711762,46.93336686359577,0.0,56.99674569967457,64.56,7.56,3110,Substantial Increase (>5pp),Zululand District,IFP,29.9,49.6,7.7
52605004,5,4376,Nongoma,iec_kzn_kzn265___nongoma_ward_registration_2026_clean.csv,KZN265 - Nongoma,16.0,4.0,676.0,11043.566087150108,214234.83687060256,0.0,102240.75706304358,123037.64589472036,225278.4029577534,27.3,0.604,21.2,49.6,24.8,11.4,85.0,83.0,77.0,80.0,55.0,771.0,2891.0,38.0,4126.0,54.2,3480.0,2709.0,7607.0,1235.0,29.9,52.55704169944925,3813.0,4376,563.0,14.765276685024912,46.93336686359577,0.0,52.55704169944925,62.5,9.94,2735,Substantial Increase (>5pp),Zululand District,NFP,29.9,49.6,7.7
52605005,5,4637,Nongoma,iec_kzn_kzn265___nongoma_ward_registration_2026_clean.csv,KZN265 - Nongoma,16.0,4.0,676.0,11043.566087150108,214234.83687060256,0.0,102240.75706304358,123037.64589472036,225278.4029577534,27.3,0.604,21.2,49.6,24.8,11.4,85.0,83.0,77.0,80.0,55.0,771.0,2891.0,38.0,4126.0,54.2,3480.0,2709.0,7607.0,1235.0,29.9,55.51839464882943,4186.0,4637,451.0,10.774008600095556,46.93336686359577,0.0,55.51839464882943,63.94,8.42,2965,Substantial Increase (>5pp),Zululand District,IFP,29.9,49.6,7.7
52605006,5,5530,Nongoma,iec_kzn_kzn265___nongoma_ward_registration_2026_clean.csv,KZN265 - Nongoma,16.0,4.0,676.0,11043.566087150108,214234.83687060256,0.0,102240.75706304358,123037.64589472036,225278.4029577534,27.3,0.604,21.2,49.6,24.8,11.4,85.0,83.0,77.0,80.0,55.0,771.0,2891.0,38.0,4126.0,54.2,3480.0,2709.0,7607.0,1235.0,29.9,46.57593432706848,4629.0,5530,901.0,19.46424713761072,46.93336686359577,1.0,46.57593432706848,54.66,8.08,3023,Substantial Increase (>5pp),Zululand District,IFP,29.9,49.6,7.7
52605007,9,4799,Nongoma,iec_kzn_kzn265___nongoma_ward_registration_2026_clean.csv,KZN265 - Nongoma,16.0,4.0,676.0,11043.566087150108,214234.83687060256,0.0,102240.75706304358,123037.64589472036,225278.4029577534,27.3,0.604,21.2,49.6,24.8,11.4,85.0,83.0,77.0,80.0,55.0,771.0,2891.0,38.0,4126.0,54.2,3480.0,2709.0,7607.0,1235.0,29.9,53.96788457063067,4297.0,4799,502.0,11.682569234349549,46.93336686359577,0.0,53.96788457063067,64.05,10.08,3074,Substantial Increase (>5pp),Zululand District,NFP,29.9,49.6,7.7
52605008,4,4816,Nongoma,iec_kzn_kzn265___nongoma_ward_registration_2026_clean.csv,KZN265 - Nongoma,16.0,4.0,676.0,11043.566087150108,214234.83687060256,0.0,102240.75706304358,123037.64589472036,225278.4029577534,27.3,0.604,21.2,49.6,24.8,11.4,85.0,83.0,77.0,80.0,55.0,771.0,2891.0,38.0,4126.0,54.2,3480.0,2709.0,7607.0,1235.0,29.9,49.76130938849739,4399.0,4816,417.0,9.479427142532394,46.93336686359577,0.0,49.76130938849739,60.25,10.49,2902,Substantial Increase (>5pp),Zululand District,IFP,29.9,49.6,7.7
52605009,3,4632,Nongoma,iec_kzn_kzn265___nongoma_ward_registration_2026_clean.csv,KZN265 - Nongoma,16.0,4.0,676.0,11043.566087150108,214234.83687060256,0.0,102240.75706304358,123037.64589472036,225278.4029577534,27.3,0.604,21.2,49.6,24.8,11.4,85.0,83.0,77.0,80.0,55.0,771.0,2891.0,38.0,4126.0,54.2,3480.0,2709.0,7607.0,1235.0,29.9,39.52,3750.0,4632,882.0,23.52,46.93336686359577,1.0,39.52,56.72,17.2,2627,Substantial Increase (>5pp),Zululand District,IFP,29.9,49.6,7.7
52605010,7,4711,Nongoma,iec_kzn_kzn265___nongoma_ward_registration_2026_clean.csv,KZN265 - Nongoma,16.0,4.0,676.0,11043.566087150108,214234.83687060256,0.0,102240.75706304358,123037.64589472036,225278.4029577534,27.3,0.604,21.2,49.6,24.8,11.4,85.0,83.0,77.0,80.0,55.0,771.0,2891.0,38.0,4126.0,54.2,3480.0,2709.0,7607.0,1235.0,29.9,56.199862479945,4363.0,4711,348.0,7.976163190465275,46.93336686359577,0.0,56.199862479945,64.06,7.86,3018,Substantial Increase (>5pp),Zululand District,MK,29.9,49.6,7.7
52605011,6,4668,Nongoma,iec_kzn_kzn265___nongoma_ward_registration_2026_clean.csv,KZN265 - Nongoma,16.0,4.0,676.0,11043.566087150108,214234.83687060256,0.0,102240.75706304358,123037.64589472036,225278.4029577534,27.3,0.604,21.2,49.6,24.8,11.4,85.0,83.0,77.0,80.0,55.0,771.0,2891.0,38.0,4126.0,54.2,3480.0,2709.0,7607.0,1235.0,29.9,52.24111282843895,4529.0,4668,139.0,3.069110178847428,46.93336686359577,0.0,52.24111282843895,61.47,9.23,2869,Substantial Increase (>5pp),Zululand District,MK,29.9,49.6,7.7
52605012,6,4744,Nongoma,iec_kzn_kzn265___nongoma_ward_registration_2026_clean.csv,KZN265 - Nongoma,16.0,4.0,676.0,11043.566087150108,214234.83687060256,0.0,102240.75706304358,123037.64589472036,225278.4029577534,27.3,0.604,21.2,49.6,24.8,11.4,85.0,83.0,77.0,80.0,55.0,771.0,2891.0,38.0,4126.0,54.2,3480.0,2709.0,7607.0,1235.0,29.9,54.54748105216228,4486.0,4744,258.0,5.751226036558181,46.93336686359577,0.0,54.54748105216228,63.57,9.02,3016,Substantial Increase (>5pp),Zululand District,MK,29.9,49.6,7.7
52605013,7,4661,Nongoma,iec_kzn_kzn265___nongoma_ward_registration_2026_clean.csv,KZN265 - Nongoma,16.0,4.0,676.0,11043.566087150108,214234.83687060256,0.0,102240.75706304358,123037.64589472036,225278.4029577534,27.3,0.604,21.2,49.6,24.8,11.4,85.0,83.0,77.0,80.0,55.0,771.0,2891.0,38.0,4126.0,54.2,3480.0,2709.0,7607.0,1235.0,29.9,50.27322404371585,4209.0,4661,452.0,10.738892848657638,46.93336686359577,0.0,50.27322404371585,60.29,10.02,2810,Substantial Increase (>5pp),Zululand District,MK,29.9,49.6,7.7
52605014,7,5495,Nongoma,iec_kzn_kzn265___nongoma_ward_registration_2026_clean.csv,KZN265 - Nongoma,16.0,4.0,676.0,11043.566087150108,214234.83687060256,0.0,102240.75706304358,123037.64589472036,225278.4029577534,27.3,0.604,21.2,49.6,24.8,11.4,85.0,83.0,77.0,80.0,55.0,771.0,2891.0,38.0,4126.0,54.2,3480.0,2709.0,7607.0,1235.0,29.9,56.52777777777778,5040.0,5495,455.0,9.027777777777777,46.93336686359577,0.0,56.52777777777778,64.58,8.05,3549,Substantial Increase (>5pp),Zululand District,IFP,29.9,49.6,7.7
52605015,5,4992,Nongoma,iec_kzn_kzn265___nongoma_ward_registration_2026_clean.csv,KZN265 - Nongoma,16.0,4.0,676.0,11043.566087150108,214234.83687060256,0.0,102240.75706304358,123037.64589472036,225278.4029577534,27.3,0.604,21.2,49.6,24.8,11.4,85.0,83.0,77.0,80.0,55.0,771.0,2891.0,38.0,4126.0,54.2,3480.0,2709.0,7607.0,1235.0,29.9,50.14911676990136,4359.0,4992,633.0,14.521679284239504,46.93336686359577,0.0,50.14911676990136,60.25,10.1,3008,Substantial Increase (>5pp),Zululand District,IFP,29.9,49.6,7.7
52605016,4,4247,Nongoma,iec_kzn_kzn265___nongoma_ward_registration_2026_clean.csv,KZN265 - Nongoma,16.0,4.0,676.0,11043.566087150108,214234.83687060256,0.0,102240.75706304358,123037.64589472036,225278.4029577534,27.3,0.604,21.2,49.6,24.8,11.4,85.0,83.0,77.0,80.0,55.0,771.0,2891.0,38.0,4126.0,54.2,3480.0,2709.0,7607.0,1235.0,29.9,56.6363044892648,3074.0,4247,1173.0,38.15875081327261,46.93336686359577,0.0,56.6363044892648,65.39,8.75,2777,Substantial Increase (>5pp),Zululand District,IFP,29.9,49.6,7.7
52605017,5,5103,Nongoma,iec_kzn_kzn265___nongoma_ward_registration_2026_clean.csv,KZN265 - Nongoma,16.0,4.0,676.0,11043.566087150108,214234.83687060256,0.0,102240.75706304358,123037.64589472036,225278.4029577534,27.3,0.604,21.2,49.6,24.8,11.4,85.0,83.0,77.0,80.0,55.0,771.0,2891.0,38.0,4126.0,54.2,3480.0,2709.0,7607.0,1235.0,29.9,50.91249415067852,4274.0,5103,829.0,19.39635002339729,46.93336686359577,0.0,50.91249415067852,60.66,9.75,3095,Substantial Increase (>5pp),Zululand District,MK,29.9,49.6,7.7
52605018,4,4207,Nongoma,iec_kzn_kzn265___nongoma_ward_registration_2026_clean.csv,KZN265 - Nongoma,16.0,4.0,676.0,11043.566087150108,214234.83687060256,0.0,102240.75706304358,123037.64589472036,225278.4029577534,27.3,0.604,21.2,49.6,24.8,11.4,85.0,83.0,77.0,80.0,55.0,771.0,2891.0,38.0,4126.0,54.2,3480.0,2709.0,7607.0,1235.0,29.9,54.46808510638298,3760.0,4207,447.0,11.888297872340424,46.93336686359577,0.0,54.46808510638298,63.99,9.52,2692,Substantial Increase (>5pp),Zululand District,IFP,29.9,49.6,7.7
52605019,5,4269,Nongoma,iec_kzn_kzn265___nongoma_ward_registration_2026_clean.csv,KZN265 - Nongoma,16.0,4.0,676.0,11043.566087150108,214234.83687060256,0.0,102240.75706304358,123037.64589472036,225278.4029577534,27.3,0.604,21.2,49.6,24.8,11.4,85.0,83.0,77.0,80.0,55.0,771.0,2891.0,38.0,4126.0,54.2,3480.0,2709.0,7607.0,1235.0,29.9,26.68410725964683,4587.0,4269,-318.0,-6.932635709614127,46.93336686359577,1.0,26.68410725964683,58.18,31.5,2484,Substantial Increase (>5pp),Zululand District,IFP,29.9,49.6,7.7
52605020,5,4504,Nongoma,iec_kzn_kzn265___nongoma_ward_registration_2026_clean.csv,KZN265 - Nongoma,16.0,4.0,676.0,11043.566087150108,214234.83687060256,0.0,102240.75706304358,123037.64589472036,225278.4029577534,27.3,0.604,21.2,49.6,24.8,11.4,85.0,83.0,77.0,80.0,55.0,771.0,2891.0,38.0,4126.0,54.2,3480.0,2709.0,7607.0,1235.0,29.9,49.05120873407851,3847.0,4504,657.0,17.07824278658695,46.93336686359577,0.0,49.05120873407851,60.49,11.44,2724,Substantial Increase (>5pp),Zululand District,MK,29.9,49.6,7.7
52605021,5,5387,Nongoma,iec_kzn_kzn265___nongoma_ward_registration_2026_clean.csv,KZN265 - Nongoma,16.0,4.0,676.0,11043.566087150108,214234.83687060256,0.0,102240.75706304358,123037.64589472036,225278.4029577534,27.3,0.604,21.2,49.6,24.8,11.4,85.0,83.0,77.0,80.0,55.0,771.0,2891.0,38.0,4126.0,54.2,3480.0,2709.0,7607.0,1235.0,29.9,51.49857799168672,4571.0,5387,816.0,17.851673594399475,46.93336686359577,0.0,51.49857799168672,60.68,9.18,3269,Substantial Increase (>5pp),Zululand District,IFP,29.9,49.6,7.7
52605022,5,4486,Nongoma,iec_kzn_kzn265___nongoma_ward_registration_2026_clean.csv,KZN265 - Nongoma,16.0,4.0,676.0,11043.566087150108,214234.83687060256,0.0,102240.75706304358,123037.64589472036,225278.4029577534,27.3,0.604,21.2,49.6,24.8,11.4,85.0,83.0,77.0,80.0,55.0,771.0,2891.0,38.0,4126.0,54.2,3480.0,2709.0,7607.0,1235.0,29.9,51.534170153417016,4302.0,4486,184.0,4.277080427708043,46.93336686359577,0.0,51.534170153417016,60.55,9.02,2716,Substantial Increase (>5pp),Zululand District,IFP,29.9,49.6,7.7
52605023,4,5365,Nongoma,iec_kzn_kzn265___nongoma_ward_registration_2026_clean.csv,KZN265 - Nongoma,16.0,4.0,676.0,11043.566087150108,214234.83687060256,0.0,102240.75706304358,123037.64589472036,225278.4029577534,27.3,0.604,21.2,49.6,24.8,11.4,85.0,83.0,77.0,80.0,55.0,771.0,2891.0,38.0,4126.0,54.2,3480.0,2709.0,7607.0,1235.0,29.9,50.499772830531576,4402.0,5365,963.0,21.876419809177648,46.93336686359577,0.0,50.499772830531576,60.41,9.91,3241,Substantial Increase (>5pp),Zululand District,IFP,29.9,49.6,7.7
52606001,7,4018,Ulundi,iec_kzn_kzn266___ulundi_ward_registration_2026_clean.csv,KZN266 - Ulundi,17.0,2.0,1189.0,33910.49453705856,185996.88209229408,2069.7232780100067,101394.36660121466,120582.73330616084,221977.09990736123,27.3,0.604,21.2,49.6,24.8,11.4,85.0,83.0,77.0,80.0,55.0,771.0,2891.0,38.0,4126.0,54.2,3480.0,2709.0,7607.0,1235.0,29.9,47.53577106518283,3774.0,4018,244.0,6.465288818229994,46.93336686359577,0.0,47.53577106518283,60.12,12.58,2416,Substantial Increase (>5pp),Zululand District,IFP,29.9,49.6,7.6
52606002,7,4718,Ulundi,iec_kzn_kzn266___ulundi_ward_registration_2026_clean.csv,KZN266 - Ulundi,17.0,2.0,1189.0,33910.49453705856,185996.88209229408,2069.7232780100067,101394.36660121466,120582.73330616084,221977.09990736123,27.3,0.604,21.2,49.6,24.8,11.4,85.0,83.0,77.0,80.0,55.0,771.0,2891.0,38.0,4126.0,54.2,3480.0,2709.0,7607.0,1235.0,29.9,55.33522190745986,4236.0,4718,482.0,11.378659112370162,46.93336686359577,0.0,55.33522190745986,63.94,8.6,3017,Substantial Increase (>5pp),Zululand District,MK,29.9,49.6,7.6
52606003,5,3891,Ulundi,iec_kzn_kzn266___ulundi_ward_registration_2026_clean.csv,KZN266 - Ulundi,17.0,2.0,1189.0,33910.49453705856,185996.88209229408,2069.7232780100067,101394.36660121466,120582.73330616084,221977.09990736123,27.3,0.604,21.2,49.6,24.8,11.4,85.0,83.0,77.0,80.0,55.0,771.0,2891.0,38.0,4126.0,54.2,3480.0,2709.0,7607.0,1235.0,29.9,53.20382719628878,3449.0,3891,442.0,12.815308785155116,46.93336686359577,0.0,53.20382719628878,64.08,10.88,2493,Substantial Increase (>5pp),Zululand District,IFP,29.9,49.6,7.6
52606004,7,4621,Ulundi,iec_kzn_kzn266___ulundi_ward_registration_2026_clean.csv,KZN266 - Ulundi,17.0,2.0,1189.0,33910.49453705856,185996.88209229408,2069.7232780100067,101394.36660121466,120582.73330616084,221977.09990736123,27.3,0.604,21.2,49.6,24.8,11.4,85.0,83.0,77.0,80.0,55.0,771.0,2891.0,38.0,4126.0,54.2,3480.0,2709.0,7607.0,1235.0,29.9,50.0,4142.0,4621,479.0,11.564461612747465,46.93336686359577,0.0,50.0,60.25,10.25,2784,Substantial Increase (>5pp),Zululand District,IFP,29.9,49.6,7.6
52606005,8,4485,Ulundi,iec_kzn_kzn266___ulundi_ward_registration_2026_clean.csv,KZN266 - Ulundi,17.0,2.0,1189.0,33910.49453705856,185996.88209229408,2069.7232780100067,101394.36660121466,120582.73330616084,221977.09990736123,27.3,0.604,21.2,49.6,24.8,11.4,85.0,83.0,77.0,80.0,55.0,771.0,2891.0,38.0,4126.0,54.2,3480.0,2709.0,7607.0,1235.0,29.9,57.157516675218055,3898.0,4485,587.0,15.059004617752697,46.93336686359577,0.0,57.157516675218055,65.18,8.02,2923,Substantial Increase (>5pp),Zululand District,IFP,29.9,49.6,7.6
52606006,6,4188,Ulundi,iec_kzn_kzn266___ulundi_ward_registration_2026_clean.csv,KZN266 - Ulundi,17.0,2.0,1189.0,33910.49453705856,185996.88209229408,2069.7232780100067,101394.36660121466,120582.73330616084,221977.09990736123,27.3,0.604,21.2,49.6,24.8,11.4,85.0,83.0,77.0,80.0,55.0,771.0,2891.0,38.0,4126.0,54.2,3480.0,2709.0,7607.0,1235.0,29.9,42.734375,3840.0,4188,348.0,9.0625,46.93336686359577,1.0,42.734375,55.47,12.74,2323,Substantial Increase (>5pp),Zululand District,IFP,29.9,49.6,7.6
52606007,6,3628,Ulundi,iec_kzn_kzn266___ulundi_ward_registration_2026_clean.csv,KZN266 - Ulundi,17.0,2.0,1189.0,33910.49453705856,185996.88209229408,2069.7232780100067,101394.36660121466,120582.73330616084,221977.09990736123,27.3,0.604,21.2,49.6,24.8,11.4,85.0,83.0,77.0,80.0,55.0,771.0,2891.0,38.0,4126.0,54.2,3480.0,2709.0,7607.0,1235.0,29.9,49.01298701298701,3850.0,3628,-222.0,-5.766233766233767,46.93336686359577,0.0,49.01298701298701,60.26,11.25,2186,Substantial Increase (>5pp),Zululand District,IFP,29.9,49.6,7.6
52606008,6,4517,Ulundi,iec_kzn_kzn266___ulundi_ward_registration_2026_clean.csv,KZN266 - Ulundi,17.0,2.0,1189.0,33910.49453705856,185996.88209229408,2069.7232780100067,101394.36660121466,120582.73330616084,221977.09990736123,27.3,0.604,21.2,49.6,24.8,11.4,85.0,83.0,77.0,80.0,55.0,771.0,2891.0,38.0,4126.0,54.2,3480.0,2709.0,7607.0,1235.0,29.9,51.759981100874086,4233.0,4517,284.0,6.709189699976376,46.93336686359577,0.0,51.759981100874086,60.62,8.86,2738,Substantial Increase (>5pp),Zululand District,MK,29.9,49.6,7.6
52606009,6,4605,Ulundi,iec_kzn_kzn266___ulundi_ward_registration_2026_clean.csv,KZN266 - Ulundi,17.0,2.0,1189.0,33910.49453705856,185996.88209229408,2069.7232780100067,101394.36660121466,120582.73330616084,221977.09990736123,27.3,0.604,21.2,49.6,24.8,11.4,85.0,83.0,77.0,80.0,55.0,771.0,2891.0,38.0,4126.0,54.2,3480.0,2709.0,7607.0,1235.0,29.9,51.31487084012102,4297.0,4605,308.0,7.167791482429601,46.93336686359577,0.0,51.31487084012102,60.65,9.34,2793,Substantial Increase (>5pp),Zululand District,MK,29.9,49.6,7.6
52606010,8,3573,Ulundi,iec_kzn_kzn266___ulundi_ward_registration_2026_clean.csv,KZN266 - Ulundi,17.0,2.0,1189.0,33910.49453705856,185996.88209229408,2069.7232780100067,101394.36660121466,120582.73330616084,221977.09990736123,27.3,0.604,21.2,49.6,24.8,11.4,85.0,83.0,77.0,80.0,55.0,771.0,2891.0,38.0,4126.0,54.2,3480.0,2709.0,7607.0,1235.0,29.9,50.82489146164978,3455.0,3573,118.0,3.41534008683068,46.93336686359577,0.0,50.82489146164978,60.45,9.63,2160,Substantial Increase (>5pp),Zululand District,IFP,29.9,49.6,7.6
52606011,5,3829,Ulundi,iec_kzn_kzn266___ulundi_ward_registration_2026_clean.csv,KZN266 - Ulundi,17.0,2.0,1189.0,33910.49453705856,185996.88209229408,2069.7232780100067,101394.36660121466,120582.73330616084,221977.09990736123,27.3,0.604,21.2,49.6,24.8,11.4,85.0,83.0,77.0,80.0,55.0,771.0,2891.0,38.0,4126.0,54.2,3480.0,2709.0,7607.0,1235.0,29.9,44.231820667031165,3658.0,3829,171.0,4.674685620557682,46.93336686359577,1.0,44.231820667031165,59.63,15.4,2283,Substantial Increase (>5pp),Zululand District,MK,29.9,49.6,7.6
52606012,4,4472,Ulundi,iec_kzn_kzn266___ulundi_ward_registration_2026_clean.csv,KZN266 - Ulundi,17.0,2.0,1189.0,33910.49453705856,185996.88209229408,2069.7232780100067,101394.36660121466,120582.73330616084,221977.09990736123,27.3,0.604,21.2,49.6,24.8,11.4,85.0,83.0,77.0,80.0,55.0,771.0,2891.0,38.0,4126.0,54.2,3480.0,2709.0,7607.0,1235.0,29.9,46.05670717178938,4197.0,4472,275.0,6.552299261377175,46.93336686359577,1.0,46.05670717178938,56.49,10.43,2526,Substantial Increase (>5pp),Zululand District,IFP,29.9,49.6,7.6
52606013,7,4038,Ulundi,iec_kzn_kzn266___ulundi_ward_registration_2026_clean.csv,KZN266 - Ulundi,17.0,2.0,1189.0,33910.49453705856,185996.88209229408,2069.7232780100067,101394.36660121466,120582.73330616084,221977.09990736123,27.3,0.604,21.2,49.6,24.8,11.4,85.0,83.0,77.0,80.0,55.0,771.0,2891.0,38.0,4126.0,54.2,3480.0,2709.0,7607.0,1235.0,29.9,45.74069447914064,4003.0,4038,35.0,0.8743442418186359,46.93336686359577,1.0,45.74069447914064,59.7,13.96,2411,Substantial Increase (>5pp),Zululand District,IFP,29.9,49.6,7.6
52606014,7,4025,Ulundi,iec_kzn_kzn266___ulundi_ward_registration_2026_clean.csv,KZN266 - Ulundi,17.0,2.0,1189.0,33910.49453705856,185996.88209229408,2069.7232780100067,101394.36660121466,120582.73330616084,221977.09990736123,27.3,0.604,21.2,49.6,24.8,11.4,85.0,83.0,77.0,80.0,55.0,771.0,2891.0,38.0,4126.0,54.2,3480.0,2709.0,7607.0,1235.0,29.9,58.27404177186138,4357.0,4025,-332.0,-7.619921964654579,46.93336686359577,0.0,58.27404177186138,63.5,5.23,2556,Substantial Increase (>5pp),Zululand District,IFP,29.9,49.6,7.6
52606015,6,3656,Ulundi,iec_kzn_kzn266___ulundi_ward_registration_2026_clean.csv,KZN266 - Ulundi,17.0,2.0,1189.0,33910.49453705856,185996.88209229408,2069.7232780100067,101394.36660121466,120582.73330616084,221977.09990736123,27.3,0.604,21.2,49.6,24.8,11.4,85.0,83.0,77.0,80.0,55.0,771.0,2891.0,38.0,4126.0,54.2,3480.0,2709.0,7607.0,1235.0,29.9,53.59823399558499,4530.0,3656,-874.0,-19.293598233995585,46.93336686359577,0.0,53.59823399558499,63.74,10.14,2330,Substantial Increase (>5pp),Zululand District,IFP,29.9,49.6,7.6
52606016,6,4017,Ulundi,iec_kzn_kzn266___ulundi_ward_registration_2026_clean.csv,KZN266 - Ulundi,17.0,2.0,1189.0,33910.49453705856,185996.88209229408,2069.7232780100067,101394.36660121466,120582.73330616084,221977.09990736123,27.3,0.604,21.2,49.6,24.8,11.4,85.0,83.0,77.0,80.0,55.0,771.0,2891.0,38.0,4126.0,54.2,3480.0,2709.0,7607.0,1235.0,29.9,48.79334257975035,3605.0,4017,412.0,11.428571428571429,46.93336686359577,0.0,48.79334257975035,60.56,11.77,2433,Substantial Increase (>5pp),Zululand District,IFP,29.9,49.6,7.6
52606017,7,4577,Ulundi,iec_kzn_kzn266___ulundi_ward_registration_2026_clean.csv,KZN266 - Ulundi,17.0,2.0,1189.0,33910.49453705856,185996.88209229408,2069.7232780100067,101394.36660121466,120582.73330616084,221977.09990736123,27.3,0.604,21.2,49.6,24.8,11.4,85.0,83.0,77.0,80.0,55.0,771.0,2891.0,38.0,4126.0,54.2,3480.0,2709.0,7607.0,1235.0,29.9,51.94650107475519,4187.0,4577,390.0,9.314545020300931,46.93336686359577,0.0,51.94650107475519,60.66,8.71,2776,Substantial Increase (>5pp),Zululand District,IFP,29.9,49.6,7.6
52606018,5,4206,Ulundi,iec_kzn_kzn266___ulundi_ward_registration_2026_clean.csv,KZN266 - Ulundi,17.0,2.0,1189.0,33910.49453705856,185996.88209229408,2069.7232780100067,101394.36660121466,120582.73330616084,221977.09990736123,27.3,0.604,21.2,49.6,24.8,11.4,85.0,83.0,77.0,80.0,55.0,771.0,2891.0,38.0,4126.0,54.2,3480.0,2709.0,7607.0,1235.0,29.9,44.76090932845571,3827.0,4206,379.0,9.90331852626078,46.93336686359577,1.0,44.76090932845571,55.45,10.69,2332,Substantial Increase (>5pp),Zululand District,IFP,29.9,49.6,7.6
52606019,7,4340,Ulundi,iec_kzn_kzn266___ulundi_ward_registration_2026_clean.csv,KZN266 - Ulundi,17.0,2.0,1189.0,33910.49453705856,185996.88209229408,2069.7232780100067,101394.36660121466,120582.73330616084,221977.09990736123,27.3,0.604,21.2,49.6,24.8,11.4,85.0,83.0,77.0,80.0,55.0,771.0,2891.0,38.0,4126.0,54.2,3480.0,2709.0,7607.0,1235.0,29.9,41.00677068001177,3397.0,4340,943.0,27.75978804827789,46.93336686359577,1.0,41.00677068001177,56.44,15.43,2449,Substantial Increase (>5pp),Zululand District,IFP,29.9,49.6,7.6
52606020,6,3919,Ulundi,iec_kzn_kzn266___ulundi_ward_registration_2026_clean.csv,KZN266 - Ulundi,17.0,2.0,1189.0,33910.49453705856,185996.88209229408,2069.7232780100067,101394.36660121466,120582.73330616084,221977.09990736123,27.3,0.604,21.2,49.6,24.8,11.4,85.0,83.0,77.0,80.0,55.0,771.0,2891.0,38.0,4126.0,54.2,3480.0,2709.0,7607.0,1235.0,29.9,48.87799845241166,3877.0,3919,42.0,1.0833118390508123,46.93336686359577,0.0,48.87799845241166,60.43,11.55,2368,Substantial Increase (>5pp),Zululand District,IFP,29.9,49.6,7.6
52606021,6,4506,Ulundi,iec_kzn_kzn266___ulundi_ward_registration_2026_clean.csv,KZN266 - Ulundi,17.0,2.0,1189.0,33910.49453705856,185996.88209229408,2069.7232780100067,101394.36660121466,120582.73330616084,221977.09990736123,27.3,0.604,21.2,49.6,24.8,11.4,85.0,83.0,77.0,80.0,55.0,771.0,2891.0,38.0,4126.0,54.2,3480.0,2709.0,7607.0,1235.0,29.9,53.48996350364964,4384.0,4506,122.0,2.782846715328468,46.93336686359577,0.0,53.48996350364964,64.01,10.52,2884,Substantial Increase (>5pp),Zululand District,IFP,29.9,49.6,7.6
52606022,2,4248,Ulundi,iec_kzn_kzn266___ulundi_ward_registration_2026_clean.csv,KZN266 - Ulundi,17.0,2.0,1189.0,33910.49453705856,185996.88209229408,2069.7232780100067,101394.36660121466,120582.73330616084,221977.09990736123,27.3,0.604,21.2,49.6,24.8,11.4,85.0,83.0,77.0,80.0,55.0,771.0,2891.0,38.0,4126.0,54.2,3480.0,2709.0,7607.0,1235.0,29.9,44.53803632534878,3799.0,4248,449.0,11.818899710450118,46.93336686359577,1.0,44.53803632534878,55.39,10.85,2353,Substantial Increase (>5pp),Zululand District,IFP,29.9,49.6,7.6
52606023,5,4125,Ulundi,iec_kzn_kzn266___ulundi_ward_registration_2026_clean.csv,KZN266 - Ulundi,17.0,2.0,1189.0,33910.49453705856,185996.88209229408,2069.7232780100067,101394.36660121466,120582.73330616084,221977.09990736123,27.3,0.604,21.2,49.6,24.8,11.4,85.0,83.0,77.0,80.0,55.0,771.0,2891.0,38.0,4126.0,54.2,3480.0,2709.0,7607.0,1235.0,29.9,46.76002196595277,3642.0,4125,483.0,13.261943986820429,46.93336686359577,1.0,46.76002196595277,54.37,7.61,2243,Substantial Increase (>5pp),Zululand District,MK,29.9,49.6,7.6
52606024,7,3672,Ulundi,iec_kzn_kzn266___ulundi_ward_registration_2026_clean.csv,KZN266 - Ulundi,17.0,2.0,1189.0,33910.49453705856,185996.88209229408,2069.7232780100067,101394.36660121466,120582.73330616084,221977.09990736123,27.3,0.604,21.2,49.6,24.8,11.4,85.0,83.0,77.0,80.0,55.0,771.0,2891.0,38.0,4126.0,54.2,3480.0,2709.0,7607.0,1235.0,29.9,54.73092844470728,3382.0,3672,290.0,8.574807806031934,46.93336686359577,0.0,54.73092844470728,63.73,9.0,2340,Substantial Increase (>5pp),Zululand District,MK,29.9,49.6,7.6
52606025,5,3800,Ulundi,iec_kzn_kzn266___ulundi_ward_registration_2026_clean.csv,,,,,,,,,,,,,,,,,,,,,,,,,,,,,,,,50.41896097677759,,3800,491.0,10.149511213341,46.93336686359577,0.0,50.41896097677759,60.33,9.91,2293,Substantial Increase (>5pp),Zululand District,MK,33.1,42.5,6.8
52701001,5,5747,Umhlabuyalingana,iec_kzn_kzn271___umhlabuyalingana_ward_registration_2026_clean.csv,KZN271 - uMhlabuyalingana,12.0,2.0,134.0,1103.1174600000002,147667.52435180524,42889.072424572514,88752.61724415598,102907.0969922386,191659.7142363673,27.3,0.604,21.2,49.6,24.8,11.4,85.0,83.0,77.0,80.0,55.0,771.0,2891.0,38.0,4126.0,54.2,3480.0,2709.0,7607.0,1235.0,29.9,48.38090669225234,4169.0,5747,1578.0,37.85080355001199,46.93336686359577,0.0,48.38090669225234,60.38,12.0,3470,Substantial Increase (>5pp),uMkhanyakude District,ANC,29.9,49.6,7.1
52701002,5,5801,Umhlabuyalingana,iec_kzn_kzn271___umhlabuyalingana_ward_registration_2026_clean.csv,KZN271 - uMhlabuyalingana,12.0,2.0,134.0,1103.1174600000002,147667.52435180524,42889.072424572514,88752.61724415598,102907.0969922386,191659.7142363673,27.3,0.604,21.2,49.6,24.8,11.4,85.0,83.0,77.0,80.0,55.0,771.0,2891.0,38.0,4126.0,54.2,3480.0,2709.0,7607.0,1235.0,29.9,61.93341355796229,4986.0,5801,815.0,16.345768150822302,46.93336686359577,0.0,61.93341355796229,66.72,4.79,3870,Moderate Increase (1-5pp),uMkhanyakude District,IFP,29.9,49.6,7.1
52701003,5,6809,Umhlabuyalingana,iec_kzn_kzn271___umhlabuyalingana_ward_registration_2026_clean.csv,KZN271 - uMhlabuyalingana,12.0,2.0,134.0,1103.1174600000002,147667.52435180524,42889.072424572514,88752.61724415598,102907.0969922386,191659.7142363673,27.3,0.604,21.2,49.6,24.8,11.4,85.0,83.0,77.0,80.0,55.0,771.0,2891.0,38.0,4126.0,54.2,3480.0,2709.0,7607.0,1235.0,29.9,53.82066276803119,5130.0,6809,1679.0,32.72904483430799,46.93336686359577,0.0,53.82066276803119,64.44,10.62,4388,Substantial Increase (>5pp),uMkhanyakude District,ANC,29.9,49.6,7.1
52701004,4,5716,Umhlabuyalingana,iec_kzn_kzn271___umhlabuyalingana_ward_registration_2026_clean.csv,KZN271 - uMhlabuyalingana,12.0,2.0,134.0,1103.1174600000002,147667.52435180524,42889.072424572514,88752.61724415598,102907.0969922386,191659.7142363673,27.3,0.604,21.2,49.6,24.8,11.4,85.0,83.0,77.0,80.0,55.0,771.0,2891.0,38.0,4126.0,54.2,3480.0,2709.0,7607.0,1235.0,29.9,53.69238394184702,6053.0,5716,-337.0,-5.567487196431522,46.93336686359577,0.0,53.69238394184702,63.46,9.77,3627,Substantial Increase (>5pp),uMkhanyakude District,ANC,29.9,49.6,7.1
52701005,5,4634,Umhlabuyalingana,iec_kzn_kzn271___umhlabuyalingana_ward_registration_2026_clean.csv,KZN271 - uMhlabuyalingana,12.0,2.0,134.0,1103.1174600000002,147667.52435180524,42889.072424572514,88752.61724415598,102907.0969922386,191659.7142363673,27.3,0.604,21.2,49.6,24.8,11.4,85.0,83.0,77.0,80.0,55.0,771.0,2891.0,38.0,4126.0,54.2,3480.0,2709.0,7607.0,1235.0,29.9,45.46365914786967,3990.0,4634,644.0,16.140350877192983,46.93336686359577,1.0,45.46365914786967,54.92,9.46,2545,Substantial Increase (>5pp),uMkhanyakude District,IFP,29.9,49.6,7.1
52701006,2,5101,Umhlabuyalingana,iec_kzn_kzn271___umhlabuyalingana_ward_registration_2026_clean.csv,KZN271 - uMhlabuyalingana,12.0,2.0,134.0,1103.1174600000002,147667.52435180524,42889.072424572514,88752.61724415598,102907.0969922386,191659.7142363673,27.3,0.604,21.2,49.6,24.8,11.4,85.0,83.0,77.0,80.0,55.0,771.0,2891.0,38.0,4126.0,54.2,3480.0,2709.0,7607.0,1235.0,29.9,58.34872065418095,3791.0,5101,1310.0,34.555526246372985,46.93336686359577,0.0,58.34872065418095,65.39,7.04,3336,Substantial Increase (>5pp),uMkhanyakude District,ANC,29.9,49.6,7.1
52701007,5,4795,Umhlabuyalingana,iec_kzn_kzn271___umhlabuyalingana_ward_registration_2026_clean.csv,KZN271 - uMhlabuyalingana,12.0,2.0,134.0,1103.1174600000002,147667.52435180524,42889.072424572514,88752.61724415598,102907.0969922386,191659.7142363673,27.3,0.604,21.2,49.6,24.8,11.4,85.0,83.0,77.0,80.0,55.0,771.0,2891.0,38.0,4126.0,54.2,3480.0,2709.0,7607.0,1235.0,29.9,58.62831858407079,4068.0,4795,727.0,17.87118977384464,46.93336686359577,0.0,58.62831858407079,65.3,6.67,3131,Substantial Increase (>5pp),uMkhanyakude District,IFP,29.9,49.6,7.1
52701008,7,4203,Umhlabuyalingana,iec_kzn_kzn271___umhlabuyalingana_ward_registration_2026_clean.csv,KZN271 - uMhlabuyalingana,12.0,2.0,134.0,1103.1174600000002,147667.52435180524,42889.072424572514,88752.61724415598,102907.0969922386,191659.7142363673,27.3,0.604,21.2,49.6,24.8,11.4,85.0,83.0,77.0,80.0,55.0,771.0,2891.0,38.0,4126.0,54.2,3480.0,2709.0,7607.0,1235.0,29.9,60.90556274256145,3865.0,4203,338.0,8.745148771021992,46.93336686359577,0.0,60.90556274256145,65.56,4.65,2755,Moderate Increase (1-5pp),uMkhanyakude District,ANC,29.9,49.6,7.1
52701009,3,4846,Umhlabuyalingana,iec_kzn_kzn271___umhlabuyalingana_ward_registration_2026_clean.csv,KZN271 - uMhlabuyalingana,12.0,2.0,134.0,1103.1174600000002,147667.52435180524,42889.072424572514,88752.61724415598,102907.0969922386,191659.7142363673,27.3,0.604,21.2,49.6,24.8,11.4,85.0,83.0,77.0,80.0,55.0,771.0,2891.0,38.0,4126.0,54.2,3480.0,2709.0,7607.0,1235.0,29.9,63.71726417493008,3933.0,4846,913.0,23.213831680650905,46.93336686359577,0.0,63.71726417493008,66.92,3.2,3243,Moderate Increase (1-5pp),uMkhanyakude District,IFP,29.9,49.6,7.1
52701010,6,4900,Umhlabuyalingana,iec_kzn_kzn271___umhlabuyalingana_ward_registration_2026_clean.csv,KZN271 - uMhlabuyalingana,12.0,2.0,134.0,1103.1174600000002,147667.52435180524,42889.072424572514,88752.61724415598,102907.0969922386,191659.7142363673,27.3,0.604,21.2,49.6,24.8,11.4,85.0,83.0,77.0,80.0,55.0,771.0,2891.0,38.0,4126.0,54.2,3480.0,2709.0,7607.0,1235.0,29.9,55.72786393196599,3998.0,4900,902.0,22.56128064032016,46.93336686359577,0.0,55.72786393196599,64.54,8.81,3162,Substantial Increase (>5pp),uMkhanyakude District,ANC,29.9,49.6,7.1
52701011,4,6411,Umhlabuyalingana,iec_kzn_kzn271___umhlabuyalingana_ward_registration_2026_clean.csv,KZN271 - uMhlabuyalingana,12.0,2.0,134.0,1103.1174600000002,147667.52435180524,42889.072424572514,88752.61724415598,102907.0969922386,191659.7142363673,27.3,0.604,21.2,49.6,24.8,11.4,85.0,83.0,77.0,80.0,55.0,771.0,2891.0,38.0,4126.0,54.2,3480.0,2709.0,7607.0,1235.0,29.9,44.01055408970976,3790.0,6411,2621.0,69.15567282321899,46.93336686359577,1.0,44.01055408970976,56.28,12.27,3608,Substantial Increase (>5pp),uMkhanyakude District,ANC,29.9,49.6,7.1
52701012,6,5887,Umhlabuyalingana,iec_kzn_kzn271___umhlabuyalingana_ward_registration_2026_clean.csv,KZN271 - uMhlabuyalingana,12.0,2.0,134.0,1103.1174600000002,147667.52435180524,42889.072424572514,88752.61724415598,102907.0969922386,191659.7142363673,27.3,0.604,21.2,49.6,24.8,11.4,85.0,83.0,77.0,80.0,55.0,771.0,2891.0,38.0,4126.0,54.2,3480.0,2709.0,7607.0,1235.0,29.9,56.00624024960999,3846.0,5887,2041.0,53.068122724909,46.93336686359577,0.0,56.00624024960999,64.59,8.58,3802,Substantial Increase (>5pp),uMkhanyakude District,ANC,29.9,49.6,7.1
52701013,3,5318,Umhlabuyalingana,iec_kzn_kzn271___umhlabuyalingana_ward_registration_2026_clean.csv,KZN271 - uMhlabuyalingana,12.0,2.0,134.0,1103.1174600000002,147667.52435180524,42889.072424572514,88752.61724415598,102907.0969922386,191659.7142363673,27.3,0.604,21.2,49.6,24.8,11.4,85.0,83.0,77.0,80.0,55.0,771.0,2891.0,38.0,4126.0,54.2,3480.0,2709.0,7607.0,1235.0,29.9,55.64394753816384,4651.0,5318,667.0,14.341001935067728,46.93336686359577,0.0,55.64394753816384,64.15,8.51,3411,Substantial Increase (>5pp),uMkhanyakude District,IFP,29.9,49.6,7.1
52701014,7,5164,Umhlabuyalingana,iec_kzn_kzn271___umhlabuyalingana_ward_registration_2026_clean.csv,KZN271 - uMhlabuyalingana,12.0,2.0,134.0,1103.1174600000002,147667.52435180524,42889.072424572514,88752.61724415598,102907.0969922386,191659.7142363673,27.3,0.604,21.2,49.6,24.8,11.4,85.0,83.0,77.0,80.0,55.0,771.0,2891.0,38.0,4126.0,54.2,3480.0,2709.0,7607.0,1235.0,29.9,60.90010976948408,4555.0,5164,609.0,13.36992316136114,46.93336686359577,0.0,60.90010976948408,66.11,5.21,3414,Substantial Increase (>5pp),uMkhanyakude District,IFP,29.9,49.6,7.1
52701015,6,5383,Umhlabuyalingana,iec_kzn_kzn271___umhlabuyalingana_ward_registration_2026_clean.csv,KZN271 - uMhlabuyalingana,12.0,2.0,134.0,1103.1174600000002,147667.52435180524,42889.072424572514,88752.61724415598,102907.0969922386,191659.7142363673,27.3,0.604,21.2,49.6,24.8,11.4,85.0,83.0,77.0,80.0,55.0,771.0,2891.0,38.0,4126.0,54.2,3480.0,2709.0,7607.0,1235.0,29.9,45.806127574083376,3982.0,5383,1401.0,35.18332496233049,46.93336686359577,1.0,45.806127574083376,55.33,9.52,2978,Substantial Increase (>5pp),uMkhanyakude District,ANC,29.9,49.6,7.1
52701016,3,3631,Umhlabuyalingana,iec_kzn_kzn271___umhlabuyalingana_ward_registration_2026_clean.csv,KZN271 - uMhlabuyalingana,12.0,2.0,134.0,1103.1174600000002,147667.52435180524,42889.072424572514,88752.61724415598,102907.0969922386,191659.7142363673,27.3,0.604,21.2,49.6,24.8,11.4,85.0,83.0,77.0,80.0,55.0,771.0,2891.0,38.0,4126.0,54.2,3480.0,2709.0,7607.0,1235.0,29.9,60.29606132698916,3783.0,3631,-152.0,-4.0179751519957705,46.93336686359577,0.0,60.29606132698916,64.3,4.0,2335,Moderate Increase (1-5pp),uMkhanyakude District,IFP,29.9,49.6,7.1
52701017,3,3383,Umhlabuyalingana,iec_kzn_kzn271___umhlabuyalingana_ward_registration_2026_clean.csv,KZN271 - uMhlabuyalingana,12.0,2.0,134.0,1103.1174600000002,147667.52435180524,42889.072424572514,88752.61724415598,102907.0969922386,191659.7142363673,27.3,0.604,21.2,49.6,24.8,11.4,85.0,83.0,77.0,80.0,55.0,771.0,2891.0,38.0,4126.0,54.2,3480.0,2709.0,7607.0,1235.0,29.9,52.71372000931749,4293.0,3383,-910.0,-21.19729792685768,46.93336686359577,0.0,52.71372000931749,62.02,9.31,2098,Substantial Increase (>5pp),uMkhanyakude District,ANC,29.9,49.6,7.1
52701018,7,5005,Umhlabuyalingana,iec_kzn_kzn271___umhlabuyalingana_ward_registration_2026_clean.csv,KZN271 - uMhlabuyalingana,12.0,2.0,134.0,1103.1174600000002,147667.52435180524,42889.072424572514,88752.61724415598,102907.0969922386,191659.7142363673,27.3,0.604,21.2,49.6,24.8,11.4,85.0,83.0,77.0,80.0,55.0,771.0,2891.0,38.0,4126.0,54.2,3480.0,2709.0,7607.0,1235.0,29.9,57.17667312244459,4647.0,5005,358.0,7.7038949860124815,46.93336686359577,0.0,57.17667312244459,64.36,7.18,3221,Substantial Increase (>5pp),uMkhanyakude District,IFP,29.9,49.6,7.1
52701019,8,6095,Umhlabuyalingana,iec_kzn_kzn271___umhlabuyalingana_ward_registration_2026_clean.csv,KZN271 - uMhlabuyalingana,12.0,2.0,134.0,1103.1174600000002,147667.52435180524,42889.072424572514,88752.61724415598,102907.0969922386,191659.7142363673,27.3,0.604,21.2,49.6,24.8,11.4,85.0,83.0,77.0,80.0,55.0,771.0,2891.0,38.0,4126.0,54.2,3480.0,2709.0,7607.0,1235.0,29.9,54.584365848164,4439.0,6095,1656.0,37.30569948186528,46.93336686359577,0.0,54.584365848164,64.35,9.77,3922,Substantial Increase (>5pp),uMkhanyakude District,ANC,29.9,49.6,7.1
52701020,2,4688,Umhlabuyalingana,iec_kzn_kzn271___umhlabuyalingana_ward_registration_2026_clean.csv,KZN271 - uMhlabuyalingana,12.0,2.0,134.0,1103.1174600000002,147667.52435180524,42889.072424572514,88752.61724415598,102907.0969922386,191659.7142363673,27.3,0.604,21.2,49.6,24.8,11.4,85.0,83.0,77.0,80.0,55.0,771.0,2891.0,38.0,4126.0,54.2,3480.0,2709.0,7607.0,1235.0,29.9,57.2212593876372,3462.0,4688,1226.0,35.41305603697285,46.93336686359577,0.0,57.2212593876372,65.37,8.15,3065,Substantial Increase (>5pp),uMkhanyakude District,ANC,29.9,49.6,7.1
52702001,6,4343,Jozini,iec_kzn_kzn272___jozini_ward_registration_2026_clean.csv,KZN272 - Jozini,24.0,0.0,347.0,7834.67442093013,191271.6984872041,46.57533834,93016.11235044242,106136.83589604024,199152.94824647388,27.3,0.604,21.2,49.6,24.8,11.4,85.0,83.0,77.0,80.0,55.0,771.0,2891.0,38.0,4126.0,54.2,3480.0,2709.0,7607.0,1235.0,29.9,57.73195876288659,4074.0,4343,269.0,6.6028473244968096,46.93336686359577,0.0,57.73195876288659,64.19,6.46,2788,Substantial Increase (>5pp),uMkhanyakude District,IFP,29.9,49.6,7.7
52702002,5,3589,Jozini,iec_kzn_kzn272___jozini_ward_registration_2026_clean.csv,KZN272 - Jozini,24.0,0.0,347.0,7834.67442093013,191271.6984872041,46.57533834,93016.11235044242,106136.83589604024,199152.94824647388,27.3,0.604,21.2,49.6,24.8,11.4,85.0,83.0,77.0,80.0,55.0,771.0,2891.0,38.0,4126.0,54.2,3480.0,2709.0,7607.0,1235.0,29.9,57.02368137782562,3716.0,3589,-127.0,-3.417653390742734,46.93336686359577,0.0,57.02368137782562,63.52,6.5,2280,Substantial Increase (>5pp),uMkhanyakude District,IFP,29.9,49.6,7.7
52702003,6,5727,Jozini,iec_kzn_kzn272___jozini_ward_registration_2026_clean.csv,KZN272 - Jozini,24.0,0.0,347.0,7834.67442093013,191271.6984872041,46.57533834,93016.11235044242,106136.83589604024,199152.94824647388,27.3,0.604,21.2,49.6,24.8,11.4,85.0,83.0,77.0,80.0,55.0,771.0,2891.0,38.0,4126.0,54.2,3480.0,2709.0,7607.0,1235.0,29.9,65.8180026281209,6088.0,5727,-361.0,-5.92969776609724,46.93336686359577,0.0,65.8180026281209,66.53,0.71,3810,Stable (±1pp),uMkhanyakude District,IFP,29.9,49.6,7.7
52702004,6,5340,Jozini,iec_kzn_kzn272___jozini_ward_registration_2026_clean.csv,KZN272 - Jozini,24.0,0.0,347.0,7834.67442093013,191271.6984872041,46.57533834,93016.11235044242,106136.83589604024,199152.94824647388,27.3,0.604,21.2,49.6,24.8,11.4,85.0,83.0,77.0,80.0,55.0,771.0,2891.0,38.0,4126.0,54.2,3480.0,2709.0,7607.0,1235.0,29.9,63.40145642471224,4257.0,5340,1083.0,25.44045102184637,46.93336686359577,0.0,63.40145642471224,67.02,3.62,3579,Moderate Increase (1-5pp),uMkhanyakude District,IFP,29.9,49.6,7.7
52702005,5,4121,Jozini,iec_kzn_kzn272___jozini_ward_registration_2026_clean.csv,KZN272 - Jozini,24.0,0.0,347.0,7834.67442093013,191271.6984872041,46.57533834,93016.11235044242,106136.83589604024,199152.94824647388,27.3,0.604,21.2,49.6,24.8,11.4,85.0,83.0,77.0,80.0,55.0,771.0,2891.0,38.0,4126.0,54.2,3480.0,2709.0,7607.0,1235.0,29.9,55.92527729130181,5139.0,4121,-1018.0,-19.809301420509826,46.93336686359577,0.0,55.92527729130181,63.14,7.21,2602,Substantial Increase (>5pp),uMkhanyakude District,IFP,29.9,49.6,7.7
52702006,4,5265,Jozini,iec_kzn_kzn272___jozini_ward_registration_2026_clean.csv,KZN272 - Jozini,24.0,0.0,347.0,7834.67442093013,191271.6984872041,46.57533834,93016.11235044242,106136.83589604024,199152.94824647388,27.3,0.604,21.2,49.6,24.8,11.4,85.0,83.0,77.0,80.0,55.0,771.0,2891.0,38.0,4126.0,54.2,3480.0,2709.0,7607.0,1235.0,29.9,59.33170334148329,4908.0,5265,357.0,7.273838630806846,46.93336686359577,0.0,59.33170334148329,64.82,5.49,3413,Substantial Increase (>5pp),uMkhanyakude District,IFP,29.9,49.6,7.7
52702007,4,4416,Jozini,iec_kzn_kzn272___jozini_ward_registration_2026_clean.csv,KZN272 - Jozini,24.0,0.0,347.0,7834.67442093013,191271.6984872041,46.57533834,93016.11235044242,106136.83589604024,199152.94824647388,27.3,0.604,21.2,49.6,24.8,11.4,85.0,83.0,77.0,80.0,55.0,771.0,2891.0,38.0,4126.0,54.2,3480.0,2709.0,7607.0,1235.0,29.9,55.27554693990584,3611.0,4416,805.0,22.29299363057325,46.93336686359577,0.0,55.27554693990584,64.31,9.03,2840,Substantial Increase (>5pp),uMkhanyakude District,IFP,29.9,49.6,7.7
52702008,3,6791,Jozini,iec_kzn_kzn272___jozini_ward_registration_2026_clean.csv,KZN272 - Jozini,24.0,0.0,347.0,7834.67442093013,191271.6984872041,46.57533834,93016.11235044242,106136.83589604024,199152.94824647388,27.3,0.604,21.2,49.6,24.8,11.4,85.0,83.0,77.0,80.0,55.0,771.0,2891.0,38.0,4126.0,54.2,3480.0,2709.0,7607.0,1235.0,29.9,56.378683891804606,4954.0,6791,1837.0,37.08114654824384,46.93336686359577,0.0,56.378683891804606,65.52,9.14,4449,Substantial Increase (>5pp),uMkhanyakude District,IFP,29.9,49.6,7.7
52702009,7,5341,Jozini,iec_kzn_kzn272___jozini_ward_registration_2026_clean.csv,KZN272 - Jozini,24.0,0.0,347.0,7834.67442093013,191271.6984872041,46.57533834,93016.11235044242,106136.83589604024,199152.94824647388,27.3,0.604,21.2,49.6,24.8,11.4,85.0,83.0,77.0,80.0,55.0,771.0,2891.0,38.0,4126.0,54.2,3480.0,2709.0,7607.0,1235.0,29.9,57.540263543191806,4098.0,5341,1243.0,30.33186920449,46.93336686359577,0.0,57.540263543191806,65.32,7.78,3489,Substantial Increase (>5pp),uMkhanyakude District,IFP,29.9,49.6,7.7
52702010,5,4872,Jozini,iec_kzn_kzn272___jozini_ward_registration_2026_clean.csv,KZN272 - Jozini,24.0,0.0,347.0,7834.67442093013,191271.6984872041,46.57533834,93016.11235044242,106136.83589604024,199152.94824647388,27.3,0.604,21.2,49.6,24.8,11.4,85.0,83.0,77.0,80.0,55.0,771.0,2891.0,38.0,4126.0,54.2,3480.0,2709.0,7607.0,1235.0,29.9,60.04282655246252,4670.0,4872,202.0,4.325481798715203,46.93336686359577,0.0,60.04282655246252,64.54,4.5,3144,Moderate Increase (1-5pp),uMkhanyakude District,IFP,29.9,49.6,7.7
52702011,4,4777,Jozini,iec_kzn_kzn272___jozini_ward_registration_2026_clean.csv,KZN272 - Jozini,24.0,0.0,347.0,7834.67442093013,191271.6984872041,46.57533834,93016.11235044242,106136.83589604024,199152.94824647388,27.3,0.604,21.2,49.6,24.8,11.4,85.0,83.0,77.0,80.0,55.0,771.0,2891.0,38.0,4126.0,54.2,3480.0,2709.0,7607.0,1235.0,29.9,55.60859188544153,4190.0,4777,587.0,14.009546539379476,46.93336686359577,0.0,55.60859188544153,64.08,8.47,3061,Substantial Increase (>5pp),uMkhanyakude District,IFP,29.9,49.6,7.7
52702012,4,5236,Jozini,iec_kzn_kzn272___jozini_ward_registration_2026_clean.csv,KZN272 - Jozini,24.0,0.0,347.0,7834.67442093013,191271.6984872041,46.57533834,93016.11235044242,106136.83589604024,199152.94824647388,27.3,0.604,21.2,49.6,24.8,11.4,85.0,83.0,77.0,80.0,55.0,771.0,2891.0,38.0,4126.0,54.2,3480.0,2709.0,7607.0,1235.0,29.9,61.458523245214224,5485.0,5236,-249.0,-4.539653600729262,46.93336686359577,0.0,61.458523245214224,65.38,3.92,3423,Moderate Increase (1-5pp),uMkhanyakude District,IFP,29.9,49.6,7.7
52702013,3,4435,Jozini,iec_kzn_kzn272___jozini_ward_registration_2026_clean.csv,KZN272 - Jozini,24.0,0.0,347.0,7834.67442093013,191271.6984872041,46.57533834,93016.11235044242,106136.83589604024,199152.94824647388,27.3,0.604,21.2,49.6,24.8,11.4,85.0,83.0,77.0,80.0,55.0,771.0,2891.0,38.0,4126.0,54.2,3480.0,2709.0,7607.0,1235.0,29.9,60.40172166427546,4879.0,4435,-444.0,-9.100225456036071,46.93336686359577,0.0,60.40172166427546,64.5,4.1,2861,Moderate Increase (1-5pp),uMkhanyakude District,IFP,29.9,49.6,7.7
52702014,6,4789,Jozini,iec_kzn_kzn272___jozini_ward_registration_2026_clean.csv,KZN272 - Jozini,24.0,0.0,347.0,7834.67442093013,191271.6984872041,46.57533834,93016.11235044242,106136.83589604024,199152.94824647388,27.3,0.604,21.2,49.6,24.8,11.4,85.0,83.0,77.0,80.0,55.0,771.0,2891.0,38.0,4126.0,54.2,3480.0,2709.0,7607.0,1235.0,29.9,51.52616279069767,4128.0,4789,661.0,16.012596899224807,46.93336686359577,0.0,51.52616279069767,60.68,9.15,2906,Substantial Increase (>5pp),uMkhanyakude District,IFP,29.9,49.6,7.7
52702015,4,5300,Jozini,iec_kzn_kzn272___jozini_ward_registration_2026_clean.csv,KZN272 - Jozini,24.0,0.0,347.0,7834.67442093013,191271.6984872041,46.57533834,93016.11235044242,106136.83589604024,199152.94824647388,27.3,0.604,21.2,49.6,24.8,11.4,85.0,83.0,77.0,80.0,55.0,771.0,2891.0,38.0,4126.0,54.2,3480.0,2709.0,7607.0,1235.0,29.9,55.78350065473592,4582.0,5300,718.0,15.670013094718463,46.93336686359577,0.0,55.78350065473592,64.48,8.7,3417,Substantial Increase (>5pp),uMkhanyakude District,IFP,29.9,49.6,7.7
52702016,3,4557,Jozini,iec_kzn_kzn272___jozini_ward_registration_2026_clean.csv,KZN272 - Jozini,24.0,0.0,347.0,7834.67442093013,191271.6984872041,46.57533834,93016.11235044242,106136.83589604024,199152.94824647388,27.3,0.604,21.2,49.6,24.8,11.4,85.0,83.0,77.0,80.0,55.0,771.0,2891.0,38.0,4126.0,54.2,3480.0,2709.0,7607.0,1235.0,29.9,70.97007722007721,4144.0,4557,413.0,9.966216216216216,46.93336686359577,0.0,70.97007722007721,69.49,-1.48,3167,Moderate Decline (1-5pp),uMkhanyakude District,ANC,29.9,49.6,7.7
52702017,8,5024,Jozini,iec_kzn_kzn272___jozini_ward_registration_2026_clean.csv,KZN272 - Jozini,24.0,0.0,347.0,7834.67442093013,191271.6984872041,46.57533834,93016.11235044242,106136.83589604024,199152.94824647388,27.3,0.604,21.2,49.6,24.8,11.4,85.0,83.0,77.0,80.0,55.0,771.0,2891.0,38.0,4126.0,54.2,3480.0,2709.0,7607.0,1235.0,29.9,59.96059544658494,4568.0,5024,456.0,9.98248686514886,46.93336686359577,0.0,59.96059544658494,65.02,5.06,3267,Substantial Increase (>5pp),uMkhanyakude District,IFP,29.9,49.6,7.7
52702018,6,4985,Jozini,iec_kzn_kzn272___jozini_ward_registration_2026_clean.csv,KZN272 - Jozini,24.0,0.0,347.0,7834.67442093013,191271.6984872041,46.57533834,93016.11235044242,106136.83589604024,199152.94824647388,27.3,0.604,21.2,49.6,24.8,11.4,85.0,83.0,77.0,80.0,55.0,771.0,2891.0,38.0,4126.0,54.2,3480.0,2709.0,7607.0,1235.0,29.9,57.93056501021103,4407.0,4985,578.0,13.115498071250284,46.93336686359577,0.0,57.93056501021103,64.66,6.73,3223,Substantial Increase (>5pp),uMkhanyakude District,ANC,29.9,49.6,7.7
52702019,5,5002,Jozini,iec_kzn_kzn272___jozini_ward_registration_2026_clean.csv,KZN272 - Jozini,24.0,0.0,347.0,7834.67442093013,191271.6984872041,46.57533834,93016.11235044242,106136.83589604024,199152.94824647388,27.3,0.604,21.2,49.6,24.8,11.4,85.0,83.0,77.0,80.0,55.0,771.0,2891.0,38.0,4126.0,54.2,3480.0,2709.0,7607.0,1235.0,29.9,56.62600785610916,4837.0,5002,165.0,3.411205292536696,46.93336686359577,0.0,56.62600785610916,63.6,6.97,3181,Substantial Increase (>5pp),uMkhanyakude District,IFP,29.9,49.6,7.7
52702020,5,4383,Jozini,iec_kzn_kzn272___jozini_ward_registration_2026_clean.csv,KZN272 - Jozini,24.0,0.0,347.0,7834.67442093013,191271.6984872041,46.57533834,93016.11235044242,106136.83589604024,199152.94824647388,27.3,0.604,21.2,49.6,24.8,11.4,85.0,83.0,77.0,80.0,55.0,771.0,2891.0,38.0,4126.0,54.2,3480.0,2709.0,7607.0,1235.0,29.9,47.94991406825436,4073.0,4383,310.0,7.611097471151486,46.93336686359577,0.0,47.94991406825436,60.18,12.23,2638,Substantial Increase (>5pp),uMkhanyakude District,IFP,29.9,49.6,7.7
52702021,6,5237,Jozini,iec_kzn_kzn272___jozini_ward_registration_2026_clean.csv,KZN272 - Jozini,24.0,0.0,347.0,7834.67442093013,191271.6984872041,46.57533834,93016.11235044242,106136.83589604024,199152.94824647388,27.3,0.604,21.2,49.6,24.8,11.4,85.0,83.0,77.0,80.0,55.0,771.0,2891.0,38.0,4126.0,54.2,3480.0,2709.0,7607.0,1235.0,29.9,53.28798185941043,4410.0,5237,827.0,18.75283446712018,46.93336686359577,0.0,53.28798185941043,64.32,11.03,3368,Substantial Increase (>5pp),uMkhanyakude District,IFP,29.9,49.6,7.7
52702022,6,4074,Jozini,iec_kzn_kzn272___jozini_ward_registration_2026_clean.csv,KZN272 - Jozini,24.0,0.0,347.0,7834.67442093013,191271.6984872041,46.57533834,93016.11235044242,106136.83589604024,199152.94824647388,27.3,0.604,21.2,49.6,24.8,11.4,85.0,83.0,77.0,80.0,55.0,771.0,2891.0,38.0,4126.0,54.2,3480.0,2709.0,7607.0,1235.0,29.9,57.546728971962615,4280.0,4074,-206.0,-4.813084112149533,46.93336686359577,0.0,57.546728971962615,63.52,5.97,2588,Substantial Increase (>5pp),uMkhanyakude District,IFP,29.9,49.6,7.7
52702023,4,3704,Jozini,iec_kzn_kzn272___jozini_ward_registration_2026_clean.csv,KZN272 - Jozini,24.0,0.0,347.0,7834.67442093013,191271.6984872041,46.57533834,93016.11235044242,106136.83589604024,199152.94824647388,27.3,0.604,21.2,49.6,24.8,11.4,85.0,83.0,77.0,80.0,55.0,771.0,2891.0,38.0,4126.0,54.2,3480.0,2709.0,7607.0,1235.0,29.9,64.3094447081158,4214.0,3704,-510.0,-12.10251542477456,46.93336686359577,0.0,64.3094447081158,65.63,1.32,2431,Moderate Increase (1-5pp),uMkhanyakude District,IFP,29.9,49.6,7.7
52702024,4,4999,Jozini,iec_kzn_kzn272___jozini_ward_registration_2026_clean.csv,,,,,,,,,,,,,,,,,,,,,,,,,,,,,,,,50.41896097677759,,4999,491.0,10.149511213341,46.93336686359577,0.0,50.41896097677759,60.33,9.91,3016,Substantial Increase (>5pp),uMkhanyakude District,ANC,33.1,42.5,6.8
52702025,3,4915,Jozini,iec_kzn_kzn272___jozini_ward_registration_2026_clean.csv,,,,,,,,,,,,,,,,,,,,,,,,,,,,,,,,50.41896097677759,,4915,491.0,10.149511213341,46.93336686359577,0.0,50.41896097677759,60.33,9.91,2965,Substantial Increase (>5pp),uMkhanyakude District,ANC,33.1,42.5,6.8
52705001,5,4600,Inkosi Umtubatuba,iec_kzn_kzn275___inkosi_umtubatuba_ward_registration_2026_clean.csv,KZN275 - Mtubatuba,153.0,1.0,554.0,20829.38841035928,193075.9627956237,1963.862655580009,100941.3955130652,114927.8183485117,215869.21386156185,27.3,0.604,21.2,49.6,24.8,11.4,85.0,83.0,77.0,80.0,55.0,771.0,2891.0,38.0,4126.0,54.2,3480.0,2709.0,7607.0,1235.0,29.9,59.16515426497278,2755.0,4600,1845.0,66.96914700544465,46.93336686359577,0.0,59.16515426497278,65.81,6.64,3027,Substantial Increase (>5pp),uMkhanyakude District,IFP,29.9,49.6,7.6
52705002,5,5877,Inkosi Umtubatuba,iec_kzn_kzn275___inkosi_umtubatuba_ward_registration_2026_clean.csv,KZN275 - Mtubatuba,153.0,1.0,554.0,20829.38841035928,193075.9627956237,1963.862655580009,100941.3955130652,114927.8183485117,215869.21386156185,27.3,0.604,21.2,49.6,24.8,11.4,85.0,83.0,77.0,80.0,55.0,771.0,2891.0,38.0,4126.0,54.2,3480.0,2709.0,7607.0,1235.0,29.9,62.832521543649314,5338.0,5877,539.0,10.097414762083178,46.93336686359577,0.0,62.832521543649314,66.43,3.6,3904,Moderate Increase (1-5pp),uMkhanyakude District,IFP,29.9,49.6,7.6
52705003,3,5595,Inkosi Umtubatuba,iec_kzn_kzn275___inkosi_umtubatuba_ward_registration_2026_clean.csv,KZN275 - Mtubatuba,153.0,1.0,554.0,20829.38841035928,193075.9627956237,1963.862655580009,100941.3955130652,114927.8183485117,215869.21386156185,27.3,0.604,21.2,49.6,24.8,11.4,85.0,83.0,77.0,80.0,55.0,771.0,2891.0,38.0,4126.0,54.2,3480.0,2709.0,7607.0,1235.0,29.9,54.17175417175417,4914.0,5595,681.0,13.85836385836386,46.93336686359577,0.0,54.17175417175417,64.2,10.03,3592,Substantial Increase (>5pp),uMkhanyakude District,ANC,29.9,49.6,7.6
52705004,3,3865,Inkosi Umtubatuba,iec_kzn_kzn275___inkosi_umtubatuba_ward_registration_2026_clean.csv,KZN275 - Mtubatuba,153.0,1.0,554.0,20829.38841035928,193075.9627956237,1963.862655580009,100941.3955130652,114927.8183485117,215869.21386156185,27.3,0.604,21.2,49.6,24.8,11.4,85.0,83.0,77.0,80.0,55.0,771.0,2891.0,38.0,4126.0,54.2,3480.0,2709.0,7607.0,1235.0,29.9,40.21126760563381,4260.0,3865,-395.0,-9.272300469483568,46.93336686359577,1.0,40.21126760563381,59.51,19.3,2300,Substantial Increase (>5pp),uMkhanyakude District,ANC,29.9,49.6,7.6
52705005,4,5759,Inkosi Umtubatuba,iec_kzn_kzn275___inkosi_umtubatuba_ward_registration_2026_clean.csv,KZN275 - Mtubatuba,153.0,1.0,554.0,20829.38841035928,193075.9627956237,1963.862655580009,100941.3955130652,114927.8183485117,215869.21386156185,27.3,0.604,21.2,49.6,24.8,11.4,85.0,83.0,77.0,80.0,55.0,771.0,2891.0,38.0,4126.0,54.2,3480.0,2709.0,7607.0,1235.0,29.9,50.93155520690331,5099.0,5759,660.0,12.943714453814472,46.93336686359577,0.0,50.93155520690331,60.58,9.65,3489,Substantial Increase (>5pp),uMkhanyakude District,IFP,29.9,49.6,7.6
52705006,2,4253,Inkosi Umtubatuba,iec_kzn_kzn275___inkosi_umtubatuba_ward_registration_2026_clean.csv,KZN275 - Mtubatuba,153.0,1.0,554.0,20829.38841035928,193075.9627956237,1963.862655580009,100941.3955130652,114927.8183485117,215869.21386156185,27.3,0.604,21.2,49.6,24.8,11.4,85.0,83.0,77.0,80.0,55.0,771.0,2891.0,38.0,4126.0,54.2,3480.0,2709.0,7607.0,1235.0,29.9,43.15707620528772,3858.0,4253,395.0,10.238465526179368,46.93336686359577,1.0,43.15707620528772,55.58,12.42,2364,Substantial Increase (>5pp),uMkhanyakude District,ANC,29.9,49.6,7.6
52705007,3,4597,Inkosi Umtubatuba,iec_kzn_kzn275___inkosi_umtubatuba_ward_registration_2026_clean.csv,KZN275 - Mtubatuba,153.0,1.0,554.0,20829.38841035928,193075.9627956237,1963.862655580009,100941.3955130652,114927.8183485117,215869.21386156185,27.3,0.604,21.2,49.6,24.8,11.4,85.0,83.0,77.0,80.0,55.0,771.0,2891.0,38.0,4126.0,54.2,3480.0,2709.0,7607.0,1235.0,29.9,44.99650104968509,4287.0,4597,310.0,7.231163984138092,46.93336686359577,1.0,44.99650104968509,56.31,11.31,2589,Substantial Increase (>5pp),uMkhanyakude District,ANC,29.9,49.6,7.6
52705008,4,5001,Inkosi Umtubatuba,iec_kzn_kzn275___inkosi_umtubatuba_ward_registration_2026_clean.csv,KZN275 - Mtubatuba,153.0,1.0,554.0,20829.38841035928,193075.9627956237,1963.862655580009,100941.3955130652,114927.8183485117,215869.21386156185,27.3,0.604,21.2,49.6,24.8,11.4,85.0,83.0,77.0,80.0,55.0,771.0,2891.0,38.0,4126.0,54.2,3480.0,2709.0,7607.0,1235.0,29.9,58.828547057150985,3517.0,5001,1484.0,42.19505260164913,46.93336686359577,0.0,58.828547057150985,65.41,6.58,3271,Substantial Increase (>5pp),uMkhanyakude District,IFP,29.9,49.6,7.6
52705009,3,3906,Inkosi Umtubatuba,iec_kzn_kzn275___inkosi_umtubatuba_ward_registration_2026_clean.csv,KZN275 - Mtubatuba,153.0,1.0,554.0,20829.38841035928,193075.9627956237,1963.862655580009,100941.3955130652,114927.8183485117,215869.21386156185,27.3,0.604,21.2,49.6,24.8,11.4,85.0,83.0,77.0,80.0,55.0,771.0,2891.0,38.0,4126.0,54.2,3480.0,2709.0,7607.0,1235.0,29.9,56.11527115951894,4407.0,3906,-501.0,-11.368277739959156,46.93336686359577,0.0,56.11527115951894,63.2,7.08,2469,Substantial Increase (>5pp),uMkhanyakude District,ANC,29.9,49.6,7.6
52705010,6,5050,Inkosi Umtubatuba,iec_kzn_kzn275___inkosi_umtubatuba_ward_registration_2026_clean.csv,KZN275 - Mtubatuba,153.0,1.0,554.0,20829.38841035928,193075.9627956237,1963.862655580009,100941.3955130652,114927.8183485117,215869.21386156185,27.3,0.604,21.2,49.6,24.8,11.4,85.0,83.0,77.0,80.0,55.0,771.0,2891.0,38.0,4126.0,54.2,3480.0,2709.0,7607.0,1235.0,29.9,61.25438415514751,4847.0,5050,203.0,4.188157623272127,46.93336686359577,0.0,61.25438415514751,65.6,4.35,3313,Moderate Increase (1-5pp),uMkhanyakude District,IFP,29.9,49.6,7.6
52705011,3,4805,Inkosi Umtubatuba,iec_kzn_kzn275___inkosi_umtubatuba_ward_registration_2026_clean.csv,KZN275 - Mtubatuba,153.0,1.0,554.0,20829.38841035928,193075.9627956237,1963.862655580009,100941.3955130652,114927.8183485117,215869.21386156185,27.3,0.604,21.2,49.6,24.8,11.4,85.0,83.0,77.0,80.0,55.0,771.0,2891.0,38.0,4126.0,54.2,3480.0,2709.0,7607.0,1235.0,29.9,54.54070981210856,3832.0,4805,973.0,25.39144050104384,46.93336686359577,0.0,54.54070981210856,64.31,9.77,3090,Substantial Increase (>5pp),uMkhanyakude District,IFP,29.9,49.6,7.6
52705012,3,4410,Inkosi Umtubatuba,iec_kzn_kzn275___inkosi_umtubatuba_ward_registration_2026_clean.csv,KZN275 - Mtubatuba,153.0,1.0,554.0,20829.38841035928,193075.9627956237,1963.862655580009,100941.3955130652,114927.8183485117,215869.21386156185,27.3,0.604,21.2,49.6,24.8,11.4,85.0,83.0,77.0,80.0,55.0,771.0,2891.0,38.0,4126.0,54.2,3480.0,2709.0,7607.0,1235.0,29.9,57.883264713005566,4129.0,4410,281.0,6.805521918139985,46.93336686359577,0.0,57.883264713005566,64.2,6.32,2831,Substantial Increase (>5pp),uMkhanyakude District,IFP,29.9,49.6,7.6
52705013,3,5315,Inkosi Umtubatuba,iec_kzn_kzn275___inkosi_umtubatuba_ward_registration_2026_clean.csv,KZN275 - Mtubatuba,153.0,1.0,554.0,20829.38841035928,193075.9627956237,1963.862655580009,100941.3955130652,114927.8183485117,215869.21386156185,27.3,0.604,21.2,49.6,24.8,11.4,85.0,83.0,77.0,80.0,55.0,771.0,2891.0,38.0,4126.0,54.2,3480.0,2709.0,7607.0,1235.0,29.9,57.36853045104968,4811.0,5315,504.0,10.475992517148203,46.93336686359577,0.0,57.36853045104968,64.4,7.03,3423,Substantial Increase (>5pp),uMkhanyakude District,ANC,29.9,49.6,7.6
52705014,7,5359,Inkosi Umtubatuba,iec_kzn_kzn275___inkosi_umtubatuba_ward_registration_2026_clean.csv,KZN275 - Mtubatuba,153.0,1.0,554.0,20829.38841035928,193075.9627956237,1963.862655580009,100941.3955130652,114927.8183485117,215869.21386156185,27.3,0.604,21.2,49.6,24.8,11.4,85.0,83.0,77.0,80.0,55.0,771.0,2891.0,38.0,4126.0,54.2,3480.0,2709.0,7607.0,1235.0,29.9,56.832500543124056,4603.0,5359,756.0,16.4240712578753,46.93336686359577,0.0,56.832500543124056,65.26,8.43,3497,Substantial Increase (>5pp),uMkhanyakude District,IFP,29.9,49.6,7.6
52705015,6,5294,Inkosi Umtubatuba,iec_kzn_kzn275___inkosi_umtubatuba_ward_registration_2026_clean.csv,KZN275 - Mtubatuba,153.0,1.0,554.0,20829.38841035928,193075.9627956237,1963.862655580009,100941.3955130652,114927.8183485117,215869.21386156185,27.3,0.604,21.2,49.6,24.8,11.4,85.0,83.0,77.0,80.0,55.0,771.0,2891.0,38.0,4126.0,54.2,3480.0,2709.0,7607.0,1235.0,29.9,59.43152454780362,4644.0,5294,650.0,13.996554694229111,46.93336686359577,0.0,59.43152454780362,65.49,6.06,3467,Substantial Increase (>5pp),uMkhanyakude District,IFP,29.9,49.6,7.6
52705016,6,5583,Inkosi Umtubatuba,iec_kzn_kzn275___inkosi_umtubatuba_ward_registration_2026_clean.csv,KZN275 - Mtubatuba,153.0,1.0,554.0,20829.38841035928,193075.9627956237,1963.862655580009,100941.3955130652,114927.8183485117,215869.21386156185,27.3,0.604,21.2,49.6,24.8,11.4,85.0,83.0,77.0,80.0,55.0,771.0,2891.0,38.0,4126.0,54.2,3480.0,2709.0,7607.0,1235.0,29.9,56.248660235798496,4665.0,5583,918.0,19.678456591639872,46.93336686359577,0.0,56.248660235798496,64.72,8.47,3613,Substantial Increase (>5pp),uMkhanyakude District,IFP,29.9,49.6,7.6
52705017,3,4615,Inkosi Umtubatuba,iec_kzn_kzn275___inkosi_umtubatuba_ward_registration_2026_clean.csv,KZN275 - Mtubatuba,153.0,1.0,554.0,20829.38841035928,193075.9627956237,1963.862655580009,100941.3955130652,114927.8183485117,215869.21386156185,27.3,0.604,21.2,49.6,24.8,11.4,85.0,83.0,77.0,80.0,55.0,771.0,2891.0,38.0,4126.0,54.2,3480.0,2709.0,7607.0,1235.0,29.9,64.41298511105687,4097.0,4615,518.0,12.643397608005856,46.93336686359577,0.0,64.41298511105687,66.36,1.95,3063,Moderate Increase (1-5pp),uMkhanyakude District,IFP,29.9,49.6,7.6
52705018,3,4579,Inkosi Umtubatuba,iec_kzn_kzn275___inkosi_umtubatuba_ward_registration_2026_clean.csv,KZN275 - Mtubatuba,153.0,1.0,554.0,20829.38841035928,193075.9627956237,1963.862655580009,100941.3955130652,114927.8183485117,215869.21386156185,27.3,0.604,21.2,49.6,24.8,11.4,85.0,83.0,77.0,80.0,55.0,771.0,2891.0,38.0,4126.0,54.2,3480.0,2709.0,7607.0,1235.0,29.9,62.591112156125085,4253.0,4579,326.0,7.665177521749353,46.93336686359577,0.0,62.591112156125085,66.17,3.58,3030,Moderate Increase (1-5pp),uMkhanyakude District,IFP,29.9,49.6,7.6
52705019,4,5139,Inkosi Umtubatuba,iec_kzn_kzn275___inkosi_umtubatuba_ward_registration_2026_clean.csv,KZN275 - Mtubatuba,153.0,1.0,554.0,20829.38841035928,193075.9627956237,1963.862655580009,100941.3955130652,114927.8183485117,215869.21386156185,27.3,0.604,21.2,49.6,24.8,11.4,85.0,83.0,77.0,80.0,55.0,771.0,2891.0,38.0,4126.0,54.2,3480.0,2709.0,7607.0,1235.0,29.9,58.09810273021749,4322.0,5139,817.0,18.903285515964832,46.93336686359577,0.0,58.09810273021749,65.26,7.16,3354,Substantial Increase (>5pp),uMkhanyakude District,IFP,29.9,49.6,7.6
52705020,7,5962,Inkosi Umtubatuba,iec_kzn_kzn275___inkosi_umtubatuba_ward_registration_2026_clean.csv,KZN275 - Mtubatuba,153.0,1.0,554.0,20829.38841035928,193075.9627956237,1963.862655580009,100941.3955130652,114927.8183485117,215869.21386156185,27.3,0.604,21.2,49.6,24.8,11.4,85.0,83.0,77.0,80.0,55.0,771.0,2891.0,38.0,4126.0,54.2,3480.0,2709.0,7607.0,1235.0,29.9,59.30667717155801,5077.0,5962,885.0,17.431554067362615,46.93336686359577,0.0,59.30667717155801,65.72,6.41,3918,Substantial Increase (>5pp),uMkhanyakude District,IFP,29.9,49.6,7.6
52705021,4,3968,Inkosi Umtubatuba,iec_kzn_kzn275___inkosi_umtubatuba_ward_registration_2026_clean.csv,KZN275 - Mtubatuba,153.0,1.0,554.0,20829.38841035928,193075.9627956237,1963.862655580009,100941.3955130652,114927.8183485117,215869.21386156185,27.3,0.604,21.2,49.6,24.8,11.4,85.0,83.0,77.0,80.0,55.0,771.0,2891.0,38.0,4126.0,54.2,3480.0,2709.0,7607.0,1235.0,29.9,56.330906148867314,4944.0,3968,-976.0,-19.7411003236246,46.93336686359577,0.0,56.330906148867314,63.61,7.28,2524,Substantial Increase (>5pp),uMkhanyakude District,IFP,29.9,49.6,7.6
52705022,3,5085,Inkosi Umtubatuba,iec_kzn_kzn275___inkosi_umtubatuba_ward_registration_2026_clean.csv,KZN275 - Mtubatuba,153.0,1.0,554.0,20829.38841035928,193075.9627956237,1963.862655580009,100941.3955130652,114927.8183485117,215869.21386156185,27.3,0.604,21.2,49.6,24.8,11.4,85.0,83.0,77.0,80.0,55.0,771.0,2891.0,38.0,4126.0,54.2,3480.0,2709.0,7607.0,1235.0,29.9,64.24870466321244,2895.0,5085,2190.0,75.64766839378238,46.93336686359577,0.0,64.24870466321244,66.76,2.51,3395,Moderate Increase (1-5pp),uMkhanyakude District,ANC,29.9,49.6,7.6
52705023,3,3840,Inkosi Umtubatuba,iec_kzn_kzn275___inkosi_umtubatuba_ward_registration_2026_clean.csv,KZN275 - Mtubatuba,153.0,1.0,554.0,20829.38841035928,193075.9627956237,1963.862655580009,100941.3955130652,114927.8183485117,215869.21386156185,27.3,0.604,21.2,49.6,24.8,11.4,85.0,83.0,77.0,80.0,55.0,771.0,2891.0,38.0,4126.0,54.2,3480.0,2709.0,7607.0,1235.0,29.9,54.400440044004405,5454.0,3840,-1614.0,-29.592959295929592,46.93336686359577,0.0,54.400440044004405,62.98,8.58,2418,Substantial Increase (>5pp),uMkhanyakude District,IFP,29.9,49.6,7.6
52706001,5,4655,Big Five Hlabisa,iec_kzn_kzn276___big_five_hlabisa_ward_registration_2026_clean.csv,KZN276 - Big Five Hlabisa,23.0,2.0,682.0,6101.516348840089,122504.73558843984,3148.4228257600234,60993.20714583772,70761.46761720304,131754.67476304286,27.3,0.604,21.2,49.6,24.8,11.4,85.0,83.0,77.0,80.0,55.0,771.0,2891.0,38.0,4126.0,54.2,3480.0,2709.0,7607.0,1235.0,29.9,52.95902883156297,3954.0,4655,701.0,17.728882144663633,46.93336686359577,0.0,52.95902883156297,63.46,10.5,2954,Substantial Increase (>5pp),uMkhanyakude District,IFP,29.9,49.6,7.6
52706002,5,5242,Big Five Hlabisa,iec_kzn_kzn276___big_five_hlabisa_ward_registration_2026_clean.csv,KZN276 - Big Five Hlabisa,23.0,2.0,682.0,6101.516348840089,122504.73558843984,3148.4228257600234,60993.20714583772,70761.46761720304,131754.67476304286,27.3,0.604,21.2,49.6,24.8,11.4,85.0,83.0,77.0,80.0,55.0,771.0,2891.0,38.0,4126.0,54.2,3480.0,2709.0,7607.0,1235.0,29.9,61.80371352785146,4524.0,5242,718.0,15.870910698496909,46.93336686359577,0.0,61.80371352785146,66.7,4.9,3496,Moderate Increase (1-5pp),uMkhanyakude District,IFP,29.9,49.6,7.6
52706003,4,5782,Big Five Hlabisa,iec_kzn_kzn276___big_five_hlabisa_ward_registration_2026_clean.csv,KZN276 - Big Five Hlabisa,23.0,2.0,682.0,6101.516348840089,122504.73558843984,3148.4228257600234,60993.20714583772,70761.46761720304,131754.67476304286,27.3,0.604,21.2,49.6,24.8,11.4,85.0,83.0,77.0,80.0,55.0,771.0,2891.0,38.0,4126.0,54.2,3480.0,2709.0,7607.0,1235.0,29.9,53.94045534150613,4568.0,5782,1214.0,26.57618213660245,46.93336686359577,0.0,53.94045534150613,64.37,10.43,3722,Substantial Increase (>5pp),uMkhanyakude District,IFP,29.9,49.6,7.6
52706004,5,4652,Big Five Hlabisa,iec_kzn_kzn276___big_five_hlabisa_ward_registration_2026_clean.csv,KZN276 - Big Five Hlabisa,23.0,2.0,682.0,6101.516348840089,122504.73558843984,3148.4228257600234,60993.20714583772,70761.46761720304,131754.67476304286,27.3,0.604,21.2,49.6,24.8,11.4,85.0,83.0,77.0,80.0,55.0,771.0,2891.0,38.0,4126.0,54.2,3480.0,2709.0,7607.0,1235.0,29.9,67.09967524356732,4003.0,4652,649.0,16.21284036972271,46.93336686359577,0.0,67.09967524356732,69.68,2.58,3242,Moderate Increase (1-5pp),uMkhanyakude District,IFP,29.9,49.6,7.6
52706005,6,4297,Big Five Hlabisa,iec_kzn_kzn276___big_five_hlabisa_ward_registration_2026_clean.csv,KZN276 - Big Five Hlabisa,23.0,2.0,682.0,6101.516348840089,122504.73558843984,3148.4228257600234,60993.20714583772,70761.46761720304,131754.67476304286,27.3,0.604,21.2,49.6,24.8,11.4,85.0,83.0,77.0,80.0,55.0,771.0,2891.0,38.0,4126.0,54.2,3480.0,2709.0,7607.0,1235.0,29.9,43.67436743674367,3636.0,4297,661.0,18.17931793179318,46.93336686359577,1.0,43.67436743674367,55.66,11.99,2392,Substantial Increase (>5pp),uMkhanyakude District,IFP,29.9,49.6,7.6
52706006,6,4062,Big Five Hlabisa,iec_kzn_kzn276___big_five_hlabisa_ward_registration_2026_clean.csv,KZN276 - Big Five Hlabisa,23.0,2.0,682.0,6101.516348840089,122504.73558843984,3148.4228257600234,60993.20714583772,70761.46761720304,131754.67476304286,27.3,0.604,21.2,49.6,24.8,11.4,85.0,83.0,77.0,80.0,55.0,771.0,2891.0,38.0,4126.0,54.2,3480.0,2709.0,7607.0,1235.0,29.9,58.80361173814899,3544.0,4062,518.0,14.616252821670429,46.93336686359577,0.0,58.80361173814899,65.24,6.44,2650,Substantial Increase (>5pp),uMkhanyakude District,IFP,29.9,49.6,7.6
52706007,5,4150,Big Five Hlabisa,iec_kzn_kzn276___big_five_hlabisa_ward_registration_2026_clean.csv,KZN276 - Big Five Hlabisa,23.0,2.0,682.0,6101.516348840089,122504.73558843984,3148.4228257600234,60993.20714583772,70761.46761720304,131754.67476304286,27.3,0.604,21.2,49.6,24.8,11.4,85.0,83.0,77.0,80.0,55.0,771.0,2891.0,38.0,4126.0,54.2,3480.0,2709.0,7607.0,1235.0,29.9,62.75700934579439,4280.0,4150,-130.0,-3.037383177570093,46.93336686359577,0.0,62.75700934579439,65.89,3.13,2734,Moderate Increase (1-5pp),uMkhanyakude District,IFP,29.9,49.6,7.6
52706008,6,3688,Big Five Hlabisa,iec_kzn_kzn276___big_five_hlabisa_ward_registration_2026_clean.csv,KZN276 - Big Five Hlabisa,23.0,2.0,682.0,6101.516348840089,122504.73558843984,3148.4228257600234,60993.20714583772,70761.46761720304,131754.67476304286,27.3,0.604,21.2,49.6,24.8,11.4,85.0,83.0,77.0,80.0,55.0,771.0,2891.0,38.0,4126.0,54.2,3480.0,2709.0,7607.0,1235.0,29.9,61.542940320232894,3435.0,3688,253.0,7.365356622998544,46.93336686359577,0.0,61.542940320232894,65.77,4.23,2426,Moderate Increase (1-5pp),uMkhanyakude District,IFP,29.9,49.6,7.6
52706009,7,4622,Big Five Hlabisa,iec_kzn_kzn276___big_five_hlabisa_ward_registration_2026_clean.csv,KZN276 - Big Five Hlabisa,23.0,2.0,682.0,6101.516348840089,122504.73558843984,3148.4228257600234,60993.20714583772,70761.46761720304,131754.67476304286,27.3,0.604,21.2,49.6,24.8,11.4,85.0,83.0,77.0,80.0,55.0,771.0,2891.0,38.0,4126.0,54.2,3480.0,2709.0,7607.0,1235.0,29.9,56.86179256740345,4117.0,4622,505.0,12.266213262084042,46.93336686359577,0.0,56.86179256740345,64.56,7.7,2984,Substantial Increase (>5pp),uMkhanyakude District,IFP,29.9,49.6,7.6
52706010,7,3952,Big Five Hlabisa,iec_kzn_kzn276___big_five_hlabisa_ward_registration_2026_clean.csv,KZN276 - Big Five Hlabisa,23.0,2.0,682.0,6101.516348840089,122504.73558843984,3148.4228257600234,60993.20714583772,70761.46761720304,131754.67476304286,27.3,0.604,21.2,49.6,24.8,11.4,85.0,83.0,77.0,80.0,55.0,771.0,2891.0,38.0,4126.0,54.2,3480.0,2709.0,7607.0,1235.0,29.9,55.15320334261838,3949.0,3952,3.0,0.0759685996454798,46.93336686359577,0.0,55.15320334261838,63.24,8.09,2499,Substantial Increase (>5pp),uMkhanyakude District,IFP,29.9,49.6,7.6
52706011,6,4380,Big Five Hlabisa,iec_kzn_kzn276___big_five_hlabisa_ward_registration_2026_clean.csv,KZN276 - Big Five Hlabisa,23.0,2.0,682.0,6101.516348840089,122504.73558843984,3148.4228257600234,60993.20714583772,70761.46761720304,131754.67476304286,27.3,0.604,21.2,49.6,24.8,11.4,85.0,83.0,77.0,80.0,55.0,771.0,2891.0,38.0,4126.0,54.2,3480.0,2709.0,7607.0,1235.0,29.9,56.89277899343544,4113.0,4380,267.0,6.491611962071481,46.93336686359577,0.0,56.89277899343544,64.19,7.3,2812,Substantial Increase (>5pp),uMkhanyakude District,IFP,29.9,49.6,7.6
52706012,4,4468,Big Five Hlabisa,iec_kzn_kzn276___big_five_hlabisa_ward_registration_2026_clean.csv,KZN276 - Big Five Hlabisa,23.0,2.0,682.0,6101.516348840089,122504.73558843984,3148.4228257600234,60993.20714583772,70761.46761720304,131754.67476304286,27.3,0.604,21.2,49.6,24.8,11.4,85.0,83.0,77.0,80.0,55.0,771.0,2891.0,38.0,4126.0,54.2,3480.0,2709.0,7607.0,1235.0,29.9,46.58221797323136,4184.0,4468,284.0,6.787762906309751,46.93336686359577,1.0,46.58221797323136,56.24,9.66,2513,Substantial Increase (>5pp),uMkhanyakude District,IFP,29.9,49.6,7.6
52706013,7,4380,Big Five Hlabisa,iec_kzn_kzn276___big_five_hlabisa_ward_registration_2026_clean.csv,KZN276 - Big Five Hlabisa,23.0,2.0,682.0,6101.516348840089,122504.73558843984,3148.4228257600234,60993.20714583772,70761.46761720304,131754.67476304286,27.3,0.604,21.2,49.6,24.8,11.4,85.0,83.0,77.0,80.0,55.0,771.0,2891.0,38.0,4126.0,54.2,3480.0,2709.0,7607.0,1235.0,29.9,54.74369866893232,3531.0,4380,849.0,24.044180118946475,46.93336686359577,0.0,54.74369866893232,64.31,9.57,2817,Substantial Increase (>5pp),uMkhanyakude District,IFP,29.9,49.6,7.6
52706014,8,5025,Big Five Hlabisa,iec_kzn_kzn276___big_five_hlabisa_ward_registration_2026_clean.csv,KZN276 - Big Five Hlabisa,23.0,2.0,682.0,6101.516348840089,122504.73558843984,3148.4228257600234,60993.20714583772,70761.46761720304,131754.67476304286,27.3,0.604,21.2,49.6,24.8,11.4,85.0,83.0,77.0,80.0,55.0,771.0,2891.0,38.0,4126.0,54.2,3480.0,2709.0,7607.0,1235.0,29.9,48.69684499314129,4374.0,5025,651.0,14.883401920438958,46.93336686359577,0.0,48.69684499314129,60.56,11.86,3043,Substantial Increase (>5pp),uMkhanyakude District,IFP,29.9,49.6,7.6
52801001,3,3200,Umfolozi,iec_kzn_kzn281___umfolozi_ward_registration_2026_clean.csv,KZN281 - uMfolozi,0.0,3.0,179.0,3244.9967295100155,155047.48797082517,1375.470647690001,76885.81656265157,82782.138785383,159667.95534802426,27.3,0.604,21.2,49.6,24.8,11.4,85.0,83.0,77.0,80.0,55.0,771.0,2891.0,38.0,4126.0,54.2,3480.0,2709.0,7607.0,1235.0,29.9,59.56688596491229,3648.0,3200,-448.0,-12.280701754385964,46.93336686359577,0.0,59.56688596491229,63.97,4.4,2047,Moderate Increase (1-5pp),King Cetshwayo District,MK,29.9,49.6,7.7
52801002,3,3516,Umfolozi,iec_kzn_kzn281___umfolozi_ward_registration_2026_clean.csv,KZN281 - uMfolozi,0.0,3.0,179.0,3244.9967295100155,155047.48797082517,1375.470647690001,76885.81656265157,82782.138785383,159667.95534802426,27.3,0.604,21.2,49.6,24.8,11.4,85.0,83.0,77.0,80.0,55.0,771.0,2891.0,38.0,4126.0,54.2,3480.0,2709.0,7607.0,1235.0,29.9,46.40709991411394,3493.0,3516,23.0,0.6584597766962497,46.93336686359577,1.0,46.40709991411394,59.77,13.36,2102,Substantial Increase (>5pp),King Cetshwayo District,MK,29.9,49.6,7.7
52801003,5,5327,Umfolozi,iec_kzn_kzn281___umfolozi_ward_registration_2026_clean.csv,KZN281 - uMfolozi,0.0,3.0,179.0,3244.9967295100155,155047.48797082517,1375.470647690001,76885.81656265157,82782.138785383,159667.95534802426,27.3,0.604,21.2,49.6,24.8,11.4,85.0,83.0,77.0,80.0,55.0,771.0,2891.0,38.0,4126.0,54.2,3480.0,2709.0,7607.0,1235.0,29.9,57.9601457038783,4667.0,5327,660.0,14.14184701092779,46.93336686359577,0.0,57.9601457038783,65.17,7.21,3472,Substantial Increase (>5pp),King Cetshwayo District,IFP,29.9,49.6,7.7
52801004,5,5262,Umfolozi,iec_kzn_kzn281___umfolozi_ward_registration_2026_clean.csv,KZN281 - uMfolozi,0.0,3.0,179.0,3244.9967295100155,155047.48797082517,1375.470647690001,76885.81656265157,82782.138785383,159667.95534802426,27.3,0.604,21.2,49.6,24.8,11.4,85.0,83.0,77.0,80.0,55.0,771.0,2891.0,38.0,4126.0,54.2,3480.0,2709.0,7607.0,1235.0,29.9,60.86054950751685,3858.0,5262,1404.0,36.39191290824261,46.93336686359577,0.0,60.86054950751685,66.33,5.47,3490,Substantial Increase (>5pp),King Cetshwayo District,MK,29.9,49.6,7.7
52801005,4,5146,Umfolozi,iec_kzn_kzn281___umfolozi_ward_registration_2026_clean.csv,KZN281 - uMfolozi,0.0,3.0,179.0,3244.9967295100155,155047.48797082517,1375.470647690001,76885.81656265157,82782.138785383,159667.95534802426,27.3,0.604,21.2,49.6,24.8,11.4,85.0,83.0,77.0,80.0,55.0,771.0,2891.0,38.0,4126.0,54.2,3480.0,2709.0,7607.0,1235.0,29.9,54.40317682784396,4281.0,5146,865.0,20.20555944872693,46.93336686359577,0.0,54.40317682784396,64.31,9.91,3309,Substantial Increase (>5pp),King Cetshwayo District,ANC,29.9,49.6,7.7
52801006,2,6070,Umfolozi,iec_kzn_kzn281___umfolozi_ward_registration_2026_clean.csv,KZN281 - uMfolozi,0.0,3.0,179.0,3244.9967295100155,155047.48797082517,1375.470647690001,76885.81656265157,82782.138785383,159667.95534802426,27.3,0.604,21.2,49.6,24.8,11.4,85.0,83.0,77.0,80.0,55.0,771.0,2891.0,38.0,4126.0,54.2,3480.0,2709.0,7607.0,1235.0,29.9,46.12488928255093,4516.0,6070,1554.0,34.41098317094774,46.93336686359577,1.0,46.12488928255093,55.05,8.93,3342,Substantial Increase (>5pp),King Cetshwayo District,IFP,29.9,49.6,7.7
52801007,4,4678,Umfolozi,iec_kzn_kzn281___umfolozi_ward_registration_2026_clean.csv,KZN281 - uMfolozi,0.0,3.0,179.0,3244.9967295100155,155047.48797082517,1375.470647690001,76885.81656265157,82782.138785383,159667.95534802426,27.3,0.604,21.2,49.6,24.8,11.4,85.0,83.0,77.0,80.0,55.0,771.0,2891.0,38.0,4126.0,54.2,3480.0,2709.0,7607.0,1235.0,29.9,51.8468162247904,4413.0,4678,265.0,6.004985270790845,46.93336686359577,0.0,51.8468162247904,60.53,8.68,2832,Substantial Increase (>5pp),King Cetshwayo District,MK,29.9,49.6,7.7
52801008,2,3968,Umfolozi,iec_kzn_kzn281___umfolozi_ward_registration_2026_clean.csv,KZN281 - uMfolozi,0.0,3.0,179.0,3244.9967295100155,155047.48797082517,1375.470647690001,76885.81656265157,82782.138785383,159667.95534802426,27.3,0.604,21.2,49.6,24.8,11.4,85.0,83.0,77.0,80.0,55.0,771.0,2891.0,38.0,4126.0,54.2,3480.0,2709.0,7607.0,1235.0,29.9,57.97856935997683,3453.0,3968,515.0,14.914567043150884,46.93336686359577,0.0,57.97856935997683,65.2,7.22,2587,Substantial Increase (>5pp),King Cetshwayo District,IFP,29.9,49.6,7.7
52801009,6,5756,Umfolozi,iec_kzn_kzn281___umfolozi_ward_registration_2026_clean.csv,KZN281 - uMfolozi,0.0,3.0,179.0,3244.9967295100155,155047.48797082517,1375.470647690001,76885.81656265157,82782.138785383,159667.95534802426,27.3,0.604,21.2,49.6,24.8,11.4,85.0,83.0,77.0,80.0,55.0,771.0,2891.0,38.0,4126.0,54.2,3480.0,2709.0,7607.0,1235.0,29.9,57.63856544014905,4294.0,5756,1462.0,34.04750815090824,46.93336686359577,0.0,57.63856544014905,65.37,7.73,3763,Substantial Increase (>5pp),King Cetshwayo District,IFP,29.9,49.6,7.7
52801010,6,3825,Umfolozi,iec_kzn_kzn281___umfolozi_ward_registration_2026_clean.csv,KZN281 - uMfolozi,0.0,3.0,179.0,3244.9967295100155,155047.48797082517,1375.470647690001,76885.81656265157,82782.138785383,159667.95534802426,27.3,0.604,21.2,49.6,24.8,11.4,85.0,83.0,77.0,80.0,55.0,771.0,2891.0,38.0,4126.0,54.2,3480.0,2709.0,7607.0,1235.0,29.9,50.42316258351893,4490.0,3825,-665.0,-14.810690423162583,46.93336686359577,0.0,50.42316258351893,60.07,9.65,2298,Substantial Increase (>5pp),King Cetshwayo District,MK,29.9,49.6,7.7
52801011,5,5201,Umfolozi,iec_kzn_kzn281___umfolozi_ward_registration_2026_clean.csv,KZN281 - uMfolozi,0.0,3.0,179.0,3244.9967295100155,155047.48797082517,1375.470647690001,76885.81656265157,82782.138785383,159667.95534802426,27.3,0.604,21.2,49.6,24.8,11.4,85.0,83.0,77.0,80.0,55.0,771.0,2891.0,38.0,4126.0,54.2,3480.0,2709.0,7607.0,1235.0,29.9,56.89912561313712,4689.0,5201,512.0,10.9191725314566,46.93336686359577,0.0,56.89912561313712,64.4,7.5,3349,Substantial Increase (>5pp),King Cetshwayo District,ANC,29.9,49.6,7.7
52801012,5,5101,Umfolozi,iec_kzn_kzn281___umfolozi_ward_registration_2026_clean.csv,KZN281 - uMfolozi,0.0,3.0,179.0,3244.9967295100155,155047.48797082517,1375.470647690001,76885.81656265157,82782.138785383,159667.95534802426,27.3,0.604,21.2,49.6,24.8,11.4,85.0,83.0,77.0,80.0,55.0,771.0,2891.0,38.0,4126.0,54.2,3480.0,2709.0,7607.0,1235.0,29.9,52.6573271069602,4497.0,5101,604.0,13.431176339782075,46.93336686359577,0.0,52.6573271069602,62.6,9.94,3193,Substantial Increase (>5pp),King Cetshwayo District,IFP,29.9,49.6,7.7
52801013,7,3902,Umfolozi,iec_kzn_kzn281___umfolozi_ward_registration_2026_clean.csv,KZN281 - uMfolozi,0.0,3.0,179.0,3244.9967295100155,155047.48797082517,1375.470647690001,76885.81656265157,82782.138785383,159667.95534802426,27.3,0.604,21.2,49.6,24.8,11.4,85.0,83.0,77.0,80.0,55.0,771.0,2891.0,38.0,4126.0,54.2,3480.0,2709.0,7607.0,1235.0,29.9,49.46098562628337,3896.0,3902,6.0,0.1540041067761807,46.93336686359577,0.0,49.46098562628337,60.2,10.74,2349,Substantial Increase (>5pp),King Cetshwayo District,IFP,29.9,49.6,7.7
52801014,3,3217,Umfolozi,iec_kzn_kzn281___umfolozi_ward_registration_2026_clean.csv,KZN281 - uMfolozi,0.0,3.0,179.0,3244.9967295100155,155047.48797082517,1375.470647690001,76885.81656265157,82782.138785383,159667.95534802426,27.3,0.604,21.2,49.6,24.8,11.4,85.0,83.0,77.0,80.0,55.0,771.0,2891.0,38.0,4126.0,54.2,3480.0,2709.0,7607.0,1235.0,29.9,46.45912547528518,4208.0,3217,-991.0,-23.550380228136884,46.93336686359577,1.0,46.45912547528518,59.7,13.24,1921,Substantial Increase (>5pp),King Cetshwayo District,IFP,29.9,49.6,7.7
52801015,4,3922,Umfolozi,iec_kzn_kzn281___umfolozi_ward_registration_2026_clean.csv,KZN281 - uMfolozi,0.0,3.0,179.0,3244.9967295100155,155047.48797082517,1375.470647690001,76885.81656265157,82782.138785383,159667.95534802426,27.3,0.604,21.2,49.6,24.8,11.4,85.0,83.0,77.0,80.0,55.0,771.0,2891.0,38.0,4126.0,54.2,3480.0,2709.0,7607.0,1235.0,29.9,51.09992048767559,3773.0,3922,149.0,3.9491121123774175,46.93336686359577,0.0,51.09992048767559,60.45,9.35,2371,Substantial Increase (>5pp),King Cetshwayo District,IFP,29.9,49.6,7.7
52801016,2,4046,Umfolozi,iec_kzn_kzn281___umfolozi_ward_registration_2026_clean.csv,KZN281 - uMfolozi,0.0,3.0,179.0,3244.9967295100155,155047.48797082517,1375.470647690001,76885.81656265157,82782.138785383,159667.95534802426,27.3,0.604,21.2,49.6,24.8,11.4,85.0,83.0,77.0,80.0,55.0,771.0,2891.0,38.0,4126.0,54.2,3480.0,2709.0,7607.0,1235.0,29.9,41.33370849746764,3554.0,4046,492.0,13.843556555993247,46.93336686359577,1.0,41.33370849746764,55.51,14.18,2246,Substantial Increase (>5pp),King Cetshwayo District,ANC,29.9,49.6,7.7
52801017,5,3772,Umfolozi,iec_kzn_kzn281___umfolozi_ward_registration_2026_clean.csv,KZN281 - uMfolozi,0.0,3.0,179.0,3244.9967295100155,155047.48797082517,1375.470647690001,76885.81656265157,82782.138785383,159667.95534802426,27.3,0.604,21.2,49.6,24.8,11.4,85.0,83.0,77.0,80.0,55.0,771.0,2891.0,38.0,4126.0,54.2,3480.0,2709.0,7607.0,1235.0,29.9,46.29836725564751,4471.0,3772,-699.0,-15.634086334153432,46.93336686359577,1.0,46.29836725564751,59.63,13.33,2249,Substantial Increase (>5pp),King Cetshwayo District,MK,29.9,49.6,7.7
52801018,6,5170,Umfolozi,iec_kzn_kzn281___umfolozi_ward_registration_2026_clean.csv,KZN281 - uMfolozi,0.0,3.0,179.0,3244.9967295100155,155047.48797082517,1375.470647690001,76885.81656265157,82782.138785383,159667.95534802426,27.3,0.604,21.2,49.6,24.8,11.4,85.0,83.0,77.0,80.0,55.0,771.0,2891.0,38.0,4126.0,54.2,3480.0,2709.0,7607.0,1235.0,29.9,52.24226804123712,3880.0,5170,1290.0,33.24742268041237,46.93336686359577,0.0,52.24226804123712,61.85,9.61,3198,Substantial Increase (>5pp),King Cetshwayo District,IFP,29.9,49.6,7.7
52802001,3,6346,Umhlathuze,iec_kzn_kzn282___umhlathuze_ward_registration_2026_clean.csv,KZN282 - uMhlathuze,206.0,3.0,1014.0,144215.11955920473,264157.71158143505,3702.13667568,199906.9569742248,212168.01084210505,412074.9678163402,27.3,0.604,21.2,49.6,24.8,11.4,85.0,83.0,77.0,80.0,55.0,771.0,2891.0,38.0,4126.0,54.2,3480.0,2709.0,7607.0,1235.0,29.9,48.1966053748232,5656.0,6346,690.0,12.199434229137198,46.93336686359577,0.0,48.1966053748232,60.18,11.98,3819,Substantial Increase (>5pp),King Cetshwayo District,DA,29.9,49.6,7.3
52802002,4,3851,Umhlathuze,iec_kzn_kzn282___umhlathuze_ward_registration_2026_clean.csv,KZN282 - uMhlathuze,206.0,3.0,1014.0,144215.11955920473,264157.71158143505,3702.13667568,199906.9569742248,212168.01084210505,412074.9678163402,27.3,0.604,21.2,49.6,24.8,11.4,85.0,83.0,77.0,80.0,55.0,771.0,2891.0,38.0,4126.0,54.2,3480.0,2709.0,7607.0,1235.0,29.9,49.25122249388753,6544.0,3851,-2693.0,-41.15220048899755,46.93336686359577,0.0,49.25122249388753,61.29,12.04,2360,Substantial Increase (>5pp),King Cetshwayo District,DA,29.9,49.6,7.3
52802003,3,7014,Umhlathuze,iec_kzn_kzn282___umhlathuze_ward_registration_2026_clean.csv,KZN282 - uMhlathuze,206.0,3.0,1014.0,144215.11955920473,264157.71158143505,3702.13667568,199906.9569742248,212168.01084210505,412074.9678163402,27.3,0.604,21.2,49.6,24.8,11.4,85.0,83.0,77.0,80.0,55.0,771.0,2891.0,38.0,4126.0,54.2,3480.0,2709.0,7607.0,1235.0,29.9,49.30180894953983,6302.0,7014,712.0,11.298000634719136,46.93336686359577,0.0,49.30180894953983,60.33,11.03,4232,Substantial Increase (>5pp),King Cetshwayo District,DA,29.9,49.6,7.3
52802004,4,5567,Umhlathuze,iec_kzn_kzn282___umhlathuze_ward_registration_2026_clean.csv,KZN282 - uMhlathuze,206.0,3.0,1014.0,144215.11955920473,264157.71158143505,3702.13667568,199906.9569742248,212168.01084210505,412074.9678163402,27.3,0.604,21.2,49.6,24.8,11.4,85.0,83.0,77.0,80.0,55.0,771.0,2891.0,38.0,4126.0,54.2,3480.0,2709.0,7607.0,1235.0,29.9,45.78932343705395,7006.0,5567,-1439.0,-20.53953753925207,46.93336686359577,1.0,45.78932343705395,59.52,13.73,3313,Substantial Increase (>5pp),King Cetshwayo District,DA,29.9,49.6,7.3
52802005,6,5902,Umhlathuze,iec_kzn_kzn282___umhlathuze_ward_registration_2026_clean.csv,KZN282 - uMhlathuze,206.0,3.0,1014.0,144215.11955920473,264157.71158143505,3702.13667568,199906.9569742248,212168.01084210505,412074.9678163402,27.3,0.604,21.2,49.6,24.8,11.4,85.0,83.0,77.0,80.0,55.0,771.0,2891.0,38.0,4126.0,54.2,3480.0,2709.0,7607.0,1235.0,29.9,48.06703485050466,5251.0,5902,651.0,12.39763854503904,46.93336686359577,0.0,48.06703485050466,60.18,12.11,3552,Substantial Increase (>5pp),King Cetshwayo District,IFP,29.9,49.6,7.3
52802006,4,5500,Umhlathuze,iec_kzn_kzn282___umhlathuze_ward_registration_2026_clean.csv,KZN282 - uMhlathuze,206.0,3.0,1014.0,144215.11955920473,264157.71158143505,3702.13667568,199906.9569742248,212168.01084210505,412074.9678163402,27.3,0.604,21.2,49.6,24.8,11.4,85.0,83.0,77.0,80.0,55.0,771.0,2891.0,38.0,4126.0,54.2,3480.0,2709.0,7607.0,1235.0,29.9,51.2384550797649,4764.0,5500,736.0,15.449202350965574,46.93336686359577,0.0,51.2384550797649,60.58,9.34,3332,Substantial Increase (>5pp),King Cetshwayo District,IFP,29.9,49.6,7.3
52802007,3,5590,Umhlathuze,iec_kzn_kzn282___umhlathuze_ward_registration_2026_clean.csv,KZN282 - uMhlathuze,206.0,3.0,1014.0,144215.11955920473,264157.71158143505,3702.13667568,199906.9569742248,212168.01084210505,412074.9678163402,27.3,0.604,21.2,49.6,24.8,11.4,85.0,83.0,77.0,80.0,55.0,771.0,2891.0,38.0,4126.0,54.2,3480.0,2709.0,7607.0,1235.0,29.9,43.3698296836983,4932.0,5590,658.0,13.341443633414436,46.93336686359577,1.0,43.3698296836983,55.43,12.06,3099,Substantial Increase (>5pp),King Cetshwayo District,IFP,29.9,49.6,7.3
52802008,3,5398,Umhlathuze,iec_kzn_kzn282___umhlathuze_ward_registration_2026_clean.csv,KZN282 - uMhlathuze,206.0,3.0,1014.0,144215.11955920473,264157.71158143505,3702.13667568,199906.9569742248,212168.01084210505,412074.9678163402,27.3,0.604,21.2,49.6,24.8,11.4,85.0,83.0,77.0,80.0,55.0,771.0,2891.0,38.0,4126.0,54.2,3480.0,2709.0,7607.0,1235.0,29.9,39.89983305509182,4792.0,5398,606.0,12.646076794657764,46.93336686359577,1.0,39.89983305509182,56.3,16.4,3039,Substantial Increase (>5pp),King Cetshwayo District,IFP,29.9,49.6,7.3
52802009,3,6443,Umhlathuze,iec_kzn_kzn282___umhlathuze_ward_registration_2026_clean.csv,KZN282 - uMhlathuze,206.0,3.0,1014.0,144215.11955920473,264157.71158143505,3702.13667568,199906.9569742248,212168.01084210505,412074.9678163402,27.3,0.604,21.2,49.6,24.8,11.4,85.0,83.0,77.0,80.0,55.0,771.0,2891.0,38.0,4126.0,54.2,3480.0,2709.0,7607.0,1235.0,29.9,41.2178296630406,7538.0,6443,-1095.0,-14.526399575484216,46.93336686359577,1.0,41.2178296630406,59.22,18.0,3816,Substantial Increase (>5pp),King Cetshwayo District,ANC,29.9,49.6,7.3
52802010,5,5873,Umhlathuze,iec_kzn_kzn282___umhlathuze_ward_registration_2026_clean.csv,KZN282 - uMhlathuze,206.0,3.0,1014.0,144215.11955920473,264157.71158143505,3702.13667568,199906.9569742248,212168.01084210505,412074.9678163402,27.3,0.604,21.2,49.6,24.8,11.4,85.0,83.0,77.0,80.0,55.0,771.0,2891.0,38.0,4126.0,54.2,3480.0,2709.0,7607.0,1235.0,29.9,45.07723804206216,5373.0,5873,500.0,9.305788200260562,46.93336686359577,1.0,45.07723804206216,54.7,9.62,3213,Substantial Increase (>5pp),King Cetshwayo District,ANC,29.9,49.6,7.3
52802011,6,5298,Umhlathuze,iec_kzn_kzn282___umhlathuze_ward_registration_2026_clean.csv,KZN282 - uMhlathuze,206.0,3.0,1014.0,144215.11955920473,264157.71158143505,3702.13667568,199906.9569742248,212168.01084210505,412074.9678163402,27.3,0.604,21.2,49.6,24.8,11.4,85.0,83.0,77.0,80.0,55.0,771.0,2891.0,38.0,4126.0,54.2,3480.0,2709.0,7607.0,1235.0,29.9,51.51819827066157,4973.0,5298,325.0,6.535290569072995,46.93336686359577,0.0,51.51819827066157,60.68,9.16,3215,Substantial Increase (>5pp),King Cetshwayo District,IFP,29.9,49.6,7.3
52802012,6,8180,Umhlathuze,iec_kzn_kzn282___umhlathuze_ward_registration_2026_clean.csv,KZN282 - uMhlathuze,206.0,3.0,1014.0,144215.11955920473,264157.71158143505,3702.13667568,199906.9569742248,212168.01084210505,412074.9678163402,27.3,0.604,21.2,49.6,24.8,11.4,85.0,83.0,77.0,80.0,55.0,771.0,2891.0,38.0,4126.0,54.2,3480.0,2709.0,7607.0,1235.0,29.9,41.340602950609366,6236.0,8180,1944.0,31.173829377806285,46.93336686359577,1.0,41.340602950609366,56.0,14.66,4581,Substantial Increase (>5pp),King Cetshwayo District,MK,29.9,49.6,7.3
52802013,3,4682,Umhlathuze,iec_kzn_kzn282___umhlathuze_ward_registration_2026_clean.csv,KZN282 - uMhlathuze,206.0,3.0,1014.0,144215.11955920473,264157.71158143505,3702.13667568,199906.9569742248,212168.01084210505,412074.9678163402,27.3,0.604,21.2,49.6,24.8,11.4,85.0,83.0,77.0,80.0,55.0,771.0,2891.0,38.0,4126.0,54.2,3480.0,2709.0,7607.0,1235.0,29.9,50.47035986262506,6697.0,4682,-2015.0,-30.088099148872622,46.93336686359577,0.0,50.47035986262506,61.41,10.94,2875,Substantial Increase (>5pp),King Cetshwayo District,ANC,29.9,49.6,7.3
52802014,5,4091,Umhlathuze,iec_kzn_kzn282___umhlathuze_ward_registration_2026_clean.csv,KZN282 - uMhlathuze,206.0,3.0,1014.0,144215.11955920473,264157.71158143505,3702.13667568,199906.9569742248,212168.01084210505,412074.9678163402,27.3,0.604,21.2,49.6,24.8,11.4,85.0,83.0,77.0,80.0,55.0,771.0,2891.0,38.0,4126.0,54.2,3480.0,2709.0,7607.0,1235.0,29.9,42.43053337591824,6262.0,4091,-2171.0,-34.66943468540403,46.93336686359577,1.0,42.43053337591824,58.69,16.26,2401,Substantial Increase (>5pp),King Cetshwayo District,ANC,29.9,49.6,7.3
52802015,4,5954,Umhlathuze,iec_kzn_kzn282___umhlathuze_ward_registration_2026_clean.csv,KZN282 - uMhlathuze,206.0,3.0,1014.0,144215.11955920473,264157.71158143505,3702.13667568,199906.9569742248,212168.01084210505,412074.9678163402,27.3,0.604,21.2,49.6,24.8,11.4,85.0,83.0,77.0,80.0,55.0,771.0,2891.0,38.0,4126.0,54.2,3480.0,2709.0,7607.0,1235.0,29.9,44.20168067226891,6545.0,5954,-591.0,-9.029793735676089,46.93336686359577,1.0,44.20168067226891,59.59,15.39,3548,Substantial Increase (>5pp),King Cetshwayo District,ANC,29.9,49.6,7.3
52802016,3,5269,Umhlathuze,iec_kzn_kzn282___umhlathuze_ward_registration_2026_clean.csv,KZN282 - uMhlathuze,206.0,3.0,1014.0,144215.11955920473,264157.71158143505,3702.13667568,199906.9569742248,212168.01084210505,412074.9678163402,27.3,0.604,21.2,49.6,24.8,11.4,85.0,83.0,77.0,80.0,55.0,771.0,2891.0,38.0,4126.0,54.2,3480.0,2709.0,7607.0,1235.0,29.9,36.559778305621535,5052.0,5269,217.0,4.295328582739509,46.93336686359577,1.0,36.559778305621535,59.73,23.17,3147,Substantial Increase (>5pp),King Cetshwayo District,IFP,29.9,49.6,7.3
52802017,4,6624,Umhlathuze,iec_kzn_kzn282___umhlathuze_ward_registration_2026_clean.csv,KZN282 - uMhlathuze,206.0,3.0,1014.0,144215.11955920473,264157.71158143505,3702.13667568,199906.9569742248,212168.01084210505,412074.9678163402,27.3,0.604,21.2,49.6,24.8,11.4,85.0,83.0,77.0,80.0,55.0,771.0,2891.0,38.0,4126.0,54.2,3480.0,2709.0,7607.0,1235.0,29.9,35.75770278767554,4771.0,6624,1853.0,38.83881785789143,46.93336686359577,1.0,35.75770278767554,56.72,20.96,3757,Substantial Increase (>5pp),King Cetshwayo District,ANC,29.9,49.6,7.3
52802018,4,6587,Umhlathuze,iec_kzn_kzn282___umhlathuze_ward_registration_2026_clean.csv,KZN282 - uMhlathuze,206.0,3.0,1014.0,144215.11955920473,264157.71158143505,3702.13667568,199906.9569742248,212168.01084210505,412074.9678163402,27.3,0.604,21.2,49.6,24.8,11.4,85.0,83.0,77.0,80.0,55.0,771.0,2891.0,38.0,4126.0,54.2,3480.0,2709.0,7607.0,1235.0,29.9,50.52005943536404,5384.0,6587,1203.0,22.343982169390788,46.93336686359577,0.0,50.52005943536404,60.41,9.89,3979,Substantial Increase (>5pp),King Cetshwayo District,ANC,29.9,49.6,7.3
52802019,3,6360,Umhlathuze,iec_kzn_kzn282___umhlathuze_ward_registration_2026_clean.csv,KZN282 - uMhlathuze,206.0,3.0,1014.0,144215.11955920473,264157.71158143505,3702.13667568,199906.9569742248,212168.01084210505,412074.9678163402,27.3,0.604,21.2,49.6,24.8,11.4,85.0,83.0,77.0,80.0,55.0,771.0,2891.0,38.0,4126.0,54.2,3480.0,2709.0,7607.0,1235.0,29.9,36.75272916305666,5771.0,6360,589.0,10.206203430947845,46.93336686359577,1.0,36.75272916305666,56.58,19.83,3598,Substantial Increase (>5pp),King Cetshwayo District,MK,29.9,49.6,7.3
52802020,4,6573,Umhlathuze,iec_kzn_kzn282___umhlathuze_ward_registration_2026_clean.csv,KZN282 - uMhlathuze,206.0,3.0,1014.0,144215.11955920473,264157.71158143505,3702.13667568,199906.9569742248,212168.01084210505,412074.9678163402,27.3,0.604,21.2,49.6,24.8,11.4,85.0,83.0,77.0,80.0,55.0,771.0,2891.0,38.0,4126.0,54.2,3480.0,2709.0,7607.0,1235.0,29.9,37.600598914467525,5343.0,6573,1230.0,23.020774845592364,46.93336686359577,1.0,37.600598914467525,56.41,18.81,3708,Substantial Increase (>5pp),King Cetshwayo District,ANC,29.9,49.6,7.3
52802021,4,5532,Umhlathuze,iec_kzn_kzn282___umhlathuze_ward_registration_2026_clean.csv,KZN282 - uMhlathuze,206.0,3.0,1014.0,144215.11955920473,264157.71158143505,3702.13667568,199906.9569742248,212168.01084210505,412074.9678163402,27.3,0.604,21.2,49.6,24.8,11.4,85.0,83.0,77.0,80.0,55.0,771.0,2891.0,38.0,4126.0,54.2,3480.0,2709.0,7607.0,1235.0,29.9,35.17000871839582,5735.0,5532,-203.0,-3.5396687009590235,46.93336686359577,1.0,35.17000871839582,59.69,24.52,3302,Substantial Increase (>5pp),King Cetshwayo District,MK,29.9,49.6,7.3
52802022,3,6799,Umhlathuze,iec_kzn_kzn282___umhlathuze_ward_registration_2026_clean.csv,KZN282 - uMhlathuze,206.0,3.0,1014.0,144215.11955920473,264157.71158143505,3702.13667568,199906.9569742248,212168.01084210505,412074.9678163402,27.3,0.604,21.2,49.6,24.8,11.4,85.0,83.0,77.0,80.0,55.0,771.0,2891.0,38.0,4126.0,54.2,3480.0,2709.0,7607.0,1235.0,29.9,46.80258140217072,6818.0,6799,-19.0,-0.278674097975946,46.93336686359577,1.0,46.80258140217072,59.77,12.97,4064,Substantial Increase (>5pp),King Cetshwayo District,ANC,29.9,49.6,7.3
52802023,4,5780,Umhlathuze,iec_kzn_kzn282___umhlathuze_ward_registration_2026_clean.csv,KZN282 - uMhlathuze,206.0,3.0,1014.0,144215.11955920473,264157.71158143505,3702.13667568,199906.9569742248,212168.01084210505,412074.9678163402,27.3,0.604,21.2,49.6,24.8,11.4,85.0,83.0,77.0,80.0,55.0,771.0,2891.0,38.0,4126.0,54.2,3480.0,2709.0,7607.0,1235.0,29.9,42.96021840873635,5128.0,5780,652.0,12.714508580343214,46.93336686359577,1.0,42.96021840873635,55.43,12.47,3204,Substantial Increase (>5pp),King Cetshwayo District,DA,29.9,49.6,7.3
52802024,6,7687,Umhlathuze,iec_kzn_kzn282___umhlathuze_ward_registration_2026_clean.csv,KZN282 - uMhlathuze,206.0,3.0,1014.0,144215.11955920473,264157.71158143505,3702.13667568,199906.9569742248,212168.01084210505,412074.9678163402,27.3,0.604,21.2,49.6,24.8,11.4,85.0,83.0,77.0,80.0,55.0,771.0,2891.0,38.0,4126.0,54.2,3480.0,2709.0,7607.0,1235.0,29.9,39.98761354252684,4844.0,7687,2843.0,58.69116432700248,46.93336686359577,1.0,39.98761354252684,57.04,17.05,4385,Substantial Increase (>5pp),King Cetshwayo District,ANC,29.9,49.6,7.3
52802025,5,6792,Umhlathuze,iec_kzn_kzn282___umhlathuze_ward_registration_2026_clean.csv,KZN282 - uMhlathuze,206.0,3.0,1014.0,144215.11955920473,264157.71158143505,3702.13667568,199906.9569742248,212168.01084210505,412074.9678163402,27.3,0.604,21.2,49.6,24.8,11.4,85.0,83.0,77.0,80.0,55.0,771.0,2891.0,38.0,4126.0,54.2,3480.0,2709.0,7607.0,1235.0,29.9,40.47051343188682,6291.0,6792,501.0,7.963757749165475,46.93336686359577,1.0,40.47051343188682,57.13,16.66,3880,Substantial Increase (>5pp),King Cetshwayo District,ANC,29.9,49.6,7.3
52802026,3,6381,Umhlathuze,iec_kzn_kzn282___umhlathuze_ward_registration_2026_clean.csv,KZN282 - uMhlathuze,206.0,3.0,1014.0,144215.11955920473,264157.71158143505,3702.13667568,199906.9569742248,212168.01084210505,412074.9678163402,27.3,0.604,21.2,49.6,24.8,11.4,85.0,83.0,77.0,80.0,55.0,771.0,2891.0,38.0,4126.0,54.2,3480.0,2709.0,7607.0,1235.0,29.9,45.47899159663866,5950.0,6381,431.0,7.243697478991597,46.93336686359577,1.0,45.47899159663866,56.34,10.86,3595,Substantial Increase (>5pp),King Cetshwayo District,IFP,29.9,49.6,7.3
52802027,4,6519,Umhlathuze,iec_kzn_kzn282___umhlathuze_ward_registration_2026_clean.csv,KZN282 - uMhlathuze,206.0,3.0,1014.0,144215.11955920473,264157.71158143505,3702.13667568,199906.9569742248,212168.01084210505,412074.9678163402,27.3,0.604,21.2,49.6,24.8,11.4,85.0,83.0,77.0,80.0,55.0,771.0,2891.0,38.0,4126.0,54.2,3480.0,2709.0,7607.0,1235.0,29.9,39.58974358974359,5850.0,6519,669.0,11.435897435897434,46.93336686359577,1.0,39.58974358974359,56.36,16.77,3674,Substantial Increase (>5pp),King Cetshwayo District,ANC,29.9,49.6,7.3
52802028,4,6817,Umhlathuze,iec_kzn_kzn282___umhlathuze_ward_registration_2026_clean.csv,KZN282 - uMhlathuze,206.0,3.0,1014.0,144215.11955920473,264157.71158143505,3702.13667568,199906.9569742248,212168.01084210505,412074.9678163402,27.3,0.604,21.2,49.6,24.8,11.4,85.0,83.0,77.0,80.0,55.0,771.0,2891.0,38.0,4126.0,54.2,3480.0,2709.0,7607.0,1235.0,29.9,33.85478660091821,5881.0,6817,936.0,15.915660601938448,46.93336686359577,1.0,33.85478660091821,57.7,23.85,3933,Substantial Increase (>5pp),King Cetshwayo District,ANC,29.9,49.6,7.3
52802029,5,7291,Umhlathuze,iec_kzn_kzn282___umhlathuze_ward_registration_2026_clean.csv,KZN282 - uMhlathuze,206.0,3.0,1014.0,144215.11955920473,264157.71158143505,3702.13667568,199906.9569742248,212168.01084210505,412074.9678163402,27.3,0.604,21.2,49.6,24.8,11.4,85.0,83.0,77.0,80.0,55.0,771.0,2891.0,38.0,4126.0,54.2,3480.0,2709.0,7607.0,1235.0,29.9,48.11387900355872,5620.0,7291,1671.0,29.73309608540925,46.93336686359577,0.0,48.11387900355872,60.33,12.22,4399,Substantial Increase (>5pp),King Cetshwayo District,IFP,29.9,49.6,7.3
52802030,3,5662,Umhlathuze,iec_kzn_kzn282___umhlathuze_ward_registration_2026_clean.csv,KZN282 - uMhlathuze,206.0,3.0,1014.0,144215.11955920473,264157.71158143505,3702.13667568,199906.9569742248,212168.01084210505,412074.9678163402,27.3,0.604,21.2,49.6,24.8,11.4,85.0,83.0,77.0,80.0,55.0,771.0,2891.0,38.0,4126.0,54.2,3480.0,2709.0,7607.0,1235.0,29.9,34.23625254582485,4910.0,5662,752.0,15.31568228105906,46.93336686359577,1.0,34.23625254582485,57.13,22.89,3235,Substantial Increase (>5pp),King Cetshwayo District,ANC,29.9,49.6,7.3
52802031,4,5382,Umhlathuze,iec_kzn_kzn282___umhlathuze_ward_registration_2026_clean.csv,KZN282 - uMhlathuze,206.0,3.0,1014.0,144215.11955920473,264157.71158143505,3702.13667568,199906.9569742248,212168.01084210505,412074.9678163402,27.3,0.604,21.2,49.6,24.8,11.4,85.0,83.0,77.0,80.0,55.0,771.0,2891.0,38.0,4126.0,54.2,3480.0,2709.0,7607.0,1235.0,29.9,48.56031128404669,5140.0,5382,242.0,4.708171206225681,46.93336686359577,0.0,48.56031128404669,60.41,11.85,3251,Substantial Increase (>5pp),King Cetshwayo District,ANC,29.9,49.6,7.3
52802032,8,6492,Umhlathuze,iec_kzn_kzn282___umhlathuze_ward_registration_2026_clean.csv,KZN282 - uMhlathuze,206.0,3.0,1014.0,144215.11955920473,264157.71158143505,3702.13667568,199906.9569742248,212168.01084210505,412074.9678163402,27.3,0.604,21.2,49.6,24.8,11.4,85.0,83.0,77.0,80.0,55.0,771.0,2891.0,38.0,4126.0,54.2,3480.0,2709.0,7607.0,1235.0,29.9,54.48426720511527,5943.0,6492,549.0,9.237758707723373,46.93336686359577,0.0,54.48426720511527,63.94,9.46,4151,Substantial Increase (>5pp),King Cetshwayo District,IFP,29.9,49.6,7.3
52802033,4,5930,Umhlathuze,iec_kzn_kzn282___umhlathuze_ward_registration_2026_clean.csv,KZN282 - uMhlathuze,206.0,3.0,1014.0,144215.11955920473,264157.71158143505,3702.13667568,199906.9569742248,212168.01084210505,412074.9678163402,27.3,0.604,21.2,49.6,24.8,11.4,85.0,83.0,77.0,80.0,55.0,771.0,2891.0,38.0,4126.0,54.2,3480.0,2709.0,7607.0,1235.0,29.9,51.499082194574754,4903.0,5930,1027.0,20.946359371813177,46.93336686359577,0.0,51.499082194574754,60.76,9.26,3603,Substantial Increase (>5pp),King Cetshwayo District,IFP,29.9,49.6,7.3
52802034,3,5308,Umhlathuze,iec_kzn_kzn282___umhlathuze_ward_registration_2026_clean.csv,KZN282 - uMhlathuze,206.0,3.0,1014.0,144215.11955920473,264157.71158143505,3702.13667568,199906.9569742248,212168.01084210505,412074.9678163402,27.3,0.604,21.2,49.6,24.8,11.4,85.0,83.0,77.0,80.0,55.0,771.0,2891.0,38.0,4126.0,54.2,3480.0,2709.0,7607.0,1235.0,29.9,19.974527701125027,4711.0,5308,597.0,12.6724686902993,46.93336686359577,1.0,19.974527701125027,60.23,40.26,3197,Substantial Increase (>5pp),King Cetshwayo District,MK,29.9,49.6,7.3
52802035,3,6672,Umhlathuze,iec_kzn_kzn282___umhlathuze_ward_registration_2026_clean.csv,,,,,,,,,,,,,,,,,,,,,,,,,,,,,,,,50.41896097677759,,6672,491.0,10.149511213341,46.93336686359577,0.0,50.41896097677759,60.33,9.91,4025,Substantial Increase (>5pp),King Cetshwayo District,ANC,33.1,42.5,6.8
52802036,2,5934,Umhlathuze,iec_kzn_kzn282___umhlathuze_ward_registration_2026_clean.csv,,,,,,,,,,,,,,,,,,,,,,,,,,,,,,,,50.41896097677759,,5934,491.0,10.149511213341,46.93336686359577,0.0,50.41896097677759,60.33,9.91,3580,Substantial Increase (>5pp),King Cetshwayo District,MK,33.1,42.5,6.8
52804001,5,2938,Umlalazi,iec_kzn_kzn284___umlalazi_ward_registration_2026_clean.csv,KZN284 - uMlalazi,5.0,1.0,909.0,23102.62998766995,214824.1330728936,3489.317966910005,111527.6161067269,129888.46492076296,241416.0810274717,27.3,0.604,21.2,49.6,24.8,11.4,85.0,83.0,77.0,80.0,55.0,771.0,2891.0,38.0,4126.0,54.2,3480.0,2709.0,7607.0,1235.0,29.9,51.92135835567471,3357.0,2938,-419.0,-12.48138218647602,46.93336686359577,0.0,51.92135835567471,60.39,8.47,1774,Substantial Increase (>5pp),King Cetshwayo District,IFP,29.9,49.6,7.6
52804002,7,4651,Umlalazi,iec_kzn_kzn284___umlalazi_ward_registration_2026_clean.csv,KZN284 - uMlalazi,5.0,1.0,909.0,23102.62998766995,214824.1330728936,3489.317966910005,111527.6161067269,129888.46492076296,241416.0810274717,27.3,0.604,21.2,49.6,24.8,11.4,85.0,83.0,77.0,80.0,55.0,771.0,2891.0,38.0,4126.0,54.2,3480.0,2709.0,7607.0,1235.0,29.9,50.41896097677759,4177.0,4651,474.0,11.347857313861622,46.93336686359577,0.0,50.41896097677759,60.33,9.91,2806,Substantial Increase (>5pp),King Cetshwayo District,IFP,29.9,49.6,7.6
52804003,9,4429,Umlalazi,iec_kzn_kzn284___umlalazi_ward_registration_2026_clean.csv,KZN284 - uMlalazi,5.0,1.0,909.0,23102.62998766995,214824.1330728936,3489.317966910005,111527.6161067269,129888.46492076296,241416.0810274717,27.3,0.604,21.2,49.6,24.8,11.4,85.0,83.0,77.0,80.0,55.0,771.0,2891.0,38.0,4126.0,54.2,3480.0,2709.0,7607.0,1235.0,29.9,53.96469599327543,3569.0,4429,860.0,24.09638554216868,46.93336686359577,0.0,53.96469599327543,64.37,10.41,2851,Substantial Increase (>5pp),King Cetshwayo District,IFP,29.9,49.6,7.6
52804004,6,4732,Umlalazi,iec_kzn_kzn284___umlalazi_ward_registration_2026_clean.csv,KZN284 - uMlalazi,5.0,1.0,909.0,23102.62998766995,214824.1330728936,3489.317966910005,111527.6161067269,129888.46492076296,241416.0810274717,27.3,0.604,21.2,49.6,24.8,11.4,85.0,83.0,77.0,80.0,55.0,771.0,2891.0,38.0,4126.0,54.2,3480.0,2709.0,7607.0,1235.0,29.9,49.81905910735826,4145.0,4732,587.0,14.161640530759954,46.93336686359577,0.0,49.81905910735826,60.25,10.43,2851,Substantial Increase (>5pp),King Cetshwayo District,IFP,29.9,49.6,7.6
52804005,7,3638,Umlalazi,iec_kzn_kzn284___umlalazi_ward_registration_2026_clean.csv,KZN284 - uMlalazi,5.0,1.0,909.0,23102.62998766995,214824.1330728936,3489.317966910005,111527.6161067269,129888.46492076296,241416.0810274717,27.3,0.604,21.2,49.6,24.8,11.4,85.0,83.0,77.0,80.0,55.0,771.0,2891.0,38.0,4126.0,54.2,3480.0,2709.0,7607.0,1235.0,29.9,50.89376915219612,3916.0,3638,-278.0,-7.099080694586313,46.93336686359577,0.0,50.89376915219612,60.3,9.41,2194,Substantial Increase (>5pp),King Cetshwayo District,MK,29.9,49.6,7.6
52804006,8,4489,Umlalazi,iec_kzn_kzn284___umlalazi_ward_registration_2026_clean.csv,KZN284 - uMlalazi,5.0,1.0,909.0,23102.62998766995,214824.1330728936,3489.317966910005,111527.6161067269,129888.46492076296,241416.0810274717,27.3,0.604,21.2,49.6,24.8,11.4,85.0,83.0,77.0,80.0,55.0,771.0,2891.0,38.0,4126.0,54.2,3480.0,2709.0,7607.0,1235.0,29.9,50.42440318302387,3770.0,4489,719.0,19.07161803713528,46.93336686359577,0.0,50.42440318302387,60.33,9.91,2708,Substantial Increase (>5pp),King Cetshwayo District,MK,29.9,49.6,7.6
52804007,5,3575,Umlalazi,iec_kzn_kzn284___umlalazi_ward_registration_2026_clean.csv,KZN284 - uMlalazi,5.0,1.0,909.0,23102.62998766995,214824.1330728936,3489.317966910005,111527.6161067269,129888.46492076296,241416.0810274717,27.3,0.604,21.2,49.6,24.8,11.4,85.0,83.0,77.0,80.0,55.0,771.0,2891.0,38.0,4126.0,54.2,3480.0,2709.0,7607.0,1235.0,29.9,52.29007633587786,3668.0,3575,-93.0,-2.535441657579062,46.93336686359577,0.0,52.29007633587786,61.36,9.07,2194,Substantial Increase (>5pp),King Cetshwayo District,IFP,29.9,49.6,7.6
52804008,7,5656,Umlalazi,iec_kzn_kzn284___umlalazi_ward_registration_2026_clean.csv,KZN284 - uMlalazi,5.0,1.0,909.0,23102.62998766995,214824.1330728936,3489.317966910005,111527.6161067269,129888.46492076296,241416.0810274717,27.3,0.604,21.2,49.6,24.8,11.4,85.0,83.0,77.0,80.0,55.0,771.0,2891.0,38.0,4126.0,54.2,3480.0,2709.0,7607.0,1235.0,29.9,45.23271577044736,4426.0,5656,1230.0,27.79032986895617,46.93336686359577,1.0,45.23271577044736,55.16,9.93,3120,Substantial Increase (>5pp),King Cetshwayo District,IFP,29.9,49.6,7.6
52804009,6,4697,Umlalazi,iec_kzn_kzn284___umlalazi_ward_registration_2026_clean.csv,KZN284 - uMlalazi,5.0,1.0,909.0,23102.62998766995,214824.1330728936,3489.317966910005,111527.6161067269,129888.46492076296,241416.0810274717,27.3,0.604,21.2,49.6,24.8,11.4,85.0,83.0,77.0,80.0,55.0,771.0,2891.0,38.0,4126.0,54.2,3480.0,2709.0,7607.0,1235.0,29.9,45.31363526277549,4129.0,4697,568.0,13.756357471542746,46.93336686359577,1.0,45.31363526277549,54.68,9.37,2568,Substantial Increase (>5pp),King Cetshwayo District,MK,29.9,49.6,7.6
52804010,5,5225,Umlalazi,iec_kzn_kzn284___umlalazi_ward_registration_2026_clean.csv,KZN284 - uMlalazi,5.0,1.0,909.0,23102.62998766995,214824.1330728936,3489.317966910005,111527.6161067269,129888.46492076296,241416.0810274717,27.3,0.604,21.2,49.6,24.8,11.4,85.0,83.0,77.0,80.0,55.0,771.0,2891.0,38.0,4126.0,54.2,3480.0,2709.0,7607.0,1235.0,29.9,46.72537149146945,3634.0,5225,1591.0,43.78095762245459,46.93336686359577,1.0,46.72537149146945,55.08,8.35,2878,Substantial Increase (>5pp),King Cetshwayo District,MK,29.9,49.6,7.6
52804011,4,3649,Umlalazi,iec_kzn_kzn284___umlalazi_ward_registration_2026_clean.csv,KZN284 - uMlalazi,5.0,1.0,909.0,23102.62998766995,214824.1330728936,3489.317966910005,111527.6161067269,129888.46492076296,241416.0810274717,27.3,0.604,21.2,49.6,24.8,11.4,85.0,83.0,77.0,80.0,55.0,771.0,2891.0,38.0,4126.0,54.2,3480.0,2709.0,7607.0,1235.0,29.9,49.77483443708609,3775.0,3649,-126.0,-3.337748344370861,46.93336686359577,0.0,49.77483443708609,60.04,10.27,2191,Substantial Increase (>5pp),King Cetshwayo District,IFP,29.9,49.6,7.6
52804012,4,4533,Umlalazi,iec_kzn_kzn284___umlalazi_ward_registration_2026_clean.csv,KZN284 - uMlalazi,5.0,1.0,909.0,23102.62998766995,214824.1330728936,3489.317966910005,111527.6161067269,129888.46492076296,241416.0810274717,27.3,0.604,21.2,49.6,24.8,11.4,85.0,83.0,77.0,80.0,55.0,771.0,2891.0,38.0,4126.0,54.2,3480.0,2709.0,7607.0,1235.0,29.9,42.400482509047045,3316.0,4533,1217.0,36.70084439083233,46.93336686359577,1.0,42.400482509047045,56.4,14.0,2557,Substantial Increase (>5pp),King Cetshwayo District,MK,29.9,49.6,7.6
52804013,5,3403,Umlalazi,iec_kzn_kzn284___umlalazi_ward_registration_2026_clean.csv,KZN284 - uMlalazi,5.0,1.0,909.0,23102.62998766995,214824.1330728936,3489.317966910005,111527.6161067269,129888.46492076296,241416.0810274717,27.3,0.604,21.2,49.6,24.8,11.4,85.0,83.0,77.0,80.0,55.0,771.0,2891.0,38.0,4126.0,54.2,3480.0,2709.0,7607.0,1235.0,29.9,43.35031126202603,3534.0,3403,-131.0,-3.706847764572722,46.93336686359577,1.0,43.35031126202603,59.64,16.29,2030,Substantial Increase (>5pp),King Cetshwayo District,ANC,29.9,49.6,7.6
52804014,5,3702,Umlalazi,iec_kzn_kzn284___umlalazi_ward_registration_2026_clean.csv,KZN284 - uMlalazi,5.0,1.0,909.0,23102.62998766995,214824.1330728936,3489.317966910005,111527.6161067269,129888.46492076296,241416.0810274717,27.3,0.604,21.2,49.6,24.8,11.4,85.0,83.0,77.0,80.0,55.0,771.0,2891.0,38.0,4126.0,54.2,3480.0,2709.0,7607.0,1235.0,29.9,49.89609789886862,4331.0,3702,-629.0,-14.523204802586006,46.93336686359577,0.0,49.89609789886862,59.98,10.08,2220,Substantial Increase (>5pp),King Cetshwayo District,IFP,29.9,49.6,7.6
52804015,6,5288,Umlalazi,iec_kzn_kzn284___umlalazi_ward_registration_2026_clean.csv,KZN284 - uMlalazi,5.0,1.0,909.0,23102.62998766995,214824.1330728936,3489.317966910005,111527.6161067269,129888.46492076296,241416.0810274717,27.3,0.604,21.2,49.6,24.8,11.4,85.0,83.0,77.0,80.0,55.0,771.0,2891.0,38.0,4126.0,54.2,3480.0,2709.0,7607.0,1235.0,29.9,54.38453159041394,3672.0,5288,1616.0,44.008714596949886,46.93336686359577,0.0,54.38453159041394,64.35,9.97,3403,Substantial Increase (>5pp),King Cetshwayo District,MK,29.9,49.6,7.6
52804016,4,3367,Umlalazi,iec_kzn_kzn284___umlalazi_ward_registration_2026_clean.csv,KZN284 - uMlalazi,5.0,1.0,909.0,23102.62998766995,214824.1330728936,3489.317966910005,111527.6161067269,129888.46492076296,241416.0810274717,27.3,0.604,21.2,49.6,24.8,11.4,85.0,83.0,77.0,80.0,55.0,771.0,2891.0,38.0,4126.0,54.2,3480.0,2709.0,7607.0,1235.0,29.9,48.7319741422178,4022.0,3367,-655.0,-16.28543013426156,46.93336686359577,0.0,48.7319741422178,60.29,11.56,2030,Substantial Increase (>5pp),King Cetshwayo District,MK,29.9,49.6,7.6
52804017,7,5705,Umlalazi,iec_kzn_kzn284___umlalazi_ward_registration_2026_clean.csv,KZN284 - uMlalazi,5.0,1.0,909.0,23102.62998766995,214824.1330728936,3489.317966910005,111527.6161067269,129888.46492076296,241416.0810274717,27.3,0.604,21.2,49.6,24.8,11.4,85.0,83.0,77.0,80.0,55.0,771.0,2891.0,38.0,4126.0,54.2,3480.0,2709.0,7607.0,1235.0,29.9,49.413526328924384,4007.0,5705,1698.0,42.375842276016975,46.93336686359577,0.0,49.413526328924384,60.45,11.04,3449,Substantial Increase (>5pp),King Cetshwayo District,IFP,29.9,49.6,7.6
52804018,4,3576,Umlalazi,iec_kzn_kzn284___umlalazi_ward_registration_2026_clean.csv,KZN284 - uMlalazi,5.0,1.0,909.0,23102.62998766995,214824.1330728936,3489.317966910005,111527.6161067269,129888.46492076296,241416.0810274717,27.3,0.604,21.2,49.6,24.8,11.4,85.0,83.0,77.0,80.0,55.0,771.0,2891.0,38.0,4126.0,54.2,3480.0,2709.0,7607.0,1235.0,29.9,43.63317757009346,3424.0,3576,152.0,4.439252336448598,46.93336686359577,1.0,43.63317757009346,59.58,15.95,2131,Substantial Increase (>5pp),King Cetshwayo District,IFP,29.9,49.6,7.6
52804019,5,5117,Umlalazi,iec_kzn_kzn284___umlalazi_ward_registration_2026_clean.csv,KZN284 - uMlalazi,5.0,1.0,909.0,23102.62998766995,214824.1330728936,3489.317966910005,111527.6161067269,129888.46492076296,241416.0810274717,27.3,0.604,21.2,49.6,24.8,11.4,85.0,83.0,77.0,80.0,55.0,771.0,2891.0,38.0,4126.0,54.2,3480.0,2709.0,7607.0,1235.0,29.9,54.71153846153847,4160.0,5117,957.0,23.00480769230769,46.93336686359577,0.0,54.71153846153847,64.31,9.6,3291,Substantial Increase (>5pp),King Cetshwayo District,IFP,29.9,49.6,7.6
52804020,4,3618,Umlalazi,iec_kzn_kzn284___umlalazi_ward_registration_2026_clean.csv,KZN284 - uMlalazi,5.0,1.0,909.0,23102.62998766995,214824.1330728936,3489.317966910005,111527.6161067269,129888.46492076296,241416.0810274717,27.3,0.604,21.2,49.6,24.8,11.4,85.0,83.0,77.0,80.0,55.0,771.0,2891.0,38.0,4126.0,54.2,3480.0,2709.0,7607.0,1235.0,29.9,47.14218233349079,4234.0,3618,-616.0,-14.548889938592346,46.93336686359577,0.0,47.14218233349079,59.99,12.85,2170,Substantial Increase (>5pp),King Cetshwayo District,IFP,29.9,49.6,7.6
52804021,7,4395,Umlalazi,iec_kzn_kzn284___umlalazi_ward_registration_2026_clean.csv,KZN284 - uMlalazi,5.0,1.0,909.0,23102.62998766995,214824.1330728936,3489.317966910005,111527.6161067269,129888.46492076296,241416.0810274717,27.3,0.604,21.2,49.6,24.8,11.4,85.0,83.0,77.0,80.0,55.0,771.0,2891.0,38.0,4126.0,54.2,3480.0,2709.0,7607.0,1235.0,29.9,44.75524475524475,3718.0,4395,677.0,18.20871436256052,46.93336686359577,1.0,44.75524475524475,55.58,10.82,2443,Substantial Increase (>5pp),King Cetshwayo District,IFP,29.9,49.6,7.6
52804022,6,4210,Umlalazi,iec_kzn_kzn284___umlalazi_ward_registration_2026_clean.csv,KZN284 - uMlalazi,5.0,1.0,909.0,23102.62998766995,214824.1330728936,3489.317966910005,111527.6161067269,129888.46492076296,241416.0810274717,27.3,0.604,21.2,49.6,24.8,11.4,85.0,83.0,77.0,80.0,55.0,771.0,2891.0,38.0,4126.0,54.2,3480.0,2709.0,7607.0,1235.0,29.9,54.729729729729726,3256.0,4210,954.0,29.29975429975429,46.93336686359577,0.0,54.729729729729726,64.31,9.58,2707,Substantial Increase (>5pp),King Cetshwayo District,IFP,29.9,49.6,7.6
52804023,6,3694,Umlalazi,iec_kzn_kzn284___umlalazi_ward_registration_2026_clean.csv,KZN284 - uMlalazi,5.0,1.0,909.0,23102.62998766995,214824.1330728936,3489.317966910005,111527.6161067269,129888.46492076296,241416.0810274717,27.3,0.604,21.2,49.6,24.8,11.4,85.0,83.0,77.0,80.0,55.0,771.0,2891.0,38.0,4126.0,54.2,3480.0,2709.0,7607.0,1235.0,29.9,53.46504559270516,3290.0,3694,404.0,12.27963525835866,46.93336686359577,0.0,53.46504559270516,64.61,11.14,2387,Substantial Increase (>5pp),King Cetshwayo District,IFP,29.9,49.6,7.6
52804024,4,4122,Umlalazi,iec_kzn_kzn284___umlalazi_ward_registration_2026_clean.csv,KZN284 - uMlalazi,5.0,1.0,909.0,23102.62998766995,214824.1330728936,3489.317966910005,111527.6161067269,129888.46492076296,241416.0810274717,27.3,0.604,21.2,49.6,24.8,11.4,85.0,83.0,77.0,80.0,55.0,771.0,2891.0,38.0,4126.0,54.2,3480.0,2709.0,7607.0,1235.0,29.9,56.39564992232005,3862.0,4122,260.0,6.732263076126359,46.93336686359577,0.0,56.39564992232005,64.44,8.04,2656,Substantial Increase (>5pp),King Cetshwayo District,IFP,29.9,49.6,7.6
52804025,6,4156,Umlalazi,iec_kzn_kzn284___umlalazi_ward_registration_2026_clean.csv,KZN284 - uMlalazi,5.0,1.0,909.0,23102.62998766995,214824.1330728936,3489.317966910005,111527.6161067269,129888.46492076296,241416.0810274717,27.3,0.604,21.2,49.6,24.8,11.4,85.0,83.0,77.0,80.0,55.0,771.0,2891.0,38.0,4126.0,54.2,3480.0,2709.0,7607.0,1235.0,29.9,57.39083265527529,3687.0,4156,469.0,12.720368863574722,46.93336686359577,0.0,57.39083265527529,64.65,7.26,2687,Substantial Increase (>5pp),King Cetshwayo District,MK,29.9,49.6,7.6
52804026,6,5159,Umlalazi,iec_kzn_kzn284___umlalazi_ward_registration_2026_clean.csv,KZN284 - uMlalazi,5.0,1.0,909.0,23102.62998766995,214824.1330728936,3489.317966910005,111527.6161067269,129888.46492076296,241416.0810274717,27.3,0.604,21.2,49.6,24.8,11.4,85.0,83.0,77.0,80.0,55.0,771.0,2891.0,38.0,4126.0,54.2,3480.0,2709.0,7607.0,1235.0,29.9,45.92857142857143,4200.0,5159,959.0,22.83333333333333,46.93336686359577,1.0,45.92857142857143,55.17,9.24,2846,Substantial Increase (>5pp),King Cetshwayo District,IFP,29.9,49.6,7.6
52804027,4,2696,Umlalazi,iec_kzn_kzn284___umlalazi_ward_registration_2026_clean.csv,KZN284 - uMlalazi,5.0,1.0,909.0,23102.62998766995,214824.1330728936,3489.317966910005,111527.6161067269,129888.46492076296,241416.0810274717,27.3,0.604,21.2,49.6,24.8,11.4,85.0,83.0,77.0,80.0,55.0,771.0,2891.0,38.0,4126.0,54.2,3480.0,2709.0,7607.0,1235.0,29.9,47.4218089602705,3549.0,2696,-853.0,-24.034939419554803,46.93336686359577,0.0,47.4218089602705,60.04,12.62,1619,Substantial Increase (>5pp),King Cetshwayo District,IFP,29.9,49.6,7.6
52804028,3,3953,Umlalazi,iec_kzn_kzn284___umlalazi_ward_registration_2026_clean.csv,KZN284 - uMlalazi,5.0,1.0,909.0,23102.62998766995,214824.1330728936,3489.317966910005,111527.6161067269,129888.46492076296,241416.0810274717,27.3,0.604,21.2,49.6,24.8,11.4,85.0,83.0,77.0,80.0,55.0,771.0,2891.0,38.0,4126.0,54.2,3480.0,2709.0,7607.0,1235.0,29.9,34.45113212955002,3489.0,3953,464.0,13.298939524218977,46.93336686359577,1.0,34.45113212955002,56.81,22.36,2246,Substantial Increase (>5pp),King Cetshwayo District,IFP,29.9,49.6,7.6
52805001,8,3885,Mthonjaneni,iec_kzn_kzn285___mthonjaneni_ward_registration_2026_clean.csv,KZN285 - Mthonjaneni,5.0,0.0,84.0,11073.074721060057,83466.92208903028,4748.75309393002,45472.285730059455,53816.4641739623,99288.7499040245,27.3,0.604,21.2,49.6,24.8,11.4,85.0,83.0,77.0,80.0,55.0,771.0,2891.0,38.0,4126.0,54.2,3480.0,2709.0,7607.0,1235.0,29.9,51.57625674524283,3521.0,3885,364.0,10.337972166998012,46.93336686359577,0.0,51.57625674524283,60.68,9.1,2357,Substantial Increase (>5pp),King Cetshwayo District,IFP,29.9,49.6,7.5
52805002,5,4644,Mthonjaneni,iec_kzn_kzn285___mthonjaneni_ward_registration_2026_clean.csv,KZN285 - Mthonjaneni,5.0,0.0,84.0,11073.074721060057,83466.92208903028,4748.75309393002,45472.285730059455,53816.4641739623,99288.7499040245,27.3,0.604,21.2,49.6,24.8,11.4,85.0,83.0,77.0,80.0,55.0,771.0,2891.0,38.0,4126.0,54.2,3480.0,2709.0,7607.0,1235.0,29.9,43.7813720022309,3586.0,4644,1058.0,29.503625209146684,46.93336686359577,1.0,43.7813720022309,56.07,12.29,2604,Substantial Increase (>5pp),King Cetshwayo District,MK,29.9,49.6,7.5
52805003,4,2931,Mthonjaneni,iec_kzn_kzn285___mthonjaneni_ward_registration_2026_clean.csv,KZN285 - Mthonjaneni,5.0,0.0,84.0,11073.074721060057,83466.92208903028,4748.75309393002,45472.285730059455,53816.4641739623,99288.7499040245,27.3,0.604,21.2,49.6,24.8,11.4,85.0,83.0,77.0,80.0,55.0,771.0,2891.0,38.0,4126.0,54.2,3480.0,2709.0,7607.0,1235.0,29.9,46.03667136812412,3545.0,2931,-614.0,-17.320169252468265,46.93336686359577,1.0,46.03667136812412,59.58,13.54,1746,Substantial Increase (>5pp),King Cetshwayo District,IFP,29.9,49.6,7.5
52805004,8,3840,Mthonjaneni,iec_kzn_kzn285___mthonjaneni_ward_registration_2026_clean.csv,KZN285 - Mthonjaneni,5.0,0.0,84.0,11073.074721060057,83466.92208903028,4748.75309393002,45472.285730059455,53816.4641739623,99288.7499040245,27.3,0.604,21.2,49.6,24.8,11.4,85.0,83.0,77.0,80.0,55.0,771.0,2891.0,38.0,4126.0,54.2,3480.0,2709.0,7607.0,1235.0,29.9,50.08403361344538,2975.0,3840,865.0,29.075630252100844,46.93336686359577,0.0,50.08403361344538,60.33,10.25,2317,Substantial Increase (>5pp),King Cetshwayo District,MK,29.9,49.6,7.5
52805005,6,3314,Mthonjaneni,iec_kzn_kzn285___mthonjaneni_ward_registration_2026_clean.csv,KZN285 - Mthonjaneni,5.0,0.0,84.0,11073.074721060057,83466.92208903028,4748.75309393002,45472.285730059455,53816.4641739623,99288.7499040245,27.3,0.604,21.2,49.6,24.8,11.4,85.0,83.0,77.0,80.0,55.0,771.0,2891.0,38.0,4126.0,54.2,3480.0,2709.0,7607.0,1235.0,29.9,53.50356294536817,3368.0,3314,-54.0,-1.60332541567696,46.93336686359577,0.0,53.50356294536817,63.92,10.42,2118,Substantial Increase (>5pp),King Cetshwayo District,ANC,29.9,49.6,7.5
52805006,7,3886,Mthonjaneni,iec_kzn_kzn285___mthonjaneni_ward_registration_2026_clean.csv,KZN285 - Mthonjaneni,5.0,0.0,84.0,11073.074721060057,83466.92208903028,4748.75309393002,45472.285730059455,53816.4641739623,99288.7499040245,27.3,0.604,21.2,49.6,24.8,11.4,85.0,83.0,77.0,80.0,55.0,771.0,2891.0,38.0,4126.0,54.2,3480.0,2709.0,7607.0,1235.0,29.9,53.57935627081021,3604.0,3886,282.0,7.824639289678135,46.93336686359577,0.0,53.57935627081021,64.39,10.81,2502,Substantial Increase (>5pp),King Cetshwayo District,MK,29.9,49.6,7.5
52805007,6,3655,Mthonjaneni,iec_kzn_kzn285___mthonjaneni_ward_registration_2026_clean.csv,KZN285 - Mthonjaneni,5.0,0.0,84.0,11073.074721060057,83466.92208903028,4748.75309393002,45472.285730059455,53816.4641739623,99288.7499040245,27.3,0.604,21.2,49.6,24.8,11.4,85.0,83.0,77.0,80.0,55.0,771.0,2891.0,38.0,4126.0,54.2,3480.0,2709.0,7607.0,1235.0,29.9,51.22018097066082,3647.0,3655,8.0,0.219358376748012,46.93336686359577,0.0,51.22018097066082,60.45,9.23,2209,Substantial Increase (>5pp),King Cetshwayo District,MK,29.9,49.6,7.5
52805008,6,4047,Mthonjaneni,iec_kzn_kzn285___mthonjaneni_ward_registration_2026_clean.csv,KZN285 - Mthonjaneni,5.0,0.0,84.0,11073.074721060057,83466.92208903028,4748.75309393002,45472.285730059455,53816.4641739623,99288.7499040245,27.3,0.604,21.2,49.6,24.8,11.4,85.0,83.0,77.0,80.0,55.0,771.0,2891.0,38.0,4126.0,54.2,3480.0,2709.0,7607.0,1235.0,29.9,48.31130690161527,3405.0,4047,642.0,18.854625550660792,46.93336686359577,0.0,48.31130690161527,60.26,11.95,2439,Substantial Increase (>5pp),King Cetshwayo District,MK,29.9,49.6,7.5
52805009,6,3729,Mthonjaneni,iec_kzn_kzn285___mthonjaneni_ward_registration_2026_clean.csv,KZN285 - Mthonjaneni,5.0,0.0,84.0,11073.074721060057,83466.92208903028,4748.75309393002,45472.285730059455,53816.4641739623,99288.7499040245,27.3,0.604,21.2,49.6,24.8,11.4,85.0,83.0,77.0,80.0,55.0,771.0,2891.0,38.0,4126.0,54.2,3480.0,2709.0,7607.0,1235.0,29.9,54.25531914893617,3478.0,3729,251.0,7.21679125934445,46.93336686359577,0.0,54.25531914893617,63.73,9.47,2376,Substantial Increase (>5pp),King Cetshwayo District,IFP,29.9,49.6,7.5
52805010,9,4401,Mthonjaneni,iec_kzn_kzn285___mthonjaneni_ward_registration_2026_clean.csv,KZN285 - Mthonjaneni,5.0,0.0,84.0,11073.074721060057,83466.92208903028,4748.75309393002,45472.285730059455,53816.4641739623,99288.7499040245,27.3,0.604,21.2,49.6,24.8,11.4,85.0,83.0,77.0,80.0,55.0,771.0,2891.0,38.0,4126.0,54.2,3480.0,2709.0,7607.0,1235.0,29.9,51.75222112537019,4052.0,4401,349.0,8.613030602171767,46.93336686359577,0.0,51.75222112537019,60.68,8.93,2671,Substantial Increase (>5pp),King Cetshwayo District,ANC,29.9,49.6,7.5
52805011,5,3296,Mthonjaneni,iec_kzn_kzn285___mthonjaneni_ward_registration_2026_clean.csv,KZN285 - Mthonjaneni,5.0,0.0,84.0,11073.074721060057,83466.92208903028,4748.75309393002,45472.285730059455,53816.4641739623,99288.7499040245,27.3,0.604,21.2,49.6,24.8,11.4,85.0,83.0,77.0,80.0,55.0,771.0,2891.0,38.0,4126.0,54.2,3480.0,2709.0,7607.0,1235.0,29.9,51.55860349127182,3208.0,3296,88.0,2.743142144638404,46.93336686359577,0.0,51.55860349127182,60.55,8.99,1996,Substantial Increase (>5pp),King Cetshwayo District,ANC,29.9,49.6,7.5
52805012,8,4187,Mthonjaneni,iec_kzn_kzn285___mthonjaneni_ward_registration_2026_clean.csv,KZN285 - Mthonjaneni,5.0,0.0,84.0,11073.074721060057,83466.92208903028,4748.75309393002,45472.285730059455,53816.4641739623,99288.7499040245,27.3,0.604,21.2,49.6,24.8,11.4,85.0,83.0,77.0,80.0,55.0,771.0,2891.0,38.0,4126.0,54.2,3480.0,2709.0,7607.0,1235.0,29.9,49.40218773848893,3931.0,4187,256.0,6.512337827524803,46.93336686359577,0.0,49.40218773848893,60.2,10.8,2521,Substantial Increase (>5pp),King Cetshwayo District,IFP,29.9,49.6,7.5
52805013,5,4139,Mthonjaneni,iec_kzn_kzn285___mthonjaneni_ward_registration_2026_clean.csv,KZN285 - Mthonjaneni,5.0,0.0,84.0,11073.074721060057,83466.92208903028,4748.75309393002,45472.285730059455,53816.4641739623,99288.7499040245,27.3,0.604,21.2,49.6,24.8,11.4,85.0,83.0,77.0,80.0,55.0,771.0,2891.0,38.0,4126.0,54.2,3480.0,2709.0,7607.0,1235.0,29.9,56.76813471502591,3088.0,4139,1051.0,34.034974093264246,46.93336686359577,0.0,56.76813471502591,65.39,8.62,2706,Substantial Increase (>5pp),King Cetshwayo District,IFP,29.9,49.6,7.5
52806001,9,5441,Nkandla,iec_kzn_kzn286___nkandla_ward_registration_2026_clean.csv,KZN286 - Nkandla,4.0,0.0,872.0,1963.8579700600144,106931.9353117302,0.0,49517.11071832882,59378.6825634611,108895.79328179012,27.3,0.604,21.2,49.6,24.8,11.4,85.0,83.0,77.0,80.0,55.0,771.0,2891.0,38.0,4126.0,54.2,3480.0,2709.0,7607.0,1235.0,29.9,55.93042749371333,4772.0,5441,669.0,14.019279128248114,46.93336686359577,0.0,55.93042749371333,64.39,8.46,3503,Substantial Increase (>5pp),King Cetshwayo District,IFP,29.9,49.6,7.7
52806002,5,4211,Nkandla,iec_kzn_kzn286___nkandla_ward_registration_2026_clean.csv,KZN286 - Nkandla,4.0,0.0,872.0,1963.8579700600144,106931.9353117302,0.0,49517.11071832882,59378.6825634611,108895.79328179012,27.3,0.604,21.2,49.6,24.8,11.4,85.0,83.0,77.0,80.0,55.0,771.0,2891.0,38.0,4126.0,54.2,3480.0,2709.0,7607.0,1235.0,29.9,50.6454270804724,3641.0,4211,570.0,15.655039824224117,46.93336686359577,0.0,50.6454270804724,60.36,9.71,2542,Substantial Increase (>5pp),King Cetshwayo District,IFP,29.9,49.6,7.7
52806003,6,4382,Nkandla,iec_kzn_kzn286___nkandla_ward_registration_2026_clean.csv,KZN286 - Nkandla,4.0,0.0,872.0,1963.8579700600144,106931.9353117302,0.0,49517.11071832882,59378.6825634611,108895.79328179012,27.3,0.604,21.2,49.6,24.8,11.4,85.0,83.0,77.0,80.0,55.0,771.0,2891.0,38.0,4126.0,54.2,3480.0,2709.0,7607.0,1235.0,29.9,50.63395810363836,3628.0,4382,754.0,20.78280044101433,46.93336686359577,0.0,50.63395810363836,60.44,9.81,2648,Substantial Increase (>5pp),King Cetshwayo District,IFP,29.9,49.6,7.7
52806004,4,3952,Nkandla,iec_kzn_kzn286___nkandla_ward_registration_2026_clean.csv,KZN286 - Nkandla,4.0,0.0,872.0,1963.8579700600144,106931.9353117302,0.0,49517.11071832882,59378.6825634611,108895.79328179012,27.3,0.604,21.2,49.6,24.8,11.4,85.0,83.0,77.0,80.0,55.0,771.0,2891.0,38.0,4126.0,54.2,3480.0,2709.0,7607.0,1235.0,29.9,50.3433703116746,3786.0,3952,166.0,4.384574749075541,46.93336686359577,0.0,50.3433703116746,60.16,9.82,2378,Substantial Increase (>5pp),King Cetshwayo District,IFP,29.9,49.6,7.7
52806005,7,6986,Nkandla,iec_kzn_kzn286___nkandla_ward_registration_2026_clean.csv,KZN286 - Nkandla,4.0,0.0,872.0,1963.8579700600144,106931.9353117302,0.0,49517.11071832882,59378.6825634611,108895.79328179012,27.3,0.604,21.2,49.6,24.8,11.4,85.0,83.0,77.0,80.0,55.0,771.0,2891.0,38.0,4126.0,54.2,3480.0,2709.0,7607.0,1235.0,29.9,51.63717714053284,4917.0,6986,2069.0,42.07850315232866,46.93336686359577,0.0,51.63717714053284,60.8,9.16,4247,Substantial Increase (>5pp),King Cetshwayo District,MK,29.9,49.6,7.7
52806006,5,4420,Nkandla,iec_kzn_kzn286___nkandla_ward_registration_2026_clean.csv,KZN286 - Nkandla,4.0,0.0,872.0,1963.8579700600144,106931.9353117302,0.0,49517.11071832882,59378.6825634611,108895.79328179012,27.3,0.604,21.2,49.6,24.8,11.4,85.0,83.0,77.0,80.0,55.0,771.0,2891.0,38.0,4126.0,54.2,3480.0,2709.0,7607.0,1235.0,29.9,59.32093425605537,4624.0,4420,-204.0,-4.411764705882353,46.93336686359577,0.0,59.32093425605537,64.09,4.77,2833,Moderate Increase (1-5pp),King Cetshwayo District,IFP,29.9,49.6,7.7
52806007,8,4255,Nkandla,iec_kzn_kzn286___nkandla_ward_registration_2026_clean.csv,KZN286 - Nkandla,4.0,0.0,872.0,1963.8579700600144,106931.9353117302,0.0,49517.11071832882,59378.6825634611,108895.79328179012,27.3,0.604,21.2,49.6,24.8,11.4,85.0,83.0,77.0,80.0,55.0,771.0,2891.0,38.0,4126.0,54.2,3480.0,2709.0,7607.0,1235.0,29.9,64.99349804941482,3845.0,4255,410.0,10.663198959687907,46.93336686359577,0.0,64.99349804941482,66.24,1.25,2819,Moderate Increase (1-5pp),King Cetshwayo District,MK,29.9,49.6,7.7
52806008,7,3317,Nkandla,iec_kzn_kzn286___nkandla_ward_registration_2026_clean.csv,KZN286 - Nkandla,4.0,0.0,872.0,1963.8579700600144,106931.9353117302,0.0,49517.11071832882,59378.6825634611,108895.79328179012,27.3,0.604,21.2,49.6,24.8,11.4,85.0,83.0,77.0,80.0,55.0,771.0,2891.0,38.0,4126.0,54.2,3480.0,2709.0,7607.0,1235.0,29.9,48.29846231409125,3967.0,3317,-650.0,-16.385177716158307,46.93336686359577,0.0,48.29846231409125,59.95,11.65,1989,Substantial Increase (>5pp),King Cetshwayo District,IFP,29.9,49.6,7.7
52806009,7,5246,Nkandla,iec_kzn_kzn286___nkandla_ward_registration_2026_clean.csv,KZN286 - Nkandla,4.0,0.0,872.0,1963.8579700600144,106931.9353117302,0.0,49517.11071832882,59378.6825634611,108895.79328179012,27.3,0.604,21.2,49.6,24.8,11.4,85.0,83.0,77.0,80.0,55.0,771.0,2891.0,38.0,4126.0,54.2,3480.0,2709.0,7607.0,1235.0,29.9,55.435018442178354,4609.0,5246,637.0,13.820785419830766,46.93336686359577,0.0,55.435018442178354,64.15,8.71,3365,Substantial Increase (>5pp),King Cetshwayo District,ANC,29.9,49.6,7.7
52806010,7,4120,Nkandla,iec_kzn_kzn286___nkandla_ward_registration_2026_clean.csv,KZN286 - Nkandla,4.0,0.0,872.0,1963.8579700600144,106931.9353117302,0.0,49517.11071832882,59378.6825634611,108895.79328179012,27.3,0.604,21.2,49.6,24.8,11.4,85.0,83.0,77.0,80.0,55.0,771.0,2891.0,38.0,4126.0,54.2,3480.0,2709.0,7607.0,1235.0,29.9,57.23499719573753,3566.0,4120,554.0,15.535614133482897,46.93336686359577,0.0,57.23499719573753,65.18,7.95,2685,Substantial Increase (>5pp),King Cetshwayo District,IFP,29.9,49.6,7.7
52806011,6,4593,Nkandla,iec_kzn_kzn286___nkandla_ward_registration_2026_clean.csv,KZN286 - Nkandla,4.0,0.0,872.0,1963.8579700600144,106931.9353117302,0.0,49517.11071832882,59378.6825634611,108895.79328179012,27.3,0.604,21.2,49.6,24.8,11.4,85.0,83.0,77.0,80.0,55.0,771.0,2891.0,38.0,4126.0,54.2,3480.0,2709.0,7607.0,1235.0,29.9,57.671262858393526,4569.0,4593,24.0,0.5252790544977018,46.93336686359577,0.0,57.671262858393526,63.52,5.85,2917,Substantial Increase (>5pp),King Cetshwayo District,MK,29.9,49.6,7.7
52806012,10,5178,Nkandla,iec_kzn_kzn286___nkandla_ward_registration_2026_clean.csv,KZN286 - Nkandla,4.0,0.0,872.0,1963.8579700600144,106931.9353117302,0.0,49517.11071832882,59378.6825634611,108895.79328179012,27.3,0.604,21.2,49.6,24.8,11.4,85.0,83.0,77.0,80.0,55.0,771.0,2891.0,38.0,4126.0,54.2,3480.0,2709.0,7607.0,1235.0,29.9,54.9346016646849,4205.0,5178,973.0,23.13912009512485,46.93336686359577,0.0,54.9346016646849,64.31,9.38,3330,Substantial Increase (>5pp),King Cetshwayo District,IFP,29.9,49.6,7.7
52806013,8,5469,Nkandla,iec_kzn_kzn286___nkandla_ward_registration_2026_clean.csv,KZN286 - Nkandla,4.0,0.0,872.0,1963.8579700600144,106931.9353117302,0.0,49517.11071832882,59378.6825634611,108895.79328179012,27.3,0.604,21.2,49.6,24.8,11.4,85.0,83.0,77.0,80.0,55.0,771.0,2891.0,38.0,4126.0,54.2,3480.0,2709.0,7607.0,1235.0,29.9,58.498102656281205,5007.0,5469,462.0,9.227082085080887,46.93336686359577,0.0,58.498102656281205,64.48,5.98,3526,Substantial Increase (>5pp),King Cetshwayo District,IFP,29.9,49.6,7.7
52806014,7,4932,Nkandla,iec_kzn_kzn286___nkandla_ward_registration_2026_clean.csv,KZN286 - Nkandla,4.0,0.0,872.0,1963.8579700600144,106931.9353117302,0.0,49517.11071832882,59378.6825634611,108895.79328179012,27.3,0.604,21.2,49.6,24.8,11.4,85.0,83.0,77.0,80.0,55.0,771.0,2891.0,38.0,4126.0,54.2,3480.0,2709.0,7607.0,1235.0,29.9,52.69091682620719,4701.0,4932,231.0,4.913848117421825,46.93336686359577,0.0,52.69091682620719,62.24,9.55,3070,Substantial Increase (>5pp),King Cetshwayo District,IFP,29.9,49.6,7.7
52901001,6,5413,Mandeni,iec_kzn_kzn291___mandeni_ward_registration_2026_clean.csv,KZN291 - Mandeni,80.0,2.0,364.0,37226.07493768983,136423.06859280518,7290.347344490045,85890.54576841397,95048.94510658285,180939.4908749848,27.3,0.604,21.2,49.6,24.8,11.4,85.0,83.0,77.0,80.0,55.0,771.0,2891.0,38.0,4126.0,54.2,3480.0,2709.0,7607.0,1235.0,29.9,57.811825636599046,4634.0,5413,779.0,16.810530858869228,46.93336686359577,0.0,57.811825636599046,65.26,7.45,3533,Substantial Increase (>5pp),iLembe District,IFP,29.9,49.6,7.4
52901002,5,5492,Mandeni,iec_kzn_kzn291___mandeni_ward_registration_2026_clean.csv,KZN291 - Mandeni,80.0,2.0,364.0,37226.07493768983,136423.06859280518,7290.347344490045,85890.54576841397,95048.94510658285,180939.4908749848,27.3,0.604,21.2,49.6,24.8,11.4,85.0,83.0,77.0,80.0,55.0,771.0,2891.0,38.0,4126.0,54.2,3480.0,2709.0,7607.0,1235.0,29.9,50.46669495120917,4714.0,5492,778.0,16.5040305473059,46.93336686359577,0.0,50.46669495120917,60.33,9.86,3313,Substantial Increase (>5pp),iLembe District,ANC,29.9,49.6,7.4
52901003,4,4457,Mandeni,iec_kzn_kzn291___mandeni_ward_registration_2026_clean.csv,KZN291 - Mandeni,80.0,2.0,364.0,37226.07493768983,136423.06859280518,7290.347344490045,85890.54576841397,95048.94510658285,180939.4908749848,27.3,0.604,21.2,49.6,24.8,11.4,85.0,83.0,77.0,80.0,55.0,771.0,2891.0,38.0,4126.0,54.2,3480.0,2709.0,7607.0,1235.0,29.9,40.17917133258679,4465.0,4457,-8.0,-0.1791713325867861,46.93336686359577,1.0,40.17917133258679,59.66,19.48,2659,Substantial Increase (>5pp),iLembe District,ANC,29.9,49.6,7.4
52901004,3,5264,Mandeni,iec_kzn_kzn291___mandeni_ward_registration_2026_clean.csv,KZN291 - Mandeni,80.0,2.0,364.0,37226.07493768983,136423.06859280518,7290.347344490045,85890.54576841397,95048.94510658285,180939.4908749848,27.3,0.604,21.2,49.6,24.8,11.4,85.0,83.0,77.0,80.0,55.0,771.0,2891.0,38.0,4126.0,54.2,3480.0,2709.0,7607.0,1235.0,29.9,48.710100568430256,4574.0,5264,690.0,15.085264538696984,46.93336686359577,0.0,48.710100568430256,60.56,11.85,3188,Substantial Increase (>5pp),iLembe District,ANC,29.9,49.6,7.4
52901005,4,5208,Mandeni,iec_kzn_kzn291___mandeni_ward_registration_2026_clean.csv,KZN291 - Mandeni,80.0,2.0,364.0,37226.07493768983,136423.06859280518,7290.347344490045,85890.54576841397,95048.94510658285,180939.4908749848,27.3,0.604,21.2,49.6,24.8,11.4,85.0,83.0,77.0,80.0,55.0,771.0,2891.0,38.0,4126.0,54.2,3480.0,2709.0,7607.0,1235.0,29.9,53.232278198840845,4486.0,5208,722.0,16.094516272848864,46.93336686359577,0.0,53.232278198840845,64.32,11.09,3350,Substantial Increase (>5pp),iLembe District,IFP,29.9,49.6,7.4
52901006,4,3864,Mandeni,iec_kzn_kzn291___mandeni_ward_registration_2026_clean.csv,KZN291 - Mandeni,80.0,2.0,364.0,37226.07493768983,136423.06859280518,7290.347344490045,85890.54576841397,95048.94510658285,180939.4908749848,27.3,0.604,21.2,49.6,24.8,11.4,85.0,83.0,77.0,80.0,55.0,771.0,2891.0,38.0,4126.0,54.2,3480.0,2709.0,7607.0,1235.0,29.9,50.78436586014357,3761.0,3864,103.0,2.7386333421962243,46.93336686359577,0.0,50.78436586014357,60.31,9.53,2330,Substantial Increase (>5pp),iLembe District,ANC,29.9,49.6,7.4
52901007,2,4794,Mandeni,iec_kzn_kzn291___mandeni_ward_registration_2026_clean.csv,KZN291 - Mandeni,80.0,2.0,364.0,37226.07493768983,136423.06859280518,7290.347344490045,85890.54576841397,95048.94510658285,180939.4908749848,27.3,0.604,21.2,49.6,24.8,11.4,85.0,83.0,77.0,80.0,55.0,771.0,2891.0,38.0,4126.0,54.2,3480.0,2709.0,7607.0,1235.0,29.9,40.93503072870939,4556.0,4794,238.0,5.223880597014925,46.93336686359577,1.0,40.93503072870939,58.62,17.68,2810,Substantial Increase (>5pp),iLembe District,ANC,29.9,49.6,7.4
52901008,5,4897,Mandeni,iec_kzn_kzn291___mandeni_ward_registration_2026_clean.csv,KZN291 - Mandeni,80.0,2.0,364.0,37226.07493768983,136423.06859280518,7290.347344490045,85890.54576841397,95048.94510658285,180939.4908749848,27.3,0.604,21.2,49.6,24.8,11.4,85.0,83.0,77.0,80.0,55.0,771.0,2891.0,38.0,4126.0,54.2,3480.0,2709.0,7607.0,1235.0,29.9,51.31991051454139,4470.0,4897,427.0,9.552572706935122,46.93336686359577,0.0,51.31991051454139,60.65,9.33,2970,Substantial Increase (>5pp),iLembe District,ANC,29.9,49.6,7.4
52901009,6,5893,Mandeni,iec_kzn_kzn291___mandeni_ward_registration_2026_clean.csv,KZN291 - Mandeni,80.0,2.0,364.0,37226.07493768983,136423.06859280518,7290.347344490045,85890.54576841397,95048.94510658285,180939.4908749848,27.3,0.604,21.2,49.6,24.8,11.4,85.0,83.0,77.0,80.0,55.0,771.0,2891.0,38.0,4126.0,54.2,3480.0,2709.0,7607.0,1235.0,29.9,43.27676240208878,4596.0,5893,1297.0,28.220191470844213,46.93336686359577,1.0,43.27676240208878,55.95,12.67,3297,Substantial Increase (>5pp),iLembe District,ANC,29.9,49.6,7.4
52901010,3,5002,Mandeni,iec_kzn_kzn291___mandeni_ward_registration_2026_clean.csv,KZN291 - Mandeni,80.0,2.0,364.0,37226.07493768983,136423.06859280518,7290.347344490045,85890.54576841397,95048.94510658285,180939.4908749848,27.3,0.604,21.2,49.6,24.8,11.4,85.0,83.0,77.0,80.0,55.0,771.0,2891.0,38.0,4126.0,54.2,3480.0,2709.0,7607.0,1235.0,29.9,47.8035143769968,5008.0,5002,-6.0,-0.1198083067092651,46.93336686359577,0.0,47.8035143769968,60.05,12.25,3004,Substantial Increase (>5pp),iLembe District,ANC,29.9,49.6,7.4
52901011,4,4688,Mandeni,iec_kzn_kzn291___mandeni_ward_registration_2026_clean.csv,KZN291 - Mandeni,80.0,2.0,364.0,37226.07493768983,136423.06859280518,7290.347344490045,85890.54576841397,95048.94510658285,180939.4908749848,27.3,0.604,21.2,49.6,24.8,11.4,85.0,83.0,77.0,80.0,55.0,771.0,2891.0,38.0,4126.0,54.2,3480.0,2709.0,7607.0,1235.0,29.9,47.67609008145664,4174.0,4688,514.0,12.314326784858649,46.93336686359577,0.0,47.67609008145664,60.21,12.53,2823,Substantial Increase (>5pp),iLembe District,ANC,29.9,49.6,7.4
52901012,3,4553,Mandeni,iec_kzn_kzn291___mandeni_ward_registration_2026_clean.csv,KZN291 - Mandeni,80.0,2.0,364.0,37226.07493768983,136423.06859280518,7290.347344490045,85890.54576841397,95048.94510658285,180939.4908749848,27.3,0.604,21.2,49.6,24.8,11.4,85.0,83.0,77.0,80.0,55.0,771.0,2891.0,38.0,4126.0,54.2,3480.0,2709.0,7607.0,1235.0,29.9,44.12714179289794,4027.0,4553,526.0,13.061832629749192,46.93336686359577,1.0,44.12714179289794,55.32,11.19,2519,Substantial Increase (>5pp),iLembe District,ANC,29.9,49.6,7.4
52901013,4,3833,Mandeni,iec_kzn_kzn291___mandeni_ward_registration_2026_clean.csv,KZN291 - Mandeni,80.0,2.0,364.0,37226.07493768983,136423.06859280518,7290.347344490045,85890.54576841397,95048.94510658285,180939.4908749848,27.3,0.604,21.2,49.6,24.8,11.4,85.0,83.0,77.0,80.0,55.0,771.0,2891.0,38.0,4126.0,54.2,3480.0,2709.0,7607.0,1235.0,29.9,41.34165366614664,3205.0,3833,628.0,19.594383775351016,46.93336686359577,1.0,41.34165366614664,55.84,14.5,2140,Substantial Increase (>5pp),iLembe District,ANC,29.9,49.6,7.4
52901014,2,4066,Mandeni,iec_kzn_kzn291___mandeni_ward_registration_2026_clean.csv,KZN291 - Mandeni,80.0,2.0,364.0,37226.07493768983,136423.06859280518,7290.347344490045,85890.54576841397,95048.94510658285,180939.4908749848,27.3,0.604,21.2,49.6,24.8,11.4,85.0,83.0,77.0,80.0,55.0,771.0,2891.0,38.0,4126.0,54.2,3480.0,2709.0,7607.0,1235.0,29.9,41.85363247863248,3744.0,4066,322.0,8.600427350427351,46.93336686359577,1.0,41.85363247863248,56.33,14.48,2290,Substantial Increase (>5pp),iLembe District,ANC,29.9,49.6,7.4
52901015,3,4676,Mandeni,iec_kzn_kzn291___mandeni_ward_registration_2026_clean.csv,KZN291 - Mandeni,80.0,2.0,364.0,37226.07493768983,136423.06859280518,7290.347344490045,85890.54576841397,95048.94510658285,180939.4908749848,27.3,0.604,21.2,49.6,24.8,11.4,85.0,83.0,77.0,80.0,55.0,771.0,2891.0,38.0,4126.0,54.2,3480.0,2709.0,7607.0,1235.0,29.9,39.95771670190275,3311.0,4676,1365.0,41.2262156448203,46.93336686359577,1.0,39.95771670190275,56.85,16.89,2658,Substantial Increase (>5pp),iLembe District,ANC,29.9,49.6,7.4
52901016,6,4494,Mandeni,iec_kzn_kzn291___mandeni_ward_registration_2026_clean.csv,KZN291 - Mandeni,80.0,2.0,364.0,37226.07493768983,136423.06859280518,7290.347344490045,85890.54576841397,95048.94510658285,180939.4908749848,27.3,0.604,21.2,49.6,24.8,11.4,85.0,83.0,77.0,80.0,55.0,771.0,2891.0,38.0,4126.0,54.2,3480.0,2709.0,7607.0,1235.0,29.9,37.93604651162791,3440.0,4494,1054.0,30.63953488372093,46.93336686359577,1.0,37.93604651162791,56.68,18.74,2547,Substantial Increase (>5pp),iLembe District,ANC,29.9,49.6,7.4
52901017,2,4485,Mandeni,iec_kzn_kzn291___mandeni_ward_registration_2026_clean.csv,KZN291 - Mandeni,80.0,2.0,364.0,37226.07493768983,136423.06859280518,7290.347344490045,85890.54576841397,95048.94510658285,180939.4908749848,27.3,0.604,21.2,49.6,24.8,11.4,85.0,83.0,77.0,80.0,55.0,771.0,2891.0,38.0,4126.0,54.2,3480.0,2709.0,7607.0,1235.0,29.9,36.76510430777567,3691.0,4485,794.0,21.511785424004334,46.93336686359577,1.0,36.76510430777567,56.71,19.94,2543,Substantial Increase (>5pp),iLembe District,ANC,29.9,49.6,7.4
52901018,3,3842,Mandeni,iec_kzn_kzn291___mandeni_ward_registration_2026_clean.csv,KZN291 - Mandeni,80.0,2.0,364.0,37226.07493768983,136423.06859280518,7290.347344490045,85890.54576841397,95048.94510658285,180939.4908749848,27.3,0.604,21.2,49.6,24.8,11.4,85.0,83.0,77.0,80.0,55.0,771.0,2891.0,38.0,4126.0,54.2,3480.0,2709.0,7607.0,1235.0,29.9,35.98228243877019,3838.0,3842,4.0,0.1042209484106305,46.93336686359577,1.0,35.98228243877019,59.73,23.75,2295,Substantial Increase (>5pp),iLembe District,ANC,29.9,49.6,7.4
52902001,6,7015,Kwadukuza,iec_kzn_kzn292___kwadukuza_ward_registration_2026_clean.csv,KZN292 - KwaDukuza,27.0,0.0,583.0,281375.7280020959,33652.2067019204,9883.71881214,156626.94622014655,168284.70729598968,324911.653516167,27.3,0.604,21.2,49.6,24.8,11.4,85.0,83.0,77.0,80.0,55.0,771.0,2891.0,38.0,4126.0,54.2,3480.0,2709.0,7607.0,1235.0,29.9,56.45197740112994,4425.0,7015,2590.0,58.53107344632769,46.93336686359577,0.0,56.45197740112994,65.64,9.19,4605,Substantial Increase (>5pp),iLembe District,ANC,29.9,49.6,5.7
52902002,3,5400,Kwadukuza,iec_kzn_kzn292___kwadukuza_ward_registration_2026_clean.csv,KZN292 - KwaDukuza,27.0,0.0,583.0,281375.7280020959,33652.2067019204,9883.71881214,156626.94622014655,168284.70729598968,324911.653516167,27.3,0.604,21.2,49.6,24.8,11.4,85.0,83.0,77.0,80.0,55.0,771.0,2891.0,38.0,4126.0,54.2,3480.0,2709.0,7607.0,1235.0,29.9,62.86231884057971,4416.0,5400,984.0,22.28260869565217,46.93336686359577,0.0,62.86231884057971,66.93,4.07,3614,Moderate Increase (1-5pp),iLembe District,ANC,29.9,49.6,5.7
52902003,9,5266,Kwadukuza,iec_kzn_kzn292___kwadukuza_ward_registration_2026_clean.csv,KZN292 - KwaDukuza,27.0,0.0,583.0,281375.7280020959,33652.2067019204,9883.71881214,156626.94622014655,168284.70729598968,324911.653516167,27.3,0.604,21.2,49.6,24.8,11.4,85.0,83.0,77.0,80.0,55.0,771.0,2891.0,38.0,4126.0,54.2,3480.0,2709.0,7607.0,1235.0,29.9,51.96917808219178,4672.0,5266,594.0,12.71404109589041,46.93336686359577,0.0,51.96917808219178,60.73,8.76,3198,Substantial Increase (>5pp),iLembe District,ANC,29.9,49.6,5.7
52902004,1,6079,Kwadukuza,iec_kzn_kzn292___kwadukuza_ward_registration_2026_clean.csv,KZN292 - KwaDukuza,27.0,0.0,583.0,281375.7280020959,33652.2067019204,9883.71881214,156626.94622014655,168284.70729598968,324911.653516167,27.3,0.604,21.2,49.6,24.8,11.4,85.0,83.0,77.0,80.0,55.0,771.0,2891.0,38.0,4126.0,54.2,3480.0,2709.0,7607.0,1235.0,29.9,36.70544596189513,5931.0,6079,148.0,2.495363345135728,46.93336686359577,1.0,36.70544596189513,59.7,22.99,3629,Substantial Increase (>5pp),iLembe District,ANC,29.9,49.6,5.7
52902005,2,4985,Kwadukuza,iec_kzn_kzn292___kwadukuza_ward_registration_2026_clean.csv,KZN292 - KwaDukuza,27.0,0.0,583.0,281375.7280020959,33652.2067019204,9883.71881214,156626.94622014655,168284.70729598968,324911.653516167,27.3,0.604,21.2,49.6,24.8,11.4,85.0,83.0,77.0,80.0,55.0,771.0,2891.0,38.0,4126.0,54.2,3480.0,2709.0,7607.0,1235.0,29.9,58.479899497487445,4776.0,4985,209.0,4.376046901172529,46.93336686359577,0.0,58.479899497487445,63.9,5.42,3185,Substantial Increase (>5pp),iLembe District,ANC,29.9,49.6,5.7
52902006,2,5500,Kwadukuza,iec_kzn_kzn292___kwadukuza_ward_registration_2026_clean.csv,KZN292 - KwaDukuza,27.0,0.0,583.0,281375.7280020959,33652.2067019204,9883.71881214,156626.94622014655,168284.70729598968,324911.653516167,27.3,0.604,21.2,49.6,24.8,11.4,85.0,83.0,77.0,80.0,55.0,771.0,2891.0,38.0,4126.0,54.2,3480.0,2709.0,7607.0,1235.0,29.9,48.901601830663616,4370.0,5500,1130.0,25.85812356979405,46.93336686359577,0.0,48.901601830663616,60.64,11.74,3335,Substantial Increase (>5pp),iLembe District,DA,29.9,49.6,5.7
52902007,1,4713,Kwadukuza,iec_kzn_kzn292___kwadukuza_ward_registration_2026_clean.csv,KZN292 - KwaDukuza,27.0,0.0,583.0,281375.7280020959,33652.2067019204,9883.71881214,156626.94622014655,168284.70729598968,324911.653516167,27.3,0.604,21.2,49.6,24.8,11.4,85.0,83.0,77.0,80.0,55.0,771.0,2891.0,38.0,4126.0,54.2,3480.0,2709.0,7607.0,1235.0,29.9,59.54666666666667,3750.0,4713,963.0,25.68,46.93336686359577,0.0,59.54666666666667,65.7,6.15,3096,Substantial Increase (>5pp),iLembe District,ANC,29.9,49.6,5.7
52902008,1,5045,Kwadukuza,iec_kzn_kzn292___kwadukuza_ward_registration_2026_clean.csv,KZN292 - KwaDukuza,27.0,0.0,583.0,281375.7280020959,33652.2067019204,9883.71881214,156626.94622014655,168284.70729598968,324911.653516167,27.3,0.604,21.2,49.6,24.8,11.4,85.0,83.0,77.0,80.0,55.0,771.0,2891.0,38.0,4126.0,54.2,3480.0,2709.0,7607.0,1235.0,29.9,48.60481755306464,4193.0,5045,852.0,20.31958025280229,46.93336686359577,0.0,48.60481755306464,60.64,12.04,3059,Substantial Increase (>5pp),iLembe District,ANC,29.9,49.6,5.7
52902009,6,6328,Kwadukuza,iec_kzn_kzn292___kwadukuza_ward_registration_2026_clean.csv,KZN292 - KwaDukuza,27.0,0.0,583.0,281375.7280020959,33652.2067019204,9883.71881214,156626.94622014655,168284.70729598968,324911.653516167,27.3,0.604,21.2,49.6,24.8,11.4,85.0,83.0,77.0,80.0,55.0,771.0,2891.0,38.0,4126.0,54.2,3480.0,2709.0,7607.0,1235.0,29.9,53.59179019384265,4385.0,6328,1943.0,44.310148232611176,46.93336686359577,0.0,53.59179019384265,64.99,11.4,4113,Substantial Increase (>5pp),iLembe District,ANC,29.9,49.6,5.7
52902010,3,5412,Kwadukuza,iec_kzn_kzn292___kwadukuza_ward_registration_2026_clean.csv,KZN292 - KwaDukuza,27.0,0.0,583.0,281375.7280020959,33652.2067019204,9883.71881214,156626.94622014655,168284.70729598968,324911.653516167,27.3,0.604,21.2,49.6,24.8,11.4,85.0,83.0,77.0,80.0,55.0,771.0,2891.0,38.0,4126.0,54.2,3480.0,2709.0,7607.0,1235.0,29.9,51.57258904394918,4801.0,5412,611.0,12.72651530931056,46.93336686359577,0.0,51.57258904394918,60.68,9.11,3284,Substantial Increase (>5pp),iLembe District,ANC,29.9,49.6,5.7
52902011,3,6491,Kwadukuza,iec_kzn_kzn292___kwadukuza_ward_registration_2026_clean.csv,KZN292 - KwaDukuza,27.0,0.0,583.0,281375.7280020959,33652.2067019204,9883.71881214,156626.94622014655,168284.70729598968,324911.653516167,27.3,0.604,21.2,49.6,24.8,11.4,85.0,83.0,77.0,80.0,55.0,771.0,2891.0,38.0,4126.0,54.2,3480.0,2709.0,7607.0,1235.0,29.9,57.757418840868354,5021.0,6491,1470.0,29.27703644692292,46.93336686359577,0.0,57.757418840868354,65.32,7.56,4240,Substantial Increase (>5pp),iLembe District,ANC,29.9,49.6,5.7
52902012,2,4796,Kwadukuza,iec_kzn_kzn292___kwadukuza_ward_registration_2026_clean.csv,KZN292 - KwaDukuza,27.0,0.0,583.0,281375.7280020959,33652.2067019204,9883.71881214,156626.94622014655,168284.70729598968,324911.653516167,27.3,0.604,21.2,49.6,24.8,11.4,85.0,83.0,77.0,80.0,55.0,771.0,2891.0,38.0,4126.0,54.2,3480.0,2709.0,7607.0,1235.0,29.9,44.38135793707121,4227.0,4796,569.0,13.461083510764135,46.93336686359577,1.0,44.38135793707121,55.43,11.05,2658,Substantial Increase (>5pp),iLembe District,ANC,29.9,49.6,5.7
52902013,3,4010,Kwadukuza,iec_kzn_kzn292___kwadukuza_ward_registration_2026_clean.csv,KZN292 - KwaDukuza,27.0,0.0,583.0,281375.7280020959,33652.2067019204,9883.71881214,156626.94622014655,168284.70729598968,324911.653516167,27.3,0.604,21.2,49.6,24.8,11.4,85.0,83.0,77.0,80.0,55.0,771.0,2891.0,38.0,4126.0,54.2,3480.0,2709.0,7607.0,1235.0,29.9,49.87834549878345,5343.0,4010,-1333.0,-24.948530787946847,46.93336686359577,0.0,49.87834549878345,61.04,11.16,2448,Substantial Increase (>5pp),iLembe District,ANC,29.9,49.6,5.7
52902014,3,5845,Kwadukuza,iec_kzn_kzn292___kwadukuza_ward_registration_2026_clean.csv,KZN292 - KwaDukuza,27.0,0.0,583.0,281375.7280020959,33652.2067019204,9883.71881214,156626.94622014655,168284.70729598968,324911.653516167,27.3,0.604,21.2,49.6,24.8,11.4,85.0,83.0,77.0,80.0,55.0,771.0,2891.0,38.0,4126.0,54.2,3480.0,2709.0,7607.0,1235.0,29.9,47.76908923643055,4348.0,5845,1497.0,34.4296228150874,46.93336686359577,0.0,47.76908923643055,60.36,12.59,3528,Substantial Increase (>5pp),iLembe District,ANC,29.9,49.6,5.7
52902015,2,4428,Kwadukuza,iec_kzn_kzn292___kwadukuza_ward_registration_2026_clean.csv,KZN292 - KwaDukuza,27.0,0.0,583.0,281375.7280020959,33652.2067019204,9883.71881214,156626.94622014655,168284.70729598968,324911.653516167,27.3,0.604,21.2,49.6,24.8,11.4,85.0,83.0,77.0,80.0,55.0,771.0,2891.0,38.0,4126.0,54.2,3480.0,2709.0,7607.0,1235.0,29.9,48.21648216482165,5691.0,4428,-1263.0,-22.19293621507644,46.93336686359577,0.0,48.21648216482165,60.77,12.55,2691,Substantial Increase (>5pp),iLembe District,ANC,29.9,49.6,5.7
52902016,3,5178,Kwadukuza,iec_kzn_kzn292___kwadukuza_ward_registration_2026_clean.csv,KZN292 - KwaDukuza,27.0,0.0,583.0,281375.7280020959,33652.2067019204,9883.71881214,156626.94622014655,168284.70729598968,324911.653516167,27.3,0.604,21.2,49.6,24.8,11.4,85.0,83.0,77.0,80.0,55.0,771.0,2891.0,38.0,4126.0,54.2,3480.0,2709.0,7607.0,1235.0,29.9,52.43942914039164,6026.0,5178,-848.0,-14.072353136408896,46.93336686359577,0.0,52.43942914039164,61.71,9.27,3195,Substantial Increase (>5pp),iLembe District,ANC,29.9,49.6,5.7
52902017,2,4657,Kwadukuza,iec_kzn_kzn292___kwadukuza_ward_registration_2026_clean.csv,KZN292 - KwaDukuza,27.0,0.0,583.0,281375.7280020959,33652.2067019204,9883.71881214,156626.94622014655,168284.70729598968,324911.653516167,27.3,0.604,21.2,49.6,24.8,11.4,85.0,83.0,77.0,80.0,55.0,771.0,2891.0,38.0,4126.0,54.2,3480.0,2709.0,7607.0,1235.0,29.9,50.50095419847328,4192.0,4657,465.0,11.092557251908396,46.93336686359577,0.0,50.50095419847328,60.33,9.83,2810,Substantial Increase (>5pp),iLembe District,DA,29.9,49.6,5.7
52902018,2,5436,Kwadukuza,iec_kzn_kzn292___kwadukuza_ward_registration_2026_clean.csv,KZN292 - KwaDukuza,27.0,0.0,583.0,281375.7280020959,33652.2067019204,9883.71881214,156626.94622014655,168284.70729598968,324911.653516167,27.3,0.604,21.2,49.6,24.8,11.4,85.0,83.0,77.0,80.0,55.0,771.0,2891.0,38.0,4126.0,54.2,3480.0,2709.0,7607.0,1235.0,29.9,52.98983691798629,4231.0,5436,1205.0,28.480264712833847,46.93336686359577,0.0,52.98983691798629,63.78,10.79,3467,Substantial Increase (>5pp),iLembe District,ANC,29.9,49.6,5.7
52902019,4,6194,Kwadukuza,iec_kzn_kzn292___kwadukuza_ward_registration_2026_clean.csv,KZN292 - KwaDukuza,27.0,0.0,583.0,281375.7280020959,33652.2067019204,9883.71881214,156626.94622014655,168284.70729598968,324911.653516167,27.3,0.604,21.2,49.6,24.8,11.4,85.0,83.0,77.0,80.0,55.0,771.0,2891.0,38.0,4126.0,54.2,3480.0,2709.0,7607.0,1235.0,29.9,43.845706532273695,5159.0,6194,1035.0,20.06202752471409,46.93336686359577,1.0,43.845706532273695,55.64,11.79,3446,Substantial Increase (>5pp),iLembe District,ANC,29.9,49.6,5.7
52902020,4,5880,Kwadukuza,iec_kzn_kzn292___kwadukuza_ward_registration_2026_clean.csv,KZN292 - KwaDukuza,27.0,0.0,583.0,281375.7280020959,33652.2067019204,9883.71881214,156626.94622014655,168284.70729598968,324911.653516167,27.3,0.604,21.2,49.6,24.8,11.4,85.0,83.0,77.0,80.0,55.0,771.0,2891.0,38.0,4126.0,54.2,3480.0,2709.0,7607.0,1235.0,29.9,56.552962298025136,4456.0,5880,1424.0,31.95691202872532,46.93336686359577,0.0,56.552962298025136,65.35,8.8,3843,Substantial Increase (>5pp),iLembe District,ANC,29.9,49.6,5.7
52902021,4,4601,Kwadukuza,iec_kzn_kzn292___kwadukuza_ward_registration_2026_clean.csv,KZN292 - KwaDukuza,27.0,0.0,583.0,281375.7280020959,33652.2067019204,9883.71881214,156626.94622014655,168284.70729598968,324911.653516167,27.3,0.604,21.2,49.6,24.8,11.4,85.0,83.0,77.0,80.0,55.0,771.0,2891.0,38.0,4126.0,54.2,3480.0,2709.0,7607.0,1235.0,29.9,51.10394443066236,4031.0,4601,570.0,14.140411808484249,46.93336686359577,0.0,51.10394443066236,60.58,9.48,2787,Substantial Increase (>5pp),iLembe District,ANC,29.9,49.6,5.7
52902022,2,8790,Kwadukuza,iec_kzn_kzn292___kwadukuza_ward_registration_2026_clean.csv,KZN292 - KwaDukuza,27.0,0.0,583.0,281375.7280020959,33652.2067019204,9883.71881214,156626.94622014655,168284.70729598968,324911.653516167,27.3,0.604,21.2,49.6,24.8,11.4,85.0,83.0,77.0,80.0,55.0,771.0,2891.0,38.0,4126.0,54.2,3480.0,2709.0,7607.0,1235.0,29.9,66.4559068219634,6010.0,8790,2780.0,46.25623960066555,46.93336686359577,0.0,66.4559068219634,69.55,3.09,6113,Moderate Increase (1-5pp),iLembe District,DA,29.9,49.6,5.7
52902023,2,6258,Kwadukuza,iec_kzn_kzn292___kwadukuza_ward_registration_2026_clean.csv,KZN292 - KwaDukuza,27.0,0.0,583.0,281375.7280020959,33652.2067019204,9883.71881214,156626.94622014655,168284.70729598968,324911.653516167,27.3,0.604,21.2,49.6,24.8,11.4,85.0,83.0,77.0,80.0,55.0,771.0,2891.0,38.0,4126.0,54.2,3480.0,2709.0,7607.0,1235.0,29.9,54.62641181581234,4604.0,6258,1654.0,35.92528236316247,46.93336686359577,0.0,54.62641181581234,64.35,9.72,4027,Substantial Increase (>5pp),iLembe District,ANC,29.9,49.6,5.7
52902024,4,8120,Kwadukuza,iec_kzn_kzn292___kwadukuza_ward_registration_2026_clean.csv,KZN292 - KwaDukuza,27.0,0.0,583.0,281375.7280020959,33652.2067019204,9883.71881214,156626.94622014655,168284.70729598968,324911.653516167,27.3,0.604,21.2,49.6,24.8,11.4,85.0,83.0,77.0,80.0,55.0,771.0,2891.0,38.0,4126.0,54.2,3480.0,2709.0,7607.0,1235.0,29.9,48.70718232044199,4525.0,8120,3595.0,79.4475138121547,46.93336686359577,0.0,48.70718232044199,60.68,11.97,4927,Substantial Increase (>5pp),iLembe District,ANC,29.9,49.6,5.7
52902025,5,5588,Kwadukuza,iec_kzn_kzn292___kwadukuza_ward_registration_2026_clean.csv,KZN292 - KwaDukuza,27.0,0.0,583.0,281375.7280020959,33652.2067019204,9883.71881214,156626.94622014655,168284.70729598968,324911.653516167,27.3,0.604,21.2,49.6,24.8,11.4,85.0,83.0,77.0,80.0,55.0,771.0,2891.0,38.0,4126.0,54.2,3480.0,2709.0,7607.0,1235.0,29.9,51.5527950310559,4186.0,5588,1402.0,33.49259436215958,46.93336686359577,0.0,51.5527950310559,60.8,9.25,3398,Substantial Increase (>5pp),iLembe District,ANC,29.9,49.6,5.7
52902026,3,6291,Kwadukuza,iec_kzn_kzn292___kwadukuza_ward_registration_2026_clean.csv,KZN292 - KwaDukuza,27.0,0.0,583.0,281375.7280020959,33652.2067019204,9883.71881214,156626.94622014655,168284.70729598968,324911.653516167,27.3,0.604,21.2,49.6,24.8,11.4,85.0,83.0,77.0,80.0,55.0,771.0,2891.0,38.0,4126.0,54.2,3480.0,2709.0,7607.0,1235.0,29.9,49.85607369027058,3474.0,6291,2817.0,81.0880829015544,46.93336686359577,0.0,49.85607369027058,60.37,10.51,3798,Substantial Increase (>5pp),iLembe District,ANC,29.9,49.6,5.7
52902027,7,5640,Kwadukuza,iec_kzn_kzn292___kwadukuza_ward_registration_2026_clean.csv,KZN292 - KwaDukuza,27.0,0.0,583.0,281375.7280020959,33652.2067019204,9883.71881214,156626.94622014655,168284.70729598968,324911.653516167,27.3,0.604,21.2,49.6,24.8,11.4,85.0,83.0,77.0,80.0,55.0,771.0,2891.0,38.0,4126.0,54.2,3480.0,2709.0,7607.0,1235.0,29.9,61.490082244799225,4134.0,5640,1506.0,36.42960812772134,46.93336686359577,0.0,61.490082244799225,66.54,5.05,3753,Substantial Increase (>5pp),iLembe District,ANC,29.9,49.6,5.7
52902028,3,3775,Kwadukuza,iec_kzn_kzn292___kwadukuza_ward_registration_2026_clean.csv,KZN292 - KwaDukuza,27.0,0.0,583.0,281375.7280020959,33652.2067019204,9883.71881214,156626.94622014655,168284.70729598968,324911.653516167,27.3,0.604,21.2,49.6,24.8,11.4,85.0,83.0,77.0,80.0,55.0,771.0,2891.0,38.0,4126.0,54.2,3480.0,2709.0,7607.0,1235.0,29.9,48.789346246973366,4130.0,3775,-355.0,-8.595641646489103,46.93336686359577,0.0,48.789346246973366,60.29,11.5,2276,Substantial Increase (>5pp),iLembe District,ANC,29.9,49.6,5.7
52902029,2,4892,Kwadukuza,iec_kzn_kzn292___kwadukuza_ward_registration_2026_clean.csv,KZN292 - KwaDukuza,27.0,0.0,583.0,281375.7280020959,33652.2067019204,9883.71881214,156626.94622014655,168284.70729598968,324911.653516167,27.3,0.604,21.2,49.6,24.8,11.4,85.0,83.0,77.0,80.0,55.0,771.0,2891.0,38.0,4126.0,54.2,3480.0,2709.0,7607.0,1235.0,29.9,55.78769057029926,3542.0,4892,1350.0,38.11405985319029,46.93336686359577,0.0,55.78769057029926,64.59,8.8,3160,Substantial Increase (>5pp),iLembe District,ANC,29.9,49.6,5.7
52902030,2,5459,Kwadukuza,iec_kzn_kzn292___kwadukuza_ward_registration_2026_clean.csv,KZN292 - KwaDukuza,27.0,0.0,583.0,281375.7280020959,33652.2067019204,9883.71881214,156626.94622014655,168284.70729598968,324911.653516167,27.3,0.604,21.2,49.6,24.8,11.4,85.0,83.0,77.0,80.0,55.0,771.0,2891.0,38.0,4126.0,54.2,3480.0,2709.0,7607.0,1235.0,29.9,66.69346195069667,3732.0,5459,1727.0,46.27545551982851,46.93336686359577,0.0,66.69346195069667,69.73,3.04,3807,Moderate Increase (1-5pp),iLembe District,DA,29.9,49.6,5.7
52903001,4,4388,Ndwedwe,iec_kzn_kzn293___ndwedwe_ward_registration_2026_clean.csv,KZN293 - Ndwedwe,2.0,4.0,115.0,2505.76102576002,160407.53081759447,2913.008715050002,78517.73431297248,87308.5662454439,165826.30055840104,27.3,0.604,21.2,49.6,24.8,11.4,85.0,83.0,77.0,80.0,55.0,771.0,2891.0,38.0,4126.0,54.2,3480.0,2709.0,7607.0,1235.0,29.9,52.53784505788067,3369.0,4388,1019.0,30.246363906203623,46.93336686359577,0.0,52.53784505788067,62.51,9.97,2743,Substantial Increase (>5pp),iLembe District,ANC,29.9,49.6,7.7
52903002,5,3865,Ndwedwe,iec_kzn_kzn293___ndwedwe_ward_registration_2026_clean.csv,KZN293 - Ndwedwe,2.0,4.0,115.0,2505.76102576002,160407.53081759447,2913.008715050002,78517.73431297248,87308.5662454439,165826.30055840104,27.3,0.604,21.2,49.6,24.8,11.4,85.0,83.0,77.0,80.0,55.0,771.0,2891.0,38.0,4126.0,54.2,3480.0,2709.0,7607.0,1235.0,29.9,48.85255306942054,3486.0,3865,379.0,10.87205966724039,46.93336686359577,0.0,48.85255306942054,60.56,11.71,2341,Substantial Increase (>5pp),iLembe District,ANC,29.9,49.6,7.7
52903003,7,4764,Ndwedwe,iec_kzn_kzn293___ndwedwe_ward_registration_2026_clean.csv,KZN293 - Ndwedwe,2.0,4.0,115.0,2505.76102576002,160407.53081759447,2913.008715050002,78517.73431297248,87308.5662454439,165826.30055840104,27.3,0.604,21.2,49.6,24.8,11.4,85.0,83.0,77.0,80.0,55.0,771.0,2891.0,38.0,4126.0,54.2,3480.0,2709.0,7607.0,1235.0,29.9,54.69534050179211,4185.0,4764,579.0,13.835125448028672,46.93336686359577,0.0,54.69534050179211,64.08,9.38,3053,Substantial Increase (>5pp),iLembe District,ANC,29.9,49.6,7.7
52903004,5,4237,Ndwedwe,iec_kzn_kzn293___ndwedwe_ward_registration_2026_clean.csv,KZN293 - Ndwedwe,2.0,4.0,115.0,2505.76102576002,160407.53081759447,2913.008715050002,78517.73431297248,87308.5662454439,165826.30055840104,27.3,0.604,21.2,49.6,24.8,11.4,85.0,83.0,77.0,80.0,55.0,771.0,2891.0,38.0,4126.0,54.2,3480.0,2709.0,7607.0,1235.0,29.9,51.56298359640979,3231.0,4237,1006.0,31.135871247291856,46.93336686359577,0.0,51.56298359640979,60.76,9.2,2574,Substantial Increase (>5pp),iLembe District,ANC,29.9,49.6,7.7
52903005,5,3941,Ndwedwe,iec_kzn_kzn293___ndwedwe_ward_registration_2026_clean.csv,KZN293 - Ndwedwe,2.0,4.0,115.0,2505.76102576002,160407.53081759447,2913.008715050002,78517.73431297248,87308.5662454439,165826.30055840104,27.3,0.604,21.2,49.6,24.8,11.4,85.0,83.0,77.0,80.0,55.0,771.0,2891.0,38.0,4126.0,54.2,3480.0,2709.0,7607.0,1235.0,29.9,55.041152263374485,3888.0,3941,53.0,1.3631687242798354,46.93336686359577,0.0,55.041152263374485,63.24,8.2,2492,Substantial Increase (>5pp),iLembe District,ANC,29.9,49.6,7.7
52903006,4,4022,Ndwedwe,iec_kzn_kzn293___ndwedwe_ward_registration_2026_clean.csv,KZN293 - Ndwedwe,2.0,4.0,115.0,2505.76102576002,160407.53081759447,2913.008715050002,78517.73431297248,87308.5662454439,165826.30055840104,27.3,0.604,21.2,49.6,24.8,11.4,85.0,83.0,77.0,80.0,55.0,771.0,2891.0,38.0,4126.0,54.2,3480.0,2709.0,7607.0,1235.0,29.9,43.54037267080745,3220.0,4022,802.0,24.90683229813665,46.93336686359577,1.0,43.54037267080745,56.08,12.54,2256,Substantial Increase (>5pp),iLembe District,ANC,29.9,49.6,7.7
52903007,6,3844,Ndwedwe,iec_kzn_kzn293___ndwedwe_ward_registration_2026_clean.csv,KZN293 - Ndwedwe,2.0,4.0,115.0,2505.76102576002,160407.53081759447,2913.008715050002,78517.73431297248,87308.5662454439,165826.30055840104,27.3,0.604,21.2,49.6,24.8,11.4,85.0,83.0,77.0,80.0,55.0,771.0,2891.0,38.0,4126.0,54.2,3480.0,2709.0,7607.0,1235.0,29.9,58.49301721338097,3079.0,3844,765.0,24.84572913283533,46.93336686359577,0.0,58.49301721338097,65.36,6.87,2512,Substantial Increase (>5pp),iLembe District,ANC,29.9,49.6,7.7
52903008,5,4064,Ndwedwe,iec_kzn_kzn293___ndwedwe_ward_registration_2026_clean.csv,KZN293 - Ndwedwe,2.0,4.0,115.0,2505.76102576002,160407.53081759447,2913.008715050002,78517.73431297248,87308.5662454439,165826.30055840104,27.3,0.604,21.2,49.6,24.8,11.4,85.0,83.0,77.0,80.0,55.0,771.0,2891.0,38.0,4126.0,54.2,3480.0,2709.0,7607.0,1235.0,29.9,55.59885684593401,3849.0,4064,215.0,5.585866458820473,46.93336686359577,0.0,55.59885684593401,63.53,7.93,2582,Substantial Increase (>5pp),iLembe District,ANC,29.9,49.6,7.7
52903009,6,3978,Ndwedwe,iec_kzn_kzn293___ndwedwe_ward_registration_2026_clean.csv,KZN293 - Ndwedwe,2.0,4.0,115.0,2505.76102576002,160407.53081759447,2913.008715050002,78517.73431297248,87308.5662454439,165826.30055840104,27.3,0.604,21.2,49.6,24.8,11.4,85.0,83.0,77.0,80.0,55.0,771.0,2891.0,38.0,4126.0,54.2,3480.0,2709.0,7607.0,1235.0,29.9,49.987452948557085,3985.0,3978,-7.0,-0.1756587202007528,46.93336686359577,0.0,49.987452948557085,60.12,10.13,2392,Substantial Increase (>5pp),iLembe District,ANC,29.9,49.6,7.7
52903010,6,3831,Ndwedwe,iec_kzn_kzn293___ndwedwe_ward_registration_2026_clean.csv,KZN293 - Ndwedwe,2.0,4.0,115.0,2505.76102576002,160407.53081759447,2913.008715050002,78517.73431297248,87308.5662454439,165826.30055840104,27.3,0.604,21.2,49.6,24.8,11.4,85.0,83.0,77.0,80.0,55.0,771.0,2891.0,38.0,4126.0,54.2,3480.0,2709.0,7607.0,1235.0,29.9,58.596894767107536,3478.0,3831,353.0,10.149511213341,46.93336686359577,0.0,58.596894767107536,64.38,5.78,2466,Substantial Increase (>5pp),iLembe District,ANC,29.9,49.6,7.7
52903011,7,5180,Ndwedwe,iec_kzn_kzn293___ndwedwe_ward_registration_2026_clean.csv,KZN293 - Ndwedwe,2.0,4.0,115.0,2505.76102576002,160407.53081759447,2913.008715050002,78517.73431297248,87308.5662454439,165826.30055840104,27.3,0.604,21.2,49.6,24.8,11.4,85.0,83.0,77.0,80.0,55.0,771.0,2891.0,38.0,4126.0,54.2,3480.0,2709.0,7607.0,1235.0,29.9,66.68611435239207,3428.0,5180,1752.0,51.10851808634772,46.93336686359577,0.0,66.68611435239207,69.73,3.04,3612,Moderate Increase (1-5pp),iLembe District,ANC,29.9,49.6,7.7
52903012,5,4658,Ndwedwe,iec_kzn_kzn293___ndwedwe_ward_registration_2026_clean.csv,KZN293 - Ndwedwe,2.0,4.0,115.0,2505.76102576002,160407.53081759447,2913.008715050002,78517.73431297248,87308.5662454439,165826.30055840104,27.3,0.604,21.2,49.6,24.8,11.4,85.0,83.0,77.0,80.0,55.0,771.0,2891.0,38.0,4126.0,54.2,3480.0,2709.0,7607.0,1235.0,29.9,57.69076305220884,4980.0,4658,-322.0,-6.4658634538152615,46.93336686359577,0.0,57.69076305220884,63.52,5.83,2959,Substantial Increase (>5pp),iLembe District,ANC,29.9,49.6,7.7
52903013,4,4752,Ndwedwe,iec_kzn_kzn293___ndwedwe_ward_registration_2026_clean.csv,KZN293 - Ndwedwe,2.0,4.0,115.0,2505.76102576002,160407.53081759447,2913.008715050002,78517.73431297248,87308.5662454439,165826.30055840104,27.3,0.604,21.2,49.6,24.8,11.4,85.0,83.0,77.0,80.0,55.0,771.0,2891.0,38.0,4126.0,54.2,3480.0,2709.0,7607.0,1235.0,29.9,51.00234313980734,3841.0,4752,911.0,23.71778182764905,46.93336686359577,0.0,51.00234313980734,60.66,9.66,2883,Substantial Increase (>5pp),iLembe District,ANC,29.9,49.6,7.7
52903014,6,5265,Ndwedwe,iec_kzn_kzn293___ndwedwe_ward_registration_2026_clean.csv,KZN293 - Ndwedwe,2.0,4.0,115.0,2505.76102576002,160407.53081759447,2913.008715050002,78517.73431297248,87308.5662454439,165826.30055840104,27.3,0.604,21.2,49.6,24.8,11.4,85.0,83.0,77.0,80.0,55.0,771.0,2891.0,38.0,4126.0,54.2,3480.0,2709.0,7607.0,1235.0,29.9,46.75839552238806,4288.0,5265,977.0,22.78451492537313,46.93336686359577,1.0,46.75839552238806,54.97,8.21,2894,Substantial Increase (>5pp),iLembe District,ANC,29.9,49.6,7.7
52903015,4,3901,Ndwedwe,iec_kzn_kzn293___ndwedwe_ward_registration_2026_clean.csv,KZN293 - Ndwedwe,2.0,4.0,115.0,2505.76102576002,160407.53081759447,2913.008715050002,78517.73431297248,87308.5662454439,165826.30055840104,27.3,0.604,21.2,49.6,24.8,11.4,85.0,83.0,77.0,80.0,55.0,771.0,2891.0,38.0,4126.0,54.2,3480.0,2709.0,7607.0,1235.0,29.9,48.60603290676417,4376.0,3901,-475.0,-10.854661791590493,46.93336686359577,0.0,48.60603290676417,60.34,11.73,2354,Substantial Increase (>5pp),iLembe District,IFP,29.9,49.6,7.7
52903016,8,4290,Ndwedwe,iec_kzn_kzn293___ndwedwe_ward_registration_2026_clean.csv,KZN293 - Ndwedwe,2.0,4.0,115.0,2505.76102576002,160407.53081759447,2913.008715050002,78517.73431297248,87308.5662454439,165826.30055840104,27.3,0.604,21.2,49.6,24.8,11.4,85.0,83.0,77.0,80.0,55.0,771.0,2891.0,38.0,4126.0,54.2,3480.0,2709.0,7607.0,1235.0,29.9,65.22666666666666,3750.0,4290,540.0,14.4,46.93336686359577,0.0,65.22666666666666,66.88,1.65,2869,Moderate Increase (1-5pp),iLembe District,IFP,29.9,49.6,7.7
52903017,10,4536,Ndwedwe,iec_kzn_kzn293___ndwedwe_ward_registration_2026_clean.csv,KZN293 - Ndwedwe,2.0,4.0,115.0,2505.76102576002,160407.53081759447,2913.008715050002,78517.73431297248,87308.5662454439,165826.30055840104,27.3,0.604,21.2,49.6,24.8,11.4,85.0,83.0,77.0,80.0,55.0,771.0,2891.0,38.0,4126.0,54.2,3480.0,2709.0,7607.0,1235.0,29.9,50.244977951984325,4082.0,4536,454.0,11.121999020088191,46.93336686359577,0.0,50.244977951984325,60.29,10.05,2735,Substantial Increase (>5pp),iLembe District,ANC,29.9,49.6,7.7
52903018,7,4829,Ndwedwe,iec_kzn_kzn293___ndwedwe_ward_registration_2026_clean.csv,KZN293 - Ndwedwe,2.0,4.0,115.0,2505.76102576002,160407.53081759447,2913.008715050002,78517.73431297248,87308.5662454439,165826.30055840104,27.3,0.604,21.2,49.6,24.8,11.4,85.0,83.0,77.0,80.0,55.0,771.0,2891.0,38.0,4126.0,54.2,3480.0,2709.0,7607.0,1235.0,29.9,44.75753604193971,4578.0,4829,251.0,5.482743556138051,46.93336686359577,1.0,44.75753604193971,58.13,13.37,2807,Substantial Increase (>5pp),iLembe District,ANC,29.9,49.6,7.7
52903019,6,3601,Ndwedwe,iec_kzn_kzn293___ndwedwe_ward_registration_2026_clean.csv,KZN293 - Ndwedwe,2.0,4.0,115.0,2505.76102576002,160407.53081759447,2913.008715050002,78517.73431297248,87308.5662454439,165826.30055840104,27.3,0.604,21.2,49.6,24.8,11.4,85.0,83.0,77.0,80.0,55.0,771.0,2891.0,38.0,4126.0,54.2,3480.0,2709.0,7607.0,1235.0,29.9,56.91228070175438,4275.0,3601,-674.0,-15.766081871345028,46.93336686359577,0.0,56.91228070175438,63.37,6.46,2282,Substantial Increase (>5pp),iLembe District,IFP,29.9,49.6,7.7
52904001,6,4584,Maphumulo,iec_kzn_kzn294___maphumulo_ward_registration_2026_clean.csv,KZN294 - Maphumulo,4.0,0.0,412.0,0.0,110983.36520852026,0.0,50164.52620370865,60818.83900481156,110983.36520852026,27.3,0.604,21.2,49.6,24.8,11.4,85.0,83.0,77.0,80.0,55.0,771.0,2891.0,38.0,4126.0,54.2,3480.0,2709.0,7607.0,1235.0,29.9,50.786353738204696,4133.0,4584,451.0,10.912170336317445,46.93336686359577,0.0,50.786353738204696,60.44,9.65,2771,Substantial Increase (>5pp),iLembe District,IFP,29.9,49.6,7.8
52904002,9,4180,Maphumulo,iec_kzn_kzn294___maphumulo_ward_registration_2026_clean.csv,KZN294 - Maphumulo,4.0,0.0,412.0,0.0,110983.36520852026,0.0,50164.52620370865,60818.83900481156,110983.36520852026,27.3,0.604,21.2,49.6,24.8,11.4,85.0,83.0,77.0,80.0,55.0,771.0,2891.0,38.0,4126.0,54.2,3480.0,2709.0,7607.0,1235.0,29.9,47.32256693582661,4706.0,4180,-526.0,-11.177220569485764,46.93336686359577,0.0,47.32256693582661,60.07,12.75,2511,Substantial Increase (>5pp),iLembe District,IFP,29.9,49.6,7.8
52904003,11,3580,Maphumulo,iec_kzn_kzn294___maphumulo_ward_registration_2026_clean.csv,KZN294 - Maphumulo,4.0,0.0,412.0,0.0,110983.36520852026,0.0,50164.52620370865,60818.83900481156,110983.36520852026,27.3,0.604,21.2,49.6,24.8,11.4,85.0,83.0,77.0,80.0,55.0,771.0,2891.0,38.0,4126.0,54.2,3480.0,2709.0,7607.0,1235.0,29.9,53.72886054893263,3607.0,3580,-27.0,-0.748544496811755,46.93336686359577,0.0,53.72886054893263,63.4,9.67,2270,Substantial Increase (>5pp),iLembe District,ANC,29.9,49.6,7.8
52904004,7,4048,Maphumulo,iec_kzn_kzn294___maphumulo_ward_registration_2026_clean.csv,KZN294 - Maphumulo,4.0,0.0,412.0,0.0,110983.36520852026,0.0,50164.52620370865,60818.83900481156,110983.36520852026,27.3,0.604,21.2,49.6,24.8,11.4,85.0,83.0,77.0,80.0,55.0,771.0,2891.0,38.0,4126.0,54.2,3480.0,2709.0,7607.0,1235.0,29.9,56.92466994563811,3863.0,4048,185.0,4.789024074553456,46.93336686359577,0.0,56.92466994563811,63.87,6.95,2585,Substantial Increase (>5pp),iLembe District,IFP,29.9,49.6,7.8
52904005,7,5148,Maphumulo,iec_kzn_kzn294___maphumulo_ward_registration_2026_clean.csv,KZN294 - Maphumulo,4.0,0.0,412.0,0.0,110983.36520852026,0.0,50164.52620370865,60818.83900481156,110983.36520852026,27.3,0.604,21.2,49.6,24.8,11.4,85.0,83.0,77.0,80.0,55.0,771.0,2891.0,38.0,4126.0,54.2,3480.0,2709.0,7607.0,1235.0,29.9,52.07589285714286,4480.0,5148,668.0,14.910714285714285,46.93336686359577,0.0,52.07589285714286,60.84,8.76,3132,Substantial Increase (>5pp),iLembe District,IFP,29.9,49.6,7.8
52904006,9,4194,Maphumulo,iec_kzn_kzn294___maphumulo_ward_registration_2026_clean.csv,KZN294 - Maphumulo,4.0,0.0,412.0,0.0,110983.36520852026,0.0,50164.52620370865,60818.83900481156,110983.36520852026,27.3,0.604,21.2,49.6,24.8,11.4,85.0,83.0,77.0,80.0,55.0,771.0,2891.0,38.0,4126.0,54.2,3480.0,2709.0,7607.0,1235.0,29.9,54.78896103896104,3696.0,4194,498.0,13.474025974025974,46.93336686359577,0.0,54.78896103896104,64.08,9.29,2688,Substantial Increase (>5pp),iLembe District,IFP,29.9,49.6,7.8
52904007,8,4399,Maphumulo,iec_kzn_kzn294___maphumulo_ward_registration_2026_clean.csv,KZN294 - Maphumulo,4.0,0.0,412.0,0.0,110983.36520852026,0.0,50164.52620370865,60818.83900481156,110983.36520852026,27.3,0.604,21.2,49.6,24.8,11.4,85.0,83.0,77.0,80.0,55.0,771.0,2891.0,38.0,4126.0,54.2,3480.0,2709.0,7607.0,1235.0,29.9,50.872515753756666,4126.0,4399,273.0,6.616577799321377,46.93336686359577,0.0,50.872515753756666,60.48,9.61,2661,Substantial Increase (>5pp),iLembe District,ANC,29.9,49.6,7.8
52904008,10,4923,Maphumulo,iec_kzn_kzn294___maphumulo_ward_registration_2026_clean.csv,KZN294 - Maphumulo,4.0,0.0,412.0,0.0,110983.36520852026,0.0,50164.52620370865,60818.83900481156,110983.36520852026,27.3,0.604,21.2,49.6,24.8,11.4,85.0,83.0,77.0,80.0,55.0,771.0,2891.0,38.0,4126.0,54.2,3480.0,2709.0,7607.0,1235.0,29.9,56.90897184020957,4581.0,4923,342.0,7.465618860510806,46.93336686359577,0.0,56.90897184020957,64.31,7.4,3166,Substantial Increase (>5pp),iLembe District,IFP,29.9,49.6,7.8
52904009,9,3893,Maphumulo,iec_kzn_kzn294___maphumulo_ward_registration_2026_clean.csv,KZN294 - Maphumulo,4.0,0.0,412.0,0.0,110983.36520852026,0.0,50164.52620370865,60818.83900481156,110983.36520852026,27.3,0.604,21.2,49.6,24.8,11.4,85.0,83.0,77.0,80.0,55.0,771.0,2891.0,38.0,4126.0,54.2,3480.0,2709.0,7607.0,1235.0,29.9,54.83525887890458,4674.0,3893,-781.0,-16.70945656824989,46.93336686359577,0.0,54.83525887890458,63.1,8.26,2456,Substantial Increase (>5pp),iLembe District,ANC,29.9,49.6,7.8
52904010,5,4819,Maphumulo,iec_kzn_kzn294___maphumulo_ward_registration_2026_clean.csv,KZN294 - Maphumulo,4.0,0.0,412.0,0.0,110983.36520852026,0.0,50164.52620370865,60818.83900481156,110983.36520852026,27.3,0.604,21.2,49.6,24.8,11.4,85.0,83.0,77.0,80.0,55.0,771.0,2891.0,38.0,4126.0,54.2,3480.0,2709.0,7607.0,1235.0,29.9,49.57963568425969,4282.0,4819,537.0,12.540868752919195,46.93336686359577,0.0,49.57963568425969,60.25,10.67,2903,Substantial Increase (>5pp),iLembe District,IFP,29.9,49.6,7.8
52904011,9,3781,Maphumulo,iec_kzn_kzn294___maphumulo_ward_registration_2026_clean.csv,KZN294 - Maphumulo,4.0,0.0,412.0,0.0,110983.36520852026,0.0,50164.52620370865,60818.83900481156,110983.36520852026,27.3,0.604,21.2,49.6,24.8,11.4,85.0,83.0,77.0,80.0,55.0,771.0,2891.0,38.0,4126.0,54.2,3480.0,2709.0,7607.0,1235.0,29.9,52.043596730245234,3670.0,3781,111.0,3.024523160762943,46.93336686359577,0.0,52.043596730245234,60.63,8.59,2292,Substantial Increase (>5pp),iLembe District,ANC,29.9,49.6,7.8
52904012,7,3411,Maphumulo,iec_kzn_kzn294___maphumulo_ward_registration_2026_clean.csv,KZN294 - Maphumulo,4.0,0.0,412.0,0.0,110983.36520852026,0.0,50164.52620370865,60818.83900481156,110983.36520852026,27.3,0.604,21.2,49.6,24.8,11.4,85.0,83.0,77.0,80.0,55.0,771.0,2891.0,38.0,4126.0,54.2,3480.0,2709.0,7607.0,1235.0,29.9,52.11538461538462,4160.0,3411,-749.0,-18.004807692307693,46.93336686359577,0.0,52.11538461538462,60.74,8.62,2072,Substantial Increase (>5pp),iLembe District,ANC,29.9,49.6,7.8
52904013,6,4812,Maphumulo,iec_kzn_kzn294___maphumulo_ward_registration_2026_clean.csv,,,,,,,,,,,,,,,,,,,,,,,,,,,,,,,,50.41896097677759,,4812,491.0,10.149511213341,46.93336686359577,0.0,50.41896097677759,60.33,9.91,2903,Substantial Increase (>5pp),iLembe District,ANC,33.1,42.5,6.8
54303001,3,4526,Greater Kokstad,iec_kzn_kzn433___greater_kokstad_ward_registration_2026_clean.csv,KZN433 - Greater Kokstad,63.0,2.0,335.0,71774.59280065577,16.4244317,9885.10166264993,39048.18203276982,42627.93686223285,81676.11889501508,27.3,0.604,21.2,49.6,24.8,11.4,85.0,83.0,77.0,80.0,55.0,771.0,2891.0,38.0,4126.0,54.2,3480.0,2709.0,7607.0,1235.0,29.9,44.67876410004904,4078.0,4526,448.0,10.985777341834233,46.93336686359577,1.0,44.67876410004904,55.39,10.71,2507,Substantial Increase (>5pp),Harry Gwala District,ANC,29.9,49.6,5.0
54303002,9,4491,Greater Kokstad,iec_kzn_kzn433___greater_kokstad_ward_registration_2026_clean.csv,KZN433 - Greater Kokstad,63.0,2.0,335.0,71774.59280065577,16.4244317,9885.10166264993,39048.18203276982,42627.93686223285,81676.11889501508,27.3,0.604,21.2,49.6,24.8,11.4,85.0,83.0,77.0,80.0,55.0,771.0,2891.0,38.0,4126.0,54.2,3480.0,2709.0,7607.0,1235.0,29.9,51.53274500696702,4306.0,4491,185.0,4.296330701346958,46.93336686359577,0.0,51.53274500696702,60.55,9.02,2719,Substantial Increase (>5pp),Harry Gwala District,ANC,29.9,49.6,5.0
54303003,3,4699,Greater Kokstad,iec_kzn_kzn433___greater_kokstad_ward_registration_2026_clean.csv,KZN433 - Greater Kokstad,63.0,2.0,335.0,71774.59280065577,16.4244317,9885.10166264993,39048.18203276982,42627.93686223285,81676.11889501508,27.3,0.604,21.2,49.6,24.8,11.4,85.0,83.0,77.0,80.0,55.0,771.0,2891.0,38.0,4126.0,54.2,3480.0,2709.0,7607.0,1235.0,29.9,39.00172860847018,4628.0,4699,71.0,1.5341400172860846,46.93336686359577,1.0,39.00172860847018,59.74,20.74,2807,Substantial Increase (>5pp),Harry Gwala District,ANC,29.9,49.6,5.0
54303004,2,4815,Greater Kokstad,iec_kzn_kzn433___greater_kokstad_ward_registration_2026_clean.csv,KZN433 - Greater Kokstad,63.0,2.0,335.0,71774.59280065577,16.4244317,9885.10166264993,39048.18203276982,42627.93686223285,81676.11889501508,27.3,0.604,21.2,49.6,24.8,11.4,85.0,83.0,77.0,80.0,55.0,771.0,2891.0,38.0,4126.0,54.2,3480.0,2709.0,7607.0,1235.0,29.9,48.78108840187146,4061.0,4815,754.0,18.5668554543216,46.93336686359577,0.0,48.78108840187146,60.56,11.78,2916,Substantial Increase (>5pp),Harry Gwala District,ANC,29.9,49.6,5.0
54303005,3,5094,Greater Kokstad,iec_kzn_kzn433___greater_kokstad_ward_registration_2026_clean.csv,KZN433 - Greater Kokstad,63.0,2.0,335.0,71774.59280065577,16.4244317,9885.10166264993,39048.18203276982,42627.93686223285,81676.11889501508,27.3,0.604,21.2,49.6,24.8,11.4,85.0,83.0,77.0,80.0,55.0,771.0,2891.0,38.0,4126.0,54.2,3480.0,2709.0,7607.0,1235.0,29.9,43.98752127056154,3526.0,5094,1568.0,44.46965399886557,46.93336686359577,1.0,43.98752127056154,56.0,12.01,2853,Substantial Increase (>5pp),Harry Gwala District,ANC,29.9,49.6,5.0
54303006,6,2696,Greater Kokstad,iec_kzn_kzn433___greater_kokstad_ward_registration_2026_clean.csv,KZN433 - Greater Kokstad,63.0,2.0,335.0,71774.59280065577,16.4244317,9885.10166264993,39048.18203276982,42627.93686223285,81676.11889501508,27.3,0.604,21.2,49.6,24.8,11.4,85.0,83.0,77.0,80.0,55.0,771.0,2891.0,38.0,4126.0,54.2,3480.0,2709.0,7607.0,1235.0,29.9,51.85087255420412,3782.0,2696,-1086.0,-28.714965626652567,46.93336686359577,0.0,51.85087255420412,60.95,9.1,1643,Substantial Increase (>5pp),Harry Gwala District,ANC,29.9,49.6,5.0
54303007,6,3283,Greater Kokstad,iec_kzn_kzn433___greater_kokstad_ward_registration_2026_clean.csv,KZN433 - Greater Kokstad,63.0,2.0,335.0,71774.59280065577,16.4244317,9885.10166264993,39048.18203276982,42627.93686223285,81676.11889501508,27.3,0.604,21.2,49.6,24.8,11.4,85.0,83.0,77.0,80.0,55.0,771.0,2891.0,38.0,4126.0,54.2,3480.0,2709.0,7607.0,1235.0,29.9,37.96948356807512,6816.0,3283,-3533.0,-51.833920187793424,46.93336686359577,1.0,37.96948356807512,56.66,18.69,1860,Substantial Increase (>5pp),Harry Gwala District,ANC,29.9,49.6,5.0
54303008,2,4725,Greater Kokstad,iec_kzn_kzn433___greater_kokstad_ward_registration_2026_clean.csv,KZN433 - Greater Kokstad,63.0,2.0,335.0,71774.59280065577,16.4244317,9885.10166264993,39048.18203276982,42627.93686223285,81676.11889501508,27.3,0.604,21.2,49.6,24.8,11.4,85.0,83.0,77.0,80.0,55.0,771.0,2891.0,38.0,4126.0,54.2,3480.0,2709.0,7607.0,1235.0,29.9,41.32055378061768,3756.0,4725,969.0,25.798722044728432,46.93336686359577,1.0,41.32055378061768,56.26,14.94,2658,Substantial Increase (>5pp),Harry Gwala District,ANC,29.9,49.6,5.0
54303009,3,4864,Greater Kokstad,iec_kzn_kzn433___greater_kokstad_ward_registration_2026_clean.csv,KZN433 - Greater Kokstad,63.0,2.0,335.0,71774.59280065577,16.4244317,9885.10166264993,39048.18203276982,42627.93686223285,81676.11889501508,27.3,0.604,21.2,49.6,24.8,11.4,85.0,83.0,77.0,80.0,55.0,771.0,2891.0,38.0,4126.0,54.2,3480.0,2709.0,7607.0,1235.0,29.9,50.30745580322829,5204.0,4864,-340.0,-6.533435818601076,46.93336686359577,0.0,50.30745580322829,60.02,9.71,2919,Substantial Increase (>5pp),Harry Gwala District,ANC,29.9,49.6,5.0
54303010,3,4559,Greater Kokstad,iec_kzn_kzn433___greater_kokstad_ward_registration_2026_clean.csv,KZN433 - Greater Kokstad,63.0,2.0,335.0,71774.59280065577,16.4244317,9885.10166264993,39048.18203276982,42627.93686223285,81676.11889501508,27.3,0.604,21.2,49.6,24.8,11.4,85.0,83.0,77.0,80.0,55.0,771.0,2891.0,38.0,4126.0,54.2,3480.0,2709.0,7607.0,1235.0,29.9,56.083757781550645,3534.0,4559,1025.0,29.003961516694964,46.93336686359577,0.0,56.083757781550645,64.64,8.56,2947,Substantial Increase (>5pp),Harry Gwala District,ANC,29.9,49.6,5.0
54303011,3,5026,Greater Kokstad,iec_kzn_kzn433___greater_kokstad_ward_registration_2026_clean.csv,,,,,,,,,,,,,,,,,,,,,,,,,,,,,,,,50.41896097677759,,5026,491.0,10.149511213341,46.93336686359577,0.0,50.41896097677759,60.33,9.91,3032,Substantial Increase (>5pp),Harry Gwala District,ANC,33.1,42.5,6.8
54304001,6,4403,Johannes Phumani Pungula,iec_kzn_kzn434___johannes_phumani_pungula_ward_registration_2026_clean.csv,KZN434 - uBuhlebezwe,34.0,0.0,1146.0,14930.238107279847,109688.61242554002,8413.030356300038,62617.52757194874,70414.35331717417,133031.88088912296,27.3,0.604,21.2,49.6,24.8,11.4,85.0,83.0,77.0,80.0,55.0,771.0,2891.0,38.0,4126.0,54.2,3480.0,2709.0,7607.0,1235.0,29.9,56.49227432908648,3689.0,4403,714.0,19.35483870967742,46.93336686359577,0.0,56.49227432908648,65.59,9.1,2888,Substantial Increase (>5pp),Harry Gwala District,ANC,29.9,49.6,7.4
54304002,5,4387,Johannes Phumani Pungula,iec_kzn_kzn434___johannes_phumani_pungula_ward_registration_2026_clean.csv,KZN434 - uBuhlebezwe,34.0,0.0,1146.0,14930.238107279847,109688.61242554002,8413.030356300038,62617.52757194874,70414.35331717417,133031.88088912296,27.3,0.604,21.2,49.6,24.8,11.4,85.0,83.0,77.0,80.0,55.0,771.0,2891.0,38.0,4126.0,54.2,3480.0,2709.0,7607.0,1235.0,29.9,43.01541425818882,4152.0,4387,235.0,5.659922928709056,46.93336686359577,1.0,43.01541425818882,58.15,15.13,2551,Substantial Increase (>5pp),Harry Gwala District,ANC,29.9,49.6,7.4
54304003,7,5271,Johannes Phumani Pungula,iec_kzn_kzn434___johannes_phumani_pungula_ward_registration_2026_clean.csv,KZN434 - uBuhlebezwe,34.0,0.0,1146.0,14930.238107279847,109688.61242554002,8413.030356300038,62617.52757194874,70414.35331717417,133031.88088912296,27.3,0.604,21.2,49.6,24.8,11.4,85.0,83.0,77.0,80.0,55.0,771.0,2891.0,38.0,4126.0,54.2,3480.0,2709.0,7607.0,1235.0,29.9,52.81923714759535,4824.0,5271,447.0,9.266169154228855,46.93336686359577,0.0,52.81923714759535,62.64,9.82,3302,Substantial Increase (>5pp),Harry Gwala District,ANC,29.9,49.6,7.4
54304004,4,5322,Johannes Phumani Pungula,iec_kzn_kzn434___johannes_phumani_pungula_ward_registration_2026_clean.csv,KZN434 - uBuhlebezwe,34.0,0.0,1146.0,14930.238107279847,109688.61242554002,8413.030356300038,62617.52757194874,70414.35331717417,133031.88088912296,27.3,0.604,21.2,49.6,24.8,11.4,85.0,83.0,77.0,80.0,55.0,771.0,2891.0,38.0,4126.0,54.2,3480.0,2709.0,7607.0,1235.0,29.9,46.116402116402114,4725.0,5322,597.0,12.634920634920634,46.93336686359577,1.0,46.116402116402114,54.4,8.28,2895,Substantial Increase (>5pp),Harry Gwala District,ANC,29.9,49.6,7.4
54304005,11,4356,Johannes Phumani Pungula,iec_kzn_kzn434___johannes_phumani_pungula_ward_registration_2026_clean.csv,KZN434 - uBuhlebezwe,34.0,0.0,1146.0,14930.238107279847,109688.61242554002,8413.030356300038,62617.52757194874,70414.35331717417,133031.88088912296,27.3,0.604,21.2,49.6,24.8,11.4,85.0,83.0,77.0,80.0,55.0,771.0,2891.0,38.0,4126.0,54.2,3480.0,2709.0,7607.0,1235.0,29.9,55.65307176045431,3874.0,4356,482.0,12.44192049561177,46.93336686359577,0.0,55.65307176045431,63.99,8.34,2787,Substantial Increase (>5pp),Harry Gwala District,ANC,29.9,49.6,7.4
54304006,3,4126,Johannes Phumani Pungula,iec_kzn_kzn434___johannes_phumani_pungula_ward_registration_2026_clean.csv,KZN434 - uBuhlebezwe,34.0,0.0,1146.0,14930.238107279847,109688.61242554002,8413.030356300038,62617.52757194874,70414.35331717417,133031.88088912296,27.3,0.604,21.2,49.6,24.8,11.4,85.0,83.0,77.0,80.0,55.0,771.0,2891.0,38.0,4126.0,54.2,3480.0,2709.0,7607.0,1235.0,29.9,49.07749077490775,4065.0,4126,61.0,1.5006150061500614,46.93336686359577,0.0,49.07749077490775,60.34,11.26,2490,Substantial Increase (>5pp),Harry Gwala District,ANC,29.9,49.6,7.4
54304007,3,4538,Johannes Phumani Pungula,iec_kzn_kzn434___johannes_phumani_pungula_ward_registration_2026_clean.csv,KZN434 - uBuhlebezwe,34.0,0.0,1146.0,14930.238107279847,109688.61242554002,8413.030356300038,62617.52757194874,70414.35331717417,133031.88088912296,27.3,0.604,21.2,49.6,24.8,11.4,85.0,83.0,77.0,80.0,55.0,771.0,2891.0,38.0,4126.0,54.2,3480.0,2709.0,7607.0,1235.0,29.9,41.88432835820896,4288.0,4538,250.0,5.830223880597015,46.93336686359577,1.0,41.88432835820896,58.29,16.41,2645,Substantial Increase (>5pp),Harry Gwala District,ANC,29.9,49.6,7.4
54304008,6,4881,Johannes Phumani Pungula,iec_kzn_kzn434___johannes_phumani_pungula_ward_registration_2026_clean.csv,KZN434 - uBuhlebezwe,34.0,0.0,1146.0,14930.238107279847,109688.61242554002,8413.030356300038,62617.52757194874,70414.35331717417,133031.88088912296,27.3,0.604,21.2,49.6,24.8,11.4,85.0,83.0,77.0,80.0,55.0,771.0,2891.0,38.0,4126.0,54.2,3480.0,2709.0,7607.0,1235.0,29.9,43.51539671836368,4449.0,4881,432.0,9.71004720161834,46.93336686359577,1.0,43.51539671836368,55.53,12.01,2710,Substantial Increase (>5pp),Harry Gwala District,ANC,29.9,49.6,7.4
54304009,7,3550,Johannes Phumani Pungula,iec_kzn_kzn434___johannes_phumani_pungula_ward_registration_2026_clean.csv,KZN434 - uBuhlebezwe,34.0,0.0,1146.0,14930.238107279847,109688.61242554002,8413.030356300038,62617.52757194874,70414.35331717417,133031.88088912296,27.3,0.604,21.2,49.6,24.8,11.4,85.0,83.0,77.0,80.0,55.0,771.0,2891.0,38.0,4126.0,54.2,3480.0,2709.0,7607.0,1235.0,29.9,62.98579469311176,3731.0,3550,-181.0,-4.851246314660949,46.93336686359577,0.0,62.98579469311176,66.22,3.23,2351,Moderate Increase (1-5pp),Harry Gwala District,ANC,29.9,49.6,7.4
54304010,5,4523,Johannes Phumani Pungula,iec_kzn_kzn434___johannes_phumani_pungula_ward_registration_2026_clean.csv,KZN434 - uBuhlebezwe,34.0,0.0,1146.0,14930.238107279847,109688.61242554002,8413.030356300038,62617.52757194874,70414.35331717417,133031.88088912296,27.3,0.604,21.2,49.6,24.8,11.4,85.0,83.0,77.0,80.0,55.0,771.0,2891.0,38.0,4126.0,54.2,3480.0,2709.0,7607.0,1235.0,29.9,53.61431598775607,4247.0,4523,276.0,6.498704968212857,46.93336686359577,0.0,53.61431598775607,64.38,10.77,2912,Substantial Increase (>5pp),Harry Gwala District,ANC,29.9,49.6,7.4
54304011,6,4267,Johannes Phumani Pungula,iec_kzn_kzn434___johannes_phumani_pungula_ward_registration_2026_clean.csv,KZN434 - uBuhlebezwe,34.0,0.0,1146.0,14930.238107279847,109688.61242554002,8413.030356300038,62617.52757194874,70414.35331717417,133031.88088912296,27.3,0.604,21.2,49.6,24.8,11.4,85.0,83.0,77.0,80.0,55.0,771.0,2891.0,38.0,4126.0,54.2,3480.0,2709.0,7607.0,1235.0,29.9,55.28095127069247,4289.0,4267,-22.0,-0.5129400792725577,46.93336686359577,0.0,55.28095127069247,63.24,7.96,2698,Substantial Increase (>5pp),Harry Gwala District,ANC,29.9,49.6,7.4
54304012,7,4185,Johannes Phumani Pungula,iec_kzn_kzn434___johannes_phumani_pungula_ward_registration_2026_clean.csv,KZN434 - uBuhlebezwe,34.0,0.0,1146.0,14930.238107279847,109688.61242554002,8413.030356300038,62617.52757194874,70414.35331717417,133031.88088912296,27.3,0.604,21.2,49.6,24.8,11.4,85.0,83.0,77.0,80.0,55.0,771.0,2891.0,38.0,4126.0,54.2,3480.0,2709.0,7607.0,1235.0,29.9,50.17513134851138,4568.0,4185,-383.0,-8.384413309982488,46.93336686359577,0.0,50.17513134851138,59.98,9.8,2510,Substantial Increase (>5pp),Harry Gwala District,ANC,29.9,49.6,7.4
54304013,7,3911,Johannes Phumani Pungula,iec_kzn_kzn434___johannes_phumani_pungula_ward_registration_2026_clean.csv,KZN434 - uBuhlebezwe,34.0,0.0,1146.0,14930.238107279847,109688.61242554002,8413.030356300038,62617.52757194874,70414.35331717417,133031.88088912296,27.3,0.604,21.2,49.6,24.8,11.4,85.0,83.0,77.0,80.0,55.0,771.0,2891.0,38.0,4126.0,54.2,3480.0,2709.0,7607.0,1235.0,29.9,46.59046117461569,2537.0,3911,1374.0,54.15845486795428,46.93336686359577,1.0,46.59046117461569,55.34,8.75,2164,Substantial Increase (>5pp),Harry Gwala District,ANC,29.9,49.6,7.4
54304014,6,4463,Johannes Phumani Pungula,iec_kzn_kzn434___johannes_phumani_pungula_ward_registration_2026_clean.csv,KZN434 - uBuhlebezwe,34.0,0.0,1146.0,14930.238107279847,109688.61242554002,8413.030356300038,62617.52757194874,70414.35331717417,133031.88088912296,27.3,0.604,21.2,49.6,24.8,11.4,85.0,83.0,77.0,80.0,55.0,771.0,2891.0,38.0,4126.0,54.2,3480.0,2709.0,7607.0,1235.0,29.9,50.25528811086798,4113.0,4463,350.0,8.509603695599319,46.93336686359577,0.0,50.25528811086798,60.29,10.03,2691,Substantial Increase (>5pp),Harry Gwala District,ANC,29.9,49.6,7.4
54305001,7,4635,Umzimkhulu,iec_kzn_kzn435___umzimkhulu_ward_registration_2026_clean.csv,KZN435 - uMzimkhulu,27.0,1.0,1223.0,22365.836133568875,164358.37469545033,33895.48859717087,101416.33353966312,119203.3658865638,220619.69942617483,27.3,0.604,21.2,49.6,24.8,11.4,85.0,83.0,77.0,80.0,55.0,771.0,2891.0,38.0,4126.0,54.2,3480.0,2709.0,7607.0,1235.0,29.9,56.41500694766095,4318.0,4635,317.0,7.341361741547013,46.93336686359577,0.0,56.41500694766095,64.5,8.08,2990,Substantial Increase (>5pp),Harry Gwala District,ANC,29.9,49.6,7.2
54305002,6,4455,Umzimkhulu,iec_kzn_kzn435___umzimkhulu_ward_registration_2026_clean.csv,KZN435 - uMzimkhulu,27.0,1.0,1223.0,22365.836133568875,164358.37469545033,33895.48859717087,101416.33353966312,119203.3658865638,220619.69942617483,27.3,0.604,21.2,49.6,24.8,11.4,85.0,83.0,77.0,80.0,55.0,771.0,2891.0,38.0,4126.0,54.2,3480.0,2709.0,7607.0,1235.0,29.9,44.03218596334376,4474.0,4455,-19.0,-0.424675905230219,46.93336686359577,1.0,44.03218596334376,59.68,15.65,2659,Substantial Increase (>5pp),Harry Gwala District,ANC,29.9,49.6,7.2
54305003,9,4604,Umzimkhulu,iec_kzn_kzn435___umzimkhulu_ward_registration_2026_clean.csv,KZN435 - uMzimkhulu,27.0,1.0,1223.0,22365.836133568875,164358.37469545033,33895.48859717087,101416.33353966312,119203.3658865638,220619.69942617483,27.3,0.604,21.2,49.6,24.8,11.4,85.0,83.0,77.0,80.0,55.0,771.0,2891.0,38.0,4126.0,54.2,3480.0,2709.0,7607.0,1235.0,29.9,49.08382959230417,4366.0,4604,238.0,5.4512139257901975,46.93336686359577,0.0,49.08382959230417,60.34,11.26,2778,Substantial Increase (>5pp),Harry Gwala District,ANC,29.9,49.6,7.2
54305004,7,4549,Umzimkhulu,iec_kzn_kzn435___umzimkhulu_ward_registration_2026_clean.csv,KZN435 - uMzimkhulu,27.0,1.0,1223.0,22365.836133568875,164358.37469545033,33895.48859717087,101416.33353966312,119203.3658865638,220619.69942617483,27.3,0.604,21.2,49.6,24.8,11.4,85.0,83.0,77.0,80.0,55.0,771.0,2891.0,38.0,4126.0,54.2,3480.0,2709.0,7607.0,1235.0,29.9,40.575673166202414,4308.0,4549,241.0,5.594243268337976,46.93336686359577,1.0,40.575673166202414,58.29,17.71,2652,Substantial Increase (>5pp),Harry Gwala District,ANC,29.9,49.6,7.2
54305005,7,3838,Umzimkhulu,iec_kzn_kzn435___umzimkhulu_ward_registration_2026_clean.csv,KZN435 - uMzimkhulu,27.0,1.0,1223.0,22365.836133568875,164358.37469545033,33895.48859717087,101416.33353966312,119203.3658865638,220619.69942617483,27.3,0.604,21.2,49.6,24.8,11.4,85.0,83.0,77.0,80.0,55.0,771.0,2891.0,38.0,4126.0,54.2,3480.0,2709.0,7607.0,1235.0,29.9,54.2945649112926,3551.0,3838,287.0,8.082230357645734,46.93336686359577,0.0,54.2945649112926,63.73,9.44,2446,Substantial Increase (>5pp),Harry Gwala District,ANC,29.9,49.6,7.2
54305006,10,4383,Umzimkhulu,iec_kzn_kzn435___umzimkhulu_ward_registration_2026_clean.csv,KZN435 - uMzimkhulu,27.0,1.0,1223.0,22365.836133568875,164358.37469545033,33895.48859717087,101416.33353966312,119203.3658865638,220619.69942617483,27.3,0.604,21.2,49.6,24.8,11.4,85.0,83.0,77.0,80.0,55.0,771.0,2891.0,38.0,4126.0,54.2,3480.0,2709.0,7607.0,1235.0,29.9,51.028500619578686,4035.0,4383,348.0,8.62453531598513,46.93336686359577,0.0,51.028500619578686,60.58,9.55,2655,Substantial Increase (>5pp),Harry Gwala District,ANC,29.9,49.6,7.2
54305007,5,4437,Umzimkhulu,iec_kzn_kzn435___umzimkhulu_ward_registration_2026_clean.csv,KZN435 - uMzimkhulu,27.0,1.0,1223.0,22365.836133568875,164358.37469545033,33895.48859717087,101416.33353966312,119203.3658865638,220619.69942617483,27.3,0.604,21.2,49.6,24.8,11.4,85.0,83.0,77.0,80.0,55.0,771.0,2891.0,38.0,4126.0,54.2,3480.0,2709.0,7607.0,1235.0,29.9,53.22789732953073,3857.0,4437,580.0,15.037593984962406,46.93336686359577,0.0,53.22789732953073,64.25,11.02,2851,Substantial Increase (>5pp),Harry Gwala District,ANC,29.9,49.6,7.2
54305008,10,4755,Umzimkhulu,iec_kzn_kzn435___umzimkhulu_ward_registration_2026_clean.csv,KZN435 - uMzimkhulu,27.0,1.0,1223.0,22365.836133568875,164358.37469545033,33895.48859717087,101416.33353966312,119203.3658865638,220619.69942617483,27.3,0.604,21.2,49.6,24.8,11.4,85.0,83.0,77.0,80.0,55.0,771.0,2891.0,38.0,4126.0,54.2,3480.0,2709.0,7607.0,1235.0,29.9,45.75289575289575,4144.0,4755,611.0,14.744208494208491,46.93336686359577,1.0,45.75289575289575,54.92,9.17,2611,Substantial Increase (>5pp),Harry Gwala District,ANC,29.9,49.6,7.2
54305009,6,4040,Umzimkhulu,iec_kzn_kzn435___umzimkhulu_ward_registration_2026_clean.csv,KZN435 - uMzimkhulu,27.0,1.0,1223.0,22365.836133568875,164358.37469545033,33895.48859717087,101416.33353966312,119203.3658865638,220619.69942617483,27.3,0.604,21.2,49.6,24.8,11.4,85.0,83.0,77.0,80.0,55.0,771.0,2891.0,38.0,4126.0,54.2,3480.0,2709.0,7607.0,1235.0,29.9,46.65518231409705,3483.0,4040,557.0,15.991960953201264,46.93336686359577,1.0,46.65518231409705,54.69,8.03,2209,Substantial Increase (>5pp),Harry Gwala District,ANC,29.9,49.6,7.2
54305010,10,4069,Umzimkhulu,iec_kzn_kzn435___umzimkhulu_ward_registration_2026_clean.csv,KZN435 - uMzimkhulu,27.0,1.0,1223.0,22365.836133568875,164358.37469545033,33895.48859717087,101416.33353966312,119203.3658865638,220619.69942617483,27.3,0.604,21.2,49.6,24.8,11.4,85.0,83.0,77.0,80.0,55.0,771.0,2891.0,38.0,4126.0,54.2,3480.0,2709.0,7607.0,1235.0,29.9,53.9479689639434,4382.0,4069,-313.0,-7.142857142857142,46.93336686359577,0.0,53.9479689639434,63.28,9.33,2575,Substantial Increase (>5pp),Harry Gwala District,ANC,29.9,49.6,7.2
54305011,5,4173,Umzimkhulu,iec_kzn_kzn435___umzimkhulu_ward_registration_2026_clean.csv,KZN435 - uMzimkhulu,27.0,1.0,1223.0,22365.836133568875,164358.37469545033,33895.48859717087,101416.33353966312,119203.3658865638,220619.69942617483,27.3,0.604,21.2,49.6,24.8,11.4,85.0,83.0,77.0,80.0,55.0,771.0,2891.0,38.0,4126.0,54.2,3480.0,2709.0,7607.0,1235.0,29.9,41.32718421726877,3903.0,4173,270.0,6.917755572636433,46.93336686359577,1.0,41.32718421726877,57.27,15.94,2390,Substantial Increase (>5pp),Harry Gwala District,ANC,29.9,49.6,7.2
54305012,8,4444,Umzimkhulu,iec_kzn_kzn435___umzimkhulu_ward_registration_2026_clean.csv,KZN435 - uMzimkhulu,27.0,1.0,1223.0,22365.836133568875,164358.37469545033,33895.48859717087,101416.33353966312,119203.3658865638,220619.69942617483,27.3,0.604,21.2,49.6,24.8,11.4,85.0,83.0,77.0,80.0,55.0,771.0,2891.0,38.0,4126.0,54.2,3480.0,2709.0,7607.0,1235.0,29.9,49.34614358153189,3747.0,4444,697.0,18.60154790499066,46.93336686359577,0.0,49.34614358153189,60.33,10.98,2681,Substantial Increase (>5pp),Harry Gwala District,ANC,29.9,49.6,7.2
54305013,6,4742,Umzimkhulu,iec_kzn_kzn435___umzimkhulu_ward_registration_2026_clean.csv,KZN435 - uMzimkhulu,27.0,1.0,1223.0,22365.836133568875,164358.37469545033,33895.48859717087,101416.33353966312,119203.3658865638,220619.69942617483,27.3,0.604,21.2,49.6,24.8,11.4,85.0,83.0,77.0,80.0,55.0,771.0,2891.0,38.0,4126.0,54.2,3480.0,2709.0,7607.0,1235.0,29.9,46.69993195735994,4409.0,4742,333.0,7.552733046042187,46.93336686359577,1.0,46.69993195735994,56.14,9.44,2662,Substantial Increase (>5pp),Harry Gwala District,ANC,29.9,49.6,7.2
54305014,7,4313,Umzimkhulu,iec_kzn_kzn435___umzimkhulu_ward_registration_2026_clean.csv,KZN435 - uMzimkhulu,27.0,1.0,1223.0,22365.836133568875,164358.37469545033,33895.48859717087,101416.33353966312,119203.3658865638,220619.69942617483,27.3,0.604,21.2,49.6,24.8,11.4,85.0,83.0,77.0,80.0,55.0,771.0,2891.0,38.0,4126.0,54.2,3480.0,2709.0,7607.0,1235.0,29.9,48.74731567644954,4191.0,4313,122.0,2.910999761393462,46.93336686359577,0.0,48.74731567644954,60.43,11.68,2606,Substantial Increase (>5pp),Harry Gwala District,ANC,29.9,49.6,7.2
54305015,8,5018,Umzimkhulu,iec_kzn_kzn435___umzimkhulu_ward_registration_2026_clean.csv,KZN435 - uMzimkhulu,27.0,1.0,1223.0,22365.836133568875,164358.37469545033,33895.48859717087,101416.33353966312,119203.3658865638,220619.69942617483,27.3,0.604,21.2,49.6,24.8,11.4,85.0,83.0,77.0,80.0,55.0,771.0,2891.0,38.0,4126.0,54.2,3480.0,2709.0,7607.0,1235.0,29.9,50.22156573116692,4739.0,5018,279.0,5.88731799957797,46.93336686359577,0.0,50.22156573116692,60.19,9.97,3020,Substantial Increase (>5pp),Harry Gwala District,ANC,29.9,49.6,7.2
54305016,4,5555,Umzimkhulu,iec_kzn_kzn435___umzimkhulu_ward_registration_2026_clean.csv,KZN435 - uMzimkhulu,27.0,1.0,1223.0,22365.836133568875,164358.37469545033,33895.48859717087,101416.33353966312,119203.3658865638,220619.69942617483,27.3,0.604,21.2,49.6,24.8,11.4,85.0,83.0,77.0,80.0,55.0,771.0,2891.0,38.0,4126.0,54.2,3480.0,2709.0,7607.0,1235.0,29.9,33.73884833738848,4932.0,5555,623.0,12.631792376317923,46.93336686359577,1.0,33.73884833738848,57.68,23.94,3204,Substantial Increase (>5pp),Harry Gwala District,ANC,29.9,49.6,7.2
54305017,5,5352,Umzimkhulu,iec_kzn_kzn435___umzimkhulu_ward_registration_2026_clean.csv,KZN435 - uMzimkhulu,27.0,1.0,1223.0,22365.836133568875,164358.37469545033,33895.48859717087,101416.33353966312,119203.3658865638,220619.69942617483,27.3,0.604,21.2,49.6,24.8,11.4,85.0,83.0,77.0,80.0,55.0,771.0,2891.0,38.0,4126.0,54.2,3480.0,2709.0,7607.0,1235.0,29.9,42.25596529284165,4610.0,5352,742.0,16.09544468546638,46.93336686359577,1.0,42.25596529284165,55.67,13.41,2979,Substantial Increase (>5pp),Harry Gwala District,ANC,29.9,49.6,7.2
54305018,10,4087,Umzimkhulu,iec_kzn_kzn435___umzimkhulu_ward_registration_2026_clean.csv,KZN435 - uMzimkhulu,27.0,1.0,1223.0,22365.836133568875,164358.37469545033,33895.48859717087,101416.33353966312,119203.3658865638,220619.69942617483,27.3,0.604,21.2,49.6,24.8,11.4,85.0,83.0,77.0,80.0,55.0,771.0,2891.0,38.0,4126.0,54.2,3480.0,2709.0,7607.0,1235.0,29.9,51.98358413132696,3655.0,4087,432.0,11.819425444596444,46.93336686359577,0.0,51.98358413132696,60.73,8.75,2482,Substantial Increase (>5pp),Harry Gwala District,ANC,29.9,49.6,7.2
54305019,6,3115,Umzimkhulu,iec_kzn_kzn435___umzimkhulu_ward_registration_2026_clean.csv,KZN435 - uMzimkhulu,27.0,1.0,1223.0,22365.836133568875,164358.37469545033,33895.48859717087,101416.33353966312,119203.3658865638,220619.69942617483,27.3,0.604,21.2,49.6,24.8,11.4,85.0,83.0,77.0,80.0,55.0,771.0,2891.0,38.0,4126.0,54.2,3480.0,2709.0,7607.0,1235.0,29.9,50.96554335478986,2641.0,3115,474.0,17.94774706550549,46.93336686359577,0.0,50.96554335478986,60.58,9.61,1887,Substantial Increase (>5pp),Harry Gwala District,ANC,29.9,49.6,7.2
54305020,7,4784,Umzimkhulu,iec_kzn_kzn435___umzimkhulu_ward_registration_2026_clean.csv,KZN435 - uMzimkhulu,27.0,1.0,1223.0,22365.836133568875,164358.37469545033,33895.48859717087,101416.33353966312,119203.3658865638,220619.69942617483,27.3,0.604,21.2,49.6,24.8,11.4,85.0,83.0,77.0,80.0,55.0,771.0,2891.0,38.0,4126.0,54.2,3480.0,2709.0,7607.0,1235.0,29.9,48.37442723107135,4583.0,4784,201.0,4.385773510800785,46.93336686359577,0.0,48.37442723107135,60.06,11.69,2873,Substantial Increase (>5pp),Harry Gwala District,ANC,29.9,49.6,7.2
54305021,9,4552,Umzimkhulu,iec_kzn_kzn435___umzimkhulu_ward_registration_2026_clean.csv,KZN435 - uMzimkhulu,27.0,1.0,1223.0,22365.836133568875,164358.37469545033,33895.48859717087,101416.33353966312,119203.3658865638,220619.69942617483,27.3,0.604,21.2,49.6,24.8,11.4,85.0,83.0,77.0,80.0,55.0,771.0,2891.0,38.0,4126.0,54.2,3480.0,2709.0,7607.0,1235.0,29.9,48.29545454545455,4400.0,4552,152.0,3.4545454545454546,46.93336686359577,0.0,48.29545454545455,60.1,11.8,2736,Substantial Increase (>5pp),Harry Gwala District,ANC,29.9,49.6,7.2
54305022,10,4226,Umzimkhulu,iec_kzn_kzn435___umzimkhulu_ward_registration_2026_clean.csv,KZN435 - uMzimkhulu,27.0,1.0,1223.0,22365.836133568875,164358.37469545033,33895.48859717087,101416.33353966312,119203.3658865638,220619.69942617483,27.3,0.604,21.2,49.6,24.8,11.4,85.0,83.0,77.0,80.0,55.0,771.0,2891.0,38.0,4126.0,54.2,3480.0,2709.0,7607.0,1235.0,29.9,53.55450236966824,3587.0,4226,639.0,17.814329523278506,46.93336686359577,0.0,53.55450236966824,64.89,11.34,2742,Substantial Increase (>5pp),Harry Gwala District,ANC,29.9,49.6,7.2
54306001,8,3779,Dr. Nkosazana Dlamini Zuma,iec_kzn_kzn436___dr._nkosazana_dlamini_zuma_ward_registration_2026_clean.csv,KZN436 - Dr. Nkosazana Dlamini Zuma,42.0,3.0,937.0,10012.952651200036,103321.6045337598,15230.840926049834,60873.1711380788,67692.22697293482,128565.39811102043,27.3,0.604,21.2,49.6,24.8,11.4,85.0,83.0,77.0,80.0,55.0,771.0,2891.0,38.0,4126.0,54.2,3480.0,2709.0,7607.0,1235.0,29.9,57.22160970231533,3628.0,3779,151.0,4.16207276736494,46.93336686359577,0.0,57.22160970231533,63.54,6.32,2401,Substantial Increase (>5pp),Harry Gwala District,ANC,29.9,49.6,7.3
54306002,5,3477,Dr. Nkosazana Dlamini Zuma,iec_kzn_kzn436___dr._nkosazana_dlamini_zuma_ward_registration_2026_clean.csv,KZN436 - Dr. Nkosazana Dlamini Zuma,42.0,3.0,937.0,10012.952651200036,103321.6045337598,15230.840926049834,60873.1711380788,67692.22697293482,128565.39811102043,27.3,0.604,21.2,49.6,24.8,11.4,85.0,83.0,77.0,80.0,55.0,771.0,2891.0,38.0,4126.0,54.2,3480.0,2709.0,7607.0,1235.0,29.9,53.03030303030303,3300.0,3477,177.0,5.363636363636363,46.93336686359577,0.0,53.03030303030303,63.39,10.36,2204,Substantial Increase (>5pp),Harry Gwala District,ANC,29.9,49.6,7.3
54306003,4,3751,Dr. Nkosazana Dlamini Zuma,iec_kzn_kzn436___dr._nkosazana_dlamini_zuma_ward_registration_2026_clean.csv,KZN436 - Dr. Nkosazana Dlamini Zuma,42.0,3.0,937.0,10012.952651200036,103321.6045337598,15230.840926049834,60873.1711380788,67692.22697293482,128565.39811102043,27.3,0.604,21.2,49.6,24.8,11.4,85.0,83.0,77.0,80.0,55.0,771.0,2891.0,38.0,4126.0,54.2,3480.0,2709.0,7607.0,1235.0,29.9,44.03183023872679,3393.0,3751,358.0,10.551134689065725,46.93336686359577,1.0,44.03183023872679,55.53,11.5,2083,Substantial Increase (>5pp),Harry Gwala District,ANC,29.9,49.6,7.3
54306004,6,4478,Dr. Nkosazana Dlamini Zuma,iec_kzn_kzn436___dr._nkosazana_dlamini_zuma_ward_registration_2026_clean.csv,KZN436 - Dr. Nkosazana Dlamini Zuma,42.0,3.0,937.0,10012.952651200036,103321.6045337598,15230.840926049834,60873.1711380788,67692.22697293482,128565.39811102043,27.3,0.604,21.2,49.6,24.8,11.4,85.0,83.0,77.0,80.0,55.0,771.0,2891.0,38.0,4126.0,54.2,3480.0,2709.0,7607.0,1235.0,29.9,52.0073834794647,4334.0,4478,144.0,3.3225657591139823,46.93336686359577,0.0,52.0073834794647,60.6,8.59,2714,Substantial Increase (>5pp),Harry Gwala District,ANC,29.9,49.6,7.3
54306005,7,4490,Dr. Nkosazana Dlamini Zuma,iec_kzn_kzn436___dr._nkosazana_dlamini_zuma_ward_registration_2026_clean.csv,KZN436 - Dr. Nkosazana Dlamini Zuma,42.0,3.0,937.0,10012.952651200036,103321.6045337598,15230.840926049834,60873.1711380788,67692.22697293482,128565.39811102043,27.3,0.604,21.2,49.6,24.8,11.4,85.0,83.0,77.0,80.0,55.0,771.0,2891.0,38.0,4126.0,54.2,3480.0,2709.0,7607.0,1235.0,29.9,55.99544937428897,4395.0,4490,95.0,2.1615472127417523,46.93336686359577,0.0,55.99544937428897,63.34,7.34,2844,Substantial Increase (>5pp),Harry Gwala District,ANC,29.9,49.6,7.3
54306006,7,4928,Dr. Nkosazana Dlamini Zuma,iec_kzn_kzn436___dr._nkosazana_dlamini_zuma_ward_registration_2026_clean.csv,KZN436 - Dr. Nkosazana Dlamini Zuma,42.0,3.0,937.0,10012.952651200036,103321.6045337598,15230.840926049834,60873.1711380788,67692.22697293482,128565.39811102043,27.3,0.604,21.2,49.6,24.8,11.4,85.0,83.0,77.0,80.0,55.0,771.0,2891.0,38.0,4126.0,54.2,3480.0,2709.0,7607.0,1235.0,29.9,60.84533209475151,4306.0,4928,622.0,14.444960520204368,46.93336686359577,0.0,60.84533209475151,66.18,5.33,3261,Substantial Increase (>5pp),Harry Gwala District,IFP,29.9,49.6,7.3
54306007,4,4107,Dr. Nkosazana Dlamini Zuma,iec_kzn_kzn436___dr._nkosazana_dlamini_zuma_ward_registration_2026_clean.csv,KZN436 - Dr. Nkosazana Dlamini Zuma,42.0,3.0,937.0,10012.952651200036,103321.6045337598,15230.840926049834,60873.1711380788,67692.22697293482,128565.39811102043,27.3,0.604,21.2,49.6,24.8,11.4,85.0,83.0,77.0,80.0,55.0,771.0,2891.0,38.0,4126.0,54.2,3480.0,2709.0,7607.0,1235.0,29.9,58.84185925733576,3851.0,4107,256.0,6.647623993767852,46.93336686359577,0.0,58.84185925733576,64.27,5.43,2640,Substantial Increase (>5pp),Harry Gwala District,ANC,29.9,49.6,7.3
54306008,5,4367,Dr. Nkosazana Dlamini Zuma,iec_kzn_kzn436___dr._nkosazana_dlamini_zuma_ward_registration_2026_clean.csv,KZN436 - Dr. Nkosazana Dlamini Zuma,42.0,3.0,937.0,10012.952651200036,103321.6045337598,15230.840926049834,60873.1711380788,67692.22697293482,128565.39811102043,27.3,0.604,21.2,49.6,24.8,11.4,85.0,83.0,77.0,80.0,55.0,771.0,2891.0,38.0,4126.0,54.2,3480.0,2709.0,7607.0,1235.0,29.9,58.76146788990826,4360.0,4367,7.0,0.1605504587155963,46.93336686359577,0.0,58.76146788990826,63.6,4.84,2777,Moderate Increase (1-5pp),Harry Gwala District,ANC,29.9,49.6,7.3
54306009,5,4317,Dr. Nkosazana Dlamini Zuma,iec_kzn_kzn436___dr._nkosazana_dlamini_zuma_ward_registration_2026_clean.csv,KZN436 - Dr. Nkosazana Dlamini Zuma,42.0,3.0,937.0,10012.952651200036,103321.6045337598,15230.840926049834,60873.1711380788,67692.22697293482,128565.39811102043,27.3,0.604,21.2,49.6,24.8,11.4,85.0,83.0,77.0,80.0,55.0,771.0,2891.0,38.0,4126.0,54.2,3480.0,2709.0,7607.0,1235.0,29.9,52.3409669211196,3930.0,4317,387.0,9.84732824427481,46.93336686359577,0.0,52.3409669211196,61.62,9.28,2660,Substantial Increase (>5pp),Harry Gwala District,ANC,29.9,49.6,7.3
54306010,5,4030,Dr. Nkosazana Dlamini Zuma,iec_kzn_kzn436___dr._nkosazana_dlamini_zuma_ward_registration_2026_clean.csv,KZN436 - Dr. Nkosazana Dlamini Zuma,42.0,3.0,937.0,10012.952651200036,103321.6045337598,15230.840926049834,60873.1711380788,67692.22697293482,128565.39811102043,27.3,0.604,21.2,49.6,24.8,11.4,85.0,83.0,77.0,80.0,55.0,771.0,2891.0,38.0,4126.0,54.2,3480.0,2709.0,7607.0,1235.0,29.9,52.84692417739628,3495.0,4030,535.0,15.30758226037196,46.93336686359577,0.0,52.84692417739628,63.38,10.53,2554,Substantial Increase (>5pp),Harry Gwala District,ANC,29.9,49.6,7.3
54306011,7,4153,Dr. Nkosazana Dlamini Zuma,iec_kzn_kzn436___dr._nkosazana_dlamini_zuma_ward_registration_2026_clean.csv,KZN436 - Dr. Nkosazana Dlamini Zuma,42.0,3.0,937.0,10012.952651200036,103321.6045337598,15230.840926049834,60873.1711380788,67692.22697293482,128565.39811102043,27.3,0.604,21.2,49.6,24.8,11.4,85.0,83.0,77.0,80.0,55.0,771.0,2891.0,38.0,4126.0,54.2,3480.0,2709.0,7607.0,1235.0,29.9,51.56532988357051,3865.0,4153,288.0,7.451487710219923,46.93336686359577,0.0,51.56532988357051,60.65,9.08,2519,Substantial Increase (>5pp),Harry Gwala District,ANC,29.9,49.6,7.3
54306012,6,4376,Dr. Nkosazana Dlamini Zuma,iec_kzn_kzn436___dr._nkosazana_dlamini_zuma_ward_registration_2026_clean.csv,KZN436 - Dr. Nkosazana Dlamini Zuma,42.0,3.0,937.0,10012.952651200036,103321.6045337598,15230.840926049834,60873.1711380788,67692.22697293482,128565.39811102043,27.3,0.604,21.2,49.6,24.8,11.4,85.0,83.0,77.0,80.0,55.0,771.0,2891.0,38.0,4126.0,54.2,3480.0,2709.0,7607.0,1235.0,29.9,52.21238938053098,2938.0,4376,1438.0,48.94486044928523,46.93336686359577,0.0,52.21238938053098,61.88,9.67,2708,Substantial Increase (>5pp),Harry Gwala District,ANC,29.9,49.6,7.3
54306013,4,3699,Dr. Nkosazana Dlamini Zuma,iec_kzn_kzn436___dr._nkosazana_dlamini_zuma_ward_registration_2026_clean.csv,KZN436 - Dr. Nkosazana Dlamini Zuma,42.0,3.0,937.0,10012.952651200036,103321.6045337598,15230.840926049834,60873.1711380788,67692.22697293482,128565.39811102043,27.3,0.604,21.2,49.6,24.8,11.4,85.0,83.0,77.0,80.0,55.0,771.0,2891.0,38.0,4126.0,54.2,3480.0,2709.0,7607.0,1235.0,29.9,52.20301171221416,3586.0,3699,113.0,3.151143335192415,46.93336686359577,0.0,52.20301171221416,61.47,9.27,2274,Substantial Increase (>5pp),Harry Gwala District,ANC,29.9,49.6,7.3
54306014,7,3771,Dr. Nkosazana Dlamini Zuma,iec_kzn_kzn436___dr._nkosazana_dlamini_zuma_ward_registration_2026_clean.csv,KZN436 - Dr. Nkosazana Dlamini Zuma,42.0,3.0,937.0,10012.952651200036,103321.6045337598,15230.840926049834,60873.1711380788,67692.22697293482,128565.39811102043,27.3,0.604,21.2,49.6,24.8,11.4,85.0,83.0,77.0,80.0,55.0,771.0,2891.0,38.0,4126.0,54.2,3480.0,2709.0,7607.0,1235.0,29.9,52.21789883268483,3855.0,3771,-84.0,-2.178988326848249,46.93336686359577,0.0,52.21789883268483,61.36,9.14,2314,Substantial Increase (>5pp),Harry Gwala District,ANC,29.9,49.6,7.3
54306015,8,4225,Dr. Nkosazana Dlamini Zuma,iec_kzn_kzn436___dr._nkosazana_dlamini_zuma_ward_registration_2026_clean.csv,KZN436 - Dr. Nkosazana Dlamini Zuma,42.0,3.0,937.0,10012.952651200036,103321.6045337598,15230.840926049834,60873.1711380788,67692.22697293482,128565.39811102043,27.3,0.604,21.2,49.6,24.8,11.4,85.0,83.0,77.0,80.0,55.0,771.0,2891.0,38.0,4126.0,54.2,3480.0,2709.0,7607.0,1235.0,29.9,51.34146341463415,4100.0,4225,125.0,3.048780487804878,46.93336686359577,0.0,51.34146341463415,60.52,9.18,2557,Substantial Increase (>5pp),Harry Gwala District,ANC,29.9,49.6,7.3
