Ward,Municipality,RegisteredVoters,TotalVotesCast,VotingStationsMatched,TurnoutRate,ElectionYear
52102001,KZ211 - Vulamehlo [Dududu],3613.0,1564.0,8,43.28812621090506,2000
52102001,KZ211 - Vulamehlo [Dududu],3357.0,1712.0,9,50.99791480488531,2006
52102001,KZN211 - Vulamehlo [Dududu],3186.0,1904.0,9,59.76145637162587,2011
52102001,KZN212 - Umdoni,3657.0,2215.0,9,60.56877221766476,2016
52102001,KZN212 - uMdoni,3606.0,1623.0,9,45.00831946755408,2021
52102002,KZ211 - Vulamehlo [Dududu],3702.0,1718.0,8,46.40734737979471,2000
52102002,KZ211 - Vulamehlo [Dududu],4832.0,2366.0,10,48.96523178807947,2006
52102002,KZN211 - Vulamehlo [Dududu],3548.0,2247.0,10,63.33145434047351,2011
52102002,KZN212 - Umdoni,3921.0,2266.0,10,57.79137975006376,2016
52102002,KZN212 - uMdoni,3933.0,1907.0,10,48.48715992880753,2021
52102003,KZ211 - Vulamehlo [Dududu],6603.0,2932.0,3,44.40405876116916,2000
52102003,KZ211 - Vulamehlo [Dududu],4654.0,2377.0,3,51.074344649763646,2006
52102003,KZN211 - Vulamehlo [Dududu],3260.0,2150.0,3,65.95092024539878,2011
52102003,KZN212 - Umdoni,4064.0,2449.0,5,60.26082677165354,2016
52102003,KZN212 - uMdoni,4140.0,2291.0,6,55.338164251207736,2021
52102004,KZ211 - Vulamehlo [Dududu],6251.0,3209.0,7,51.33578627419613,2000
52102004,KZ211 - Vulamehlo [Dududu],4081.0,2178.0,7,53.36927223719676,2006
52102004,KZN211 - Vulamehlo [Dududu],3239.0,1946.0,7,60.08027168879284,2011
52102004,KZN212 - Umdoni,3486.0,2051.0,7,58.83534136546184,2016
52102004,KZN212 - uMdoni,3482.0,1850.0,7,53.13038483630098,2021
52102005,KZ211 - Vulamehlo [Dududu],3401.0,1561.0,5,45.89826521611291,2000
52102005,KZ211 - Vulamehlo [Dududu],4664.0,2202.0,5,47.21269296740995,2006
52102005,KZN211 - Vulamehlo [Dududu],3469.0,2148.0,5,61.91986163159412,2011
52102005,KZN212 - Umdoni,4010.0,2441.0,5,60.87281795511223,2016
52102005,KZN212 - uMdoni,3892.0,2178.0,5,55.96094552929085,2021
52102006,KZ211 - Vulamehlo [Dududu],7421.0,3586.0,4,48.32232852715268,2000
52102006,KZ211 - Vulamehlo [Dududu],3680.0,1954.0,5,53.09782608695652,2006
52102006,KZN211 - Vulamehlo [Dududu],3554.0,2176.0,5,61.22678671918964,2011
52102006,KZN212 - Umdoni,3691.0,1972.0,5,53.42725548631807,2016
52102006,KZN212 - uMdoni,3973.0,904.0,5,22.75358671029449,2021
52102007,KZ212 - KZ212 [Scottburgh],2610.0,1285.0,4,49.23371647509578,2000
52102007,KZ212 - Umdoni [Scottburgh],4849.0,2249.0,4,46.38069705093834,2006
52102007,KZN212 - Umdoni [Scottburgh],3465.0,2109.0,4,60.865800865800864,2011
52102007,KZN212 - Umdoni,4153.0,2542.0,4,61.20876474837467,2016
52102007,KZN212 - uMdoni,4475.0,2497.0,5,55.79888268156424,2021
52102008,KZ212 - KZ212 [Scottburgh],6700.0,2684.0,3,40.059701492537314,2000
52102008,KZ212 - Umdoni [Scottburgh],5872.0,2470.0,3,42.06403269754768,2006
52102008,KZN212 - Umdoni [Scottburgh],3485.0,2203.0,3,63.21377331420373,2011
52102008,KZN212 - Umdoni,3883.0,2157.0,3,55.54983260365697,2016
52102008,KZN212 - uMdoni,3824.0,1714.0,4,44.82217573221757,2021
52102009,KZ212 - KZ212 [Scottburgh],4709.0,2083.0,2,44.23444468039924,2000
52102009,KZ212 - Umdoni [Scottburgh],4950.0,2792.0,3,56.4040404040404,2006
52102009,KZN212 - Umdoni [Scottburgh],3756.0,2490.0,3,66.29392971246007,2011
52102009,KZN212 - Umdoni,4122.0,2224.0,3,53.954391072295,2016
52102009,KZN212 - uMdoni,3804.0,1582.0,3,41.587802313354366,2021
52102010,KZ212 - KZ212 [Scottburgh],5476.0,1435.0,2,26.205259313367424,2000
52102010,KZ212 - Umdoni [Scottburgh],7522.0,3003.0,2,39.9228928476469,2006
52102010,KZN212 - Umdoni [Scottburgh],3961.0,2334.0,2,58.924514011613226,2011
52102010,KZN212 - Umdoni,5371.0,3360.0,2,62.55818283373673,2016
52102010,KZN212 - uMdoni,5029.0,2545.0,2,50.60648240206801,2021
52102011,KZ212 - KZ212 [Scottburgh],4900.0,2075.0,3,42.3469387755102,2000
52102011,KZ211 - Vulamehlo [Dududu],500.0,311.0,2,62.2,2006
52102011,KZ212 - Umdoni [Scottburgh],2926.0,1041.0,3,35.57758031442242,2006
52102011,KZN211 - Vulamehlo [Dududu],514.0,349.0,2,67.89883268482491,2011
52102011,KZN212 - Umdoni [Scottburgh],3231.0,1681.0,4,52.02723614979882,2011
52102011,KZN212 - Umdoni,3993.0,2177.0,6,54.52041071875783,2016
52102011,KZN212 - uMdoni,3758.0,1467.0,6,39.036721660457694,2021
52102012,KZ212 - KZ212 [Scottburgh],1580.0,898.0,1,56.83544303797469,2000
52102012,KZ212 - Umdoni [Scottburgh],5944.0,3255.0,2,54.76110363391656,2006
52102012,KZN212 - Umdoni [Scottburgh],2399.0,1473.0,2,61.400583576490206,2011
52102012,KZN212 - Umdoni,3573.0,2278.0,3,63.755947383151415,2016
52102012,KZN212 - uMdoni,3933.0,2042.0,3,51.919654207983726,2021
52102013,KZ212 - KZ212 [Scottburgh],2892.0,0.0,1,0.0,2000
52102013,KZ212 - Umdoni [Scottburgh],3108.0,0.0,1,0.0,2006
52102013,KZN212 - Umdoni [Scottburgh],3615.0,1772.0,1,49.01798063623789,2011
52102013,KZN212 - Umdoni,3451.0,1722.0,1,49.89858012170386,2016
52102013,KZN212 - uMdoni,3380.0,1365.0,1,40.38461538461539,2021
52102014,KZ212 - KZ212 [Scottburgh],2591.0,848.0,2,32.72867618680046,2000
52102014,KZ212 - Umdoni [Scottburgh],7928.0,3453.0,2,43.55449041372352,2006
52102014,KZN212 - Umdoni [Scottburgh],3909.0,2570.0,2,65.7457150166283,2011
52102014,KZN212 - Umdoni,4094.0,2294.0,3,56.033219345383486,2016
52102014,KZN212 - uMdoni,4023.0,1731.0,3,43.027591349739005,2021
52102015,KZ212 - KZ212 [Scottburgh],2502.0,0.0,1,0.0,2000
52102015,KZ212 - Umdoni [Scottburgh],2362.0,0.0,1,0.0,2006
52102015,KZN212 - Umdoni [Scottburgh],2319.0,1271.0,1,54.8081069426477,2011
52102015,KZN212 - Umdoni,2278.0,1531.0,1,67.20807726075505,2016
52102015,KZN212 - uMdoni,2887.0,1787.0,2,61.89816418427433,2021
52102016,KZ212 - KZ212 [Scottburgh],2238.0,698.0,2,31.188561215370868,2000
52102016,KZ212 - Umdoni [Scottburgh],3099.0,1353.0,2,43.65924491771539,2006
52102016,KZN212 - Umdoni [Scottburgh],2253.0,1493.0,2,66.26719928983577,2011
52102016,KZN212 - Umdoni,3172.0,1723.0,3,54.319041614123584,2016
52102016,KZN212 - uMdoni,3097.0,1268.0,3,40.94284791733936,2021
52102017,KZ212 - KZ212 [Scottburgh],3702.0,1626.0,1,43.92220421393841,2000
52102017,KZ212 - Umdoni [Scottburgh],3824.0,1857.0,2,48.56171548117155,2006
52102017,KZN212 - Umdoni [Scottburgh],2638.0,1868.0,2,70.81122062168309,2011
52102017,KZN212 - Umdoni,3379.0,1818.0,2,53.802900266351,2016
52102017,KZN212 - uMdoni,3394.0,1577.0,2,46.46434885091338,2021
52102018,KZ211 - Vulamehlo [Dududu],2138.0,997.0,4,46.63236669784845,2000
52102018,KZ212 - KZ212 [Scottburgh],2634.0,1239.0,2,47.03872437357631,2000
52102018,KZ211 - Vulamehlo [Dududu],2223.0,1310.0,4,58.92937471884841,2006
52102018,KZ212 - Umdoni [Scottburgh],2917.0,1689.0,2,57.90195406239287,2006
52102018,KZN211 - Vulamehlo [Dududu],1330.0,814.0,4,61.203007518796994,2011
52102018,KZN212 - Umdoni [Scottburgh],1606.0,1164.0,2,72.47820672478207,2011
52102018,KZN212 - Umdoni,3572.0,2263.0,7,63.3538633818589,2016
52102018,KZN212 - uMdoni,3707.0,2155.0,7,58.13326139735635,2021
52102019,KZ211 - Vulamehlo [Dududu],4029.0,1494.0,2,37.081161578555474,2000
52102019,KZ212 - KZ212 [Scottburgh],2343.0,1422.0,1,60.69142125480154,2000
52102019,KZ211 - Vulamehlo [Dududu],1882.0,960.0,4,51.009564293305,2006
52102019,KZ212 - Umdoni [Scottburgh],3249.0,2086.0,1,64.20437057556171,2006
52102019,KZN211 - Vulamehlo [Dududu],1765.0,1092.0,4,61.86968838526912,2011
52102019,KZN212 - Umdoni [Scottburgh],1233.0,840.0,1,68.1265206812652,2011
52102019,KZN212 - Umdoni,3605.0,2138.0,6,59.30651872399445,2016
52102019,KZN212 - uMdoni,3494.0,1561.0,6,44.67658843732112,2021
52103001,KZ213 - Khiphinkunzi [Umzumbe],8690.0,4766.0,5,54.84464902186421,2000
52103001,KZ213 - Umzumbe [Umzumbe],5531.0,2971.0,7,53.71542216597361,2006
52103001,KZN213 - Umzumbe [Umzumbe],3527.0,2143.0,7,60.75985256592005,2011
52103001,KZN213 - Umzumbe,3716.0,2069.0,7,55.67814854682455,2016
52103001,KZN213 - uMzumbe,3694.0,2024.0,7,54.7915538711424,2021
52103002,KZ213 - Khiphinkunzi [Umzumbe],5396.0,2472.0,6,45.8117123795404,2000
52103002,KZ213 - Umzumbe [Umzumbe],6355.0,3547.0,7,55.814319433516914,2006
52103002,KZN213 - Umzumbe [Umzumbe],4336.0,2618.0,7,60.37822878228782,2011
52103002,KZN213 - Umzumbe,4451.0,2166.0,7,48.66322174792182,2016
52103002,KZN213 - uMzumbe,4213.0,1881.0,7,44.64751958224543,2021
52103003,KZ213 - Khiphinkunzi [Umzumbe],8846.0,4498.0,8,50.84784083201447,2000
52103003,KZ213 - Umzumbe [Umzumbe],4993.0,2560.0,8,51.27178049268976,2006
52103003,KZN213 - Umzumbe [Umzumbe],4222.0,2391.0,8,56.63192799621033,2011
52103003,KZN213 - Umzumbe,4389.0,2380.0,8,54.22647527910686,2016
52103003,KZN213 - uMzumbe,4009.0,1819.0,8,45.372910950361685,2021
52103004,KZ213 - Khiphinkunzi [Umzumbe],4292.0,2221.0,6,51.74743709226468,2000
52103004,KZ213 - Umzumbe [Umzumbe],4376.0,2314.0,6,52.87934186471664,2006
52103004,KZN213 - Umzumbe [Umzumbe],3491.0,1987.0,6,56.917788599255225,2011
52103004,KZN213 - Umzumbe,3977.0,2334.0,7,58.68745285390998,2016
52103004,KZN213 - uMzumbe,3962.0,1803.0,7,45.50731953558809,2021
52103005,KZ213 - Khiphinkunzi [Umzumbe],5558.0,3238.0,3,58.25836631881972,2000
52103005,KZ213 - Umzumbe [Umzumbe],5459.0,3682.0,4,67.44825059534713,2006
52103005,KZN213 - Umzumbe [Umzumbe],3305.0,2165.0,4,65.50680786686837,2011
52103005,KZN213 - Umzumbe,3625.0,1787.0,6,49.296551724137935,2016
52103005,KZN213 - uMzumbe,3627.0,1710.0,6,47.14640198511167,2021
52103006,KZ213 - Khiphinkunzi [Umzumbe],5016.0,2541.0,7,50.6578947368421,2000
52103006,KZ213 - Umzumbe [Umzumbe],4967.0,2548.0,7,51.29857056573385,2006
52103006,KZN213 - Umzumbe [Umzumbe],3555.0,2084.0,7,58.62165963431786,2011
52103006,KZN213 - Umzumbe,3862.0,2221.0,8,57.50906266183324,2016
52103006,KZN213 - uMzumbe,3840.0,1962.0,8,51.09375000000001,2021
52103007,KZ213 - Khiphinkunzi [Umzumbe],4307.0,1718.0,6,39.8885535175296,2000
52103007,KZ213 - Umzumbe [Umzumbe],4598.0,2291.0,6,49.8260113092649,2006
52103007,KZN213 - Umzumbe [Umzumbe],3295.0,1876.0,6,56.93474962063733,2011
52103007,KZN213 - Umzumbe,3325.0,1957.0,7,58.85714285714285,2016
52103007,KZN213 - uMzumbe,3301.0,1656.0,7,50.166616176916094,2021
52103008,KZ213 - Khiphinkunzi [Umzumbe],6666.0,3867.0,5,58.01080108010801,2000
52103008,KZ213 - Umzumbe [Umzumbe],4804.0,2735.0,6,56.93172356369692,2006
52103008,KZN213 - Umzumbe [Umzumbe],4160.0,2506.0,6,60.24038461538461,2011
52103008,KZN213 - Umzumbe,4577.0,2681.0,6,58.57548612628359,2016
52103008,KZN213 - uMzumbe,4341.0,2290.0,6,52.75282193043077,2021
52103009,KZ213 - Khiphinkunzi [Umzumbe],6467.0,2581.0,7,39.91031390134529,2000
52103009,KZ213 - Umzumbe [Umzumbe],5563.0,2526.0,7,45.40715441308647,2006
52103009,KZN213 - Umzumbe [Umzumbe],4285.0,2341.0,7,54.63243873978997,2011
52103009,KZN213 - Umzumbe,4560.0,2293.0,7,50.28508771929825,2016
52103009,KZN213 - uMzumbe,4220.0,1644.0,7,38.95734597156398,2021
52103010,KZ213 - Khiphinkunzi [Umzumbe],5982.0,2589.0,2,43.27983951855567,2000
52103010,KZ213 - Umzumbe [Umzumbe],3472.0,517.0,2,14.890552995391705,2006
52103010,KZN213 - Umzumbe [Umzumbe],3863.0,1963.0,2,50.81542842350505,2011
52103010,KZN213 - Umzumbe,3911.0,2064.0,2,52.77422654052671,2016
52103010,KZN213 - uMzumbe,3906.0,1650.0,2,42.24270353302612,2021
52103011,KZ213 - Khiphinkunzi [Umzumbe],3917.0,1861.0,2,47.51085014041358,2000
52103011,KZ213 - Umzumbe [Umzumbe],2650.0,1300.0,4,49.0566037735849,2006
52103011,KZN213 - Umzumbe [Umzumbe],2405.0,1485.0,4,61.74636174636174,2011
52103011,KZN213 - Umzumbe,3617.0,2247.0,5,62.123306607685926,2016
52103011,KZN213 - uMzumbe,3602.0,1843.0,5,51.16601887840089,2021
52103012,KZ213 - Khiphinkunzi [Umzumbe],5242.0,2873.0,5,54.80732544830218,2000
52103012,KZ213 - Umzumbe [Umzumbe],5282.0,2670.0,6,50.54903445664522,2006
52103012,KZN213 - Umzumbe [Umzumbe],3126.0,1876.0,7,60.0127959053103,2011
52103012,KZN213 - Umzumbe,3318.0,1856.0,7,55.93731163351416,2016
52103012,KZN213 - uMzumbe,3224.0,1828.0,7,56.69975186104218,2021
52103013,KZ213 - Khiphinkunzi [Umzumbe],8811.0,4242.0,6,48.14436499829758,2000
52103013,KZ213 - Umzumbe [Umzumbe],4730.0,2384.0,6,50.40169133192389,2006
52103013,KZN213 - Umzumbe [Umzumbe],3616.0,2190.0,6,60.5641592920354,2011
52103013,KZN213 - Umzumbe,3761.0,2041.0,6,54.267482052645576,2016
52103013,KZN213 - uMzumbe,3478.0,1717.0,6,49.36745255894192,2021
52103014,KZ213 - Khiphinkunzi [Umzumbe],6079.0,3234.0,6,53.19953939792729,2000
52103014,KZ213 - Umzumbe [Umzumbe],4762.0,2738.0,6,57.49685006299874,2006
52103014,KZN213 - Umzumbe [Umzumbe],3458.0,2124.0,6,61.42278773857721,2011
52103014,KZN213 - Umzumbe,3726.0,2131.0,6,57.19269994632313,2016
52103014,KZN213 - uMzumbe,3722.0,2180.0,6,58.57066093498119,2021
52103015,KZ213 - Khiphinkunzi [Umzumbe],5546.0,2394.0,5,43.166245943022,2000
52103015,KZ213 - Umzumbe [Umzumbe],4290.0,2193.0,5,51.11888111888112,2006
52103015,KZN213 - Umzumbe [Umzumbe],3867.0,2293.0,5,59.29661236100336,2011
52103015,KZN213 - Umzumbe,4565.0,2499.0,6,54.74260679079956,2016
52103015,KZN213 - uMzumbe,4509.0,2042.0,6,45.28720337103571,2021
52103016,KZ213 - Khiphinkunzi [Umzumbe],8050.0,4133.0,7,51.3416149068323,2000
52103016,KZ213 - Umzumbe [Umzumbe],6325.0,3278.0,8,51.82608695652174,2006
52103016,KZN213 - Umzumbe [Umzumbe],3861.0,2313.0,8,59.90675990675991,2011
52103016,KZN213 - Umzumbe,4108.0,2349.0,8,57.18111002921129,2016
52103016,KZN213 - uMzumbe,3938.0,2036.0,8,51.701371254443885,2021
52103017,KZ213 - Khiphinkunzi [Umzumbe],6931.0,3420.0,2,49.34352907228394,2000
52103017,KZ213 - Umzumbe [Umzumbe],3865.0,1037.0,2,26.83053040103493,2006
52103017,KZN213 - Umzumbe [Umzumbe],2862.0,1692.0,2,59.11949685534591,2011
52103017,KZN213 - Umzumbe,3486.0,1945.0,3,55.79460699942628,2016
52103017,KZN213 - uMzumbe,3539.0,2073.0,3,58.57586888951681,2021
52103018,KZ213 - Khiphinkunzi [Umzumbe],961.0,515.0,1,53.59001040582726,2000
52103018,KZ213 - Umzumbe [Umzumbe],1363.0,648.0,2,47.54218635363169,2006
52103018,KZN213 - Umzumbe [Umzumbe],2706.0,1783.0,4,65.89061345158906,2011
52103018,KZN213 - Umzumbe,3784.0,2283.0,4,60.33298097251586,2016
52103018,KZN213 - uMzumbe,3849.0,2164.0,4,56.22239542738373,2021
52103019,KZ213 - Khiphinkunzi [Umzumbe],3750.0,1429.0,3,38.10666666666667,2000
52103019,KZ213 - Umzumbe [Umzumbe],5691.0,2997.0,3,52.66209804955192,2006
52103019,KZN213 - Umzumbe [Umzumbe],3449.0,2188.0,3,63.4386778776457,2011
52103019,KZN213 - Umzumbe,3834.0,2192.0,3,57.172665623369845,2016
52103019,KZN213 - uMzumbe,3759.0,1917.0,3,50.997605746209096,2021
52103020,KZ213 - Khiphinkunzi [Umzumbe],2446.0,1382.0,2,56.50040883074408,2000
52103020,KZ213 - Umzumbe [Umzumbe],4628.0,2848.0,3,61.53846153846154,2006
52103020,KZN213 - Umzumbe [Umzumbe],2437.0,1557.0,3,63.89002872384079,2011
52103020,KZN213 - Umzumbe,3635.0,2176.0,5,59.86244841815681,2016
52103020,KZN213 - uMzumbe,3973.0,2177.0,5,54.7948653410521,2021
52104001,KZ214 - uMuziwabantu [Harding],6387.0,4106.0,6,64.2868326287772,2000
52104001,KZ214 - UMuziwabantu [Harding],5831.0,3817.0,6,65.46046990224661,2006
52104001,KZN214 - UMuziwabantu [Harding],4138.0,2922.0,6,70.61382310294829,2011
52104001,KZN214 - UMuziwabantu,4884.0,2569.0,7,52.6003276003276,2016
52104001,KZN214 - uMuziwabantu,4742.0,2652.0,7,55.9257697174188,2021
52104002,KZ214 - uMuziwabantu [Harding],6301.0,2502.0,9,39.70798285986351,2000
52104002,KZ214 - UMuziwabantu [Harding],4670.0,2516.0,9,53.87580299785867,2006
52104002,KZN214 - UMuziwabantu [Harding],3344.0,2061.0,9,61.63277511961722,2011
52104002,KZN214 - UMuziwabantu,4128.0,2585.0,9,62.62112403100775,2016
52104002,KZN214 - uMuziwabantu,3883.0,2020.0,9,52.02163275817667,2021
52104003,KZ214 - uMuziwabantu [Harding],3749.0,506.0,3,13.496932515337424,2000
52104003,KZ214 - UMuziwabantu [Harding],6110.0,1284.0,3,21.01472995090016,2006
52104003,KZN214 - UMuziwabantu [Harding],4320.0,1831.0,3,42.38425925925926,2011
52104003,KZN214 - UMuziwabantu,4346.0,2027.0,4,46.64058904739991,2016
52104003,KZN214 - uMuziwabantu,4151.0,1577.0,4,37.99084557937847,2021
52104004,KZ214 - uMuziwabantu [Harding],3268.0,1670.0,4,51.1015911872705,2000
52104004,KZ214 - UMuziwabantu [Harding],3829.0,2137.0,4,55.8109166884304,2006
52104004,KZN214 - UMuziwabantu [Harding],3237.0,2133.0,4,65.89434661723818,2011
52104004,KZN214 - UMuziwabantu,3911.0,2500.0,4,63.92227051904884,2016
52104004,KZN214 - uMuziwabantu,3743.0,2017.0,4,53.88725621159498,2021
52104005,KZ214 - uMuziwabantu [Harding],6549.0,2587.0,2,39.50221407848527,2000
52104005,KZ214 - UMuziwabantu [Harding],5321.0,2659.0,3,49.97180981018606,2006
52104005,KZN214 - UMuziwabantu [Harding],4031.0,2545.0,5,63.13569833788142,2011
52104005,KZN214 - UMuziwabantu,4801.0,2754.0,6,57.36304936471568,2016
52104005,KZN214 - uMuziwabantu,4613.0,2423.0,6,52.52547149360503,2021
52104006,KZ214 - uMuziwabantu [Harding],2031.0,1299.0,3,63.95864106351551,2000
52104006,KZ214 - UMuziwabantu [Harding],4512.0,2780.0,3,61.61347517730496,2006
52104006,KZN214 - UMuziwabantu [Harding],3271.0,2183.0,3,66.73800061143382,2011
52104006,KZN214 - UMuziwabantu,4086.0,2615.0,3,63.9990210474792,2016
52104006,KZN214 - uMuziwabantu,3958.0,2257.0,3,57.02374936836786,2021
52104007,KZ214 - uMuziwabantu [Harding],2257.0,1265.0,3,56.04785112981834,2000
52104007,KZ214 - UMuziwabantu [Harding],3697.0,1398.0,3,37.81444414390046,2006
52104007,KZN214 - UMuziwabantu [Harding],3109.0,2125.0,3,68.34995175297523,2011
52104007,KZN214 - UMuziwabantu,4096.0,2674.0,5,65.283203125,2016
52104007,KZN214 - uMuziwabantu,4013.0,2212.0,6,55.12085721405432,2021
52104008,KZ214 - uMuziwabantu [Harding],4161.0,2252.0,3,54.12160538332132,2000
52104008,KZ214 - UMuziwabantu [Harding],2819.0,641.0,3,22.73855977296914,2006
52104008,KZN214 - UMuziwabantu [Harding],3132.0,2095.0,3,66.89016602809707,2011
52104008,KZN214 - UMuziwabantu,3586.0,2253.0,3,62.8276631344116,2016
52104008,KZN214 - uMuziwabantu,3730.0,1911.0,4,51.23324396782842,2021
52104009,KZ214 - uMuziwabantu [Harding],3765.0,2305.0,6,61.22177954847277,2000
52104009,KZ214 - UMuziwabantu [Harding],9718.0,5920.0,6,60.91788433834122,2006
52104009,KZN214 - UMuziwabantu [Harding],4295.0,2862.0,6,66.63562281722933,2011
52104009,KZN214 - UMuziwabantu,5361.0,3577.0,6,66.72262637567617,2016
52104009,KZN214 - uMuziwabantu,5082.0,2870.0,6,56.473829201101935,2021
52104010,KZ214 - uMuziwabantu [Harding],5134.0,2719.0,5,52.96065446045968,2000
52104010,KZ214 - UMuziwabantu [Harding],5902.0,3285.0,5,55.659098610640456,2006
52104010,KZN214 - UMuziwabantu [Harding],3200.0,2073.0,7,64.78125,2011
52104010,KZN214 - UMuziwabantu,3696.0,2372.0,7,64.17748917748918,2016
52104010,KZN214 - uMuziwabantu,3674.0,2138.0,7,58.192705498094725,2021
52104011,KZ214 - uMuziwabantu [Harding],207.0,207.0,1,100.0,2000
52104011,KZ214 - UMuziwabantu [Harding],1743.0,1105.0,1,63.396442914515205,2006
52104011,KZN214 - UMuziwabantu [Harding],1742.0,1330.0,2,76.34902411021814,2011
52104011,KZN214 - UMuziwabantu,3124.0,1992.0,2,63.76440460947504,2016
52104011,KZN214 - uMuziwabantu,3489.0,1837.0,2,52.651189452565205,2021
52106001,KZ216 - Hibiscus Coast [Port Shepstone],4182.0,1909.0,4,45.64801530368245,2000
52106001,KZ216 - Hibiscus Coast [Port Shepstone],8320.0,3948.0,4,47.45192307692307,2006
52106001,KZN216 - Hibiscus Coast [Port Shepstone],4743.0,2895.0,5,61.03731815306767,2011
52106001,KZN216 - Hibiscus Coast,5626.0,3324.0,5,59.08282971916103,2016
52106001,KZN216 - Ray Nkonyeni,5843.0,2691.0,5,46.05510867704946,2021
52106002,KZ216 - Hibiscus Coast [Port Shepstone],3516.0,265.0,2,7.536973833902162,2000
52106002,KZ216 - Hibiscus Coast [Port Shepstone],3390.0,206.0,2,6.07669616519174,2006
52106002,KZN216 - Hibiscus Coast [Port Shepstone],3649.0,1902.0,2,52.12386955330227,2011
52106002,KZN216 - Hibiscus Coast,4242.0,2488.0,3,58.651579443658655,2016
52106002,KZN216 - Ray Nkonyeni,4616.0,2449.0,3,53.05459272097054,2021
52106003,KZ216 - Hibiscus Coast [Port Shepstone],2584.0,1151.0,2,44.54334365325077,2000
52106003,KZ216 - Hibiscus Coast [Port Shepstone],7628.0,3365.0,3,44.1137912952281,2006
52106003,KZN216 - Hibiscus Coast [Port Shepstone],3765.0,1960.0,3,52.05843293492696,2011
52106003,KZN216 - Hibiscus Coast,4710.0,2734.0,3,58.04670912951168,2016
52106003,KZN216 - Ray Nkonyeni,4903.0,2278.0,3,46.46135019375892,2021
52106004,KZ216 - Hibiscus Coast [Port Shepstone],7535.0,4157.0,4,55.1692103516921,2000
52106004,KZ216 - Hibiscus Coast [Port Shepstone],8341.0,4456.0,4,53.42285097710106,2006
52106004,KZN216 - Hibiscus Coast [Port Shepstone],4787.0,3065.0,4,64.02757468142887,2011
52106004,KZN216 - Hibiscus Coast,5287.0,3043.0,4,57.556270096463024,2016
52106004,KZN216 - Ray Nkonyeni,4985.0,2130.0,4,42.72818455366098,2021
52106005,KZ216 - Hibiscus Coast [Port Shepstone],11370.0,4405.0,2,38.74230430958664,2000
52106005,KZ216 - Hibiscus Coast [Port Shepstone],6237.0,1867.0,2,29.9342632675966,2006
52106005,KZN216 - Hibiscus Coast [Port Shepstone],5431.0,3351.0,2,61.70134413551832,2011
52106005,KZN216 - Hibiscus Coast,5159.0,2914.0,3,56.48381469276992,2016
52106005,KZN216 - Ray Nkonyeni,4937.0,2084.0,3,42.211869556410775,2021
52106006,KZ216 - Hibiscus Coast [Port Shepstone],3288.0,0.0,1,0.0,2000
52106006,KZ216 - Hibiscus Coast [Port Shepstone],3884.0,0.0,1,0.0,2006
52106006,KZN216 - Hibiscus Coast [Port Shepstone],4725.0,2457.0,2,52.0,2011
52106006,KZN216 - Hibiscus Coast,5219.0,2914.0,2,55.83445104426136,2016
52106006,KZN216 - Ray Nkonyeni,4911.0,2100.0,2,42.76114844227245,2021
52106007,KZ216 - Hibiscus Coast [Port Shepstone],10905.0,6311.0,3,57.87253553415864,2000
52106007,KZ216 - Hibiscus Coast [Port Shepstone],8002.0,3893.0,4,48.65033741564609,2006
52106007,KZN216 - Hibiscus Coast [Port Shepstone],4566.0,3515.0,4,76.982041173894,2011
52106007,KZN216 - Hibiscus Coast,5178.0,3624.0,4,69.98841251448435,2016
52106007,KZN216 - Ray Nkonyeni,5058.0,2714.0,4,53.65757216291024,2021
52106008,KZ216 - Hibiscus Coast [Port Shepstone],4111.0,1822.0,5,44.32011675991243,2000
52106008,KZ216 - Hibiscus Coast [Port Shepstone],8306.0,5292.0,6,63.712978569708646,2006
52106008,KZN216 - Hibiscus Coast [Port Shepstone],5297.0,3741.0,6,70.62488200868417,2011
52106008,KZN216 - Hibiscus Coast,5696.0,3703.0,6,65.01053370786516,2016
52106008,KZN216 - Ray Nkonyeni,5497.0,2552.0,6,46.425322903401856,2021
52106009,KZ216 - Hibiscus Coast [Port Shepstone],3069.0,1560.0,3,50.83088954056696,2000
52106009,KZ216 - Hibiscus Coast [Port Shepstone],5119.0,1769.0,3,34.557530767728075,2006
52106009,KZN216 - Hibiscus Coast [Port Shepstone],3975.0,2753.0,3,69.25786163522012,2011
52106009,KZN216 - Hibiscus Coast,4489.0,2951.0,3,65.73847182000445,2016
52106009,KZN216 - Ray Nkonyeni,4514.0,2431.0,3,53.85467434647763,2021
52106010,KZ216 - Hibiscus Coast [Port Shepstone],3714.0,1390.0,4,37.42595584275713,2000
52106010,KZ216 - Hibiscus Coast [Port Shepstone],6257.0,3388.0,4,54.14735496244207,2006
52106010,KZN216 - Hibiscus Coast [Port Shepstone],4404.0,3000.0,4,68.11989100817438,2011
52106010,KZN216 - Hibiscus Coast,4767.0,2819.0,4,59.135724774491294,2016
52106010,KZN216 - Ray Nkonyeni,4772.0,2211.0,4,46.33277451802179,2021
52106011,KZ216 - Hibiscus Coast [Port Shepstone],5947.0,3393.0,4,57.0539767950227,2000
52106011,KZ216 - Hibiscus Coast [Port Shepstone],7984.0,4483.0,5,56.1497995991984,2006
52106011,KZN216 - Hibiscus Coast [Port Shepstone],4413.0,2829.0,5,64.10605030591434,2011
52106011,KZN216 - Hibiscus Coast,4742.0,2787.0,5,58.77266975959511,2016
52106011,KZN216 - Ray Nkonyeni,4902.0,2345.0,5,47.837617299061606,2021
52106012,KZ216 - Hibiscus Coast [Port Shepstone],2973.0,1337.0,2,44.97140935082408,2000
52106012,KZ216 - Hibiscus Coast [Port Shepstone],8892.0,4230.0,2,47.57085020242915,2006
52106012,KZN216 - Hibiscus Coast [Port Shepstone],4249.0,2492.0,2,58.6490939044481,2011
52106012,KZN216 - Hibiscus Coast,4672.0,2761.0,2,59.09674657534247,2016
52106012,KZN216 - Ray Nkonyeni,4231.0,2014.0,2,47.60103994327582,2021
52106013,KZ216 - Hibiscus Coast [Port Shepstone],3867.0,428.0,3,11.068011378329452,2000
52106013,KZ216 - Hibiscus Coast [Port Shepstone],3805.0,1674.0,4,43.99474375821288,2006
52106013,KZN216 - Hibiscus Coast [Port Shepstone],4056.0,2333.0,6,57.51972386587772,2011
52106013,KZN216 - Hibiscus Coast,4390.0,2531.0,6,57.65375854214123,2016
52106013,KZN216 - Ray Nkonyeni,4162.0,2054.0,6,49.35127342623738,2021
52106014,KZ216 - Hibiscus Coast [Port Shepstone],5328.0,3523.0,3,66.12237237237237,2000
52106014,KZ216 - Hibiscus Coast [Port Shepstone],4888.0,1575.0,3,32.221767594108016,2006
52106014,KZN216 - Hibiscus Coast [Port Shepstone],4260.0,2990.0,4,70.18779342723005,2011
52106014,KZN216 - Hibiscus Coast,4953.0,3008.0,4,60.73087017968908,2016
52106014,KZN216 - Ray Nkonyeni,4885.0,2325.0,4,47.59467758444217,2021
52106015,KZ216 - Hibiscus Coast [Port Shepstone],4776.0,2906.0,4,60.845896147403685,2000
52106015,KZ216 - Hibiscus Coast [Port Shepstone],4434.0,2788.0,6,62.877762742444745,2006
52106015,KZN216 - Hibiscus Coast [Port Shepstone],4007.0,2842.0,7,70.9258797105066,2011
52106015,KZN216 - Hibiscus Coast,4566.0,2894.0,7,63.38151554971528,2016
52106015,KZN216 - Ray Nkonyeni,4655.0,2877.0,7,61.80451127819549,2021
52106016,KZ216 - Hibiscus Coast [Port Shepstone],3521.0,199.0,2,5.651803464924737,2000
52106016,KZ216 - Hibiscus Coast [Port Shepstone],3337.0,283.0,2,8.480671261612226,2006
52106016,KZN216 - Hibiscus Coast [Port Shepstone],4062.0,2423.0,2,59.65041851304777,2011
52106016,KZN216 - Hibiscus Coast,4649.0,2899.0,3,62.35749623574962,2016
52106016,KZN216 - Ray Nkonyeni,5137.0,2685.0,3,52.26786061903835,2021
52106017,KZ216 - Hibiscus Coast [Port Shepstone],3415.0,0.0,1,0.0,2000
52106017,KZ216 - Hibiscus Coast [Port Shepstone],3541.0,273.0,2,7.709686529229032,2006
52106017,KZN216 - Hibiscus Coast [Port Shepstone],3760.0,2041.0,2,54.28191489361702,2011
52106017,KZN216 - Hibiscus Coast,5126.0,3060.0,5,59.695669137729226,2016
52106017,KZN216 - Ray Nkonyeni,5193.0,2351.0,5,45.27248218756018,2021
52106018,KZ216 - Hibiscus Coast [Port Shepstone],3239.0,0.0,1,0.0,2000
52106018,KZ216 - Hibiscus Coast [Port Shepstone],3581.0,165.0,2,4.607651493996091,2006
52106018,KZN216 - Hibiscus Coast [Port Shepstone],4029.0,2087.0,2,51.79945395879872,2011
52106018,KZN216 - Hibiscus Coast,4364.0,2307.0,2,52.86434463794684,2016
52106018,KZN216 - Ray Nkonyeni,4150.0,1721.0,2,41.46987951807229,2021
52106019,KZ216 - Hibiscus Coast [Port Shepstone],2903.0,0.0,1,0.0,2000
52106019,KZ216 - Hibiscus Coast [Port Shepstone],2932.0,0.0,1,0.0,2006
52106019,KZN216 - Hibiscus Coast [Port Shepstone],3535.0,2071.0,1,58.58557284299859,2011
52106019,KZN216 - Hibiscus Coast,4326.0,2809.0,1,64.93296347665279,2016
52106019,KZN216 - Ray Nkonyeni,4646.0,2510.0,1,54.02496771416272,2021
52106020,KZ216 - Hibiscus Coast [Port Shepstone],2035.0,1057.0,2,51.941031941031945,2000
52106020,KZ216 - Hibiscus Coast [Port Shepstone],2472.0,1403.0,3,56.75566343042071,2006
52106020,KZN216 - Hibiscus Coast [Port Shepstone],3730.0,2451.0,3,65.71045576407506,2011
52106020,KZN216 - Hibiscus Coast,4946.0,2463.0,5,49.79781641730692,2016
52106020,KZN216 - Ray Nkonyeni,5642.0,2579.0,5,45.7107408720312,2021
52106021,KZ216 - Hibiscus Coast [Port Shepstone],4394.0,1636.0,2,37.23258989531179,2000
52106021,KZ216 - Hibiscus Coast [Port Shepstone],5433.0,2207.0,4,40.6221240566906,2006
52106021,KZN216 - Hibiscus Coast [Port Shepstone],3953.0,2576.0,4,65.16569693903365,2011
52106021,KZN216 - Hibiscus Coast,4606.0,2770.0,5,60.138949196699954,2016
52106021,KZN216 - Ray Nkonyeni,4632.0,1972.0,5,42.573402417962,2021
52106022,KZ216 - Hibiscus Coast [Port Shepstone],4310.0,1988.0,4,46.125290023201856,2000
52106022,KZ216 - Hibiscus Coast [Port Shepstone],4852.0,2710.0,5,55.85325638911789,2006
52106022,KZN216 - Hibiscus Coast [Port Shepstone],4535.0,2969.0,5,65.46857772877618,2011
52106022,KZN216 - Hibiscus Coast,4830.0,2810.0,6,58.17805383022774,2016
52106022,KZN216 - Ray Nkonyeni,4873.0,2104.0,6,43.176687871947465,2021
52106023,KZ216 - Hibiscus Coast [Port Shepstone],6960.0,3018.0,2,43.36206896551724,2000
52106023,KZ216 - Hibiscus Coast [Port Shepstone],6914.0,3650.0,3,52.791437662713335,2006
52106023,KZN216 - Hibiscus Coast [Port Shepstone],5132.0,2892.0,3,56.35229929851909,2011
52106023,KZN216 - Hibiscus Coast,5474.0,2565.0,5,46.8578735842163,2016
52106023,KZN216 - Ray Nkonyeni,5306.0,1955.0,5,36.8450810403317,2021
52106024,KZ216 - Hibiscus Coast [Port Shepstone],9686.0,5098.0,5,52.63266570307661,2000
52106024,KZ216 - Hibiscus Coast [Port Shepstone],5114.0,2992.0,6,58.50606179116152,2006
52106024,KZN216 - Hibiscus Coast [Port Shepstone],4899.0,3325.0,6,67.87099408042458,2011
52106024,KZN216 - Hibiscus Coast,5417.0,3268.0,6,60.328595163374565,2016
52106024,KZN216 - Ray Nkonyeni,5282.0,2218.0,6,41.99166982203711,2021
52106025,KZ216 - Hibiscus Coast [Port Shepstone],5110.0,2211.0,4,43.268101761252446,2000
52106025,KZ216 - Hibiscus Coast [Port Shepstone],6367.0,3680.0,4,57.79802104601853,2006
52106025,KZN216 - Hibiscus Coast [Port Shepstone],3846.0,2688.0,4,69.89079563182527,2011
52106025,KZN216 - Hibiscus Coast,4855.0,3127.0,5,64.40782698249228,2016
52106025,KZN216 - Ray Nkonyeni,4924.0,2395.0,5,48.63931762794476,2021
52106026,KZ216 - Hibiscus Coast [Port Shepstone],2166.0,948.0,1,43.76731301939058,2000
52106026,KZ216 - Hibiscus Coast [Port Shepstone],2340.0,1210.0,1,51.70940170940172,2006
52106026,KZN216 - Hibiscus Coast [Port Shepstone],1602.0,1094.0,1,68.2896379525593,2011
52106026,KZN216 - Hibiscus Coast,3373.0,2261.0,2,67.03231544619034,2016
52106026,KZN216 - Ray Nkonyeni,3465.0,1596.0,2,46.06060606060606,2021
52106027,KZ216 - Hibiscus Coast [Port Shepstone],2759.0,294.0,2,10.656034795215657,2000
52106027,KZ216 - Hibiscus Coast [Port Shepstone],3541.0,576.0,2,16.266591358373343,2006
52106027,KZN216 - Hibiscus Coast [Port Shepstone],4477.0,2934.0,2,65.53495644404735,2011
52106027,KZN216 - Hibiscus Coast,4905.0,2573.0,2,52.45667686034658,2016
52106027,KZN216 - Ray Nkonyeni,5103.0,1777.0,2,34.82265334117186,2021
52106028,KZ216 - Hibiscus Coast [Port Shepstone],1799.0,961.0,1,53.41856586992774,2000
52106028,KZ216 - Hibiscus Coast [Port Shepstone],1927.0,0.0,1,0.0,2006
52106028,KZN216 - Hibiscus Coast [Port Shepstone],2584.0,1735.0,1,67.1439628482972,2011
52106028,KZN216 - Hibiscus Coast,3911.0,2495.0,4,63.794425978010736,2016
52106028,KZN216 - Ray Nkonyeni,4277.0,1976.0,4,46.20060790273556,2021
52106029,KZ216 - Hibiscus Coast [Port Shepstone],5053.0,2278.0,5,45.08212942806254,2000
52106029,KZ216 - Hibiscus Coast [Port Shepstone],9254.0,5675.0,6,61.32483250486276,2006
52106029,KZN216 - Hibiscus Coast [Port Shepstone],4511.0,3057.0,6,67.7676790068721,2011
52106029,KZN216 - Hibiscus Coast,5133.0,2938.0,6,57.23748295343854,2016
52106029,KZN216 - Ray Nkonyeni,4934.0,2276.0,6,46.12890149979732,2021
52106030,KZ215 - Izingolweni [Izingolweni],3729.0,2264.0,4,60.713327969965135,2000
52106030,KZ215 - Ezinqoleni [Izinqolweni],3889.0,2406.0,5,61.86680380560555,2006
52106030,KZN215 - Ezinqoleni [Izinqolweni],3416.0,2355.0,6,68.94028103044496,2011
52106030,KZN216 - Hibiscus Coast,4169.0,2698.0,7,64.71575917486207,2016
52106030,KZN216 - Ray Nkonyeni,4150.0,2295.0,8,55.3012048192771,2021
52106031,KZ215 - Izingolweni [Izingolweni],7932.0,3614.0,4,45.56227937468482,2000
52106031,KZ215 - Ezinqoleni [Izinqolweni],6166.0,3481.0,4,56.45475186506649,2006
52106031,KZN215 - Ezinqoleni [Izinqolweni],3873.0,2542.0,4,65.63387554867029,2011
52106031,KZN216 - Hibiscus Coast,4647.0,2859.0,4,61.523563589412525,2016
52106031,KZN216 - Ray Nkonyeni,4528.0,2114.0,4,46.68727915194346,2021
52106032,KZ215 - Izingolweni [Izingolweni],1002.0,331.0,1,33.03393213572854,2000
52106032,KZ216 - Hibiscus Coast [Port Shepstone],3807.0,1236.0,5,32.46650906225375,2000
52106032,KZ215 - Ezinqoleni [Izinqolweni],797.0,268.0,1,33.626097867001256,2006
52106032,KZ216 - Hibiscus Coast [Port Shepstone],5121.0,2696.0,5,52.645967584456166,2006
52106032,KZN215 - Ezinqoleni [Izinqolweni],626.0,244.0,1,38.977635782747605,2011
52106032,KZN216 - Hibiscus Coast [Port Shepstone],3305.0,2056.0,5,62.20877458396369,2011
52106032,KZN216 - Hibiscus Coast,4598.0,2703.0,6,58.78642888212266,2016
52106032,KZN216 - Ray Nkonyeni,4592.0,2051.0,6,44.66463414634146,2021
52106033,KZ215 - Izingolweni [Izingolweni],478.0,392.0,1,82.00836820083683,2000
52106033,KZ215 - Ezinqoleni [Izinqolweni],3929.0,2291.0,5,58.310002545176886,2006
52106033,KZN215 - Ezinqoleni [Izinqolweni],3524.0,2384.0,5,67.65039727582293,2011
52106033,KZN216 - Hibiscus Coast,4198.0,2604.0,5,62.029537875178654,2016
52106033,KZN216 - Ray Nkonyeni,4034.0,1964.0,5,48.686167575607335,2021
52106034,KZ215 - Izingolweni [Izingolweni],5277.0,3012.0,8,57.07788516202388,2000
52106034,KZ215 - Ezinqoleni [Izinqolweni],7708.0,4005.0,8,51.95900363258952,2006
52106034,KZN215 - Ezinqoleni [Izinqolweni],3910.0,2316.0,8,59.23273657289002,2011
52106034,KZN216 - Hibiscus Coast,4364.0,2633.0,8,60.33455545371219,2016
52106034,KZN216 - Ray Nkonyeni,4414.0,2055.0,8,46.55641141821477,2021
52106035,KZ215 - Izingolweni [Izingolweni],4494.0,1992.0,4,44.32576769025367,2000
52106035,KZ215 - Ezinqoleni [Izinqolweni],6682.0,3978.0,4,59.53307392996109,2006
52106035,KZN215 - Ezinqoleni [Izinqolweni],3799.0,2311.0,4,60.83179784153725,2011
52106035,KZN216 - Hibiscus Coast,4546.0,2695.0,6,59.28288605367356,2016
52106035,KZN216 - Ray Nkonyeni,4382.0,1926.0,6,43.95253308991328,2021
52106036,KZ215 - Izingolweni [Izingolweni],6477.0,3228.0,6,49.83788791106994,2000
52106036,KZ215 - Ezinqoleni [Izinqolweni],7121.0,4155.0,6,58.3485465524505,2006
52106036,KZN215 - Ezinqoleni [Izinqolweni],4195.0,2643.0,6,63.00357568533968,2011
52106036,KZN216 - Hibiscus Coast,4716.0,2775.0,7,58.84223918575064,2016
52106036,KZN216 - Ray Nkonyeni,4411.0,2181.0,7,49.444570392201314,2021
52201001,KZ221 - KZ221 [Wartburg],3070.0,377.0,3,12.28013029315961,2000
52201001,KZ222 - KZ222 [Howick],1200.0,435.0,1,36.25,2000
52201001,KZ221 - uMshwathi [Wartburg],8235.0,4122.0,4,50.05464480874316,2006
52201001,KZ222 - uMngeni [Howick],298.0,103.0,1,34.56375838926174,2006
52201001,KZN221 - uMshwathi [Wartburg],3224.0,2176.0,4,67.4937965260546,2011
52201001,KZN222 - uMngeni [Howick],309.0,186.0,1,60.19417475728155,2011
52201001,KZN221 - uMshwathi,4463.0,3243.0,7,72.66412726865337,2016
52201001,KZN221 - uMshwathi,4729.0,2676.0,7,56.58701628251216,2021
52201002,KZ221 - KZ221 [Wartburg],5094.0,2930.0,3,57.51864939144091,2000
52201002,KZ221 - uMshwathi [Wartburg],7666.0,3950.0,3,51.52621967127576,2006
52201002,KZN221 - uMshwathi [Wartburg],3885.0,2454.0,3,63.166023166023166,2011
52201002,KZN221 - uMshwathi,4139.0,2696.0,3,65.13650640251268,2016
52201002,KZN221 - uMshwathi,3956.0,2033.0,3,51.390293225480285,2021
52201003,KZ221 - KZ221 [Wartburg],4073.0,1757.0,3,43.13773631230052,2000
52201003,KZ221 - uMshwathi [Wartburg],4904.0,2449.0,4,49.93882544861338,2006
52201003,KZN221 - uMshwathi [Wartburg],3563.0,2240.0,4,62.86836935166994,2011
52201003,KZN221 - uMshwathi,4848.0,3204.0,4,66.0891089108911,2016
52201003,KZN221 - uMshwathi,5085.0,2803.0,5,55.12291052114061,2021
52201004,KZ221 - KZ221 [Wartburg],3818.0,1725.0,5,45.18072289156627,2000
52201004,KZ221 - uMshwathi [Wartburg],4863.0,2638.0,5,54.24634998971828,2006
52201004,KZN221 - uMshwathi [Wartburg],3153.0,2003.0,5,63.526799873136696,2011
52201004,KZN221 - uMshwathi,3796.0,2381.0,6,62.72391991570073,2016
52201004,KZN221 - uMshwathi,4138.0,1847.0,6,44.63508941517642,2021
52201005,KZ221 - KZ221 [Wartburg],5441.0,3058.0,3,56.20290387796361,2000
52201005,KZ221 - uMshwathi [Wartburg],4283.0,2536.0,3,59.21083352790101,2006
52201005,KZN221 - uMshwathi [Wartburg],2990.0,1950.0,3,65.21739130434783,2011
52201005,KZN221 - uMshwathi,3615.0,2261.0,4,62.54495159059474,2016
52201005,KZN221 - uMshwathi,3657.0,1864.0,4,50.97074104457205,2021
52201006,KZ221 - KZ221 [Wartburg],4184.0,1962.0,5,46.892925430210326,2000
52201006,KZ221 - uMshwathi [Wartburg],5096.0,2595.0,5,50.92229199372057,2006
52201006,KZN221 - uMshwathi [Wartburg],3560.0,2575.0,5,72.3314606741573,2011
52201006,KZN221 - uMshwathi,4154.0,2775.0,6,66.80308136735677,2016
52201006,KZN221 - uMshwathi,4157.0,2223.0,6,53.47606446956941,2021
52201007,KZ221 - KZ221 [Wartburg],3528.0,1369.0,3,38.80385487528344,2000
52201007,KZ221 - uMshwathi [Wartburg],4501.0,1690.0,3,37.5472117307265,2006
52201007,KZN221 - uMshwathi [Wartburg],2921.0,1651.0,3,56.52173913043478,2011
52201007,KZN221 - uMshwathi,3724.0,2423.0,3,65.06444683136412,2016
52201007,KZN221 - uMshwathi,3514.0,1985.0,3,56.488332384746734,2021
52201008,KZ221 - KZ221 [Wartburg],3117.0,1389.0,3,44.56207892204042,2000
52201008,KZ221 - uMshwathi [Wartburg],5328.0,2793.0,4,52.42117117117117,2006
52201008,KZN221 - uMshwathi [Wartburg],3777.0,2647.0,4,70.08207572147207,2011
52201008,KZN221 - uMshwathi,4041.0,2701.0,4,66.83989111606039,2016
52201008,KZN221 - uMshwathi,3770.0,1932.0,4,51.24668435013262,2021
52201009,KZ221 - KZ221 [Wartburg],1524.0,816.0,1,53.54330708661418,2000
52201009,KZ221 - uMshwathi [Wartburg],3223.0,858.0,4,26.62116040955632,2006
52201009,KZN221 - uMshwathi [Wartburg],3721.0,2284.0,4,61.38134909970439,2011
52201009,KZN221 - uMshwathi,3960.0,2463.0,4,62.196969696969695,2016
52201009,KZN221 - uMshwathi,4405.0,1836.0,6,41.67990919409761,2021
52201010,KZ221 - KZ221 [Wartburg],3868.0,1855.0,1,47.95760082730093,2000
52201010,KZ221 - uMshwathi [Wartburg],6937.0,3621.0,3,52.19835663831628,2006
52201010,KZN221 - uMshwathi [Wartburg],3852.0,2639.0,3,68.50986500519211,2011
52201010,KZN221 - uMshwathi,4573.0,3066.0,3,67.04570303958015,2016
52201010,KZN221 - uMshwathi,5203.0,3004.0,3,57.73592158370171,2021
52201011,KZ221 - KZ221 [Wartburg],4204.0,2148.0,3,51.09419600380591,2000
52201011,KZ221 - uMshwathi [Wartburg],6606.0,4042.0,3,61.18679987889797,2006
52201011,KZN221 - uMshwathi [Wartburg],3687.0,2586.0,3,70.13832384052074,2011
52201011,KZN221 - uMshwathi,4173.0,2290.0,5,54.87658758686796,2016
52201011,KZN221 - uMshwathi,4176.0,2229.0,5,53.37643678160919,2021
52201012,KZ221 - KZ221 [Wartburg],4795.0,1761.0,3,36.72575599582899,2000
52201012,KZ221 - uMshwathi [Wartburg],6678.0,3234.0,3,48.42767295597484,2006
52201012,KZN221 - uMshwathi [Wartburg],3582.0,2481.0,3,69.26298157453937,2011
52201012,KZN221 - uMshwathi,3877.0,2687.0,5,69.30616456022697,2016
52201012,KZN221 - uMshwathi,3795.0,2041.0,5,53.78129117259552,2021
52201013,KZ221 - KZ221 [Wartburg],5121.0,2225.0,2,43.44854520601445,2000
52201013,KZ221 - uMshwathi [Wartburg],5748.0,2700.0,2,46.972860125260965,2006
52201013,KZN221 - uMshwathi [Wartburg],3755.0,2263.0,2,60.26631158455393,2011
52201013,KZN221 - uMshwathi,3649.0,2398.0,4,65.71663469443683,2016
52201013,KZN221 - uMshwathi,3501.0,1593.0,4,45.501285347043705,2021
52201014,KZ221 - KZ221 [Wartburg],3711.0,1576.0,4,42.46833737537052,2000
52201014,KZ221 - uMshwathi [Wartburg],3085.0,1502.0,4,48.68719611021069,2006
52201014,KZN221 - uMshwathi [Wartburg],3137.0,1973.0,4,62.89448517692063,2011
52201014,KZN221 - uMshwathi,2834.0,1693.0,4,59.738884968242765,2016
52201014,KZN221 - uMshwathi,2736.0,1172.0,5,42.83625730994152,2021
52202001,KZ222 - KZ222 [Howick],2622.0,0.0,1,0.0,2000
52202001,KZ222 - uMngeni [Howick],3218.0,0.0,1,0.0,2006
52202001,KZN222 - uMngeni [Howick],3317.0,1974.0,1,59.51160687368103,2011
52202001,KZN222 - uMngeni,3864.0,2265.0,2,58.618012422360245,2016
52202001,KZN222 - uMngeni,3635.0,1867.0,2,51.36176066024759,2021
52202002,KZ222 - KZ222 [Howick],6595.0,1137.0,2,17.24033358605004,2000
52202002,KZ222 - uMngeni [Howick],8384.0,2556.0,3,30.486641221374043,2006
52202002,KZN222 - uMngeni [Howick],6062.0,4109.0,3,67.78290993071595,2011
52202002,KZN222 - uMngeni,6118.0,4414.0,3,72.1477607061131,2016
52202002,KZN222 - uMngeni,5066.0,3008.0,3,59.37623371496249,2021
52202003,KZ222 - KZ222 [Howick],6893.0,3447.0,6,50.00725373567387,2000
52202003,KZ222 - uMngeni [Howick],5368.0,2453.0,7,45.69672131147541,2006
52202003,KZN222 - uMngeni [Howick],4211.0,2457.0,7,58.34718594158157,2011
52202003,KZN222 - uMngeni,4132.0,2533.0,7,61.30203291384318,2016
52202003,KZN222 - uMngeni,3951.0,1824.0,7,46.16552771450266,2021
52202004,KZ222 - KZ222 [Howick],5443.0,3026.0,2,55.59434135586992,2000
52202004,KZ222 - uMngeni [Howick],3042.0,574.0,3,18.869165023011178,2006
52202004,KZN222 - uMngeni [Howick],3784.0,2434.0,3,64.32346723044398,2011
52202004,KZN222 - uMngeni,3689.0,2264.0,3,61.37164543236649,2016
52202004,KZN222 - uMngeni,3606.0,1900.0,3,52.68996117581808,2021
52202005,KZ222 - KZ222 [Howick],984.0,513.0,2,52.13414634146341,2000
52202005,KZ222 - uMngeni [Howick],2798.0,1576.0,3,56.32594710507506,2006
52202005,KZN222 - uMngeni [Howick],2110.0,1614.0,3,76.49289099526067,2011
52202005,KZN222 - uMngeni,2800.0,2184.0,3,78.0,2016
52202005,KZN222 - uMngeni,4689.0,3441.0,4,73.38451695457454,2021
52202006,KZ222 - KZ222 [Howick],5899.0,2287.0,2,38.76928292931005,2000
52202006,KZ222 - uMngeni [Howick],5874.0,2463.0,3,41.93054136874362,2006
52202006,KZN222 - uMngeni [Howick],3834.0,2562.0,3,66.82316118935837,2011
52202006,KZN222 - uMngeni,4446.0,3161.0,4,71.09761583445794,2016
52202006,KZN222 - uMngeni,4631.0,2870.0,4,61.97365579788383,2021
52202007,KZ222 - KZ222 [Howick],2474.0,57.0,2,2.303961196443008,2000
52202007,KZ222 - uMngeni [Howick],3939.0,1145.0,3,29.06829144452907,2006
52202007,KZN222 - uMngeni [Howick],3798.0,2673.0,3,70.37914691943128,2011
52202007,KZN222 - uMngeni,4292.0,3150.0,3,73.3923578751165,2016
52202007,KZN222 - uMngeni,4796.0,2982.0,3,62.1768140116764,2021
52202008,KZ222 - KZ222 [Howick],441.0,226.0,1,51.24716553287983,2000
52202008,KZ225 - KZ225 [Pietermaritzburg],1316.0,605.0,1,45.972644376899694,2000
52202008,KZ222 - uMngeni [Howick],1047.0,609.0,2,58.16618911174785,2006
52202008,KZ225 - Msunduzi [Pietermaritzburg],766.0,358.0,1,46.73629242819843,2006
52202008,KZN222 - uMngeni [Howick],1191.0,785.0,2,65.91099916036943,2011
52202008,KZN225 - Msunduzi [Pietermaritzburg],930.0,607.0,1,65.26881720430107,2011
52202008,KZN222 - uMngeni,3076.0,2059.0,3,66.93758127438232,2016
52202008,KZN222 - uMngeni,3910.0,1934.0,4,49.46291560102301,2021
52202009,KZ222 - KZ222 [Howick],2169.0,1065.0,3,49.10096818810512,2000
52202009,KZ222 - uMngeni [Howick],2822.0,1680.0,3,59.5322466335932,2006
52202009,KZN222 - uMngeni [Howick],2296.0,1360.0,3,59.23344947735192,2011
52202009,KZN222 - uMngeni,3449.0,2266.0,4,65.70020295737895,2016
52202009,KZN222 - uMngeni,3568.0,1799.0,4,50.42040358744395,2021
52202010,KZ222 - KZ222 [Howick],3033.0,0.0,1,0.0,2000
52202010,KZ222 - uMngeni [Howick],2701.0,246.0,2,9.107737874861163,2006
52202010,KZN222 - uMngeni [Howick],3158.0,2198.0,2,69.60101329955668,2011
52202010,KZN222 - uMngeni,3699.0,2516.0,2,68.0183833468505,2016
52202010,KZN222 - uMngeni,3601.0,1765.0,2,49.014162732574285,2021
52202011,KZ222 - KZ222 [Howick],3896.0,0.0,2,0.0,2000
52202011,KZ222 - uMngeni [Howick],3735.0,658.0,2,17.617135207496652,2006
52202011,KZN222 - uMngeni [Howick],4075.0,2729.0,2,66.96932515337424,2011
52202011,KZN222 - uMngeni,4275.0,2883.0,3,67.43859649122808,2016
52202011,KZN222 - uMngeni,4152.0,2246.0,3,54.09441233140655,2021
52202012,KZ222 - uMngeni [Howick],880.0,696.0,2,79.0909090909091,2006
52202012,KZN222 - uMngeni [Howick],3062.0,2187.0,2,71.42390594382756,2011
52202012,KZN222 - uMngeni,3898.0,2632.0,2,67.52180605438687,2016
52202012,KZN222 - uMngeni,4400.0,2349.0,2,53.38636363636363,2021
52202013,KZ222 - KZ222 [Howick],1876.0,1450.0,1,77.29211087420043,2000
52202013,KZ222 - uMngeni [Howick],2801.0,0.0,1,0.0,2006
52202013,KZN222 - uMngeni [Howick],3625.0,2261.0,1,62.37241379310344,2011
52202013,KZN222 - uMngeni,3826.0,2495.0,1,65.21170935703084,2016
52202013,KZN222 - uMngeni,4058.0,1598.0,1,39.3790044356826,2021
52203001,KZ223 - KZ223 [Mooirivier],3305.0,325.0,4,9.83358547655068,2000
52203001,KZ223 - Mooi Mpofana [Mooirivier],5974.0,2227.0,4,37.27820555741547,2006
52203001,KZN223 - Mooi Mpofana [Mooirivier],2413.0,1279.0,4,53.00455864069623,2011
52203001,KZN223 - Mooi Mpofana,2846.0,1811.0,4,63.63316936050597,2016
52203001,KZN223 - Mpofana,2833.0,1263.0,4,44.5817154959407,2021
52203002,KZ223 - KZ223 [Mooirivier],4785.0,2404.0,7,50.240334378265416,2000
52203002,KZ223 - Mooi Mpofana [Mooirivier],3801.0,1533.0,8,40.331491712707184,2006
52203002,KZN223 - Mooi Mpofana [Mooirivier],3137.0,1672.0,9,53.29933057060886,2011
52203002,KZN223 - Mooi Mpofana,3234.0,1894.0,9,58.56524427952999,2016
52203002,KZN223 - Mpofana,3183.0,1519.0,9,47.72227458372604,2021
52203003,KZ223 - KZ223 [Mooirivier],2404.0,0.0,1,0.0,2000
52203003,KZ223 - Mooi Mpofana [Mooirivier],2566.0,243.0,2,9.469992205767731,2006
52203003,KZN223 - Mooi Mpofana [Mooirivier],3290.0,2217.0,2,67.38601823708207,2011
52203003,KZN223 - Mooi Mpofana,3351.0,2189.0,3,65.32378394509102,2016
52203003,KZN223 - Mpofana,3374.0,1791.0,3,53.0823947836396,2021
52203004,KZ223 - KZ223 [Mooirivier],5237.0,2815.0,4,53.75214817643689,2000
52203004,KZ223 - Mooi Mpofana [Mooirivier],3754.0,1822.0,5,48.534896110815126,2006
52203004,KZN223 - Mooi Mpofana [Mooirivier],2733.0,1573.0,5,57.55579948774241,2011
52203004,KZN223 - Mooi Mpofana,3320.0,2159.0,7,65.03012048192771,2016
52203004,KZN223 - Mpofana,3796.0,1880.0,9,49.52581664910432,2021
52203005,KZ223 - Mooi Mpofana [Mooirivier],4767.0,2506.0,1,52.56975036710719,2006
52203005,KZN223 - Mooi Mpofana [Mooirivier],2675.0,1762.0,1,65.86915887850468,2011
52203005,KZN223 - Mooi Mpofana,3389.0,2098.0,2,61.90616701091768,2016
52203005,KZN223 - Mpofana,3582.0,1709.0,2,47.7107761027359,2021
52204001,KZ224 - KZ224 [Impendle],6887.0,3781.0,6,54.90053724408306,2000
52204001,KZDMA43 [Mkhomazi Wilderness area],187.0,24.0,1,12.834224598930485,2000
52204001,KZ224 - Impendle [Impendle],4887.0,2358.0,8,48.25046040515654,2006
52204001,KZDMA43 [Mkhomazi Wilderness area],202.0,85.0,1,42.07920792079208,2006
52204001,KZN224 - Impendle [Impendle],3467.0,2098.0,9,60.51341217190655,2011
52204001,KZN224 - Impendle,3895.0,2660.0,9,68.29268292682927,2016
52204001,KZN224 - iMpendle,4055.0,2255.0,9,55.610357583230574,2021
52204002,KZ224 - KZ224 [Impendle],2544.0,1035.0,5,40.68396226415094,2000
52204002,KZ224 - Impendle [Impendle],4599.0,2330.0,6,50.66318764948902,2006
52204002,KZN224 - Impendle [Impendle],2878.0,1814.0,6,63.02988186240445,2011
52204002,KZN224 - Impendle,3501.0,2312.0,6,66.03827477863467,2016
52204002,KZN224 - iMpendle,3441.0,1865.0,6,54.199360650973546,2021
52204003,KZ224 - KZ224 [Impendle],2373.0,1046.0,3,44.07922461019806,2000
52204003,KZ224 - Impendle [Impendle],2220.0,1072.0,4,48.28828828828829,2006
52204003,KZN224 - Impendle [Impendle],2193.0,1414.0,4,64.47788417692658,2011
52204003,KZN224 - Impendle,2979.0,1988.0,5,66.73380328969452,2016
52204003,KZN224 - iMpendle,2929.0,1558.0,5,53.19221577330146,2021
52204004,KZ224 - KZ224 [Impendle],3575.0,1433.0,6,40.08391608391608,2000
52204004,KZ224 - Impendle [Impendle],3427.0,1460.0,6,42.6028596440035,2006
52204004,KZN224 - Impendle [Impendle],3298.0,1953.0,6,59.21770770163736,2011
52204004,KZN224 - Impendle,3480.0,2254.0,6,64.77011494252874,2016
52204004,KZN224 - iMpendle,3425.0,1848.0,6,53.956204379562045,2021
52204005,KZ224 - KZ224 [Impendle],2150.0,892.0,3,41.48837209302326,2000
52204005,KZ5a1 - KZ5a1 [Creighton],1191.0,744.0,1,62.46851385390429,2000
52204005,KZ224 - Impendle [Impendle],4518.0,1837.0,3,40.65958388667552,2006
52204005,KZ5a1 - Ingwe [Creighton],792.0,498.0,1,62.87878787878788,2006
52204005,KZN224 - Impendle [Impendle],2167.0,1329.0,3,61.3290263036456,2011
52204005,KZN431 - Ingwe [Creighton],460.0,300.0,1,65.21739130434783,2011
52204005,KZN224 - Impendle,3160.0,2180.0,5,68.9873417721519,2016
52204005,KZN224 - iMpendle,3449.0,1906.0,6,55.26239489707161,2021
52205001,KZ225 - KZ225 [Pietermaritzburg],5649.0,2970.0,4,52.57567711099309,2000
52205001,KZ225 - Msunduzi [Pietermaritzburg],11576.0,5860.0,5,50.62197650310988,2006
52205001,KZN225 - Msunduzi [Pietermaritzburg],5537.0,3530.0,5,63.75293480223948,2011
52205001,KZN225 - Msunduzi,8405.0,5857.0,7,69.68471148126115,2016
52205001,KZN225 - Msunduzi,8400.0,4711.0,7,56.08333333333333,2021
52205002,KZ225 - KZ225 [Pietermaritzburg],9176.0,4627.0,6,50.42502179598954,2000
52205002,KZ225 - Msunduzi [Pietermaritzburg],9702.0,5642.0,6,58.15295815295816,2006
52205002,KZN225 - Msunduzi [Pietermaritzburg],6170.0,4266.0,6,69.14100486223663,2011
52205002,KZN225 - Msunduzi,7195.0,4890.0,7,67.96386379430159,2016
52205002,KZN225 - Msunduzi,7243.0,4152.0,7,57.32431312991855,2021
52205003,KZ225 - KZ225 [Pietermaritzburg],10384.0,5462.0,5,52.60015408320493,2000
52205003,KZ225 - Msunduzi [Pietermaritzburg],8700.0,4060.0,6,46.66666666666666,2006
52205003,KZN225 - Msunduzi [Pietermaritzburg],5777.0,4121.0,6,71.33460273498355,2011
52205003,KZN225 - Msunduzi,7632.0,5545.0,7,72.65461215932913,2016
52205003,KZN225 - Msunduzi,7551.0,4485.0,7,59.39610647596345,2021
52205004,KZ225 - KZ225 [Pietermaritzburg],8353.0,4860.0,4,58.18268885430384,2000
52205004,KZ225 - Msunduzi [Pietermaritzburg],5242.0,2771.0,5,52.86150324303701,2006
52205004,KZN225 - Msunduzi [Pietermaritzburg],5363.0,3643.0,5,67.92839828454224,2011
52205004,KZN225 - Msunduzi,7059.0,5157.0,6,73.0556736081598,2016
52205004,KZN225 - Msunduzi,7315.0,3833.0,6,52.39917976760082,2021
52205005,KZ225 - KZ225 [Pietermaritzburg],10178.0,5097.0,8,50.0786009039104,2000
52205005,KZ225 - Msunduzi [Pietermaritzburg],9176.0,4627.0,8,50.42502179598954,2006
52205005,KZN225 - Msunduzi [Pietermaritzburg],6350.0,4350.0,8,68.50393700787401,2011
52205005,KZN225 - Msunduzi,9297.0,6949.0,9,74.74454124986555,2016
52205005,KZN225 - Msunduzi,9356.0,4745.0,9,50.71611799914494,2021
52205006,KZ225 - KZ225 [Pietermaritzburg],11191.0,5366.0,8,47.94924492896077,2000
52205006,KZ225 - Msunduzi [Pietermaritzburg],9586.0,5138.0,8,53.59899853953682,2006
52205006,KZN225 - Msunduzi [Pietermaritzburg],6779.0,4512.0,8,66.55848945272163,2011
52205006,KZN225 - Msunduzi,8121.0,5889.0,9,72.51570003694127,2016
52205006,KZN225 - Msunduzi,8171.0,4164.0,9,50.96071472280015,2021
52205007,KZ225 - KZ225 [Pietermaritzburg],11547.0,6609.0,6,57.23564562223954,2000
52205007,KZ225 - Msunduzi [Pietermaritzburg],9260.0,5011.0,6,54.114470842332615,2006
52205007,KZN225 - Msunduzi [Pietermaritzburg],6022.0,4068.0,6,67.55230820325473,2011
52205007,KZN225 - Msunduzi,7778.0,5541.0,9,71.23939316019542,2016
52205007,KZN225 - Msunduzi,7688.0,3698.0,9,48.100936524453694,2021
52205008,KZ225 - KZ225 [Pietermaritzburg],11003.0,5503.0,5,50.01363264564209,2000
52205008,KZ225 - Msunduzi [Pietermaritzburg],13953.0,8058.0,8,57.751021285745,2006
52205008,KZN225 - Msunduzi [Pietermaritzburg],6644.0,4526.0,8,68.1216134858519,2011
52205008,KZN225 - Msunduzi,7710.0,5321.0,8,69.01426718547341,2016
52205008,KZN225 - Msunduzi,7447.0,3966.0,8,53.25634483684705,2021
52205009,KZ225 - KZ225 [Pietermaritzburg],14531.0,6310.0,7,43.424403000481725,2000
52205009,KZ225 - Msunduzi [Pietermaritzburg],13704.0,6418.0,7,46.833041447752485,2006
52205009,KZN225 - Msunduzi [Pietermaritzburg],7071.0,4433.0,7,62.69268844576439,2011
52205009,KZN225 - Msunduzi,8373.0,5883.0,9,70.26155499820852,2016
52205009,KZN225 - Msunduzi,8463.0,4412.0,9,52.13281342313601,2021
52205010,KZ225 - KZ225 [Pietermaritzburg],8701.0,5354.0,4,61.53315710837835,2000
52205010,KZ225 - Msunduzi [Pietermaritzburg],10883.0,5877.0,5,54.00165395571074,2006
52205010,KZN225 - Msunduzi [Pietermaritzburg],7116.0,5071.0,5,71.2619449128724,2011
52205010,KZN225 - Msunduzi,7639.0,5400.0,6,70.68988087446002,2016
52205010,KZN225 - Msunduzi,7391.0,3496.0,6,47.30077120822622,2021
52205011,KZ225 - KZ225 [Pietermaritzburg],7715.0,2677.0,4,34.69863901490603,2000
52205011,KZ225 - Msunduzi [Pietermaritzburg],15628.0,7703.0,4,49.28973637061684,2006
52205011,KZN225 - Msunduzi [Pietermaritzburg],7532.0,4988.0,5,66.22411046202868,2011
52205011,KZN225 - Msunduzi,9330.0,6326.0,6,67.80278670953912,2016
52205011,KZN225 - Msunduzi,9387.0,4660.0,6,49.643123468626825,2021
52205012,KZ225 - KZ225 [Pietermaritzburg],15240.0,5908.0,6,38.76640419947506,2000
52205012,KZ225 - Msunduzi [Pietermaritzburg],13624.0,5280.0,6,38.755137991779215,2006
52205012,KZN225 - Msunduzi [Pietermaritzburg],7231.0,4561.0,6,63.07564652191952,2011
52205012,KZN225 - Msunduzi,7896.0,5132.0,6,64.99493414387031,2016
52205012,KZN225 - Msunduzi,7481.0,3388.0,6,45.28806309316936,2021
52205013,KZ225 - KZ225 [Pietermaritzburg],2626.0,266.0,2,10.12947448591013,2000
52205013,KZ225 - Msunduzi [Pietermaritzburg],7352.0,3738.0,3,50.84330794341676,2006
52205013,KZN225 - Msunduzi [Pietermaritzburg],5096.0,3348.0,4,65.69858712715856,2011
52205013,KZN225 - Msunduzi,8973.0,5872.0,6,65.44076674467848,2016
52205013,KZN225 - Msunduzi,9086.0,3878.0,6,42.68104776579353,2021
52205014,KZ225 - KZ225 [Pietermaritzburg],6343.0,0.0,2,0.0,2000
52205014,KZ225 - Msunduzi [Pietermaritzburg],6498.0,0.0,3,0.0,2006
52205014,KZN225 - Msunduzi [Pietermaritzburg],7142.0,4385.0,3,61.397367684122095,2011
52205014,KZN225 - Msunduzi,8071.0,5818.0,4,72.08524346425475,2016
52205014,KZN225 - Msunduzi,7882.0,3586.0,4,45.49606698807409,2021
52205015,KZ225 - KZ225 [Pietermaritzburg],8022.0,2617.0,2,32.62278733482922,2000
52205015,KZ225 - Msunduzi [Pietermaritzburg],7386.0,2758.0,3,37.34091524505822,2006
52205015,KZN225 - Msunduzi [Pietermaritzburg],6183.0,3604.0,3,58.28885654213165,2011
52205015,KZN225 - Msunduzi,8705.0,5887.0,4,67.62780011487651,2016
52205015,KZN225 - Msunduzi,8133.0,3383.0,4,41.59596704782983,2021
52205016,KZ225 - KZ225 [Pietermaritzburg],5432.0,0.0,2,0.0,2000
52205016,KZ225 - Msunduzi [Pietermaritzburg],10127.0,2852.0,2,28.16233830354498,2006
52205016,KZN225 - Msunduzi [Pietermaritzburg],6562.0,4109.0,3,62.61810423651326,2011
52205016,KZN225 - Msunduzi,8098.0,5377.0,5,66.39911089157818,2016
52205016,KZN225 - Msunduzi,7891.0,3206.0,5,40.62856418704854,2021
52205017,KZ225 - KZ225 [Pietermaritzburg],6175.0,2408.0,2,38.99595141700405,2000
52205017,KZ225 - Msunduzi [Pietermaritzburg],7869.0,2569.0,3,32.64709620027958,2006
52205017,KZN225 - Msunduzi [Pietermaritzburg],6380.0,3878.0,3,60.78369905956112,2011
52205017,KZN225 - Msunduzi,7903.0,4401.0,4,55.68771352650892,2016
52205017,KZN225 - Msunduzi,8223.0,3370.0,4,40.98260975313146,2021
52205018,KZ225 - KZ225 [Pietermaritzburg],1806.0,0.0,1,0.0,2000
52205018,KZ225 - Msunduzi [Pietermaritzburg],5415.0,1842.0,2,34.016620498614955,2006
52205018,KZN225 - Msunduzi [Pietermaritzburg],6472.0,3686.0,3,56.95302843016069,2011
52205018,KZN225 - Msunduzi,7509.0,4818.0,3,64.16300439472633,2016
52205018,KZN225 - Msunduzi,8192.0,3716.0,5,45.361328125,2021
52205019,KZ225 - KZ225 [Pietermaritzburg],15794.0,6367.0,6,40.31277700392554,2000
52205019,KZ225 - Msunduzi [Pietermaritzburg],19716.0,9015.0,6,45.7242848447961,2006
52205019,KZN225 - Msunduzi [Pietermaritzburg],8450.0,5020.0,6,59.40828402366864,2011
52205019,KZN225 - Msunduzi,9257.0,5961.0,7,64.39451226099168,2016
52205019,KZN225 - Msunduzi,8792.0,3435.0,7,39.06960873521383,2021
52205020,KZ225 - KZ225 [Pietermaritzburg],9059.0,3354.0,4,37.02395407881664,2000
52205020,KZ225 - Msunduzi [Pietermaritzburg],7308.0,2899.0,4,39.6688560481664,2006
52205020,KZN225 - Msunduzi [Pietermaritzburg],6600.0,4492.0,4,68.06060606060606,2011
52205020,KZN225 - Msunduzi,7675.0,5243.0,4,68.31270358306189,2016
52205020,KZN225 - Msunduzi,7471.0,3403.0,4,45.54945790389506,2021
52205021,KZ225 - KZ225 [Pietermaritzburg],10907.0,2625.0,3,24.0671128632988,2000
52205021,KZ225 - Msunduzi [Pietermaritzburg],13210.0,5214.0,5,39.47009841029523,2006
52205021,KZN225 - Msunduzi [Pietermaritzburg],7672.0,4494.0,5,58.57664233576643,2011
52205021,KZN225 - Msunduzi,7931.0,5109.0,5,64.41810616567898,2016
52205021,KZN225 - Msunduzi,7767.0,3820.0,5,49.18243852195185,2021
52205022,KZ225 - KZ225 [Pietermaritzburg],11236.0,4167.0,3,37.08615165539338,2000
52205022,KZ225 - Msunduzi [Pietermaritzburg],14155.0,5260.0,4,37.160014129282935,2006
52205022,KZN225 - Msunduzi [Pietermaritzburg],7096.0,3900.0,4,54.96054114994363,2011
52205022,KZN225 - Msunduzi,8610.0,5671.0,5,65.86527293844368,2016
52205022,KZN225 - Msunduzi,8496.0,3550.0,5,41.78436911487759,2021
52205023,KZ225 - KZ225 [Pietermaritzburg],6203.0,3263.0,3,52.60357891342898,2000
52205023,KZ225 - Msunduzi [Pietermaritzburg],6915.0,2550.0,3,36.8763557483731,2006
52205023,KZN225 - Msunduzi [Pietermaritzburg],4967.0,3082.0,3,62.04952687739078,2011
52205023,KZN225 - Msunduzi,5646.0,2705.0,3,47.91002479631597,2016
52205023,KZN225 - Msunduzi,8213.0,3572.0,3,43.4920248386704,2021
52205024,KZ225 - KZ225 [Pietermaritzburg],8291.0,3437.0,3,41.45458931371366,2000
52205024,KZ225 - Msunduzi [Pietermaritzburg],13386.0,4479.0,3,33.46033168982519,2006
52205024,KZN225 - Msunduzi [Pietermaritzburg],8045.0,4023.0,3,50.00621504039776,2011
52205024,KZN225 - Msunduzi,9408.0,5326.0,5,56.611394557823125,2016
52205024,KZN225 - Msunduzi,8905.0,3012.0,5,33.82369455362156,2021
52205025,KZ225 - KZ225 [Pietermaritzburg],5882.0,759.0,3,12.903774226453589,2000
52205025,KZ225 - Msunduzi [Pietermaritzburg],8676.0,2993.0,3,34.4974642692485,2006
52205025,KZN225 - Msunduzi [Pietermaritzburg],7106.0,4379.0,3,61.62397973543485,2011
52205025,KZN225 - Msunduzi,8037.0,5507.0,3,68.52059226079383,2016
52205025,KZN225 - Msunduzi,7674.0,4264.0,3,55.56424289809747,2021
52205026,KZ225 - KZ225 [Pietermaritzburg],8183.0,0.0,3,0.0,2000
52205026,KZ225 - Msunduzi [Pietermaritzburg],8144.0,2241.0,3,27.5171905697446,2006
52205026,KZN225 - Msunduzi [Pietermaritzburg],8011.0,4851.0,5,60.55423792285607,2011
52205026,KZN225 - Msunduzi,8936.0,5871.0,6,65.70053715308863,2016
52205026,KZN225 - Msunduzi,9108.0,4726.0,6,51.88844971453667,2021
52205027,KZ225 - KZ225 [Pietermaritzburg],13554.0,4695.0,3,34.639220894200974,2000
52205027,KZ225 - Msunduzi [Pietermaritzburg],10309.0,3104.0,3,30.10961295954991,2006
52205027,KZN225 - Msunduzi [Pietermaritzburg],6339.0,2691.0,3,42.45149077141505,2011
52205027,KZN225 - Msunduzi,6656.0,3241.0,4,48.69290865384615,2016
52205027,KZN225 - Msunduzi,6988.0,2154.0,4,30.82427017744705,2021
52205028,KZ225 - KZ225 [Pietermaritzburg],11698.0,5313.0,5,45.41802017438879,2000
52205028,KZ225 - Msunduzi [Pietermaritzburg],10855.0,3448.0,5,31.76416397973284,2006
52205028,KZN225 - Msunduzi [Pietermaritzburg],7953.0,4378.0,5,55.04840940525588,2011
52205028,KZN225 - Msunduzi,9157.0,5501.0,5,60.074260128863166,2016
52205028,KZN225 - Msunduzi,8971.0,3859.0,5,43.01638613309553,2021
52205029,KZ225 - KZ225 [Pietermaritzburg],4121.0,619.0,2,15.020626061635523,2000
52205029,KZ225 - Msunduzi [Pietermaritzburg],4809.0,2296.0,3,47.74381368267831,2006
52205029,KZN225 - Msunduzi [Pietermaritzburg],5532.0,2829.0,3,51.138828633405645,2011
52205029,KZN225 - Msunduzi,8218.0,5454.0,5,66.36651253346312,2016
52205029,KZN225 - Msunduzi,8566.0,3843.0,5,44.86341349521364,2021
52205030,KZ225 - KZ225 [Pietermaritzburg],6925.0,2661.0,3,38.42599277978339,2000
52205030,KZ225 - Msunduzi [Pietermaritzburg],6270.0,2019.0,3,32.20095693779904,2006
52205030,KZN225 - Msunduzi [Pietermaritzburg],7403.0,4317.0,4,58.314196947183575,2011
52205030,KZN225 - Msunduzi,9221.0,5987.0,4,64.92788200845895,2016
52205030,KZN225 - Msunduzi,9605.0,4672.0,4,48.64133263925039,2021
52205031,KZ225 - KZ225 [Pietermaritzburg],10694.0,2657.0,4,24.845707873573968,2000
52205031,KZ225 - Msunduzi [Pietermaritzburg],8739.0,1785.0,4,20.42567799519396,2006
52205031,KZN225 - Msunduzi [Pietermaritzburg],7803.0,3859.0,4,49.45533769063181,2011
52205031,KZN225 - Msunduzi,9775.0,5638.0,6,57.6777493606138,2016
52205031,KZN225 - Msunduzi,9393.0,3892.0,6,41.43511125306079,2021
52205032,KZ225 - KZ225 [Pietermaritzburg],9224.0,4006.0,4,43.43018213356461,2000
52205032,KZ225 - Msunduzi [Pietermaritzburg],7427.0,2719.0,4,36.60966742964858,2006
52205032,KZN225 - Msunduzi [Pietermaritzburg],7017.0,3672.0,4,52.3300555793074,2011
52205032,KZN225 - Msunduzi,8450.0,5276.0,4,62.4378698224852,2016
52205032,KZN225 - Msunduzi,8811.0,3752.0,5,42.58313471796618,2021
52205033,KZ225 - KZ225 [Pietermaritzburg],12173.0,4324.0,3,35.521235521235525,2000
52205033,KZ225 - Msunduzi [Pietermaritzburg],9236.0,3154.0,3,34.14898224339541,2006
52205033,KZN225 - Msunduzi [Pietermaritzburg],7590.0,3672.0,3,48.3794466403162,2011
52205033,KZN225 - Msunduzi,9125.0,4756.0,4,52.12054794520547,2016
52205033,KZN225 - Msunduzi,9207.0,3396.0,4,36.88497882046269,2021
52205034,KZ225 - KZ225 [Pietermaritzburg],8165.0,1789.0,4,21.91059399877526,2000
52205034,KZ225 - Msunduzi [Pietermaritzburg],10717.0,2416.0,4,22.543622282355138,2006
52205034,KZN225 - Msunduzi [Pietermaritzburg],8784.0,3998.0,4,45.51457194899818,2011
52205034,KZN225 - Msunduzi,9355.0,5497.0,5,58.760021378941744,2016
52205034,KZN225 - Msunduzi,9356.0,3595.0,5,38.424540401881146,2021
52205035,KZ225 - KZ225 [Pietermaritzburg],11540.0,4159.0,4,36.03986135181976,2000
52205035,KZ225 - Msunduzi [Pietermaritzburg],10169.0,3332.0,4,32.76625036876782,2006
52205035,KZN225 - Msunduzi [Pietermaritzburg],8487.0,5052.0,4,59.526334393778725,2011
52205035,KZN225 - Msunduzi,9479.0,6239.0,4,65.81917923831628,2016
52205035,KZN225 - Msunduzi,9249.0,4679.0,4,50.58925289220456,2021
52205036,KZ225 - KZ225 [Pietermaritzburg],5731.0,3018.0,3,52.66096667248299,2000
52205036,KZ225 - Msunduzi [Pietermaritzburg],13343.0,5683.0,3,42.59162107472083,2006
52205036,KZN225 - Msunduzi [Pietermaritzburg],5737.0,3211.0,3,55.9700191737842,2011
52205036,KZN225 - Msunduzi,7348.0,4611.0,4,62.75176918889493,2016
52205036,KZN225 - Msunduzi,7807.0,3557.0,4,45.56167541949532,2021
52205037,KZ225 - KZ225 [Pietermaritzburg],7051.0,1566.0,3,22.209615657353567,2000
52205037,KZ225 - Msunduzi [Pietermaritzburg],10464.0,3859.0,3,36.87882262996942,2006
52205037,KZN225 - Msunduzi [Pietermaritzburg],7801.0,4823.0,4,61.82540699910268,2011
52205037,KZN225 - Msunduzi,7891.0,4812.0,5,60.9808642757572,2016
52205037,KZN225 - Msunduzi,7803.0,3521.0,7,45.12367038318595,2021
52205038,KZ225 - KZ225 [Pietermaritzburg],6445.0,2034.0,4,31.559348332040344,2000
52205038,KZ225 - Msunduzi [Pietermaritzburg],8494.0,3420.0,4,40.26371556392748,2006
52205038,KZN225 - Msunduzi [Pietermaritzburg],5575.0,3459.0,4,62.04484304932736,2011
52205038,KZN225 - Msunduzi,6867.0,4429.0,4,64.49686908402505,2016
52205038,KZN225 - Msunduzi,7212.0,3384.0,4,46.92179700499168,2021
52205039,KZ225 - KZ225 [Pietermaritzburg],9450.0,4561.0,5,48.264550264550266,2000
52205039,KZ5a1 - KZ5a1 [Creighton],2854.0,1732.0,4,60.68675543097408,2000
52205039,KZ225 - Msunduzi [Pietermaritzburg],6782.0,4024.0,5,59.3335299321734,2006
52205039,KZ5a1 - Ingwe [Creighton],2783.0,1631.0,4,58.60582105641394,2006
52205039,KZN225 - Msunduzi [Pietermaritzburg],4820.0,3239.0,5,67.19917012448133,2011
52205039,KZN431 - Ingwe [Creighton],2115.0,1446.0,4,68.36879432624113,2011
52205039,KZN225 - Msunduzi,7532.0,5073.0,9,67.35262878385555,2016
52205039,KZN225 - Msunduzi,7262.0,3763.0,9,51.8176810795924,2021
52205040,KZ225 - KZ225 [Pietermaritzburg],10523.0,4087.0,7,38.83873420127341,2000
52205040,KZ225 - Msunduzi [Pietermaritzburg],10322.0,5853.0,7,56.70412710714978,2006
52205040,KZN225 - Msunduzi [Pietermaritzburg],7168.0,5060.0,9,70.59151785714286,2011
52205040,KZN225 - Msunduzi,9053.0,6395.0,13,70.6395669943665,2016
52205040,KZN225 - Msunduzi,8953.0,4754.0,13,53.099519714062325,2021
52205041,KZ225 - KZ225 [Pietermaritzburg],11329.0,3838.0,3,33.877659104951896,2000
52205041,KZ225 - Msunduzi [Pietermaritzburg],12295.0,4699.0,4,38.21878812525416,2006
52205041,KZN225 - Msunduzi [Pietermaritzburg],7402.0,4547.0,4,61.42934342069712,2011
52205041,KZN225 - Msunduzi,8490.0,5666.0,4,66.73733804475854,2016
52205041,KZN225 - Msunduzi,8348.0,3585.0,4,42.94441782462866,2021
52206001,KZ226 - KZ226 [Camperdown],6438.0,3238.0,2,50.295122708915805,2000
52206001,KZ226 - Mkhambathini [Camperdown],5966.0,3173.0,2,53.18471337579618,2006
52206001,KZN226 - Mkhambathini [Camperdown],3734.0,2820.0,3,75.52222817354044,2011
52206001,KZN226 - Mkhambathini,4722.0,3131.0,3,66.30664972469292,2016
52206001,KZN226 - Mkhambathini,4943.0,2466.0,3,49.88873153955088,2021
52206002,KZ226 - KZ226 [Camperdown],6486.0,3848.0,4,59.3277829170521,2000
52206002,KZ5a5 - KZ5a5 [Ixopo],3.0,0.0,1,0.0,2000
52206002,KZ226 - Mkhambathini [Camperdown],5054.0,2685.0,5,53.12623664424218,2006
52206002,KZN226 - Mkhambathini [Camperdown],3992.0,2980.0,5,74.64929859719439,2011
52206002,KZN226 - Mkhambathini,4826.0,3435.0,6,71.17695814338997,2016
52206002,KZN226 - Mkhambathini,5060.0,852.0,6,16.83794466403162,2021
52206003,KZ226 - KZ226 [Camperdown],3861.0,1789.0,3,46.33514633514634,2000
52206003,KZ226 - Mkhambathini [Camperdown],7241.0,2901.0,4,40.06352713713576,2006
52206003,KZN226 - Mkhambathini [Camperdown],3202.0,1615.0,4,50.437226733291695,2011
52206003,KZN226 - Mkhambathini,4185.0,2607.0,6,62.29390681003584,2016
52206003,KZN226 - Mkhambathini,4866.0,2171.0,6,44.6157007809289,2021
52206004,KZ226 - KZ226 [Camperdown],3536.0,1829.0,5,51.72511312217195,2000
52206004,KZ226 - Mkhambathini [Camperdown],3665.0,1814.0,6,49.49522510231923,2006
52206004,KZN226 - Mkhambathini [Camperdown],3475.0,1905.0,6,54.82014388489208,2011
52206004,KZN226 - Mkhambathini,3892.0,2289.0,6,58.81294964028777,2016
52206004,KZN226 - Mkhambathini,3963.0,1893.0,6,47.76684330052991,2021
52206005,KZ226 - KZ226 [Camperdown],6877.0,2552.0,3,37.1092045950269,2000
52206005,KZ226 - Mkhambathini [Camperdown],6759.0,3583.0,3,53.01080041426246,2006
52206005,KZN226 - Mkhambathini [Camperdown],3584.0,2527.0,3,70.5078125,2011
52206005,KZN226 - Mkhambathini,4003.0,2614.0,3,65.30102423182613,2016
52206005,KZN226 - Mkhambathini,4179.0,782.0,3,18.712610672409667,2021
52206006,KZ226 - KZ226 [Camperdown],8559.0,4055.0,5,47.3770300268723,2000
52206006,KZ226 - Mkhambathini [Camperdown],6737.0,3163.0,5,46.949680866854685,2006
52206006,KZN226 - Mkhambathini [Camperdown],3735.0,2146.0,5,57.456492637215526,2011
52206006,KZN226 - Mkhambathini,4197.0,2448.0,5,58.32737669764118,2016
52206006,KZN226 - Mkhambathini,4433.0,2304.0,5,51.97383261899391,2021
52206007,KZ226 - KZ226 [Camperdown],3084.0,1557.0,5,50.4863813229572,2000
52206007,KZ227 - KZ227 [Richmond],1202.0,415.0,1,34.52579034941764,2000
52206007,KZ226 - Mkhambathini [Camperdown],3388.0,1822.0,6,53.778040141676506,2006
52206007,KZN226 - Mkhambathini [Camperdown],3287.0,2028.0,6,61.69759659263766,2011
52206007,KZN226 - Mkhambathini,4064.0,2256.0,6,55.51181102362205,2016
52206007,KZN226 - Mkhambathini,3789.0,1784.0,6,47.08366323568224,2021
52207001,KZ227 - KZ227 [Richmond],8364.0,2877.0,2,34.3974175035868,2000
52207001,KZ227 - Richmond [Richmond],13087.0,5792.0,4,44.2576602735539,2006
52207001,KZN227 - Richmond [Richmond],4582.0,2505.0,4,54.67044958533391,2011
52207001,KZN227 - Richmond,5057.0,2851.0,5,56.37729879375124,2016
52207001,KZN227 - Richmond,4919.0,2194.0,5,44.60256149623908,2021
52207002,KZ227 - KZ227 [Richmond],2349.0,0.0,1,0.0,2000
52207002,KZ227 - Richmond [Richmond],4022.0,1201.0,3,29.860765788165093,2006
52207002,KZN227 - Richmond [Richmond],3929.0,2293.0,4,58.36090608297276,2011
52207002,KZN227 - Richmond,4884.0,2728.0,4,55.85585585585585,2016
52207002,KZN227 - Richmond,5171.0,2019.0,4,39.04467221040418,2021
52207003,KZ227 - KZ227 [Richmond],10385.0,4947.0,4,47.636013480982186,2000
52207003,KZ227 - Richmond [Richmond],5209.0,1789.0,5,34.34440391629872,2006
52207003,KZN227 - Richmond [Richmond],4105.0,1641.0,5,39.97563946406821,2011
52207003,KZN227 - Richmond,4573.0,3027.0,5,66.19287120052482,2016
52207003,KZN227 - Richmond,4547.0,2345.0,6,51.572465361777,2021
52207004,KZ227 - KZ227 [Richmond],3047.0,1724.0,4,56.58024286183131,2000
52207004,KZ227 - Richmond [Richmond],5896.0,3484.0,4,59.09090909090909,2006
52207004,KZN227 - Richmond [Richmond],3946.0,2348.0,5,59.503294475418144,2011
52207004,KZN227 - Richmond,4423.0,2727.0,5,61.65498530409225,2016
52207004,KZN227 - Richmond,4528.0,2386.0,5,52.69434628975264,2021
52207005,KZ226 - KZ226 [Camperdown],332.0,146.0,1,43.97590361445783,2000
52207005,KZ227 - KZ227 [Richmond],4949.0,2704.0,5,54.63730046474036,2000
52207005,KZ227 - Richmond [Richmond],6192.0,3021.0,10,48.78875968992248,2006
52207005,KZN227 - Richmond [Richmond],4391.0,2562.0,11,58.34661808244136,2011
52207005,KZN227 - Richmond,4930.0,2818.0,11,57.16024340770791,2016
52207005,KZN227 - Richmond,4892.0,2584.0,11,52.82093213409649,2021
52207006,KZ227 - KZ227 [Richmond],6611.0,3332.0,4,50.40084707306005,2000
52207006,KZ5a1 - KZ5a1 [Creighton],169.0,90.0,1,53.25443786982249,2000
52207006,KZ227 - Richmond [Richmond],8464.0,4519.0,7,53.39083175803403,2006
52207006,KZN227 - Richmond [Richmond],3841.0,2106.0,7,54.82947149179901,2011
52207006,KZN227 - Richmond,4235.0,2448.0,8,57.80401416765053,2016
52207006,KZN227 - Richmond,4238.0,2347.0,8,55.37989617744219,2021
52207007,KZ227 - KZ227 [Richmond],7329.0,4193.0,2,57.21107927411653,2000
52207007,KZ227 - Richmond [Richmond],5472.0,2887.0,2,52.75950292397661,2006
52207007,KZN227 - Richmond [Richmond],3935.0,2389.0,2,60.71156289707751,2011
52207007,KZN227 - Richmond,4063.0,2353.0,3,57.91287226187546,2016
52207007,KZN227 - Richmond,4267.0,1994.0,3,46.73072416217483,2021
52305001,KZ235 - Okhahlamba [Bergville],1983.0,0.0,1,0.0,2000
52305001,KZ235 - Okhahlamba [Bergville],2819.0,0.0,1,0.0,2006
52305001,KZN235 - Okhahlamba [Bergville],3590.0,2183.0,2,60.807799442896936,2011
52305001,KZN235 - Okhahlamba,3922.0,2236.0,2,57.01172870984191,2016
52305001,KZN235 - Okhahlamba,3953.0,2183.0,3,55.223880597014926,2021
52305002,KZ235 - Okhahlamba [Bergville],3783.0,1976.0,4,52.23367697594502,2000
52305002,KZ235 - Okhahlamba [Bergville],6267.0,4136.0,4,65.99648954842827,2006
52305002,KZN235 - Okhahlamba [Bergville],3880.0,2466.0,4,63.55670103092783,2011
52305002,KZN235 - Okhahlamba,4533.0,2528.0,5,55.768806529891904,2016
52305002,KZN235 - Okhahlamba,4499.0,2700.0,5,60.01333629695488,2021
52305003,KZ235 - Okhahlamba [Bergville],6336.0,2885.0,7,45.5334595959596,2000
52305003,KZ235 - Okhahlamba [Bergville],6270.0,3896.0,7,62.1371610845295,2006
52305003,KZN235 - Okhahlamba [Bergville],3337.0,2219.0,7,66.49685346119269,2011
52305003,KZN235 - Okhahlamba,3847.0,2259.0,7,58.721081362100335,2016
52305003,KZN235 - Okhahlamba,4027.0,2314.0,7,57.4621306183263,2021
52305004,KZ235 - Okhahlamba [Bergville],5055.0,2767.0,6,54.73788328387735,2000
52305004,KZ235 - Okhahlamba [Bergville],4643.0,2647.0,6,57.0105535214301,2006
52305004,KZN235 - Okhahlamba [Bergville],3929.0,2378.0,6,60.524306439297526,2011
52305004,KZN235 - Okhahlamba,4265.0,2405.0,6,56.38921453692849,2016
52305004,KZN235 - Okhahlamba,4333.0,2488.0,6,57.41980152319409,2021
52305005,KZ235 - Okhahlamba [Bergville],3457.0,1702.0,5,49.23343939832224,2000
52305005,KZ235 - Okhahlamba [Bergville],5432.0,2935.0,6,54.03166421207658,2006
52305005,KZN235 - Okhahlamba [Bergville],3423.0,2002.0,6,58.48670756646217,2011
52305005,KZN235 - Okhahlamba,3911.0,2168.0,6,55.433392994119146,2016
52305005,KZN235 - Okhahlamba,4447.0,2251.0,8,50.61839442320666,2021
52305006,KZ235 - Okhahlamba [Bergville],7079.0,3509.0,5,49.56914818477186,2000
52305006,KZ235 - Okhahlamba [Bergville],6737.0,3842.0,5,57.02835089802583,2006
52305006,KZN235 - Okhahlamba [Bergville],3834.0,2377.0,5,61.99791340636411,2011
52305006,KZN235 - Okhahlamba,4271.0,2488.0,6,58.25333645516273,2016
52305006,KZN235 - Okhahlamba,4159.0,2083.0,6,50.08415484491464,2021
52305007,KZ235 - Okhahlamba [Bergville],5980.0,3220.0,6,53.84615384615385,2000
52305007,KZ235 - Okhahlamba [Bergville],4461.0,2479.0,6,55.57049988791752,2006
52305007,KZN235 - Okhahlamba [Bergville],3547.0,2042.0,6,57.56977727657176,2011
52305007,KZN235 - Okhahlamba,4078.0,2277.0,6,55.83619421284944,2016
52305007,KZN235 - Okhahlamba,3946.0,1794.0,6,45.463760770400405,2021
52305008,KZ235 - Okhahlamba [Bergville],4961.0,2444.0,6,49.2642612376537,2000
52305008,KZ235 - Okhahlamba [Bergville],7363.0,3756.0,6,51.01181583593644,2006
52305008,KZN235 - Okhahlamba [Bergville],3654.0,2127.0,6,58.21018062397373,2011
52305008,KZN235 - Okhahlamba,4195.0,2400.0,6,57.210965435041714,2016
52305008,KZN235 - Okhahlamba,4211.0,2230.0,6,52.95654238898124,2021
52305009,KZ235 - Okhahlamba [Bergville],6084.0,2913.0,5,47.87968441814596,2000
52305009,KZ235 - Okhahlamba [Bergville],6243.0,2975.0,5,47.65337177638956,2006
52305009,KZN235 - Okhahlamba [Bergville],3765.0,2202.0,5,58.48605577689243,2011
52305009,KZN235 - Okhahlamba,4194.0,2407.0,5,57.39151168335718,2016
52305009,KZN235 - Okhahlamba,4220.0,2278.0,5,53.98104265402844,2021
52305010,KZ235 - Okhahlamba [Bergville],3965.0,1906.0,5,48.07061790668348,2000
52305010,KZ235 - Okhahlamba [Bergville],4909.0,2771.0,6,56.44734161743736,2006
52305010,KZN235 - Okhahlamba [Bergville],3837.0,2435.0,7,63.46103726869951,2011
52305010,KZN235 - Okhahlamba,4091.0,2319.0,7,56.68540699095576,2016
52305010,KZN235 - Okhahlamba,4078.0,2194.0,7,53.80088278567925,2021
52305011,KZ235 - Okhahlamba [Bergville],3679.0,2082.0,4,56.591465072030445,2000
52305011,KZ235 - Okhahlamba [Bergville],4206.0,2253.0,4,53.56633380884451,2006
52305011,KZN235 - Okhahlamba [Bergville],3049.0,1877.0,4,61.5611675959331,2011
52305011,KZN235 - Okhahlamba,3363.0,1981.0,4,58.90573892358015,2016
52305011,KZN235 - Okhahlamba,3709.0,1944.0,4,52.4130493394446,2021
52305012,KZ235 - Okhahlamba [Bergville],2700.0,1555.0,6,57.5925925925926,2000
52305012,KZ235 - Okhahlamba [Bergville],5152.0,3222.0,6,62.5388198757764,2006
52305012,KZN235 - Okhahlamba [Bergville],3100.0,2063.0,6,66.54838709677419,2011
52305012,KZN235 - Okhahlamba,4056.0,2554.0,7,62.968441814595664,2016
52305012,KZN235 - Okhahlamba,4257.0,2379.0,7,55.88442565186751,2021
52305013,KZ235 - Okhahlamba [Bergville],4669.0,2535.0,6,54.29428143071321,2000
52305013,KZ235 - Okhahlamba [Bergville],6113.0,3645.0,7,59.62702437428431,2006
52305013,KZN235 - Okhahlamba [Bergville],3124.0,1830.0,7,58.57874519846351,2011
52305013,KZN235 - Okhahlamba,3508.0,1934.0,7,55.13112884834664,2016
52305013,KZN235 - Okhahlamba,3474.0,1921.0,7,55.2964881980426,2021
52305014,KZ235 - Okhahlamba [Bergville],4077.0,2446.0,6,59.99509443218053,2000
52305014,KZ235 - Okhahlamba [Bergville],4241.0,2654.0,6,62.579580287668,2006
52305014,KZN235 - Okhahlamba [Bergville],3630.0,2427.0,6,66.85950413223141,2011
52305014,KZN235 - Okhahlamba,3973.0,2434.0,6,61.26352881953184,2016
52305014,KZN235 - Okhahlamba,4265.0,2545.0,6,59.67174677608441,2021
52305015,KZ235 - Okhahlamba [Bergville],4706.0,2663.0,4,56.587335316617086,2000
52305015,KZ235 - Okhahlamba [Bergville],3009.0,1803.0,4,59.920239282153545,2006
52305015,KZN235 - Okhahlamba [Bergville],2965.0,1918.0,4,64.68802698145025,2011
52305015,KZN235 - Okhahlamba,3405.0,2020.0,4,59.3245227606461,2016
52305015,KZN235 - Okhahlamba,3536.0,1970.0,4,55.71266968325792,2021
52307001,KZ236 - Imbabazane [Loskop],2116.0,1173.0,5,55.434782608695656,2000
52307001,KZ236 - Imbabazane [Loskop],2412.0,1484.0,5,61.52570480928689,2006
52307001,KZN236 - Imbabazane [Loskop],2525.0,1710.0,5,67.72277227722773,2011
52307001,KZN237 - Estcourt/Loskop,3839.0,2581.0,6,67.23104975253973,2016
52307001,KZN237 - iNkosi Langalibalele,3779.0,2118.0,6,56.04657316750463,2021
52307002,KZ236 - Imbabazane [Loskop],3069.0,1337.0,3,43.56467904855001,2000
52307002,KZ236 - Imbabazane [Loskop],5571.0,2845.0,4,51.06803087416981,2006
52307002,KZN236 - Imbabazane [Loskop],3745.0,2401.0,4,64.11214953271028,2011
52307002,KZN237 - Estcourt/Loskop,4242.0,2443.0,4,57.59075907590759,2016
52307002,KZN237 - iNkosi Langalibalele,4228.0,2162.0,4,51.1352885525071,2021
52307003,KZ236 - Imbabazane [Loskop],2555.0,971.0,4,38.00391389432485,2000
52307003,KZ236 - Imbabazane [Loskop],3452.0,1913.0,4,55.417149478563154,2006
52307003,KZN236 - Imbabazane [Loskop],2906.0,1802.0,4,62.009635237439774,2011
52307003,KZN237 - Estcourt/Loskop,3841.0,2309.0,5,60.11455350169227,2016
52307003,KZN237 - iNkosi Langalibalele,3750.0,1876.0,5,50.02666666666666,2021
52307004,KZ236 - Imbabazane [Loskop],2299.0,953.0,3,41.4528055676381,2000
52307004,KZ236 - Imbabazane [Loskop],2919.0,1484.0,3,50.83932853717026,2006
52307004,KZN236 - Imbabazane [Loskop],3348.0,2149.0,3,64.18757467144563,2011
52307004,KZN237 - Estcourt/Loskop,4159.0,2720.0,3,65.40033661937966,2016
52307004,KZN237 - iNkosi Langalibalele,4192.0,2283.0,3,54.460877862595424,2021
52307005,KZ236 - Imbabazane [Loskop],2932.0,1300.0,2,44.33833560709413,2000
52307005,KZ236 - Imbabazane [Loskop],4444.0,2253.0,2,50.6975697569757,2006
52307005,KZN236 - Imbabazane [Loskop],3325.0,1993.0,2,59.93984962406015,2011
52307005,KZN237 - Estcourt/Loskop,3692.0,2163.0,2,58.58613217768147,2016
52307005,KZN237 - iNkosi Langalibalele,3801.0,2026.0,3,53.301762694027886,2021
52307006,KZ236 - Imbabazane [Loskop],2284.0,1135.0,2,49.69352014010508,2000
52307006,KZ236 - Imbabazane [Loskop],2969.0,1626.0,3,54.76591444930953,2006
52307006,KZN236 - Imbabazane [Loskop],3277.0,2108.0,3,64.32712847116265,2011
52307006,KZN237 - Estcourt/Loskop,4031.0,2720.0,3,67.47705284048622,2016
52307006,KZN237 - iNkosi Langalibalele,4568.0,2651.0,4,58.03415061295972,2021
52307007,KZ236 - Imbabazane [Loskop],3747.0,1610.0,5,42.9677074993328,2000
52307007,KZ236 - Imbabazane [Loskop],4064.0,2173.0,6,53.46948818897638,2006
52307007,KZN236 - Imbabazane [Loskop],4341.0,2877.0,6,66.27505183137527,2011
52307007,KZN237 - Estcourt/Loskop,4511.0,2803.0,6,62.13699844823765,2016
52307007,KZN237 - iNkosi Langalibalele,4285.0,2034.0,6,47.46791131855309,2021
52307008,KZ234 - Umtshezi [Estcourt],3418.0,1799.0,1,52.63311878291399,2000
52307008,KZ234 - Umtshezi [Estcourt],3130.0,633.0,2,20.223642172523963,2006
52307008,KZN234 - Umtshezi [Estcourt],3501.0,2461.0,3,70.29420165666951,2011
52307008,KZN237 - Estcourt/Loskop,4284.0,2828.0,4,66.01307189542483,2016
52307008,KZN237 - iNkosi Langalibalele,4350.0,2424.0,4,55.72413793103448,2021
52307009,KZ234 - Umtshezi [Estcourt],3220.0,0.0,1,0.0,2000
52307009,KZ234 - Umtshezi [Estcourt],3424.0,565.0,2,16.501168224299064,2006
52307009,KZN234 - Umtshezi [Estcourt],3961.0,2902.0,3,73.2643271901035,2011
52307009,KZN237 - Estcourt/Loskop,4537.0,3070.0,3,67.66585849680405,2016
52307009,KZN237 - iNkosi Langalibalele,4399.0,2451.0,3,55.71720845646738,2021
52307010,KZ234 - Umtshezi [Estcourt],3560.0,411.0,2,11.54494382022472,2000
52307010,KZ234 - Umtshezi [Estcourt],3753.0,361.0,2,9.618971489475086,2006
52307010,KZN234 - Umtshezi [Estcourt],4009.0,2284.0,3,56.97181341980544,2011
52307010,KZN237 - Estcourt/Loskop,4567.0,2502.0,3,54.78432231223999,2016
52307010,KZN237 - iNkosi Langalibalele,4461.0,1935.0,3,43.3759246805649,2021
52307011,KZ234 - Umtshezi [Estcourt],291.0,164.0,1,56.3573883161512,2000
52307011,KZ236 - Imbabazane [Loskop],3297.0,1720.0,5,52.1686381558993,2000
52307011,KZ234 - Umtshezi [Estcourt],362.0,228.0,3,62.98342541436463,2006
52307011,KZ236 - Imbabazane [Loskop],6262.0,3187.0,5,50.89428297668477,2006
52307011,KZN234 - Umtshezi [Estcourt],369.0,212.0,3,57.45257452574526,2011
52307011,KZN236 - Imbabazane [Loskop],3628.0,2279.0,5,62.81697905181919,2011
52307011,KZN237 - Estcourt/Loskop,4504.0,2675.0,8,59.39165186500888,2016
52307011,KZN237 - iNkosi Langalibalele,4289.0,2073.0,8,48.33294474236418,2021
52307012,KZ236 - Imbabazane [Loskop],2900.0,1714.0,5,59.10344827586207,2000
52307012,KZ236 - Imbabazane [Loskop],6245.0,3330.0,6,53.3226581265012,2006
52307012,KZN236 - Imbabazane [Loskop],3788.0,2319.0,6,61.21964097148891,2011
52307012,KZN237 - Estcourt/Loskop,3912.0,2378.0,6,60.787321063394685,2016
52307012,KZN237 - iNkosi Langalibalele,3877.0,1936.0,6,49.935517152437455,2021
52307013,KZ236 - Imbabazane [Loskop],4751.0,2792.0,4,58.76657545779835,2000
52307013,KZ236 - Imbabazane [Loskop],3563.0,1924.0,4,53.999438675273645,2006
52307013,KZN236 - Imbabazane [Loskop],4017.0,2701.0,4,67.23923325865073,2011
52307013,KZN237 - Estcourt/Loskop,4529.0,3030.0,4,66.90218591300507,2016
52307013,KZN237 - iNkosi Langalibalele,4509.0,2576.0,4,57.130184076291854,2021
52307014,KZ236 - Imbabazane [Loskop],2406.0,1084.0,2,45.05403158769742,2000
52307014,KZ236 - Imbabazane [Loskop],3756.0,1971.0,3,52.47603833865815,2006
52307014,KZN236 - Imbabazane [Loskop],2717.0,1744.0,3,64.18844313581155,2011
52307014,KZN237 - Estcourt/Loskop,3341.0,2107.0,4,63.06495061358874,2016
52307014,KZN237 - iNkosi Langalibalele,3479.0,1920.0,5,55.18827249209542,2021
52307015,KZ236 - Imbabazane [Loskop],4024.0,2137.0,2,53.10636182902585,2000
52307015,KZ236 - Imbabazane [Loskop],4951.0,2901.0,4,58.59422338921429,2006
52307015,KZN236 - Imbabazane [Loskop],3109.0,2165.0,4,69.63653908009006,2011
52307015,KZN237 - Estcourt/Loskop,3950.0,2607.0,4,66.0,2016
52307015,KZN237 - iNkosi Langalibalele,4164.0,2411.0,4,57.90105667627281,2021
52307016,KZ236 - Imbabazane [Loskop],4318.0,2002.0,3,46.36405743399722,2000
52307016,KZ236 - Imbabazane [Loskop],4929.0,2831.0,5,57.4355853114222,2006
52307016,KZN236 - Imbabazane [Loskop],4633.0,3057.0,5,65.98316425642132,2011
52307016,KZN237 - Estcourt/Loskop,4770.0,2949.0,6,61.82389937106918,2016
52307016,KZN237 - iNkosi Langalibalele,4610.0,2333.0,6,50.60737527114968,2021
52307017,KZ234 - Umtshezi [Estcourt],2987.0,1542.0,2,51.62370271175092,2000
52307017,KZ234 - Umtshezi [Estcourt],3181.0,1711.0,2,53.78811694435712,2006
52307017,KZN234 - Umtshezi [Estcourt],3513.0,2336.0,2,66.49587247366922,2011
52307017,KZN237 - Estcourt/Loskop,3887.0,2478.0,2,63.75096475430924,2016
52307017,KZN237 - iNkosi Langalibalele,4030.0,2013.0,2,49.95037220843672,2021
52307018,KZ234 - Umtshezi [Estcourt],553.0,179.0,1,32.368896925858955,2000
52307018,KZ234 - Umtshezi [Estcourt],1292.0,860.0,4,66.56346749226006,2006
52307018,KZN234 - Umtshezi [Estcourt],2006.0,1389.0,4,69.24227318045862,2011
52307018,KZN237 - Estcourt/Loskop,3560.0,2342.0,4,65.78651685393258,2016
52307018,KZN237 - iNkosi Langalibalele,3890.0,2037.0,5,52.365038560411314,2021
52307019,KZ234 - Umtshezi [Estcourt],3828.0,1990.0,4,51.98537095088819,2000
52307019,KZ234 - Umtshezi [Estcourt],3505.0,2090.0,5,59.62910128388017,2006
52307019,KZN234 - Umtshezi [Estcourt],3466.0,2314.0,7,66.76283900750144,2011
52307019,KZN237 - Estcourt/Loskop,4189.0,2674.0,7,63.83385056099308,2016
52307019,KZN237 - iNkosi Langalibalele,4122.0,2066.0,7,50.12130033964095,2021
52307020,KZ234 - Umtshezi [Estcourt],3365.0,866.0,3,25.735512630014856,2000
52307020,KZ234 - Umtshezi [Estcourt],3999.0,2547.0,5,63.69092273068267,2006
52307020,KZN234 - Umtshezi [Estcourt],2659.0,1608.0,6,60.473862354268526,2011
52307020,KZN237 - Estcourt/Loskop,3448.0,2238.0,6,64.90719257540604,2016
52307020,KZN237 - iNkosi Langalibalele,3706.0,2293.0,6,61.87263896384242,2021
52307021,KZ234 - Umtshezi [Estcourt],2548.0,1602.0,3,62.87284144427001,2000
52307021,KZ234 - Umtshezi [Estcourt],3885.0,2743.0,5,70.6048906048906,2006
52307021,KZN234 - Umtshezi [Estcourt],3904.0,2841.0,6,72.77151639344262,2011
52307021,KZN237 - Estcourt/Loskop,4527.0,3304.0,7,72.98431632427656,2016
52307021,KZN237 - iNkosi Langalibalele,4533.0,2905.0,7,64.08559452900948,2021
52307022,KZ234 - Umtshezi [Estcourt],2079.0,1608.0,3,77.34487734487735,2000
52307022,KZ234 - Umtshezi [Estcourt],3609.0,2609.0,6,72.29149348850098,2006
52307022,KZN234 - Umtshezi [Estcourt],2928.0,2119.0,8,72.37021857923497,2011
52307022,KZN237 - Estcourt/Loskop,3908.0,2896.0,9,74.10440122824974,2016
52307022,KZN237 - iNkosi Langalibalele,4425.0,3052.0,11,68.97175141242938,2021
52307023,KZ234 - Umtshezi [Estcourt],44.0,40.0,1,90.9090909090909,2000
52307023,KZ234 - Umtshezi [Estcourt],1314.0,885.0,4,67.35159817351598,2006
52307023,KZN234 - Umtshezi [Estcourt],3006.0,2286.0,5,76.04790419161677,2011
52307023,KZN237 - Estcourt/Loskop,4651.0,3031.0,5,65.16878090733175,2016
52307023,KZN237 - iNkosi Langalibalele,4820.0,2763.0,6,57.32365145228216,2021
52307024,KZ234 - Umtshezi [Estcourt],34.0,29.0,1,85.29411764705883,2000
52307024,KZ236 - Imbabazane [Loskop],1063.0,347.0,1,32.64346190028222,2000
52307024,KZ234 - Umtshezi [Estcourt],548.0,378.0,1,68.97810218978103,2006
52307024,KZ236 - Imbabazane [Loskop],1165.0,588.0,1,50.472103004291846,2006
52307024,KZN236 - Imbabazane [Loskop],1783.0,1136.0,3,63.71284352215368,2011
52307024,KZN237 - Estcourt/Loskop,2080.0,1356.0,4,65.1923076923077,2016
52307024,KZN237 - iNkosi Langalibalele,2363.0,1303.0,6,55.14176893779095,2021
52308001,KZ232 - Emnambithi [Ladysmith],4932.0,1441.0,2,29.21735604217356,2000
52308001,KZ232 - Emnambithi/Ladysmith [Ladysmith],3481.0,556.0,2,15.972421717897156,2006
52308001,KZN232 - Emnambithi/Ladysmith [Ladysmith],3964.0,2698.0,3,68.06256306760847,2011
52308001,KZN238 - Ladysmith/Waaihoek,4412.0,2900.0,3,65.7298277425204,2016
52308001,KZN238 - Alfred Duma,4139.0,2298.0,3,55.52065716356608,2021
52308002,KZ232 - Emnambithi [Ladysmith],7118.0,3408.0,2,47.87861758921046,2000
52308002,KZ232 - Emnambithi/Ladysmith [Ladysmith],6887.0,3533.0,2,51.29954987657906,2006
52308002,KZN232 - Emnambithi/Ladysmith [Ladysmith],3639.0,2244.0,2,61.66529266281946,2011
52308002,KZN238 - Ladysmith/Waaihoek,4222.0,2562.0,2,60.68214116532449,2016
52308002,KZN238 - Alfred Duma,4201.0,2017.0,2,48.01237800523685,2021
52308003,KZ232 - Emnambithi [Ladysmith],6154.0,3189.0,4,51.81995450113747,2000
52308003,KZ232 - Emnambithi/Ladysmith [Ladysmith],5213.0,2666.0,4,51.14137732591598,2006
52308003,KZN232 - Emnambithi/Ladysmith [Ladysmith],4333.0,2780.0,4,64.15878144472651,2011
52308003,KZN238 - Ladysmith/Waaihoek,4977.0,2922.0,4,58.71006630500302,2016
52308003,KZN238 - Alfred Duma,4799.0,2240.0,4,46.67639091477391,2021
52308004,KZ232 - Emnambithi [Ladysmith],4162.0,876.0,2,21.047573282075923,2000
52308004,KZ232 - Emnambithi/Ladysmith [Ladysmith],4188.0,589.0,2,14.0639923591213,2006
52308004,KZN232 - Emnambithi/Ladysmith [Ladysmith],3272.0,2043.0,2,62.43887530562348,2011
52308004,KZN238 - Ladysmith/Waaihoek,3672.0,2435.0,2,66.31263616557735,2016
52308004,KZN238 - Alfred Duma,3418.0,1856.0,2,54.30076067875951,2021
52308005,KZ232 - Emnambithi [Ladysmith],5656.0,2134.0,2,37.72984441301273,2000
52308005,KZ232 - Emnambithi/Ladysmith [Ladysmith],5236.0,1667.0,2,31.83728036669213,2006
52308005,KZN232 - Emnambithi/Ladysmith [Ladysmith],3742.0,2564.0,2,68.51950828433992,2011
52308005,KZN238 - Ladysmith/Waaihoek,4321.0,3012.0,2,69.70608655403842,2016
52308005,KZN238 - Alfred Duma,4295.0,2441.0,3,56.83352735739232,2021
52308006,KZ232 - Emnambithi [Ladysmith],6923.0,2874.0,2,41.51379459771775,2000
52308006,KZ232 - Emnambithi/Ladysmith [Ladysmith],8495.0,4799.0,2,56.4920541494997,2006
52308006,KZN232 - Emnambithi/Ladysmith [Ladysmith],4091.0,2761.0,3,67.48961134197017,2011
52308006,KZN238 - Ladysmith/Waaihoek,4742.0,3201.0,3,67.50316322226908,2016
52308006,KZN238 - Alfred Duma,4684.0,2339.0,4,49.93595217762596,2021
52308007,KZ232 - Emnambithi [Ladysmith],5764.0,3323.0,2,57.65093684941013,2000
52308007,KZ233 - Indaka [Waaihoek],936.0,684.0,1,73.07692307692307,2000
52308007,KZ232 - Emnambithi/Ladysmith [Ladysmith],5432.0,3050.0,2,56.14874815905744,2006
52308007,KZ233 - Indaka [Waaihoek],2895.0,1578.0,1,54.50777202072538,2006
52308007,KZN232 - Emnambithi/Ladysmith [Ladysmith],3390.0,2242.0,2,66.13569321533923,2011
52308007,KZN233 - Indaka [Waaihoek],974.0,594.0,1,60.98562628336756,2011
52308007,KZN238 - Ladysmith/Waaihoek,5314.0,3394.0,4,63.86902521640948,2016
52308007,KZN238 - Alfred Duma,5244.0,2626.0,5,50.07627765064836,2021
52308008,KZ232 - Emnambithi [Ladysmith],3505.0,502.0,2,14.322396576319544,2000
52308008,KZ232 - Emnambithi/Ladysmith [Ladysmith],5298.0,1230.0,2,23.2163080407701,2006
52308008,KZN232 - Emnambithi/Ladysmith [Ladysmith],3501.0,1990.0,2,56.84090259925736,2011
52308008,KZN238 - Ladysmith/Waaihoek,4292.0,2677.0,3,62.37185461323392,2016
52308008,KZN238 - Alfred Duma,4042.0,1914.0,3,47.35279564571994,2021
52308009,KZ232 - Emnambithi [Ladysmith],2823.0,0.0,1,0.0,2000
52308009,KZ232 - Emnambithi/Ladysmith [Ladysmith],4116.0,1055.0,2,25.631681243926145,2006
52308009,KZN232 - Emnambithi/Ladysmith [Ladysmith],3877.0,2447.0,2,63.11581119422234,2011
52308009,KZN238 - Ladysmith/Waaihoek,4909.0,3217.0,3,65.53269504990833,2016
52308009,KZN238 - Alfred Duma,4888.0,2467.0,3,50.47054009819967,2021
52308010,KZ232 - Emnambithi [Ladysmith],5062.0,0.0,2,0.0,2000
52308010,KZ232 - Emnambithi/Ladysmith [Ladysmith],4561.0,0.0,2,0.0,2006
52308010,KZN232 - Emnambithi/Ladysmith [Ladysmith],4450.0,2228.0,2,50.06741573033708,2011
52308010,KZN238 - Ladysmith/Waaihoek,4259.0,2559.0,2,60.08452688424513,2016
52308010,KZN238 - Alfred Duma,3897.0,1378.0,2,35.36053374390557,2021
52308011,KZ232 - Emnambithi [Ladysmith],5309.0,1869.0,2,35.2043699378414,2000
52308011,KZ232 - Emnambithi/Ladysmith [Ladysmith],4429.0,2210.0,2,49.89839692932942,2006
52308011,KZN232 - Emnambithi/Ladysmith [Ladysmith],3066.0,1884.0,2,61.44814090019569,2011
52308011,KZN238 - Ladysmith/Waaihoek,4703.0,2911.0,2,61.8966617052945,2016
52308011,KZN238 - Alfred Duma,5073.0,2590.0,2,51.05460279913267,2021
52308012,KZ232 - Emnambithi [Ladysmith],3324.0,841.0,2,25.300842358604093,2000
52308012,KZ232 - Emnambithi/Ladysmith [Ladysmith],5473.0,2440.0,2,44.58249588890919,2006
52308012,KZN232 - Emnambithi/Ladysmith [Ladysmith],4190.0,2443.0,2,58.3054892601432,2011
52308012,KZN238 - Ladysmith/Waaihoek,4233.0,2429.0,3,57.38247106071345,2016
52308012,KZN238 - Alfred Duma,3873.0,1945.0,3,50.21946811257423,2021
52308013,KZ232 - Emnambithi [Ladysmith],5846.0,3356.0,2,57.40677386247006,2000
52308013,KZ232 - Emnambithi/Ladysmith [Ladysmith],3259.0,1417.0,3,43.47959496778152,2006
52308013,KZN232 - Emnambithi/Ladysmith [Ladysmith],3720.0,2075.0,3,55.77956989247311,2011
52308013,KZN238 - Ladysmith/Waaihoek,4130.0,2617.0,3,63.365617433414045,2016
52308013,KZN238 - Alfred Duma,3766.0,1825.0,3,48.4599044078598,2021
52308014,KZ232 - Emnambithi [Ladysmith],2998.0,484.0,3,16.144096064042696,2000
52308014,KZ232 - Emnambithi/Ladysmith [Ladysmith],3850.0,1119.0,3,29.064935064935067,2006
52308014,KZN232 - Emnambithi/Ladysmith [Ladysmith],3398.0,2196.0,4,64.6262507357269,2011
52308014,KZN238 - Ladysmith/Waaihoek,3987.0,2563.0,4,64.28392274893403,2016
52308014,KZN238 - Alfred Duma,4013.0,2410.0,4,60.05482182905557,2021
52308015,KZ232 - Emnambithi [Ladysmith],5285.0,2786.0,4,52.71523178807948,2000
52308015,KZ232 - Emnambithi/Ladysmith [Ladysmith],5645.0,3413.0,4,60.46058458813109,2006
52308015,KZN232 - Emnambithi/Ladysmith [Ladysmith],3826.0,2610.0,4,68.21745948771563,2011
52308015,KZN238 - Ladysmith/Waaihoek,4242.0,2667.0,4,62.87128712871287,2016
52308015,KZN238 - Alfred Duma,4225.0,2698.0,4,63.85798816568047,2021
52308016,KZ232 - Emnambithi [Ladysmith],5817.0,3063.0,3,52.65600825167612,2000
52308016,KZ232 - Emnambithi/Ladysmith [Ladysmith],6615.0,3687.0,3,55.73696145124717,2006
52308016,KZN232 - Emnambithi/Ladysmith [Ladysmith],3477.0,2300.0,3,66.14897900488927,2011
52308016,KZN238 - Ladysmith/Waaihoek,4059.0,2602.0,4,64.10445922641046,2016
52308016,KZN238 - Alfred Duma,4056.0,2280.0,4,56.213017751479285,2021
52308017,KZ232 - Emnambithi [Ladysmith],6655.0,3571.0,4,53.65890308039069,2000
52308017,KZ232 - Emnambithi/Ladysmith [Ladysmith],6245.0,3619.0,4,57.95036028823058,2006
52308017,KZN232 - Emnambithi/Ladysmith [Ladysmith],3640.0,2363.0,4,64.91758241758242,2011
52308017,KZN238 - Ladysmith/Waaihoek,4188.0,2674.0,4,63.849092645654245,2016
52308017,KZN238 - Alfred Duma,4125.0,2410.0,4,58.42424242424242,2021
52308018,KZ232 - Emnambithi [Ladysmith],3993.0,1751.0,5,43.85174054595542,2000
52308018,KZ232 - Emnambithi/Ladysmith [Ladysmith],4931.0,2632.0,5,53.37659703914014,2006
52308018,KZN232 - Emnambithi/Ladysmith [Ladysmith],3595.0,2237.0,5,62.22531293463143,2011
52308018,KZN238 - Ladysmith/Waaihoek,4129.0,2500.0,5,60.547348026156456,2016
52308018,KZN238 - Alfred Duma,3874.0,2137.0,5,55.16262261228704,2021
52308019,KZ232 - Emnambithi [Ladysmith],6752.0,3489.0,5,51.67357819905213,2000
52308019,KZ232 - Emnambithi/Ladysmith [Ladysmith],5680.0,3099.0,5,54.55985915492958,2006
52308019,KZN232 - Emnambithi/Ladysmith [Ladysmith],4127.0,2461.0,5,59.63169372425491,2011
52308019,KZN238 - Ladysmith/Waaihoek,4444.0,2549.0,5,57.35823582358236,2016
52308019,KZN238 - Alfred Duma,4217.0,2138.0,5,50.699549442731794,2021
52308020,KZ232 - Emnambithi [Ladysmith],1668.0,0.0,1,0.0,2000
52308020,KZ232 - Emnambithi/Ladysmith [Ladysmith],2094.0,900.0,1,42.97994269340974,2006
52308020,KZN232 - Emnambithi/Ladysmith [Ladysmith],3145.0,1720.0,2,54.68998410174881,2011
52308020,KZN238 - Ladysmith/Waaihoek,3929.0,2389.0,2,60.80427589717485,2016
52308020,KZN238 - Alfred Duma,4249.0,2172.0,2,51.11791009649329,2021
52308021,KZ232 - Emnambithi [Ladysmith],2823.0,0.0,1,0.0,2000
52308021,KZ232 - Emnambithi/Ladysmith [Ladysmith],2988.0,280.0,2,9.370816599732262,2006
52308021,KZN232 - Emnambithi/Ladysmith [Ladysmith],3892.0,2371.0,2,60.919835560123325,2011
52308021,KZN238 - Ladysmith/Waaihoek,4790.0,2771.0,3,57.849686847599166,2016
52308021,KZN238 - Alfred Duma,4724.0,2003.0,3,42.40050804403048,2021
52308022,KZ232 - Emnambithi [Ladysmith],2638.0,1115.0,2,42.26686884003033,2000
52308022,KZ232 - Emnambithi/Ladysmith [Ladysmith],2921.0,1077.0,2,36.87093461143444,2006
52308022,KZN232 - Emnambithi/Ladysmith [Ladysmith],3632.0,1725.0,3,47.49449339207049,2011
52308022,KZN238 - Ladysmith/Waaihoek,4394.0,2288.0,4,52.071005917159766,2016
52308022,KZN238 - Alfred Duma,4413.0,1797.0,4,40.7205982324949,2021
52308023,KZ232 - Emnambithi [Ladysmith],4943.0,2631.0,5,53.22678535302448,2000
52308023,KZ232 - Emnambithi/Ladysmith [Ladysmith],4137.0,2439.0,5,58.955765047135614,2006
52308023,KZN232 - Emnambithi/Ladysmith [Ladysmith],3586.0,2285.0,5,63.72002230897936,2011
52308023,KZN238 - Ladysmith/Waaihoek,4059.0,2575.0,5,63.43927075634392,2016
52308023,KZN238 - Alfred Duma,4305.0,2630.0,5,61.091753774680605,2021
52308024,KZ232 - Emnambithi [Ladysmith],4544.0,2305.0,6,50.7262323943662,2000
52308024,KZ232 - Emnambithi/Ladysmith [Ladysmith],4319.0,2287.0,7,52.95207223894421,2006
52308024,KZ233 - Indaka [Waaihoek],143.0,85.0,1,59.44055944055944,2006
52308024,KZN232 - Emnambithi/Ladysmith [Ladysmith],3867.0,2318.0,7,59.94310835272822,2011
52308024,KZN233 - Indaka [Waaihoek],167.0,88.0,1,52.69461077844312,2011
52308024,KZN238 - Ladysmith/Waaihoek,4593.0,2586.0,8,56.30306988896147,2016
52308024,KZN238 - Alfred Duma,4519.0,2355.0,8,52.113299402522685,2021
52308025,KZ232 - Emnambithi [Ladysmith],2019.0,884.0,1,43.78405151064884,2000
52308025,KZ232 - Emnambithi/Ladysmith [Ladysmith],2652.0,317.0,2,11.953242835595775,2006
52308025,KZN232 - Emnambithi/Ladysmith [Ladysmith],3281.0,2034.0,3,61.9932947272173,2011
52308025,KZN238 - Ladysmith/Waaihoek,4098.0,2593.0,3,63.2747681795998,2016
52308025,KZN238 - Alfred Duma,4457.0,2368.0,4,53.1299080098721,2021
52308026,KZ232 - Emnambithi [Ladysmith],3224.0,1413.0,5,43.82754342431762,2000
52308026,KZ232 - Emnambithi/Ladysmith [Ladysmith],3044.0,1650.0,7,54.204993429697765,2006
52308026,KZN232 - Emnambithi/Ladysmith [Ladysmith],2913.0,1663.0,8,57.08891177480261,2011
52308026,KZN238 - Ladysmith/Waaihoek,4105.0,2689.0,9,65.50548112058465,2016
52308026,KZN238 - Alfred Duma,4282.0,2329.0,9,54.39047174217655,2021
52308027,KZ232 - Emnambithi [Ladysmith],2320.0,1375.0,3,59.26724137931034,2000
52308027,KZ232 - Emnambithi/Ladysmith [Ladysmith],6018.0,3720.0,4,61.814556331006976,2006
52308027,KZN232 - Emnambithi/Ladysmith [Ladysmith],3841.0,2455.0,4,63.91564696693569,2011
52308027,KZN238 - Ladysmith/Waaihoek,5105.0,3102.0,4,60.7639569049951,2016
52308027,KZN238 - Alfred Duma,5100.0,2877.0,5,56.41176470588235,2021
52308028,KZ233 - Indaka [Waaihoek],2906.0,1940.0,6,66.75843083275981,2000
52308028,KZ233 - Indaka [Waaihoek],4770.0,2701.0,6,56.62473794549266,2006
52308028,KZN233 - Indaka [Waaihoek],3471.0,2336.0,6,67.30048977239989,2011
52308028,KZN238 - Ladysmith/Waaihoek,4275.0,2652.0,6,62.03508771929825,2016
52308028,KZN238 - Alfred Duma,4188.0,2413.0,6,57.617000955109845,2021
52308029,KZ233 - Indaka [Waaihoek],3244.0,2227.0,8,68.6498150431566,2000
52308029,KZ233 - Indaka [Waaihoek],7272.0,4491.0,8,61.757425742574256,2006
52308029,KZN233 - Indaka [Waaihoek],3943.0,2742.0,8,69.54095866091808,2011
52308029,KZN238 - Ladysmith/Waaihoek,4451.0,2935.0,8,65.94023814873063,2016
52308029,KZN238 - Alfred Duma,4181.0,2698.0,8,64.53001674240613,2021
52308030,KZ233 - Indaka [Waaihoek],2817.0,1837.0,5,65.21121760738374,2000
52308030,KZ233 - Indaka [Waaihoek],5774.0,3538.0,5,61.27467959819882,2006
52308030,KZN233 - Indaka [Waaihoek],3547.0,2356.0,5,66.42232872850296,2011
52308030,KZN238 - Ladysmith/Waaihoek,4321.0,2722.0,6,62.99467715806526,2016
52308030,KZN238 - Alfred Duma,4163.0,2352.0,6,56.49771799183281,2021
52308031,KZ233 - Indaka [Waaihoek],3091.0,1702.0,6,55.063086379812354,2000
52308031,KZ233 - Indaka [Waaihoek],4393.0,2473.0,8,56.29410425677214,2006
52308031,KZN233 - Indaka [Waaihoek],3545.0,2269.0,8,64.00564174894218,2011
52308031,KZN238 - Ladysmith/Waaihoek,4015.0,2242.0,8,55.84059775840598,2016
52308031,KZN238 - Alfred Duma,3852.0,2198.0,8,57.06126687435099,2021
52308032,KZ233 - Indaka [Waaihoek],3774.0,1955.0,4,51.80180180180181,2000
52308032,KZ233 - Indaka [Waaihoek],6614.0,3727.0,4,56.35016631387965,2006
52308032,KZN233 - Indaka [Waaihoek],4238.0,2636.0,4,62.19915054270883,2011
52308032,KZN238 - Ladysmith/Waaihoek,4994.0,2634.0,6,52.74329195034041,2016
52308032,KZN238 - Alfred Duma,4744.0,2385.0,6,50.27403035413154,2021
52308033,KZ233 - Indaka [Waaihoek],3395.0,1580.0,3,46.53902798232695,2000
52308033,KZ233 - Indaka [Waaihoek],6584.0,3656.0,3,55.52855407047388,2006
52308033,KZN233 - Indaka [Waaihoek],4357.0,2776.0,4,63.71356437915997,2011
52308033,KZN238 - Ladysmith/Waaihoek,4738.0,2718.0,5,57.36597720557197,2016
52308033,KZN238 - Alfred Duma,4795.0,2848.0,5,59.395203336809175,2021
52308034,KZ233 - Indaka [Waaihoek],3752.0,1952.0,5,52.02558635394456,2000
52308034,KZ233 - Indaka [Waaihoek],8000.0,4450.0,5,55.625,2006
52308034,KZN233 - Indaka [Waaihoek],4127.0,2490.0,5,60.33438332929488,2011
52308034,KZN238 - Ladysmith/Waaihoek,4609.0,2470.0,6,53.59080060750705,2016
52308034,KZN238 - Alfred Duma,4405.0,2307.0,6,52.37230419977299,2021
52308035,KZ233 - Indaka [Waaihoek],2959.0,1617.0,4,54.646840148698885,2000
52308035,KZ233 - Indaka [Waaihoek],8214.0,4375.0,4,53.262722181641095,2006
52308035,KZN233 - Indaka [Waaihoek],4217.0,2475.0,5,58.691012568176426,2011
52308035,KZN238 - Ladysmith/Waaihoek,5340.0,3033.0,7,56.79775280898877,2016
52308035,KZN238 - Alfred Duma,5492.0,2799.0,7,50.96504005826657,2021
52308036,KZ233 - Indaka [Waaihoek],3609.0,1755.0,5,48.6284289276808,2000
52308036,KZ233 - Indaka [Waaihoek],5398.0,3050.0,5,56.50240829937013,2006
52308036,KZN233 - Indaka [Waaihoek],4103.0,2480.0,5,60.443577869851325,2011
52308036,KZN238 - Ladysmith/Waaihoek,4646.0,2559.0,5,55.079638398622464,2016
52308036,KZN238 - Alfred Duma,4496.0,2189.0,5,48.687722419928825,2021
52308037,KZ233 - Indaka [Waaihoek],3321.0,2369.0,5,71.33393556157783,2000
52308037,KZ233 - Indaka [Waaihoek],6824.0,4046.0,5,59.290738569753806,2006
52308037,KZN233 - Indaka [Waaihoek],4021.0,2784.0,5,69.23650833126088,2011
52308037,KZN238 - Ladysmith/Waaihoek,4660.0,3117.0,5,66.88841201716738,2016
52308037,KZN238 - Alfred Duma,4494.0,2804.0,5,62.394303515798846,2021
52401001,KZ241 - KZ241 [Dundee],692.0,334.0,2,48.26589595375722,2000
52401001,KZ241 - Endumeni [Dundee],2844.0,1614.0,2,56.75105485232067,2006
52401001,KZN241 - Endumeni [Dundee],2376.0,1590.0,3,66.91919191919192,2011
52401001,KZN241 - Endumeni,3601.0,2161.0,4,60.01110802554845,2016
52401001,KZN241 - eNdumeni,4221.0,2440.0,4,57.80620705993841,2021
52401002,KZ241 - KZ241 [Dundee],1900.0,0.0,1,0.0,2000
52401002,KZ241 - Endumeni [Dundee],1800.0,857.0,1,47.61111111111111,2006
52401002,KZN241 - Endumeni [Dundee],2866.0,1742.0,2,60.78157711095603,2011
52401002,KZN241 - Endumeni,4083.0,2443.0,2,59.83345579230958,2016
52401002,KZN241 - eNdumeni,4042.0,1846.0,2,45.67046016823355,2021
52401003,KZ241 - KZ241 [Dundee],2882.0,0.0,1,0.0,2000
52401003,KZ241 - Endumeni [Dundee],3038.0,0.0,1,0.0,2006
52401003,KZN241 - Endumeni [Dundee],3449.0,1934.0,1,56.0742244128733,2011
52401003,KZN241 - Endumeni,4259.0,2616.0,2,61.42286921812632,2016
52401003,KZN241 - eNdumeni,4618.0,2657.0,2,57.53572975313988,2021
52401004,KZ241 - KZ241 [Dundee],3224.0,1469.0,2,45.564516129032256,2000
52401004,KZ241 - Endumeni [Dundee],3757.0,693.0,2,18.44556827255789,2006
52401004,KZN241 - Endumeni [Dundee],3968.0,2164.0,2,54.53629032258065,2011
52401004,KZN241 - Endumeni,4099.0,2193.0,2,53.50085386679678,2016
52401004,KZN241 - eNdumeni,3981.0,1847.0,2,46.39537804571716,2021
52401005,KZ241 - KZ241 [Dundee],7606.0,4170.0,4,54.82513804890876,2000
52401005,KZ241 - Endumeni [Dundee],5593.0,581.0,4,10.387984981226534,2006
52401005,KZN241 - Endumeni [Dundee],4695.0,2716.0,4,57.84877529286475,2011
52401005,KZN241 - Endumeni,4922.0,2870.0,4,58.30963023161316,2016
52401005,KZN241 - eNdumeni,4785.0,2169.0,4,45.32915360501568,2021
52401006,KZ241 - KZ241 [Dundee],5260.0,2133.0,4,40.551330798479086,2000
52401006,KZ241 - Endumeni [Dundee],3261.0,1408.0,5,43.17693958908311,2006
52401006,KZN241 - Endumeni [Dundee],3688.0,1870.0,5,50.70498915401301,2011
52401006,KZN241 - Endumeni,4388.0,2350.0,6,53.55515041020966,2016
52401006,KZN241 - eNdumeni,4284.0,1905.0,6,44.46778711484593,2021
52401007,KZ241 - KZ241 [Dundee],2778.0,70.0,2,2.51979841612671,2000
52401007,KZ241 - Endumeni [Dundee],3069.0,198.0,3,6.451612903225806,2006
52401007,KZN241 - Endumeni [Dundee],3458.0,1789.0,4,51.73510699826489,2011
52401007,KZN241 - Endumeni,3709.0,2087.0,4,56.268535993529255,2016
52401007,KZN241 - eNdumeni,3794.0,1878.0,4,49.49920927780707,2021
52402001,KZ242 - KZ242 [Nqutu],6862.0,5059.0,5,73.72486155639754,2000
52402001,KZ242 - Nqutu [Nqutu],4808.0,2727.0,6,56.71797004991681,2006
52402001,KZN242 - Nqutu [Nqutu],3535.0,2186.0,6,61.83875530410183,2011
52402001,KZN242 - Nqutu,4151.0,2472.0,6,59.55191520115635,2016
52402001,KZN242 - Nqutu,4145.0,2485.0,6,59.95174909529554,2021
52402002,KZ242 - KZ242 [Nqutu],3971.0,2143.0,5,53.9662553512969,2000
52402002,KZ242 - Nqutu [Nqutu],4561.0,2749.0,7,60.27187020390266,2006
52402002,KZN242 - Nqutu [Nqutu],2961.0,1806.0,8,60.99290780141844,2011
52402002,KZN242 - Nqutu,3645.0,2174.0,8,59.64334705075446,2016
52402002,KZN242 - Nqutu,3711.0,2146.0,8,57.82807868499057,2021
52402003,KZ242 - KZ242 [Nqutu],1397.0,831.0,3,59.48460987831067,2000
52402003,KZ266 - Ulundi [Ulundi],306.0,192.0,1,62.74509803921568,2000
52402003,KZ242 - Nqutu [Nqutu],4650.0,2958.0,8,63.61290322580645,2006
52402003,KZN242 - Nqutu [Nqutu],3452.0,2235.0,9,64.74507531865585,2011
52402003,KZN242 - Nqutu,4380.0,2614.0,9,59.68036529680365,2016
52402003,KZN242 - Nqutu,4781.0,2610.0,9,54.59108973018198,2021
52402004,KZ266 - Ulundi [Ulundi],4912.0,2076.0,3,42.26384364820847,2000
52402004,KZ242 - Nqutu [Nqutu],4377.0,2211.0,4,50.51405071967101,2006
52402004,KZN242 - Nqutu [Nqutu],3322.0,1880.0,4,56.59241420830825,2011
52402004,KZN242 - Nqutu,4059.0,2013.0,4,49.59349593495935,2016
52402004,KZN242 - Nqutu,4104.0,1991.0,4,48.51364522417154,2021
52402005,KZ266 - Ulundi [Ulundi],5178.0,2341.0,5,45.21050598686752,2000
52402005,KZ242 - Nqutu [Nqutu],5925.0,3333.0,6,56.25316455696202,2006
52402005,KZN242 - Nqutu [Nqutu],3635.0,2136.0,8,58.76203576341128,2011
52402005,KZN242 - Nqutu,3940.0,2344.0,8,59.492385786802025,2016
52402005,KZN242 - Nqutu,4205.0,1944.0,8,46.23067776456599,2021
52402006,KZ242 - KZ242 [Nqutu],6650.0,1516.0,2,22.79699248120301,2000
52402006,KZ242 - Nqutu [Nqutu],6925.0,3819.0,5,55.148014440433215,2006
52402006,KZN242 - Nqutu [Nqutu],4151.0,2448.0,5,58.97374126716453,2011
52402006,KZN242 - Nqutu,4589.0,2690.0,5,58.61843538897363,2016
52402006,KZN242 - Nqutu,4622.0,2339.0,5,50.605798355690176,2021
52402007,KZ242 - KZ242 [Nqutu],3996.0,2225.0,4,55.68068068068068,2000
52402007,KZ242 - Nqutu [Nqutu],5119.0,2803.0,4,54.756788435241255,2006
52402007,KZN242 - Nqutu [Nqutu],3259.0,2004.0,7,61.49125498619208,2011
52402007,KZN242 - Nqutu,3746.0,1960.0,7,52.32247730912973,2016
52402007,KZN242 - Nqutu,3983.0,2053.0,7,51.54406226462466,2021
52402008,KZ242 - KZ242 [Nqutu],5063.0,3013.0,4,59.51017183488051,2000
52402008,KZ242 - Nqutu [Nqutu],4947.0,2713.0,4,54.84131797048717,2006
52402008,KZN242 - Nqutu [Nqutu],3289.0,2098.0,5,63.78838552751597,2011
52402008,KZN242 - Nqutu,3974.0,2299.0,5,57.85103170608959,2016
52402008,KZN242 - Nqutu,4148.0,2133.0,5,51.42237222757956,2021
52402009,KZ242 - Nqutu [Nqutu],1889.0,692.0,2,36.63313922710429,2006
52402009,KZN242 - Nqutu [Nqutu],2441.0,1227.0,2,50.26628430970913,2011
52402009,KZN242 - Nqutu,3033.0,1513.0,3,49.8846027035938,2016
52402009,KZN242 - Nqutu,3711.0,1742.0,4,46.94152519536513,2021
52402010,KZ242 - KZ242 [Nqutu],4106.0,361.0,2,8.79201169020945,2000
52402010,KZ242 - Nqutu [Nqutu],4156.0,1826.0,5,43.93647738209817,2006
52402010,KZN242 - Nqutu [Nqutu],3619.0,1986.0,5,54.87703785576126,2011
52402010,KZN242 - Nqutu,4193.0,2249.0,5,53.63701407107083,2016
52402010,KZN242 - Nqutu,4199.0,2267.0,5,53.98904501071684,2021
52402011,KZ242 - KZ242 [Nqutu],6419.0,3149.0,7,49.057485589655705,2000
52402011,KZ242 - Nqutu [Nqutu],3917.0,2281.0,7,58.23334184324739,2006
52402011,KZN242 - Nqutu [Nqutu],3476.0,2161.0,7,62.16915995397008,2011
52402011,KZN242 - Nqutu,3806.0,2167.0,8,56.93641618497109,2016
52402011,KZN242 - Nqutu,3953.0,2205.0,8,55.78041993422717,2021
52402012,KZ242 - KZ242 [Nqutu],5301.0,3300.0,4,62.2524052065648,2000
52402012,KZ242 - Nqutu [Nqutu],6443.0,4425.0,8,68.67918671426354,2006
52402012,KZN242 - Nqutu [Nqutu],3866.0,2320.0,8,60.01034661148474,2011
52402012,KZN242 - Nqutu,4372.0,2575.0,8,58.8975297346752,2016
52402012,KZN242 - Nqutu,4411.0,2391.0,8,54.20539560190433,2021
52402013,KZ242 - KZ242 [Nqutu],5646.0,3481.0,4,61.65426850867871,2000
52402013,KZ242 - Nqutu [Nqutu],5581.0,3501.0,5,62.73069342411755,2006
52402013,KZN242 - Nqutu [Nqutu],3403.0,2099.0,5,61.6808698207464,2011
52402013,KZN242 - Nqutu,4238.0,2652.0,5,62.57668711656442,2016
52402013,KZN242 - Nqutu,4787.0,2707.0,6,56.54898683935659,2021
52402014,KZ242 - KZ242 [Nqutu],6284.0,3504.0,4,55.76066199872693,2000
52402014,KZ242 - Nqutu [Nqutu],7768.0,4097.0,5,52.74201853759012,2006
52402014,KZN242 - Nqutu [Nqutu],3605.0,2191.0,6,60.77669902912621,2011
52402014,KZN242 - Nqutu,4130.0,2334.0,6,56.5133171912833,2016
52402014,KZN242 - Nqutu,4193.0,2185.0,7,52.110660624850944,2021
52402015,KZ242 - KZ242 [Nqutu],4423.0,2097.0,3,47.41125932624915,2000
52402015,KZ242 - Nqutu [Nqutu],5071.0,2516.0,3,49.61546046144745,2006
52402015,KZN242 - Nqutu [Nqutu],3446.0,2091.0,4,60.67904817179338,2011
52402015,KZN242 - Nqutu,3915.0,2200.0,4,56.1941251596424,2016
52402015,KZN242 - Nqutu,4123.0,2183.0,4,52.946883337375695,2021
52402016,KZ242 - KZ242 [Nqutu],5711.0,3103.0,4,54.33374190159341,2000
52402016,KZ242 - Nqutu [Nqutu],3818.0,2301.0,5,60.26715557883709,2006
52402016,KZN242 - Nqutu [Nqutu],3754.0,2439.0,8,64.9706979222163,2011
52402016,KZN242 - Nqutu,4516.0,2512.0,9,55.62444641275464,2016
52402016,KZN242 - Nqutu,4651.0,2476.0,9,53.235863255213935,2021
52402017,KZ242 - KZ242 [Nqutu],6469.0,2918.0,2,45.10743546143144,2000
52402017,KZ242 - Nqutu [Nqutu],3589.0,1258.0,3,35.051546391752574,2006
52402017,KZN242 - Nqutu [Nqutu],3265.0,1920.0,4,58.80551301684533,2011
52402017,KZN242 - Nqutu,4027.0,2260.0,4,56.12118202135585,2016
52402017,KZN242 - Nqutu,4060.0,2098.0,4,51.67487684729064,2021
52402018,KZ242 - KZ242 [Nqutu],4752.0,2873.0,4,60.45875420875421,2000
52402018,KZ242 - Nqutu [Nqutu],6838.0,3690.0,6,53.963147119040656,2006
52402018,KZN242 - Nqutu [Nqutu],3680.0,2227.0,6,60.516304347826086,2011
52402018,KZN242 - Nqutu,4259.0,2445.0,7,57.40784221648274,2016
52402018,KZN242 - Nqutu,4248.0,2219.0,7,52.236346516007536,2021
52402019,KZ242 - KZ242 [Nqutu],6874.0,3020.0,3,43.93366307826593,2000
52402019,KZ242 - Nqutu [Nqutu],4264.0,2305.0,5,54.05722326454033,2006
52402019,KZN242 - Nqutu [Nqutu],3617.0,2275.0,5,62.897428808404754,2011
52402019,KZN242 - Nqutu,4124.0,2381.0,5,57.73520853540253,2016
52402019,KZN242 - Nqutu,4289.0,2285.0,5,53.275821869899744,2021
52404001,KZ244 - Umsinga [Pomeroy],5093.0,3288.0,5,64.55919890045159,2000
52404001,KZ244 - Msinga [Pomeroy],4092.0,2179.0,7,53.25024437927664,2006
52404001,KZN244 - Msinga [Pomeroy],3172.0,1922.0,7,60.59268600252207,2011
52404001,KZN244 - Msinga,3775.0,2176.0,8,57.64238410596027,2016
52404001,KZN244 - uMsinga,4089.0,2146.0,8,52.4822695035461,2021
52404002,KZ244 - Umsinga [Pomeroy],4967.0,2776.0,6,55.88886651902557,2000
52404002,KZ244 - Msinga [Pomeroy],4327.0,2555.0,7,59.04783914952623,2006
52404002,KZN244 - Msinga [Pomeroy],3596.0,2255.0,7,62.70856507230256,2011
52404002,KZN244 - Msinga,4301.0,2661.0,7,61.86933271332248,2016
52404002,KZN244 - uMsinga,4399.0,2282.0,7,51.87542623323482,2021
52404003,KZ244 - Umsinga [Pomeroy],3067.0,1882.0,5,61.36289533746332,2000
52404003,KZ244 - Msinga [Pomeroy],4532.0,2784.0,6,61.42983230361872,2006
52404003,KZN244 - Msinga [Pomeroy],3912.0,2689.0,7,68.73721881390593,2011
52404003,KZN244 - Msinga,4873.0,3344.0,7,68.62302483069978,2016
52404003,KZN244 - uMsinga,5023.0,3037.0,7,60.4618753732829,2021
52404004,KZ244 - Umsinga [Pomeroy],7272.0,3423.0,5,47.07095709570957,2000
52404004,KZ244 - Msinga [Pomeroy],5382.0,2491.0,5,46.28390932738759,2006
52404004,KZN244 - Msinga [Pomeroy],3767.0,2358.0,7,62.59623042208654,2011
52404004,KZN244 - Msinga,4658.0,3180.0,7,68.26964362387291,2016
52404004,KZN244 - uMsinga,4546.0,2478.0,7,54.50945886493621,2021
52404005,KZ244 - Umsinga [Pomeroy],1623.0,1014.0,2,62.47689463955638,2000
52404005,KZ244 - Msinga [Pomeroy],3583.0,2041.0,5,56.96343845939157,2006
52404005,KZN244 - Msinga [Pomeroy],2991.0,1956.0,5,65.39618856569709,2011
52404005,KZN244 - Msinga,3846.0,2617.0,5,68.04472178887156,2016
52404005,KZN244 - uMsinga,3785.0,2218.0,7,58.599735799207394,2021
52404006,KZ244 - Umsinga [Pomeroy],4625.0,3335.0,4,72.1081081081081,2000
52404006,KZ244 - Msinga [Pomeroy],5460.0,3092.0,4,56.63003663003663,2006
52404006,KZN244 - Msinga [Pomeroy],3322.0,2162.0,5,65.08127633955448,2011
52404006,KZN244 - Msinga,4076.0,2867.0,5,70.33856722276742,2016
52404006,KZN244 - uMsinga,4034.0,2170.0,5,53.792761527020325,2021
52404007,KZ244 - Umsinga [Pomeroy],5519.0,3827.0,6,69.34227215075195,2000
52404007,KZ244 - Msinga [Pomeroy],5761.0,3433.0,7,59.590348897760805,2006
52404007,KZN244 - Msinga [Pomeroy],3956.0,2574.0,8,65.06572295247724,2011
52404007,KZN244 - Msinga,4691.0,3181.0,8,67.81070134299722,2016
52404007,KZN244 - uMsinga,4523.0,2424.0,8,53.59274817598939,2021
52404008,KZ244 - Umsinga [Pomeroy],3822.0,1555.0,3,40.68550497121925,2000
52404008,KZ244 - Msinga [Pomeroy],4243.0,2724.0,4,64.19985859061984,2006
52404008,KZN244 - Msinga [Pomeroy],3877.0,2712.0,5,69.95099303585246,2011
52404008,KZN244 - Msinga,4656.0,3262.0,5,70.06013745704468,2016
52404008,KZN244 - uMsinga,4394.0,2596.0,5,59.08056440600819,2021
52404009,KZ244 - Umsinga [Pomeroy],4247.0,2897.0,7,68.21285613374147,2000
52404009,KZ244 - Msinga [Pomeroy],5312.0,3151.0,7,59.31852409638554,2006
52404009,KZN244 - Msinga [Pomeroy],3663.0,2344.0,7,63.99126399126399,2011
52404009,KZN244 - Msinga,4004.0,2605.0,8,65.05994005994006,2016
52404009,KZN244 - uMsinga,3948.0,2133.0,8,54.02735562310031,2021
52404010,KZ244 - Umsinga [Pomeroy],6413.0,4427.0,3,69.03165445189458,2000
52404010,KZ244 - Msinga [Pomeroy],4729.0,2989.0,3,63.20575174455488,2006
52404010,KZN244 - Msinga [Pomeroy],3333.0,2331.0,4,69.93699369936994,2011
52404010,KZN244 - Msinga,3833.0,2700.0,5,70.44090790503522,2016
52404010,KZN244 - uMsinga,4075.0,2396.0,7,58.79754601226994,2021
52404011,KZ244 - Umsinga [Pomeroy],3661.0,848.0,5,23.163070199399076,2000
52404011,KZ244 - Msinga [Pomeroy],3560.0,2272.0,5,63.82022471910113,2006
52404011,KZN244 - Msinga [Pomeroy],3768.0,2640.0,5,70.06369426751591,2011
52404011,KZN244 - Msinga,4258.0,2983.0,6,70.05636449037107,2016
52404011,KZN244 - uMsinga,4287.0,2698.0,6,62.9344529974341,2021
52404012,KZ244 - Umsinga [Pomeroy],2814.0,1447.0,4,51.42146410803127,2000
52404012,KZ244 - Msinga [Pomeroy],2440.0,1378.0,4,56.47540983606557,2006
52404012,KZN244 - Msinga [Pomeroy],3287.0,3069.0,5,93.3678125950715,2011
52404012,KZN244 - Msinga,4210.0,2802.0,5,66.55581947743468,2016
52404012,KZN244 - uMsinga,4230.0,2518.0,5,59.52718676122931,2021
52404013,KZ244 - Umsinga [Pomeroy],3668.0,2258.0,7,61.55943293347873,2000
52404013,KZ244 - Msinga [Pomeroy],5055.0,2728.0,8,53.96636993076163,2006
52404013,KZN244 - Msinga [Pomeroy],3503.0,2414.0,11,68.91236083357123,2011
52404013,KZN244 - Msinga,4079.0,2924.0,11,71.68423633243442,2016
52404013,KZN244 - uMsinga,4183.0,2397.0,11,57.30337078651685,2021
52404014,KZ244 - Umsinga [Pomeroy],4569.0,3040.0,4,66.53534690304224,2000
52404014,KZ244 - Msinga [Pomeroy],3743.0,2177.0,5,58.161902217472615,2006
52404014,KZN244 - Msinga [Pomeroy],2530.0,1653.0,5,65.33596837944664,2011
52404014,KZN244 - Msinga,3126.0,2206.0,5,70.56941778630839,2016
52404014,KZN244 - uMsinga,3687.0,2171.0,6,58.88256034716572,2021
52404015,KZ244 - Umsinga [Pomeroy],6646.0,4085.0,5,61.46554318387,2000
52404015,KZ244 - Msinga [Pomeroy],4248.0,2519.0,7,59.2984934086629,2006
52404015,KZN244 - Msinga [Pomeroy],3408.0,2328.0,8,68.30985915492957,2011
52404015,KZN244 - Msinga,4103.0,2740.0,8,66.78040458201316,2016
52404015,KZN244 - uMsinga,4067.0,2048.0,8,50.35652815343005,2021
52404016,KZ244 - Umsinga [Pomeroy],3623.0,2294.0,6,63.31769252001104,2000
52404016,KZ244 - Msinga [Pomeroy],2877.0,1740.0,6,60.47966631908238,2006
52404016,KZN244 - Msinga [Pomeroy],3117.0,2074.0,7,66.53833814565287,2011
52404016,KZN244 - Msinga,3711.0,2510.0,7,67.63675559148477,2016
52404016,KZN244 - uMsinga,3790.0,1992.0,7,52.55936675461741,2021
52404017,KZ244 - Umsinga [Pomeroy],3867.0,1760.0,5,45.51331781742953,2000
52404017,KZ244 - Msinga [Pomeroy],2728.0,1532.0,5,56.158357771261,2006
52404017,KZN244 - Msinga [Pomeroy],2732.0,1729.0,5,63.28696925329429,2011
52404017,KZN244 - Msinga,3331.0,2105.0,5,63.19423596517563,2016
52404017,KZN244 - uMsinga,3513.0,1952.0,6,55.5650441218332,2021
52404018,KZ244 - Umsinga [Pomeroy],2188.0,1217.0,3,55.62157221206581,2000
52404018,KZ244 - Msinga [Pomeroy],2998.0,1775.0,3,59.206137424949965,2006
52404018,KZN244 - Msinga [Pomeroy],3241.0,2175.0,4,67.10891700092564,2011
52404018,KZN244 - Msinga,3983.0,2563.0,4,64.34848104443887,2016
52404018,KZN244 - uMsinga,4173.0,2111.0,5,50.58710759645339,2021
52404019,KZ244 - Umsinga [Pomeroy],2771.0,1731.0,5,62.46842295200289,2000
52404019,KZ244 - Msinga [Pomeroy],3482.0,2120.0,5,60.884549109707066,2006
52404019,KZN244 - Msinga [Pomeroy],3339.0,2188.0,6,65.52860137765798,2011
52404019,KZN244 - Msinga,3895.0,2501.0,6,64.21052631578948,2016
52404019,KZN244 - uMsinga,3731.0,1928.0,6,51.6751541141785,2021
52404020,KZ244 - Umsinga [Pomeroy],4870.0,3123.0,5,64.12731006160163,2000
52404020,KZ244 - Msinga [Pomeroy],4628.0,2990.0,5,64.60674157303372,2006
52404020,KZN244 - Msinga [Pomeroy],3311.0,2110.0,5,63.72697070371489,2011
52404020,KZN244 - Msinga,3994.0,2505.0,6,62.7190786179269,2016
52404020,KZN244 - uMsinga,3831.0,1988.0,6,51.89245627773428,2021
52404021,KZ244 - Umsinga [Pomeroy],3522.0,1887.0,5,53.57751277683135,2000
52404021,KZ244 - Msinga [Pomeroy],4773.0,3056.0,7,64.0268175151896,2006
52404021,KZN244 - Msinga [Pomeroy],3488.0,2195.0,7,62.93004587155964,2011
52404021,KZN244 - Msinga,3965.0,2385.0,8,60.15132408575031,2016
52404021,KZN244 - uMsinga,3799.0,2080.0,9,54.75125032903395,2021
52405001,KZ245 - Umvoti [Greytown],6598.0,3574.0,8,54.16792967565929,2000
52405001,KZ245 - Umvoti [Greytown],7579.0,3594.0,8,47.42050402427761,2006
52405001,KZN245 - Umvoti [Greytown],4045.0,2531.0,9,62.57107540173054,2011
52405001,KZN245 - Umvoti,4624.0,2917.0,11,63.08391003460208,2016
52405001,KZN245 - uMvoti,4782.0,2706.0,13,56.58720200752823,2021
52405002,KZ245 - Umvoti [Greytown],3387.0,1372.0,2,40.507824033067614,2000
52405002,KZ245 - Umvoti [Greytown],3139.0,1729.0,3,55.08123606244026,2006
52405002,KZN245 - Umvoti [Greytown],2975.0,1869.0,3,62.82352941176471,2011
52405002,KZN245 - Umvoti,3815.0,2342.0,3,61.389252948885975,2016
52405002,KZN245 - uMvoti,3758.0,1944.0,3,51.72964342735498,2021
52405003,KZ245 - Umvoti [Greytown],5493.0,2817.0,3,51.28345166575642,2000
52405003,KZ245 - Umvoti [Greytown],3358.0,564.0,3,16.79571173317451,2006
52405003,KZN245 - Umvoti [Greytown],3324.0,2306.0,5,69.37424789410349,2011
52405003,KZN245 - Umvoti,3674.0,2450.0,6,66.68481219379423,2016
52405003,KZN245 - uMvoti,3635.0,2269.0,6,62.420907840440165,2021
52405004,KZ245 - Umvoti [Greytown],3423.0,1963.0,5,57.34735612036226,2000
52405004,KZ245 - Umvoti [Greytown],6947.0,4114.0,6,59.21980711098316,2006
52405004,KZN245 - Umvoti [Greytown],3700.0,2463.0,6,66.56756756756756,2011
52405004,KZN245 - Umvoti,4360.0,2674.0,7,61.3302752293578,2016
52405004,KZN245 - uMvoti,4537.0,2434.0,7,53.64778487987657,2021
52405005,KZ245 - Umvoti [Greytown],6140.0,2449.0,5,39.88599348534202,2000
52405005,KZ245 - Umvoti [Greytown],5302.0,2409.0,5,45.43568464730291,2006
52405005,KZN245 - Umvoti [Greytown],3723.0,2212.0,8,59.41445071179157,2011
52405005,KZN245 - Umvoti,4293.0,2673.0,9,62.264150943396224,2016
52405005,KZN245 - uMvoti,4449.0,2352.0,9,52.8658125421443,2021
52405006,KZ245 - Umvoti [Greytown],4748.0,1936.0,4,40.77506318449874,2000
52405006,KZ245 - Umvoti [Greytown],6438.0,3105.0,8,48.229263746505126,2006
52405006,KZN245 - Umvoti [Greytown],3918.0,2258.0,10,57.63144461459928,2011
52405006,KZN245 - Umvoti,4458.0,2681.0,11,60.13907581875281,2016
52405006,KZN245 - uMvoti,4399.0,2442.0,11,55.512616503750856,2021
52405007,KZ245 - Umvoti [Greytown],3604.0,0.0,1,0.0,2000
52405007,KZ245 - Umvoti [Greytown],4056.0,757.0,2,18.66370808678501,2006
52405007,KZN245 - Umvoti [Greytown],4282.0,2942.0,3,68.70621205044371,2011
52405007,KZN245 - Umvoti,5185.0,3475.0,3,67.02025072324011,2016
52405007,KZN245 - uMvoti,5885.0,3312.0,3,56.278674596431614,2021
52405008,KZ245 - Umvoti [Greytown],3516.0,1612.0,1,45.84755403868032,2000
52405008,KZ223 - Mooi Mpofana [Mooirivier],399.0,312.0,1,78.19548872180451,2006
52405008,KZ245 - Umvoti [Greytown],2189.0,1221.0,3,55.778894472361806,2006
52405008,KZN223 - Mooi Mpofana [Mooirivier],632.0,450.0,1,71.20253164556962,2011
52405008,KZN245 - Umvoti [Greytown],2289.0,1409.0,4,61.55526430755789,2011
52405008,KZN245 - Umvoti,3520.0,2536.0,5,72.04545454545455,2016
52405008,KZN245 - uMvoti,3510.0,2159.0,5,61.50997150997151,2021
52405009,KZ245 - Umvoti [Greytown],2311.0,824.0,1,35.65556036347901,2000
52405009,KZ245 - Umvoti [Greytown],3291.0,0.0,1,0.0,2006
52405009,KZN245 - Umvoti [Greytown],3661.0,2060.0,2,56.2687790221251,2011
52405009,KZN245 - Umvoti,3742.0,2036.0,4,54.40940673436665,2016
52405009,KZN245 - uMvoti,4202.0,2216.0,5,52.73679200380771,2021
52405010,KZ245 - Umvoti [Greytown],8873.0,2985.0,4,33.64138397385326,2000
52405010,KZ245 - Umvoti [Greytown],6621.0,2440.0,5,36.852439208578765,2006
52405010,KZN245 - Umvoti [Greytown],3702.0,1874.0,5,50.62128579146408,2011
52405010,KZN245 - Umvoti,3853.0,2070.0,5,53.72437062029587,2016
52405010,KZN245 - uMvoti,3317.0,1295.0,5,39.041302381670185,2021
52405011,KZ223 - KZ223 [Mooirivier],1302.0,1053.0,1,80.87557603686636,2000
52405011,KZ245 - Umvoti [Greytown],2423.0,1100.0,2,45.39826661163847,2000
52405011,KZ223 - Mooi Mpofana [Mooirivier],901.0,537.0,2,59.600443951165374,2006
52405011,KZ245 - Umvoti [Greytown],2295.0,1305.0,3,56.86274509803921,2006
52405011,KZN223 - Mooi Mpofana [Mooirivier],966.0,570.0,2,59.00621118012423,2011
52405011,KZN245 - Umvoti [Greytown],2645.0,1707.0,4,64.53686200378071,2011
52405011,KZN245 - Umvoti,4698.0,3184.0,6,67.77352064708386,2016
52405011,KZN245 - uMvoti,4548.0,2580.0,6,56.72823218997362,2021
52405012,KZ244 - Umsinga [Pomeroy],4869.0,3073.0,5,63.11357568289176,2000
52405012,KZ245 - Umvoti [Greytown],717.0,298.0,1,41.56206415620641,2000
52405012,KZ244 - Msinga [Pomeroy],2916.0,1490.0,5,51.09739368998628,2006
52405012,KZ245 - Umvoti [Greytown],882.0,464.0,2,52.60770975056689,2006
52405012,KZN244 - Msinga [Pomeroy],3070.0,2057.0,7,67.00325732899023,2011
52405012,KZN245 - Umvoti [Greytown],1047.0,673.0,2,64.27889207258835,2011
52405012,KZN245 - Umvoti,4700.0,2890.0,9,61.48936170212767,2016
52405012,KZN245 - uMvoti,4424.0,2385.0,9,53.91048824593129,2021
52405013,KZ245 - Umvoti [Greytown],4437.0,2450.0,2,55.2174892945684,2000
52405013,KZ245 - Umvoti [Greytown],6382.0,3420.0,2,53.588216859918525,2006
52405013,KZN245 - Umvoti [Greytown],2885.0,1794.0,3,62.183708838821495,2011
52405013,KZN245 - Umvoti,3479.0,2185.0,4,62.80540385168152,2016
52405013,KZN245 - uMvoti,3597.0,2068.0,4,57.49235474006116,2021
52405014,KZ244 - Umsinga [Pomeroy],969.0,466.0,2,48.09081527347781,2000
52405014,KZ245 - Umvoti [Greytown],629.0,252.0,1,40.06359300476948,2000
52405014,KZ244 - Msinga [Pomeroy],743.0,322.0,2,43.337819650067296,2006
52405014,KZ245 - Umvoti [Greytown],3930.0,1991.0,2,50.661577608142494,2006
52405014,KZN244 - Msinga [Pomeroy],684.0,380.0,2,55.55555555555556,2011
52405014,KZN245 - Umvoti [Greytown],2268.0,1557.0,4,68.65079365079364,2011
52405014,KZN245 - Umvoti,4149.0,2869.0,7,69.14919257652447,2016
52405014,KZN245 - uMvoti,4458.0,2688.0,8,60.296096904441455,2021
52502001,KZ252 - Newcastle [Newcastle],4909.0,2635.0,4,53.67691994296191,2000
52502001,KZ252 - Newcastle [Newcastle],6585.0,3720.0,6,56.49202733485193,2006
52502001,KZN252 - Newcastle [Newcastle],3803.0,2363.0,6,62.13515645542992,2011
52502001,KZN252 - Newcastle,4733.0,2802.0,7,59.20135220790197,2016
52502001,KZN252 - Newcastle,4913.0,2113.0,8,43.00834520659475,2021
52502002,KZ252 - Newcastle [Newcastle],1591.0,832.0,1,52.29415461973601,2000
52502002,KZ252 - Newcastle [Newcastle],5265.0,2571.0,1,48.831908831908834,2006
52502002,KZN252 - Newcastle [Newcastle],2296.0,1426.0,1,62.10801393728222,2011
52502002,KZN252 - Newcastle,4827.0,3313.0,3,68.63476279262481,2016
52502002,KZN252 - Newcastle,5015.0,2688.0,3,53.59920239282153,2021
52502003,KZ252 - Newcastle [Newcastle],4249.0,0.0,2,0.0,2000
52502003,KZ252 - Newcastle [Newcastle],6472.0,2238.0,2,34.57972805933251,2006
52502003,KZN252 - Newcastle [Newcastle],4250.0,2057.0,2,48.4,2011
52502003,KZN252 - Newcastle,4721.0,2004.0,2,42.44863376403305,2016
52502003,KZN252 - Newcastle,4485.0,1995.0,2,44.481605351170565,2021
52502004,KZ252 - Newcastle [Newcastle],7353.0,2629.0,2,35.754113967088266,2000
52502004,KZ252 - Newcastle [Newcastle],4565.0,804.0,2,17.612267250821468,2006
52502004,KZN252 - Newcastle [Newcastle],5434.0,3133.0,3,57.655502392344495,2011
52502004,KZN252 - Newcastle,4671.0,2771.0,3,59.32348533504603,2016
52502004,KZN252 - Newcastle,4547.0,2178.0,3,47.89971409720695,2021
52502005,KZ252 - Newcastle [Newcastle],2934.0,944.0,2,32.1745057941377,2000
52502005,KZ252 - Newcastle [Newcastle],9708.0,2963.0,2,30.521219612690565,2006
52502005,KZN252 - Newcastle [Newcastle],4465.0,2131.0,2,47.72676371780515,2011
52502005,KZN252 - Newcastle,6313.0,2946.0,2,46.66561064470141,2016
52502005,KZN252 - Newcastle,5874.0,1784.0,2,30.37112700034048,2021
52502006,KZ252 - Newcastle [Newcastle],868.0,260.0,1,29.95391705069124,2000
52502006,KZ252 - Newcastle [Newcastle],4575.0,2412.0,3,52.72131147540984,2006
52502006,KZN252 - Newcastle [Newcastle],3468.0,2396.0,4,69.0888119953864,2011
52502006,KZN252 - Newcastle,4984.0,3013.0,4,60.45345104333868,2016
52502006,KZN252 - Newcastle,5617.0,2848.0,4,50.70322236069076,2021
52502007,KZ252 - Newcastle [Newcastle],3953.0,2140.0,2,54.136099165191,2000
52502007,KZ252 - Newcastle [Newcastle],3365.0,1591.0,2,47.28083209509658,2006
52502007,KZN252 - Newcastle [Newcastle],4070.0,2623.0,3,64.44717444717445,2011
52502007,KZN252 - Newcastle,5834.0,3478.0,3,59.616043880699344,2016
52502007,KZN252 - Newcastle,6261.0,2485.0,4,39.69014534419421,2021
52502008,KZ252 - Newcastle [Newcastle],5969.0,2272.0,2,38.063327190484166,2000
52502008,KZ252 - Newcastle [Newcastle],9638.0,3809.0,2,39.52064743722764,2006
52502008,KZN252 - Newcastle [Newcastle],4149.0,2625.0,2,63.26825741142444,2011
52502008,KZN252 - Newcastle,4586.0,2835.0,2,61.818578281727,2016
52502008,KZN252 - Newcastle,4431.0,2124.0,2,47.93500338524036,2021
52502009,KZ252 - Newcastle [Newcastle],2775.0,1002.0,1,36.108108108108105,2000
52502009,KZ254 - Dannhauser [Durnacol],2534.0,1133.0,1,44.7119179163378,2000
52502009,KZ252 - Newcastle [Newcastle],6183.0,3145.0,2,50.865275756105454,2006
52502009,KZN252 - Newcastle [Newcastle],3467.0,2095.0,2,60.42688203057398,2011
52502009,KZN252 - Newcastle,5489.0,3398.0,3,61.90562944069959,2016
52502009,KZN252 - Newcastle,5519.0,2506.0,3,45.40677658996195,2021
52502010,KZ252 - Newcastle [Newcastle],6002.0,2337.0,2,38.93702099300233,2000
52502010,KZ252 - Newcastle [Newcastle],8922.0,4506.0,2,50.50437121721587,2006
52502010,KZN252 - Newcastle [Newcastle],3477.0,2159.0,2,62.09375898763302,2011
52502010,KZN252 - Newcastle,4161.0,2493.0,2,59.91348233597693,2016
52502010,KZN252 - Newcastle,4224.0,1911.0,3,45.24147727272727,2021
52502011,KZ252 - Newcastle [Newcastle],8196.0,3325.0,2,40.568570034163,2000
52502011,KZ252 - Newcastle [Newcastle],6442.0,3206.0,2,49.76715305805651,2006
52502011,KZN252 - Newcastle [Newcastle],3667.0,2270.0,2,61.90346332151623,2011
52502011,KZN252 - Newcastle,4708.0,2991.0,3,63.53016142735769,2016
52502011,KZN252 - Newcastle,4633.0,2193.0,3,47.33434060004317,2021
52502012,KZ252 - Newcastle [Newcastle],10377.0,4600.0,3,44.32880408595933,2000
52502012,KZ252 - Newcastle [Newcastle],6406.0,3693.0,3,57.64907898844833,2006
52502012,KZN252 - Newcastle [Newcastle],4401.0,2644.0,3,60.07725516927971,2011
52502012,KZN252 - Newcastle,5656.0,3334.0,3,58.94625176803394,2016
52502012,KZN252 - Newcastle,5738.0,2794.0,3,48.69292436388986,2021
52502013,KZ252 - Newcastle [Newcastle],4018.0,696.0,2,17.322050771528126,2000
52502013,KZ252 - Newcastle [Newcastle],3883.0,821.0,2,21.14344578933814,2006
52502013,KZN252 - Newcastle [Newcastle],4072.0,2546.0,2,62.52455795677799,2011
52502013,KZN252 - Newcastle,4618.0,2894.0,2,62.66782156777826,2016
52502013,KZN252 - Newcastle,4308.0,1897.0,2,44.03435468895079,2021
52502014,KZ252 - Newcastle [Newcastle],10017.0,3496.0,2,34.90066886293302,2000
52502014,KZ252 - Newcastle [Newcastle],4433.0,687.0,2,15.497405819986463,2006
52502014,KZN252 - Newcastle [Newcastle],4917.0,2568.0,2,52.22696766320928,2011
52502014,KZN252 - Newcastle,5993.0,2850.0,3,47.55548139496079,2016
52502014,KZN252 - Newcastle,6010.0,2797.0,3,46.53910149750416,2021
52502015,KZ252 - Newcastle [Newcastle],6696.0,1951.0,2,29.13679808841099,2000
52502015,KZ252 - Newcastle [Newcastle],7752.0,2820.0,3,36.37770897832817,2006
52502015,KZN252 - Newcastle [Newcastle],4918.0,2954.0,3,60.06506710044734,2011
52502015,KZN252 - Newcastle,5719.0,3438.0,3,60.11540479104739,2016
52502015,KZN252 - Newcastle,5739.0,2766.0,3,48.19654992158912,2021
52502016,KZ252 - Newcastle [Newcastle],6452.0,1589.0,2,24.62802231866088,2000
52502016,KZ252 - Newcastle [Newcastle],6208.0,1595.0,2,25.692654639175256,2006
52502016,KZN252 - Newcastle [Newcastle],4823.0,2862.0,2,59.34065934065934,2011
52502016,KZN252 - Newcastle,5642.0,3424.0,2,60.68769939737682,2016
52502016,KZN252 - Newcastle,5487.0,2731.0,2,49.77218880991434,2021
52502017,KZ252 - Newcastle [Newcastle],5263.0,1494.0,2,28.38685160554817,2000
52502017,KZ252 - Newcastle [Newcastle],5374.0,1734.0,2,32.26646818012654,2006
52502017,KZN252 - Newcastle [Newcastle],4017.0,2597.0,2,64.65023649489669,2011
52502017,KZN252 - Newcastle,6011.0,3862.0,4,64.24887705872567,2016
52502017,KZN252 - Newcastle,5838.0,2841.0,4,48.6639260020555,2021
52502018,KZ252 - Newcastle [Newcastle],7212.0,3358.0,2,46.56128674431503,2000
52502018,KZ252 - Newcastle [Newcastle],4598.0,948.0,2,20.61765985210961,2006
52502018,KZN252 - Newcastle [Newcastle],5341.0,3264.0,2,61.11215128253136,2011
52502018,KZN252 - Newcastle,6146.0,3797.0,5,61.78001952489424,2016
52502018,KZN252 - Newcastle,6025.0,3164.0,5,52.51452282157676,2021
52502019,KZ252 - Newcastle [Newcastle],6235.0,2085.0,2,33.440256615878106,2000
52502019,KZ252 - Newcastle [Newcastle],3889.0,720.0,2,18.513756749807147,2006
52502019,KZN252 - Newcastle [Newcastle],5001.0,2916.0,3,58.308338332333534,2011
52502019,KZN252 - Newcastle,5948.0,3532.0,3,59.38130464021519,2016
52502019,KZN252 - Newcastle,5866.0,2687.0,3,45.80634162973065,2021
52502020,KZ252 - Newcastle [Newcastle],10524.0,4121.0,2,39.15811478525276,2000
52502020,KZ252 - Newcastle [Newcastle],7566.0,3439.0,3,45.45334390695216,2006
52502020,KZN252 - Newcastle [Newcastle],4372.0,2799.0,3,64.02104300091491,2011
52502020,KZN252 - Newcastle,4565.0,2682.0,3,58.7513691128149,2016
52502020,KZN252 - Newcastle,4488.0,2022.0,3,45.05347593582888,2021
52502021,KZ252 - Newcastle [Newcastle],3389.0,1622.0,4,47.86072587784007,2000
52502021,KZ252 - Newcastle [Newcastle],4336.0,2266.0,5,52.260147601476014,2006
52502021,KZN252 - Newcastle [Newcastle],3634.0,2224.0,5,61.199779856906986,2011
52502021,KZN252 - Newcastle,4750.0,2823.0,5,59.43157894736842,2016
52502021,KZN252 - Newcastle,5054.0,2334.0,6,46.181242580134544,2021
52502022,KZ252 - Newcastle [Newcastle],11874.0,3901.0,2,32.85329290887653,2000
52502022,KZ252 - Newcastle [Newcastle],3810.0,1537.0,2,40.341207349081365,2006
52502022,KZN252 - Newcastle [Newcastle],4495.0,2594.0,3,57.70856507230256,2011
52502022,KZN252 - Newcastle,5605.0,2419.0,3,43.15789473684211,2016
52502022,KZN252 - Newcastle,5201.0,1944.0,3,37.37742741780427,2021
52502023,KZ252 - Newcastle [Newcastle],10647.0,4110.0,2,38.60242321780783,2000
52502023,KZ252 - Newcastle [Newcastle],8270.0,3731.0,3,45.1148730350665,2006
52502023,KZN252 - Newcastle [Newcastle],4466.0,2735.0,3,61.24048365427676,2011
52502023,KZN252 - Newcastle,5548.0,3221.0,4,58.05695746214852,2016
52502023,KZN252 - Newcastle,4929.0,2083.0,4,42.260093325218094,2021
52502024,KZ252 - Newcastle [Newcastle],11388.0,3660.0,2,32.1390937829294,2000
52502024,KZ252 - Newcastle [Newcastle],8182.0,3162.0,2,38.6458078709362,2006
52502024,KZN252 - Newcastle [Newcastle],3911.0,2232.0,3,57.06980311940681,2011
52502024,KZN252 - Newcastle,5572.0,3157.0,4,56.65829145728644,2016
52502024,KZN252 - Newcastle,5885.0,2254.0,4,38.30076465590484,2021
52502025,KZ252 - Newcastle [Newcastle],6047.0,2525.0,2,41.75624276500744,2000
52502025,KZ252 - Newcastle [Newcastle],6360.0,1433.0,2,22.531446540880506,2006
52502025,KZN252 - Newcastle [Newcastle],4730.0,2563.0,2,54.18604651162791,2011
52502025,KZN252 - Newcastle,4850.0,2682.0,2,55.29896907216495,2016
52502025,KZN252 - Newcastle,4366.0,1794.0,2,41.09024278515804,2021
52502026,KZ252 - Newcastle [Newcastle],7031.0,2569.0,3,36.53818802446309,2000
52502026,KZ252 - Newcastle [Newcastle],6910.0,1933.0,3,27.9739507959479,2006
52502026,KZN252 - Newcastle [Newcastle],5637.0,3095.0,4,54.905091360652825,2011
52502026,KZN252 - Newcastle,6001.0,3204.0,4,53.39110148308615,2016
52502026,KZN252 - Newcastle,5957.0,2239.0,4,37.58603323820715,2021
52502027,KZ252 - Newcastle [Newcastle],7403.0,2690.0,2,36.336620289072,2000
52502027,KZ252 - Newcastle [Newcastle],12852.0,5950.0,3,46.2962962962963,2006
52502027,KZN252 - Newcastle [Newcastle],5411.0,3271.0,3,60.45093328405101,2011
52502027,KZN252 - Newcastle,6130.0,3551.0,3,57.92822185970636,2016
52502027,KZN252 - Newcastle,5919.0,2497.0,3,42.18618009798952,2021
52502028,KZ252 - Newcastle [Newcastle],7090.0,2696.0,3,38.025387870239776,2000
52502028,KZ252 - Newcastle [Newcastle],12252.0,4659.0,3,38.02644466209598,2006
52502028,KZN252 - Newcastle [Newcastle],5542.0,2991.0,3,53.96968603392277,2011
52502028,KZN252 - Newcastle,5793.0,2963.0,3,51.14793716554462,2016
52502028,KZN252 - Newcastle,5368.0,1985.0,3,36.978390461997016,2021
52502029,KZ252 - Newcastle [Newcastle],3733.0,1241.0,2,33.244039646397,2000
52502029,KZ252 - Newcastle [Newcastle],7898.0,3620.0,2,45.834388452772856,2006
52502029,KZN252 - Newcastle [Newcastle],4675.0,2640.0,2,56.47058823529412,2011
52502029,KZN252 - Newcastle,5602.0,3353.0,2,59.85362370581935,2016
52502029,KZN252 - Newcastle,5380.0,2259.0,2,41.98884758364312,2021
52502030,KZ252 - Newcastle [Newcastle],2744.0,1458.0,2,53.134110787172006,2000
52502030,KZ252 - Newcastle [Newcastle],8116.0,4087.0,3,50.35731887629375,2006
52502030,KZN252 - Newcastle [Newcastle],3713.0,2283.0,3,61.486668462159976,2011
52502030,KZN252 - Newcastle,4843.0,2954.0,4,60.99525087755523,2016
52502030,KZN252 - Newcastle,5069.0,2369.0,4,46.73505622410732,2021
52502031,KZ252 - Newcastle [Newcastle],13866.0,5097.0,2,36.75897879705755,2000
52502031,KZ252 - Newcastle [Newcastle],7824.0,1797.0,2,22.967791411042946,2006
52502031,KZN252 - Newcastle [Newcastle],4784.0,2476.0,2,51.75585284280937,2011
52502031,KZN252 - Newcastle,5245.0,3040.0,2,57.95996186844614,2016
52502031,KZN252 - Newcastle,5189.0,2251.0,2,43.38022740412411,2021
52502032,KZ252 - Newcastle [Newcastle],11623.0,4436.0,3,38.16570592790157,2000
52502032,KZ252 - Newcastle [Newcastle],6959.0,2117.0,3,30.421037505388703,2006
52502032,KZN252 - Newcastle [Newcastle],6349.0,3670.0,3,57.80437864230588,2011
52502032,KZN252 - Newcastle,6386.0,3816.0,3,59.75571562793611,2016
52502032,KZN252 - Newcastle,6056.0,2673.0,3,44.138044914134746,2021
52502033,KZ252 - Newcastle [Newcastle],3794.0,1991.0,1,52.47759620453347,2000
52502033,KZ252 - Newcastle [Newcastle],4016.0,991.0,2,24.67629482071713,2006
52502033,KZN252 - Newcastle [Newcastle],3885.0,2364.0,2,60.84942084942085,2011
52502033,KZN252 - Newcastle,6065.0,3357.0,3,55.35037098103874,2016
52502033,KZN252 - Newcastle,6377.0,2871.0,3,45.02116982907323,2021
52502034,KZ252 - Newcastle [Newcastle],1605.0,631.0,1,39.31464174454828,2000
52502034,KZ252 - Newcastle [Newcastle],3053.0,1540.0,2,50.44218801179168,2006
52502034,KZN252 - Newcastle [Newcastle],3496.0,2122.0,2,60.69794050343249,2011
52502034,KZN252 - Newcastle,5638.0,3404.0,3,60.376019865200426,2016
52502034,KZN252 - Newcastle,5795.0,2703.0,3,46.643658326143225,2021
52503001,KZ253 - Utrecht [Utrecht],1733.0,787.0,5,45.41257934218119,2000
52503001,KZ253 - Utrecht [Utrecht],2381.0,1151.0,7,48.341033179336414,2006
52503001,KZN253 - eMadlangeni [Utrecht],2021.0,1199.0,7,59.32706580900544,2011
52503001,KZN253 - eMadlangeni,2445.0,1463.0,7,59.83640081799591,2016
52503001,KZN253 - eMadlangeni,2484.0,1188.0,7,47.82608695652174,2021
52503002,KZ253 - Utrecht [Utrecht],7023.0,2557.0,1,36.40894204755802,2000
52503002,KZ253 - Utrecht [Utrecht],2525.0,0.0,1,0.0,2006
52503002,KZN253 - eMadlangeni [Utrecht],2781.0,1530.0,2,55.016181229773466,2011
52503002,KZN253 - eMadlangeni,3391.0,1970.0,4,58.09495723975229,2016
52503002,KZN253 - eMadlangeni,2676.0,1313.0,4,49.06576980568012,2021
52503003,KZ253 - Utrecht [Utrecht],2850.0,1284.0,3,45.05263157894737,2000
52503003,KZ253 - Utrecht [Utrecht],3075.0,1607.0,4,52.260162601626014,2006
52503003,KZN253 - eMadlangeni [Utrecht],1764.0,1099.0,4,62.3015873015873,2011
52503003,KZN253 - eMadlangeni,2325.0,1468.0,5,63.13978494623655,2016
52503003,KZN253 - eMadlangeni,2732.0,1454.0,5,53.22108345534407,2021
52503004,KZ253 - Utrecht [Utrecht],3037.0,1120.0,5,36.87849851827461,2000
52503004,KZ253 - Utrecht [Utrecht],2558.0,1390.0,5,54.33932759968726,2006
52503004,KZN253 - eMadlangeni [Utrecht],1856.0,1220.0,5,65.73275862068965,2011
52503004,KZN253 - eMadlangeni,2303.0,1592.0,5,69.1272253582284,2016
52503004,KZN253 - eMadlangeni,2543.0,1337.0,6,52.575697994494696,2021
52503005,KZ253 - Utrecht [Utrecht],905.0,285.0,2,31.49171270718232,2000
52503005,KZ253 - Utrecht [Utrecht],1018.0,407.0,2,39.9803536345776,2006
52503005,KZN253 - eMadlangeni [Utrecht],1107.0,690.0,2,62.33062330623306,2011
52503005,KZN253 - eMadlangeni,1463.0,958.0,3,65.48188653451813,2016
52503005,KZN253 - eMadlangeni,2411.0,1530.0,4,63.45914558274575,2021
52503006,KZ253 - Utrecht [Utrecht],2497.0,1148.0,6,45.97517020424509,2000
52503006,KZ253 - Utrecht [Utrecht],2625.0,1280.0,6,48.76190476190476,2006
52503006,KZN253 - eMadlangeni [Utrecht],1651.0,1021.0,7,61.84130829800121,2011
52503006,KZN253 - eMadlangeni,2095.0,1313.0,8,62.67303102625298,2016
52503006,KZN253 - eMadlangeni,2173.0,1085.0,8,49.93097100782329,2021
52504001,KZ232 - Emnambithi [Ladysmith],218.0,102.0,1,46.78899082568808,2000
52504001,KZ254 - Dannhauser [Durnacol],3610.0,1195.0,5,33.10249307479224,2000
52504001,KZ232 - Emnambithi/Ladysmith [Ladysmith],244.0,122.0,1,50.0,2006
52504001,KZ254 - Dannhauser [Durnacol],3276.0,1627.0,8,49.66422466422466,2006
52504001,KZN232 - Emnambithi/Ladysmith [Ladysmith],295.0,180.0,1,61.01694915254237,2011
52504001,KZN254 - Dannhauser [Durnacol],2602.0,1532.0,8,58.87778631821675,2011
52504001,KZN254 - Dannhauser,3889.0,2307.0,9,59.32116225250708,2016
52504001,KZN254 - Dannhauser,4016.0,1585.0,9,39.46713147410358,2021
52504002,KZ254 - Dannhauser [Durnacol],4209.0,1188.0,2,28.225231646471844,2000
52504002,KZ254 - Dannhauser [Durnacol],3443.0,1803.0,3,52.36712169619517,2006
52504002,KZN254 - Dannhauser [Durnacol],4007.0,2262.0,4,56.45121038183179,2011
52504002,KZN254 - Dannhauser,4569.0,2722.0,4,59.5753994309477,2016
52504002,KZN254 - Dannhauser,4502.0,2159.0,4,47.95646379386939,2021
52504003,KZ254 - Dannhauser [Durnacol],6246.0,3048.0,2,48.79923150816523,2000
52504003,KZ254 - Dannhauser [Durnacol],5234.0,2659.0,2,50.80244554833779,2006
52504003,KZN254 - Dannhauser [Durnacol],2948.0,1761.0,3,59.73541383989145,2011
52504003,KZN254 - Dannhauser,3648.0,2158.0,4,59.15570175438597,2016
52504003,KZN254 - Dannhauser,3696.0,2020.0,4,54.65367965367965,2021
52504004,KZ254 - Dannhauser [Durnacol],4218.0,2256.0,4,53.485064011379805,2000
52504004,KZ254 - Dannhauser [Durnacol],4594.0,2318.0,5,50.45711797997387,2006
52504004,KZN254 - Dannhauser [Durnacol],3179.0,1916.0,5,60.27052532242843,2011
52504004,KZN254 - Dannhauser,3758.0,2058.0,5,54.763171899946784,2016
52504004,KZN254 - Dannhauser,3478.0,1329.0,5,38.21161587119034,2021
52504005,KZ254 - Dannhauser [Durnacol],6181.0,2680.0,3,43.35867982527099,2000
52504005,KZ254 - Dannhauser [Durnacol],4442.0,2135.0,4,48.06393516434039,2006
52504005,KZN254 - Dannhauser [Durnacol],2792.0,1638.0,5,58.6676217765043,2011
52504005,KZN254 - Dannhauser,3470.0,2041.0,5,58.81844380403458,2016
52504005,KZN254 - Dannhauser,3360.0,1715.0,5,51.04166666666666,2021
52504006,KZ254 - Dannhauser [Durnacol],7531.0,3781.0,4,50.20581596069579,2000
52504006,KZ254 - Dannhauser [Durnacol],5930.0,2982.0,4,50.286677908937605,2006
52504006,KZN254 - Dannhauser [Durnacol],2926.0,1786.0,4,61.03896103896104,2011
52504006,KZN254 - Dannhauser,3617.0,2054.0,4,56.78739286701686,2016
52504006,KZN254 - Dannhauser,3709.0,1672.0,4,45.0795362631437,2021
52504007,KZ254 - Dannhauser [Durnacol],7193.0,3052.0,2,42.43014041429167,2000
52504007,KZ254 - Dannhauser [Durnacol],3737.0,1721.0,5,46.05298367674605,2006
52504007,KZN254 - Dannhauser [Durnacol],2967.0,1724.0,5,58.10583080552747,2011
52504007,KZN254 - Dannhauser,3943.0,2120.0,5,53.766167892467664,2016
52504007,KZN254 - Dannhauser,3880.0,1843.0,5,47.5,2021
52504008,KZ254 - Dannhauser [Durnacol],5945.0,2549.0,4,42.87636669470143,2000
52504008,KZ254 - Dannhauser [Durnacol],5281.0,2280.0,5,43.173641355803824,2006
52504008,KZN254 - Dannhauser [Durnacol],3345.0,2068.0,5,61.823617339312406,2011
52504008,KZN254 - Dannhauser,4037.0,2363.0,6,58.53356452811494,2016
52504008,KZN254 - Dannhauser,3958.0,1909.0,6,48.23143001515917,2021
52504009,KZ254 - Dannhauser [Durnacol],3221.0,1799.0,2,55.8522198075132,2000
52504009,KZ254 - Dannhauser [Durnacol],2160.0,1155.0,3,53.47222222222222,2006
52504009,KZN254 - Dannhauser [Durnacol],2965.0,1971.0,5,66.47554806070826,2011
52504009,KZN254 - Dannhauser,4225.0,2552.0,5,60.40236686390532,2016
52504009,KZN254 - Dannhauser,4422.0,2159.0,5,48.824061510628674,2021
52504010,KZ254 - Dannhauser [Durnacol],5413.0,2231.0,3,41.21559209310918,2000
52504010,KZ254 - Dannhauser [Durnacol],3532.0,1657.0,4,46.91392978482446,2006
52504010,KZN254 - Dannhauser [Durnacol],3083.0,1983.0,4,64.3204670775219,2011
52504010,KZN254 - Dannhauser,4137.0,2439.0,4,58.955765047135614,2016
52504010,KZN254 - Dannhauser,4161.0,2056.0,4,49.4111992309541,2021
52504011,KZ254 - Dannhauser [Durnacol],8447.0,3967.0,3,46.96341896531313,2000
52504011,KZ254 - Dannhauser [Durnacol],5892.0,2700.0,3,45.824847250509166,2006
52504011,KZN254 - Dannhauser [Durnacol],3305.0,1909.0,3,57.76096822995461,2011
52504011,KZN254 - Dannhauser,4077.0,2306.0,3,56.56119695854795,2016
52504011,KZN254 - Dannhauser,3986.0,1956.0,3,49.07175112895133,2021
52504012,KZ254 - Dannhauser [Durnacol],1990.0,968.0,2,48.643216080402006,2000
52504012,KZ254 - Dannhauser [Durnacol],6181.0,3375.0,3,54.60281507846627,2006
52504012,KZN254 - Dannhauser [Durnacol],3387.0,1964.0,4,57.98641865958075,2011
52504012,KZN254 - Dannhauser,3849.0,2074.0,4,53.88412574694726,2016
52504012,KZN254 - Dannhauser,3792.0,1812.0,4,47.78481012658228,2021
52504013,KZ254 - Dannhauser [Durnacol],3826.0,1669.0,3,43.62258233141662,2000
52504013,KZ254 - Dannhauser [Durnacol],3683.0,1638.0,3,44.47461308715721,2006
52504013,KZN254 - Dannhauser [Durnacol],3039.0,1739.0,5,57.22277064823955,2011
52504013,KZN254 - Dannhauser,3615.0,2007.0,5,55.518672199170126,2016
52504013,KZN254 - Dannhauser,3520.0,1579.0,5,44.85795454545455,2021
52601001,KZ261 - eDumbe [Paulpietersburg],3519.0,1863.0,4,52.94117647058824,2000
52601001,KZ261 - eDumbe [Paulpietersburg],4512.0,2667.0,4,59.10904255319149,2006
52601001,KZN261 - eDumbe [Paulpietersburg],2911.0,1894.0,8,65.06355204397114,2011
52601001,KZN261 - eDumbe,3315.0,2127.0,8,64.16289592760181,2016
52601001,KZN261 - eDumbe,3424.0,2190.0,8,63.96028037383178,2021
52601002,KZ261 - eDumbe [Paulpietersburg],3423.0,1234.0,2,36.050248320186974,2000
52601002,KZ261 - eDumbe [Paulpietersburg],2816.0,1218.0,2,43.252840909090914,2006
52601002,KZN261 - eDumbe [Paulpietersburg],3096.0,1895.0,2,61.20801033591732,2011
52601002,KZN261 - eDumbe,4391.0,2806.0,3,63.90343885219768,2016
52601002,KZN261 - eDumbe,4367.0,2412.0,3,55.23242500572475,2021
52601003,KZ261 - eDumbe [Paulpietersburg],4980.0,2919.0,1,58.6144578313253,2000
52601003,KZ261 - eDumbe [Paulpietersburg],2548.0,1158.0,2,45.44740973312402,2006
52601003,KZN261 - eDumbe [Paulpietersburg],3549.0,2190.0,2,61.70752324598479,2011
52601003,KZN261 - eDumbe,4095.0,2477.0,2,60.48840048840049,2016
52601003,KZN261 - eDumbe,4216.0,2227.0,2,52.82258064516129,2021
52601004,KZ261 - eDumbe [Paulpietersburg],4892.0,2133.0,2,43.60179885527391,2000
52601004,KZ261 - eDumbe [Paulpietersburg],3901.0,1690.0,3,43.322225070494746,2006
52601004,KZN261 - eDumbe [Paulpietersburg],3273.0,1969.0,4,60.158875649251456,2011
52601004,KZN261 - eDumbe,4014.0,2310.0,4,57.54857997010463,2016
52601004,KZN261 - eDumbe,4239.0,2243.0,5,52.91342297711724,2021
52601005,KZ261 - eDumbe [Paulpietersburg],3439.0,1741.0,4,50.62518173887758,2000
52601005,KZ261 - eDumbe [Paulpietersburg],2986.0,1597.0,5,53.48292029470864,2006
52601005,KZN261 - eDumbe [Paulpietersburg],3596.0,2216.0,6,61.62402669632926,2011
52601005,KZN261 - eDumbe,4285.0,2486.0,8,58.01633605600933,2016
52601005,KZN261 - eDumbe,4715.0,2759.0,10,58.515376458112414,2021
52601006,KZ261 - eDumbe [Paulpietersburg],5416.0,3105.0,7,57.33013293943871,2000
52601006,KZ261 - eDumbe [Paulpietersburg],3659.0,2111.0,8,57.69335884121345,2006
52601006,KZN261 - eDumbe [Paulpietersburg],3798.0,2330.0,10,61.34807793575566,2011
52601006,KZN261 - eDumbe,4086.0,2326.0,12,56.92608908467939,2016
52601006,KZN261 - eDumbe,4269.0,2430.0,12,56.921995783555865,2021
52601007,KZ261 - eDumbe [Paulpietersburg],2046.0,1004.0,5,49.0713587487781,2000
52601007,KZ261 - eDumbe [Paulpietersburg],2861.0,1691.0,8,59.105207969241526,2006
52601007,KZN261 - eDumbe [Paulpietersburg],3178.0,1943.0,9,61.139081183134046,2011
52601007,KZN261 - eDumbe,3840.0,2195.0,10,57.161458333333336,2016
52601007,KZN261 - eDumbe,4100.0,2117.0,13,51.63414634146341,2021
52601008,KZ261 - eDumbe [Paulpietersburg],2279.0,877.0,3,38.48179025888548,2000
52601008,KZ261 - eDumbe [Paulpietersburg],2666.0,1417.0,4,53.15078769692423,2006
52601008,KZN261 - eDumbe [Paulpietersburg],3088.0,1906.0,4,61.72279792746114,2011
52601008,KZN261 - eDumbe,3423.0,1994.0,5,58.25299444931347,2016
52601008,KZN261 - eDumbe,3586.0,2182.0,5,60.84774121583938,2021
52601009,KZ261 - eDumbe [Paulpietersburg],4240.0,1660.0,6,39.15094339622642,2000
52601009,KZ261 - eDumbe [Paulpietersburg],3861.0,1684.0,7,43.61564361564362,2006
52601009,KZN261 - eDumbe [Paulpietersburg],2930.0,1751.0,8,59.76109215017065,2011
52601009,KZN261 - eDumbe,3124.0,1893.0,8,60.59539052496798,2016
52601009,KZN261 - eDumbe,3938.0,2386.0,10,60.58913153885221,2021
52601010,KZ261 - eDumbe [Paulpietersburg],2092.0,684.0,1,32.69598470363289,2000
52601010,KZ261 - eDumbe [Paulpietersburg],1741.0,872.0,2,50.08615738081562,2006
52601010,KZN261 - eDumbe [Paulpietersburg],2855.0,1706.0,2,59.75481611208407,2011
52601010,KZN261 - eDumbe,3207.0,1890.0,3,58.93358278765201,2016
52601010,KZN261 - eDumbe,3564.0,2036.0,3,57.12682379349046,2021
52602001,KZ262 - uPhongolo [Pongola],4763.0,2531.0,7,53.13877808104136,2000
52602001,KZ262 - UPhongolo [Pongola],2898.0,1664.0,8,57.41890959282263,2006
52602001,KZN262 - UPhongolo [Pongola],2970.0,1832.0,8,61.68350168350168,2011
52602001,KZN262 - UPhongolo,3632.0,2269.0,9,62.47246696035242,2016
52602001,KZN262 - uPhongolo,3939.0,2156.0,11,54.73470423965473,2021
52602002,KZ262 - uPhongolo [Pongola],3148.0,0.0,1,0.0,2000
52602002,KZ262 - UPhongolo [Pongola],3327.0,0.0,1,0.0,2006
52602002,KZN262 - UPhongolo [Pongola],3795.0,2311.0,2,60.89591567852437,2011
52602002,KZN262 - UPhongolo,4112.0,2321.0,2,56.44455252918288,2016
52602002,KZN262 - uPhongolo,4335.0,2244.0,2,51.76470588235295,2021
52602003,KZ262 - uPhongolo [Pongola],5201.0,3441.0,4,66.1603537781196,2000
52602003,KZ262 - UPhongolo [Pongola],4579.0,2944.0,6,64.2935138676567,2006
52602003,KZN262 - UPhongolo [Pongola],3783.0,2367.0,6,62.56938937351308,2011
52602003,KZN262 - UPhongolo,4035.0,2280.0,6,56.50557620817844,2016
52602003,KZN262 - uPhongolo,4044.0,2256.0,6,55.78635014836796,2021
52602004,KZ262 - uPhongolo [Pongola],4151.0,2464.0,2,59.359190556492415,2000
52602004,KZ262 - UPhongolo [Pongola],3359.0,2155.0,4,64.1559988091694,2006
52602004,KZN262 - UPhongolo [Pongola],3415.0,2168.0,4,63.48462664714495,2011
52602004,KZN262 - UPhongolo,4429.0,2782.0,4,62.813276134567616,2016
52602004,KZN262 - uPhongolo,5038.0,2632.0,4,52.24295355299722,2021
52602005,KZ262 - uPhongolo [Pongola],2119.0,0.0,1,0.0,2000
52602005,KZ262 - UPhongolo [Pongola],2661.0,591.0,2,22.209695603156707,2006
52602005,KZN262 - UPhongolo [Pongola],3096.0,1938.0,2,62.5968992248062,2011
52602005,KZN262 - UPhongolo,3339.0,1745.0,2,52.26115603474094,2016
52602005,KZN262 - uPhongolo,3710.0,1970.0,4,53.09973045822103,2021
52602006,KZ262 - uPhongolo [Pongola],7818.0,4716.0,5,60.32233307751344,2000
52602006,KZ262 - UPhongolo [Pongola],8054.0,4758.0,7,59.07623541097591,2006
52602006,KZN262 - UPhongolo [Pongola],3747.0,2417.0,7,64.50493728315986,2011
52602006,KZN262 - UPhongolo,4389.0,2833.0,7,64.5477329687856,2016
52602006,KZN262 - uPhongolo,4585.0,2860.0,7,62.3773173391494,2021
52602007,KZ262 - uPhongolo [Pongola],2733.0,276.0,2,10.098792535675084,2000
52602007,KZ262 - UPhongolo [Pongola],6646.0,2838.0,3,42.70237736984652,2006
52602007,KZN262 - UPhongolo [Pongola],3506.0,1869.0,3,53.30861380490588,2011
52602007,KZN262 - UPhongolo,3890.0,1783.0,4,45.83547557840617,2016
52602007,KZN262 - uPhongolo,4449.0,2206.0,5,49.584176219375145,2021
52602008,KZ262 - uPhongolo [Pongola],2203.0,960.0,3,43.57694053563323,2000
52602008,KZ262 - UPhongolo [Pongola],2440.0,1402.0,5,57.45901639344262,2006
52602008,KZN262 - UPhongolo [Pongola],2834.0,1811.0,7,63.90261115031757,2011
52602008,KZN262 - UPhongolo,3706.0,2313.0,7,62.41230437128979,2016
52602008,KZN262 - uPhongolo,4001.0,2189.0,8,54.71132216945763,2021
52602009,KZ262 - uPhongolo [Pongola],5089.0,1784.0,2,35.056003144036154,2000
52602009,KZ262 - UPhongolo [Pongola],7578.0,3632.0,4,47.92821324887833,2006
52602009,KZN262 - UPhongolo [Pongola],3935.0,2421.0,4,61.52477763659466,2011
52602009,KZN262 - UPhongolo,4758.0,2580.0,4,54.224464060529634,2016
52602009,KZN262 - uPhongolo,5096.0,2567.0,5,50.37284144427001,2021
52602010,KZ262 - uPhongolo [Pongola],2189.0,0.0,1,0.0,2000
52602010,KZ262 - UPhongolo [Pongola],4208.0,1566.0,4,37.21482889733841,2006
52602010,KZN262 - UPhongolo [Pongola],3589.0,2340.0,4,65.1992198383951,2011
52602010,KZN262 - UPhongolo,4276.0,2411.0,4,56.3844714686623,2016
52602010,KZN262 - uPhongolo,4700.0,2618.0,5,55.70212765957447,2021
52602011,KZ262 - uPhongolo [Pongola],3637.0,1773.0,4,48.74896893043717,2000
52602011,KZ262 - UPhongolo [Pongola],6386.0,3092.0,5,48.41841528343251,2006
52602011,KZN262 - UPhongolo [Pongola],3737.0,2107.0,5,56.38212469895638,2011
52602011,KZN262 - UPhongolo,4456.0,2660.0,6,59.69479353680431,2016
52602011,KZN262 - uPhongolo,4917.0,2881.0,6,58.59263778726866,2021
52602012,KZ262 - uPhongolo [Pongola],4395.0,2811.0,4,63.95904436860068,2000
52602012,KZ262 - UPhongolo [Pongola],3337.0,1828.0,4,54.77974228348816,2006
52602012,KZN262 - UPhongolo [Pongola],3040.0,1821.0,4,59.901315789473685,2011
52602012,KZN262 - UPhongolo,3814.0,2015.0,4,52.83167278447824,2016
52602012,KZN262 - uPhongolo,3920.0,2019.0,4,51.50510204081633,2021
52602013,KZ262 - uPhongolo [Pongola],1844.0,786.0,2,42.624728850325376,2000
52602013,KZ262 - UPhongolo [Pongola],5211.0,2462.0,3,47.24620994051046,2006
52602013,KZN262 - UPhongolo [Pongola],2850.0,1816.0,3,63.719298245614034,2011
52602013,KZN262 - UPhongolo,3948.0,2488.0,3,63.0192502532928,2016
52602013,KZN262 - uPhongolo,3809.0,2000.0,4,52.50721974271463,2021
52602014,KZ262 - uPhongolo [Pongola],2611.0,889.0,6,34.04825737265416,2000
52602014,KZ262 - UPhongolo [Pongola],7239.0,3601.0,7,49.74443983975687,2006
52602014,KZN262 - UPhongolo [Pongola],3434.0,1810.0,7,52.708211997670354,2011
52602014,KZN262 - UPhongolo,3909.0,2189.0,7,55.998976720388846,2016
52602014,KZN262 - uPhongolo,4214.0,2121.0,7,50.33222591362127,2021
52602015,KZ262 - uPhongolo [Pongola],1474.0,822.0,3,55.76662143826323,2000
52602015,KZ262 - UPhongolo [Pongola],3147.0,1866.0,5,59.29456625357483,2006
52602015,KZN262 - UPhongolo [Pongola],2815.0,1653.0,5,58.72113676731794,2011
52602015,KZN262 - UPhongolo,3191.0,1906.0,5,59.73049200877468,2016
52602015,KZN262 - uPhongolo,3288.0,1928.0,5,58.63746958637469,2021
52603001,KZ262 - uPhongolo [Pongola],658.0,404.0,2,61.39817629179332,2000
52603001,KZ263 - KZ263 [Vryheid],7571.0,3883.0,3,51.28780874389116,2000
52603001,KZ262 - UPhongolo [Pongola],1564.0,854.0,2,54.60358056265985,2006
52603001,KZ263 - Abaqulusi [Vryheid],4528.0,2382.0,4,52.6060070671378,2006
52603001,KZN262 - UPhongolo [Pongola],987.0,633.0,2,64.13373860182371,2011
52603001,KZN263 - Abaqulusi [Vryheid],3437.0,2212.0,4,64.35845213849288,2011
52603001,KZN263 - Abaqulusi,4816.0,2575.0,6,53.46760797342193,2016
52603001,KZN263 - AbaQulusi,4723.0,2198.0,6,46.53821723480839,2021
52603002,KZ263 - KZ263 [Vryheid],8891.0,3976.0,5,44.71937914745248,2000
52603002,KZ263 - Abaqulusi [Vryheid],8019.0,4578.0,8,57.0894126449682,2006
52603002,KZN263 - Abaqulusi [Vryheid],4766.0,2769.0,8,58.09903483004616,2011
52603002,KZN263 - Abaqulusi,4650.0,2635.0,9,56.66666666666666,2016
52603002,KZN263 - AbaQulusi,4302.0,1989.0,9,46.23430962343097,2021
52603003,KZ263 - KZ263 [Vryheid],5255.0,2900.0,4,55.18553758325404,2000
52603003,KZ263 - Abaqulusi [Vryheid],6878.0,3879.0,5,56.39720849084036,2006
52603003,KZN263 - Abaqulusi [Vryheid],3595.0,2265.0,5,63.00417246175244,2011
52603003,KZN263 - Abaqulusi,3945.0,2224.0,6,56.37515842839037,2016
52603003,KZN263 - AbaQulusi,4081.0,1934.0,6,47.39034550355305,2021
52603004,KZ263 - KZ263 [Vryheid],6045.0,2575.0,5,42.597187758478086,2000
52603004,KZ263 - Abaqulusi [Vryheid],5533.0,3205.0,6,57.92517621543466,2006
52603004,KZN263 - Abaqulusi [Vryheid],3727.0,2246.0,6,60.262946069224576,2011
52603004,KZN263 - Abaqulusi,4499.0,2877.0,7,63.94754389864414,2016
52603004,KZN263 - AbaQulusi,4264.0,2238.0,7,52.4859287054409,2021
52603005,KZ263 - KZ263 [Vryheid],8033.0,3536.0,2,44.01842400099589,2000
52603005,KZ263 - Abaqulusi [Vryheid],4972.0,2382.0,3,47.90828640386163,2006
52603005,KZN263 - Abaqulusi [Vryheid],3497.0,2104.0,4,60.165856448384325,2011
52603005,KZN263 - Abaqulusi,4424.0,2728.0,5,61.66365280289331,2016
52603005,KZN263 - AbaQulusi,4572.0,1988.0,6,43.48206474190726,2021
52603006,KZ263 - KZ263 [Vryheid],3127.0,1520.0,3,48.60889031020147,2000
52603006,KZ262 - UPhongolo [Pongola],305.0,174.0,1,57.04918032786885,2006
52603006,KZ263 - Abaqulusi [Vryheid],2263.0,1238.0,3,54.70614228899691,2006
52603006,KZN262 - UPhongolo [Pongola],275.0,161.0,1,58.54545454545455,2011
52603006,KZN263 - Abaqulusi [Vryheid],2415.0,1493.0,3,61.82194616977226,2011
52603006,KZN263 - Abaqulusi,3786.0,2167.0,6,57.23718964606445,2016
52603006,KZN263 - AbaQulusi,3743.0,1999.0,6,53.40635853593374,2021
52603007,KZ263 - KZ263 [Vryheid],3476.0,1738.0,4,50.0,2000
52603007,KZ263 - Abaqulusi [Vryheid],3058.0,1501.0,5,49.08436886854153,2006
52603007,KZN263 - Abaqulusi [Vryheid],2972.0,1739.0,5,58.51278600269178,2011
52603007,KZN263 - Abaqulusi,3673.0,1977.0,6,53.82521099918323,2016
52603007,KZN263 - AbaQulusi,4340.0,1948.0,6,44.88479262672811,2021
52603008,KZ263 - KZ263 [Vryheid],5016.0,1525.0,1,30.402711323763956,2000
52603008,KZ263 - Abaqulusi [Vryheid],2710.0,1173.0,2,43.284132841328415,2006
52603008,KZN263 - Abaqulusi [Vryheid],3082.0,1584.0,2,51.39519792342635,2011
52603008,KZN263 - Abaqulusi,4092.0,2244.0,3,54.83870967741935,2016
52603008,KZN263 - AbaQulusi,4368.0,1931.0,3,44.20787545787546,2021
52603009,KZ263 - KZ263 [Vryheid],4005.0,120.0,2,2.9962546816479403,2000
52603009,KZ263 - Abaqulusi [Vryheid],4563.0,660.0,3,14.464168310322156,2006
52603009,KZN263 - Abaqulusi [Vryheid],4101.0,2326.0,3,56.71787368934407,2011
52603009,KZN263 - Abaqulusi,4367.0,2419.0,4,55.392718113121134,2016
52603009,KZN263 - AbaQulusi,4209.0,2021.0,4,48.01615585649798,2021
52603010,KZ263 - KZ263 [Vryheid],6579.0,1303.0,2,19.80544155646755,2000
52603010,KZ263 - Abaqulusi [Vryheid],7419.0,1606.0,2,21.647122253673,2006
52603010,KZN263 - Abaqulusi [Vryheid],4744.0,2507.0,2,52.845699831365934,2011
52603010,KZN263 - Abaqulusi,4081.0,1949.0,3,47.75790247488361,2016
52603010,KZN263 - AbaQulusi,3601.0,1446.0,3,40.155512357678425,2021
52603011,KZ263 - KZ263 [Vryheid],4653.0,1948.0,2,41.865463142058886,2000
52603011,KZ263 - Abaqulusi [Vryheid],5524.0,1841.0,2,33.327299058653146,2006
52603011,KZN263 - Abaqulusi [Vryheid],4387.0,2485.0,2,56.644631866879415,2011
52603011,KZN263 - Abaqulusi,4706.0,2477.0,3,52.63493412664684,2016
52603011,KZN263 - AbaQulusi,4521.0,1899.0,3,42.00398142003981,2021
52603012,KZ263 - KZ263 [Vryheid],1056.0,308.0,4,29.166666666666668,2000
52603012,KZ263 - Abaqulusi [Vryheid],4643.0,2155.0,5,46.413956493646346,2006
52603012,KZN263 - Abaqulusi [Vryheid],3521.0,1998.0,6,56.74524282874184,2011
52603012,KZN263 - Abaqulusi,4077.0,2338.0,6,57.34608780966397,2016
52603012,KZN263 - AbaQulusi,4142.0,2238.0,8,54.0318686624819,2021
52603013,KZ263 - KZ263 [Vryheid],1885.0,940.0,5,49.86737400530504,2000
52603013,KZ263 - Abaqulusi [Vryheid],1758.0,906.0,5,51.5358361774744,2006
52603013,KZN263 - Abaqulusi [Vryheid],2032.0,1161.0,5,57.13582677165354,2011
52603013,KZN263 - Abaqulusi,3694.0,2161.0,6,58.50027070925826,2016
52603013,KZN263 - AbaQulusi,3661.0,1536.0,6,41.95574979513794,2021
52603014,KZ263 - KZ263 [Vryheid],3965.0,2593.0,5,65.39722572509457,2000
52603014,KZ263 - Abaqulusi [Vryheid],4961.0,2809.0,5,56.62164886111671,2006
52603014,KZN263 - Abaqulusi [Vryheid],4059.0,2621.0,5,64.57255481645726,2011
52603014,KZN263 - Abaqulusi,4510.0,2497.0,5,55.365853658536594,2016
52603014,KZN263 - AbaQulusi,4379.0,2211.0,5,50.49097967572506,2021
52603015,KZ263 - KZ263 [Vryheid],4884.0,2522.0,4,51.63800163800164,2000
52603015,KZ263 - Abaqulusi [Vryheid],5994.0,3212.0,5,53.586920253586925,2006
52603015,KZN263 - Abaqulusi [Vryheid],3389.0,2132.0,5,62.909412806137496,2011
52603015,KZN263 - Abaqulusi,4400.0,2360.0,6,53.63636363636364,2016
52603015,KZN263 - AbaQulusi,4169.0,2063.0,6,49.48428879827297,2021
52603016,KZ263 - KZ263 [Vryheid],1982.0,872.0,1,43.99596367305752,2000
52603016,KZ263 - Abaqulusi [Vryheid],3045.0,623.0,2,20.45977011494253,2006
52603016,KZN263 - Abaqulusi [Vryheid],3542.0,1982.0,2,55.957086391869005,2011
52603016,KZN263 - Abaqulusi,3941.0,2131.0,2,54.07257041360061,2016
52603016,KZN263 - AbaQulusi,3815.0,1664.0,3,43.6173001310616,2021
52603017,KZ263 - KZ263 [Vryheid],4067.0,2293.0,3,56.38062453897221,2000
52603017,KZ263 - Abaqulusi [Vryheid],5210.0,3100.0,4,59.50095969289827,2006
52603017,KZN263 - Abaqulusi [Vryheid],4215.0,2719.0,4,64.50771055753263,2011
52603017,KZN263 - Abaqulusi,4847.0,2860.0,4,59.00557045595214,2016
52603017,KZN263 - AbaQulusi,4920.0,2448.0,4,49.75609756097561,2021
52603018,KZ263 - KZ263 [Vryheid],5354.0,1378.0,1,25.737766156144936,2000
52603018,KZ263 - Abaqulusi [Vryheid],4716.0,1805.0,1,38.27396098388465,2006
52603018,KZN263 - Abaqulusi [Vryheid],3073.0,1870.0,2,60.85258704848682,2011
52603018,KZN263 - Abaqulusi,3952.0,2237.0,3,56.60425101214575,2016
52603018,KZN263 - AbaQulusi,4056.0,1882.0,3,46.40039447731756,2021
52603019,KZ263 - KZ263 [Vryheid],5001.0,0.0,1,0.0,2000
52603019,KZ263 - Abaqulusi [Vryheid],6561.0,2668.0,3,40.6645328456028,2006
52603019,KZN263 - Abaqulusi [Vryheid],3303.0,1947.0,3,58.94641235240691,2011
52603019,KZN263 - Abaqulusi,4087.0,2310.0,3,56.520675311964766,2016
52603019,KZN263 - AbaQulusi,3896.0,1894.0,3,48.61396303901437,2021
52603020,KZ263 - KZ263 [Vryheid],9334.0,2686.0,2,28.77651596314549,2000
52603020,KZ263 - Abaqulusi [Vryheid],7261.0,1526.0,3,21.016388927145023,2006
52603020,KZN263 - Abaqulusi [Vryheid],4770.0,2618.0,3,54.884696016771485,2011
52603020,KZN263 - Abaqulusi,4772.0,2362.0,3,49.49706621961442,2016
52603020,KZN263 - AbaQulusi,4500.0,1748.0,3,38.84444444444444,2021
52603021,KZ263 - KZ263 [Vryheid],2546.0,1274.0,2,50.03927729772192,2000
52603021,KZ263 - Abaqulusi [Vryheid],4547.0,2406.0,4,52.91400923685947,2006
52603021,KZN263 - Abaqulusi [Vryheid],3648.0,2336.0,4,64.03508771929825,2011
52603021,KZN263 - Abaqulusi,3982.0,2203.0,4,55.32395781014565,2016
52603021,KZN263 - AbaQulusi,3999.0,2039.0,5,50.98774693673418,2021
52603022,KZ263 - KZ263 [Vryheid],5359.0,2085.0,3,38.906512409031535,2000
52603022,KZ263 - Abaqulusi [Vryheid],2533.0,1359.0,3,53.6517962889854,2006
52603022,KZN263 - Abaqulusi [Vryheid],4222.0,2658.0,3,62.95594504973946,2011
52603022,KZN263 - Abaqulusi,4487.0,2311.0,3,51.50434588812124,2016
52603022,KZN263 - AbaQulusi,4205.0,1868.0,3,44.423305588585016,2021
52603023,KZ263 - KZ263 [Vryheid],2793.0,1469.0,2,52.59577515216613,2000
52603023,KZ263 - Abaqulusi [Vryheid],5336.0,2692.0,2,50.449775112443774,2006
52603023,KZN263 - Abaqulusi [Vryheid],3184.0,2000.0,3,62.8140703517588,2011
52603023,KZN263 - Abaqulusi,3693.0,2072.0,3,56.10614676414839,2016
52603023,KZN263 - AbaQulusi,4253.0,2234.0,4,52.527627557018576,2021
52605001,KZ265 - Nongoma [Nongoma],3891.0,2070.0,4,53.19969159599075,2000
52605001,KZ265 - Nongoma [Nongoma],5493.0,3230.0,5,58.80211177862734,2006
52605001,KZN265 - Nongoma [Nongoma],3578.0,2224.0,5,62.15762996087199,2011
52605001,KZN265 - Nongoma,4089.0,2243.0,5,54.85448764979213,2016
52605001,KZN265 - Nongoma,4391.0,2363.0,5,53.814620815304025,2021
52605002,KZ265 - Nongoma [Nongoma],5426.0,3585.0,5,66.07077036490969,2000
52605002,KZ265 - Nongoma [Nongoma],4868.0,3159.0,6,64.89317995069844,2006
52605002,KZN265 - Nongoma [Nongoma],4020.0,2597.0,8,64.60199004975125,2011
52605002,KZN265 - Nongoma,4593.0,2806.0,8,61.092967559329416,2016
52605002,KZN265 - Nongoma,4567.0,2447.0,8,53.58003065469674,2021
52605003,KZ265 - Nongoma [Nongoma],7249.0,4754.0,4,65.58145951165677,2000
52605003,KZ265 - Nongoma [Nongoma],4214.0,2339.0,5,55.50545799715236,2006
52605003,KZN265 - Nongoma [Nongoma],3385.0,2130.0,6,62.92466765140325,2011
52605003,KZN265 - Nongoma,3909.0,2302.0,6,58.88974162189818,2016
52605003,KZN265 - Nongoma,4302.0,2452.0,6,56.99674569967457,2021
52605004,KZ265 - Nongoma [Nongoma],4573.0,2604.0,3,56.94292586923245,2000
52605004,KZ265 - Nongoma [Nongoma],2603.0,1395.0,3,53.59200922013062,2006
52605004,KZN265 - Nongoma [Nongoma],2787.0,1901.0,4,68.20954431288123,2011
52605004,KZN265 - Nongoma,3721.0,2053.0,4,55.17334049986563,2016
52605004,KZN265 - Nongoma,3813.0,2004.0,4,52.55704169944925,2021
52605005,KZ265 - Nongoma [Nongoma],8523.0,4720.0,2,55.37956118737534,2000
52605005,KZ265 - Nongoma [Nongoma],6502.0,3576.0,3,54.99846201168871,2006
52605005,KZN265 - Nongoma [Nongoma],3303.0,2080.0,5,62.97305479866788,2011
52605005,KZN265 - Nongoma,4090.0,2361.0,5,57.72616136919315,2016
52605005,KZN265 - Nongoma,4186.0,2324.0,5,55.51839464882943,2021
52605006,KZ265 - Nongoma [Nongoma],7183.0,4067.0,5,56.61979674230823,2000
52605006,KZ265 - Nongoma [Nongoma],6685.0,3736.0,5,55.88631264023935,2006
52605006,KZN265 - Nongoma [Nongoma],4015.0,2406.0,5,59.9252801992528,2011
52605006,KZN265 - Nongoma,4492.0,2503.0,5,55.7212822796082,2016
52605006,KZN265 - Nongoma,4629.0,2156.0,5,46.57593432706848,2021
52605007,KZ265 - Nongoma [Nongoma],3198.0,1773.0,3,55.44090056285178,2000
52605007,KZ265 - Nongoma [Nongoma],4931.0,2704.0,6,54.83674711011965,2006
52605007,KZN265 - Nongoma [Nongoma],3741.0,2349.0,8,62.7906976744186,2011
52605007,KZN265 - Nongoma,4130.0,2475.0,8,59.9273607748184,2016
52605007,KZN265 - Nongoma,4297.0,2319.0,9,53.96788457063067,2021
52605008,KZ265 - Nongoma [Nongoma],7587.0,3774.0,3,49.74298141557928,2000
52605008,KZ265 - Nongoma [Nongoma],8220.0,4625.0,3,56.26520681265207,2006
52605008,KZN265 - Nongoma [Nongoma],3891.0,2528.0,4,64.97044461578001,2011
52605008,KZN265 - Nongoma,4487.0,2577.0,4,57.43258301760642,2016
52605008,KZN265 - Nongoma,4399.0,2189.0,4,49.76130938849739,2021
52605009,KZ265 - Nongoma [Nongoma],1662.0,915.0,1,55.05415162454874,2006
52605009,KZN265 - Nongoma [Nongoma],2038.0,1291.0,3,63.34641805691855,2011
52605009,KZN265 - Nongoma,3295.0,1626.0,3,49.34749620637329,2016
52605009,KZN265 - Nongoma,3750.0,1482.0,3,39.52,2021
52605010,KZ265 - Nongoma [Nongoma],5355.0,3108.0,3,58.03921568627452,2000
52605010,KZ265 - Nongoma [Nongoma],4252.0,2679.0,4,63.00564440263405,2006
52605010,KZN265 - Nongoma [Nongoma],3209.0,2174.0,5,67.74696167030227,2011
52605010,KZN265 - Nongoma,4003.0,2488.0,6,62.153384961279045,2016
52605010,KZN265 - Nongoma,4363.0,2452.0,6,56.199862479945,2021
52605011,KZ265 - Nongoma [Nongoma],9646.0,5530.0,5,57.32946298984035,2000
52605011,KZ265 - Nongoma [Nongoma],6128.0,4286.0,5,69.94125326370757,2006
52605011,KZN265 - Nongoma [Nongoma],4028.0,2701.0,6,67.05561072492551,2011
52605011,KZN265 - Nongoma,4835.0,2878.0,6,59.52430196483971,2016
52605011,KZN265 - Nongoma,4529.0,2366.0,6,52.24111282843895,2021
52605012,KZ265 - Nongoma [Nongoma],3466.0,1805.0,5,52.07732256203116,2000
52605012,KZ265 - Nongoma [Nongoma],8148.0,5107.0,5,62.677957781050566,2006
52605012,KZN265 - Nongoma [Nongoma],3884.0,2579.0,5,66.40061791967045,2011
52605012,KZN265 - Nongoma,4574.0,2735.0,6,59.79449059903804,2016
52605012,KZN265 - Nongoma,4486.0,2447.0,6,54.54748105216228,2021
52605013,KZ265 - Nongoma [Nongoma],7196.0,4645.0,4,64.54974986103392,2000
52605013,KZ265 - Nongoma [Nongoma],6918.0,4416.0,4,63.83347788378144,2006
52605013,KZN265 - Nongoma [Nongoma],3546.0,2362.0,4,66.61026508742245,2011
52605013,KZN265 - Nongoma,4196.0,2423.0,4,57.74547187797903,2016
52605013,KZN265 - Nongoma,4209.0,2116.0,5,50.27322404371585,2021
52605014,KZ265 - Nongoma [Nongoma],8872.0,4334.0,3,48.85031559963932,2000
52605014,KZ265 - Nongoma [Nongoma],8097.0,5606.0,5,69.23551932814622,2006
52605014,KZN265 - Nongoma [Nongoma],4040.0,2668.0,5,66.03960396039604,2011
52605014,KZN265 - Nongoma,4892.0,2949.0,6,60.28209321340965,2016
52605014,KZN265 - Nongoma,5040.0,2849.0,6,56.52777777777778,2021
52605015,KZ265 - Nongoma [Nongoma],3216.0,732.0,3,22.761194029850746,2000
52605015,KZ265 - Nongoma [Nongoma],6291.0,4072.0,4,64.72738833253855,2006
52605015,KZN265 - Nongoma [Nongoma],3687.0,2469.0,5,66.96501220504474,2011
52605015,KZN265 - Nongoma,4397.0,2717.0,5,61.792130998408,2016
52605015,KZN265 - Nongoma,4359.0,2186.0,5,50.14911676990136,2021
52605016,KZ265 - Nongoma [Nongoma],3849.0,1719.0,1,44.66095089633671,2000
52605016,KZ265 - Nongoma [Nongoma],3040.0,1638.0,2,53.881578947368425,2006
52605016,KZN265 - Nongoma [Nongoma],1928.0,1200.0,2,62.24066390041494,2011
52605016,KZN265 - Nongoma,2331.0,1164.0,2,49.935649935649934,2016
52605016,KZN265 - Nongoma,3074.0,1741.0,4,56.6363044892648,2021
52605017,KZ265 - Nongoma [Nongoma],2596.0,1397.0,2,53.813559322033896,2000
52605017,KZ265 - Nongoma [Nongoma],6024.0,3778.0,4,62.71580345285525,2006
52605017,KZN265 - Nongoma [Nongoma],3782.0,2490.0,5,65.83818085668959,2011
52605017,KZN265 - Nongoma,4403.0,2598.0,5,59.00522371110607,2016
52605017,KZN265 - Nongoma,4274.0,2176.0,5,50.91249415067852,2021
52605018,KZ265 - Nongoma [Nongoma],4990.0,2461.0,2,49.3186372745491,2000
52605018,KZ265 - Nongoma [Nongoma],3916.0,2418.0,3,61.746680286006125,2006
52605018,KZN265 - Nongoma [Nongoma],3093.0,2042.0,4,66.02004526349822,2011
52605018,KZN265 - Nongoma,3737.0,2242.0,4,59.99464811346,2016
52605018,KZN265 - Nongoma,3760.0,2048.0,4,54.46808510638298,2021
52605019,KZ265 - Nongoma [Nongoma],4844.0,0.0,1,0.0,2000
52605019,KZ265 - Nongoma [Nongoma],5426.0,1119.0,3,20.622926649465537,2006
52605019,KZN265 - Nongoma [Nongoma],5195.0,2640.0,3,50.81809432146295,2011
52605019,KZN265 - Nongoma,5470.0,2432.0,3,44.460694698354665,2016
52605019,KZN265 - Nongoma,4587.0,1224.0,3,26.68410725964683,2021
52605020,KZ265 - Nongoma [Nongoma],4392.0,2091.0,3,47.60928961748634,2000
52605020,KZ265 - Nongoma [Nongoma],3356.0,1919.0,5,57.18116805721096,2006
52605020,KZN265 - Nongoma [Nongoma],3120.0,2005.0,5,64.26282051282051,2011
52605020,KZN265 - Nongoma,3745.0,2060.0,5,55.00667556742324,2016
52605020,KZN265 - Nongoma,3847.0,1887.0,5,49.05120873407851,2021
52605021,KZ265 - Nongoma [Nongoma],8133.0,2998.0,4,36.86216648223288,2000
52605021,KZ265 - Nongoma [Nongoma],8599.0,4624.0,4,53.77369461565298,2006
52605021,KZN265 - Nongoma [Nongoma],4165.0,2679.0,5,64.3217286914766,2011
52605021,KZN265 - Nongoma,4494.0,2682.0,5,59.67957276368492,2016
52605021,KZN265 - Nongoma,4571.0,2354.0,5,51.49857799168672,2021
52605022,KZ265 - Nongoma [Nongoma],8064.0,6028.0,4,74.75198412698413,2000
52605022,KZ265 - Nongoma [Nongoma],5063.0,3126.0,5,61.742050167884656,2006
52605022,KZN265 - Nongoma [Nongoma],3475.0,2216.0,5,63.76978417266187,2011
52605022,KZN265 - Nongoma,3989.0,2404.0,5,60.26573075958886,2016
52605022,KZN265 - Nongoma,4302.0,2217.0,5,51.534170153417016,2021
52605023,KZ265 - Nongoma [Nongoma],7626.0,3900.0,2,51.14083398898504,2000
52605023,KZ265 - Nongoma [Nongoma],3041.0,1898.0,3,62.41367971062151,2006
52605023,KZN265 - Nongoma [Nongoma],3642.0,2345.0,4,64.387699066447,2011
52605023,KZN265 - Nongoma,4335.0,2414.0,4,55.68627450980392,2016
52605023,KZN265 - Nongoma,4402.0,2223.0,4,50.499772830531576,2021
52606001,KZ266 - Ulundi [Ulundi],9534.0,4564.0,6,47.87077826725404,2000
52606001,KZ266 - Ulundi [Ulundi],7027.0,4232.0,7,60.22484701864238,2006
52606001,KZN266 - Ulundi [Ulundi],3488.0,2106.0,7,60.37844036697248,2011
52606001,KZN266 - Ulundi,3910.0,2288.0,7,58.51662404092072,2016
52606001,KZN266 - Ulundi,3774.0,1794.0,7,47.53577106518283,2021
52606002,KZ266 - Ulundi [Ulundi],4440.0,3290.0,2,74.09909909909909,2000
52606002,KZ266 - Ulundi [Ulundi],5607.0,3625.0,4,64.65132869627251,2006
52606002,KZN266 - Ulundi [Ulundi],3550.0,2407.0,4,67.80281690140845,2011
52606002,KZN266 - Ulundi,4217.0,2594.0,5,61.51292387953522,2016
52606002,KZN266 - Ulundi,4236.0,2344.0,7,55.33522190745986,2021
52606003,KZ266 - Ulundi [Ulundi],5182.0,2122.0,2,40.94944037051332,2000
52606003,KZ266 - Ulundi [Ulundi],2827.0,1538.0,4,54.40396179695791,2006
52606003,KZN266 - Ulundi [Ulundi],3097.0,1999.0,4,64.54633516306103,2011
52606003,KZN266 - Ulundi,3498.0,1990.0,5,56.88965122927387,2016
52606003,KZN266 - Ulundi,3449.0,1835.0,5,53.20382719628878,2021
52606004,KZ266 - Ulundi [Ulundi],8962.0,5155.0,5,57.52064271367998,2000
52606004,KZ266 - Ulundi [Ulundi],6827.0,4013.0,5,58.78130950637176,2006
52606004,KZN266 - Ulundi [Ulundi],3942.0,2558.0,6,64.89091831557585,2011
52606004,KZN266 - Ulundi,4303.0,2597.0,7,60.3532419242389,2016
52606004,KZN266 - Ulundi,4142.0,2071.0,7,50.0,2021
52606005,KZ266 - Ulundi [Ulundi],2609.0,1618.0,3,62.016098121885776,2000
52606005,KZ266 - Ulundi [Ulundi],5397.0,4267.0,4,79.06244209746156,2006
52606005,KZN266 - Ulundi [Ulundi],3304.0,2262.0,4,68.46246973365618,2011
52606005,KZN266 - Ulundi,3977.0,2527.0,6,63.54035705305506,2016
52606005,KZN266 - Ulundi,3898.0,2228.0,8,57.157516675218055,2021
52606006,KZ266 - Ulundi [Ulundi],5877.0,2434.0,4,41.415688276331466,2000
52606006,KZ266 - Ulundi [Ulundi],8201.0,4660.0,5,56.82233873917815,2006
52606006,KZN266 - Ulundi [Ulundi],3773.0,2373.0,5,62.89424860853432,2011
52606006,KZN266 - Ulundi,4088.0,2339.0,5,57.216242661448135,2016
52606006,KZN266 - Ulundi,3840.0,1641.0,5,42.734375,2021
52606007,KZ266 - Ulundi [Ulundi],5691.0,3523.0,5,61.90476190476191,2000
52606007,KZ266 - Ulundi [Ulundi],4584.0,3010.0,7,65.66317626527051,2006
52606007,KZN266 - Ulundi [Ulundi],3805.0,2468.0,7,64.86202365308804,2011
52606007,KZN266 - Ulundi,3969.0,2362.0,7,59.51121189216428,2016
52606007,KZN266 - Ulundi,3850.0,1887.0,7,49.01298701298701,2021
52606008,KZ266 - Ulundi [Ulundi],5491.0,4327.0,3,78.8016754689492,2000
52606008,KZ266 - Ulundi [Ulundi],4013.0,2474.0,5,61.64963867430849,2006
52606008,KZN266 - Ulundi [Ulundi],3643.0,2339.0,6,64.20532528136151,2011
52606008,KZN266 - Ulundi,4375.0,2542.0,8,58.10285714285715,2016
52606008,KZN266 - Ulundi,4233.0,2191.0,8,51.759981100874086,2021
52606009,KZ266 - Ulundi [Ulundi],6165.0,2581.0,2,41.865369018653695,2000
52606009,KZ266 - Ulundi [Ulundi],3747.0,2026.0,4,54.06992260475047,2006
52606009,KZN266 - Ulundi [Ulundi],3577.0,2281.0,4,63.76852110707296,2011
52606009,KZN266 - Ulundi,4417.0,2742.0,6,62.078333710663344,2016
52606009,KZN266 - Ulundi,4297.0,2205.0,6,51.31487084012102,2021
52606010,KZ266 - Ulundi [Ulundi],5267.0,3463.0,4,65.74900322764383,2000
52606010,KZ266 - Ulundi [Ulundi],5813.0,3736.0,7,64.26974023739893,2006
52606010,KZN266 - Ulundi [Ulundi],3575.0,2360.0,7,66.01398601398601,2011
52606010,KZN266 - Ulundi,3383.0,1866.0,7,55.15814365947384,2016
52606010,KZN266 - Ulundi,3455.0,1756.0,8,50.82489146164978,2021
52606011,KZ266 - Ulundi [Ulundi],2810.0,1565.0,2,55.693950177935946,2000
52606011,KZ266 - Ulundi [Ulundi],4606.0,1916.0,3,41.5979157620495,2006
52606011,KZN266 - Ulundi [Ulundi],3296.0,2070.0,4,62.80339805825243,2011
52606011,KZN266 - Ulundi,3900.0,2180.0,5,55.8974358974359,2016
52606011,KZN266 - Ulundi,3658.0,1618.0,5,44.231820667031165,2021
52606012,KZ266 - Ulundi [Ulundi],6276.0,2907.0,1,46.31931166347992,2000
52606012,KZ266 - Ulundi [Ulundi],4055.0,1394.0,2,34.37731196054254,2006
52606012,KZN266 - Ulundi [Ulundi],2901.0,1791.0,3,61.73733195449845,2011
52606012,KZN266 - Ulundi,3594.0,2041.0,4,56.789092932665554,2016
52606012,KZN266 - Ulundi,4197.0,1933.0,4,46.05670717178938,2021
52606013,KZ266 - Ulundi [Ulundi],3688.0,2477.0,5,67.16377440347071,2000
52606013,KZ266 - Ulundi [Ulundi],4481.0,2445.0,5,54.56371345681767,2006
52606013,KZN266 - Ulundi [Ulundi],3435.0,2210.0,5,64.3377001455604,2011
52606013,KZN266 - Ulundi,4332.0,2493.0,8,57.54847645429363,2016
52606013,KZN266 - Ulundi,4003.0,1831.0,8,45.74069447914064,2021
52606014,KZ266 - Ulundi [Ulundi],4565.0,3929.0,3,86.06790799561884,2000
52606014,KZ266 - Ulundi [Ulundi],4967.0,3216.0,6,64.74733239379907,2006
52606014,KZN266 - Ulundi [Ulundi],3404.0,2413.0,6,70.88719153936546,2011
52606014,KZN266 - Ulundi,4317.0,2635.0,8,61.03775770210794,2016
52606014,KZN266 - Ulundi,4357.0,2539.0,8,58.27404177186138,2021
52606015,KZ266 - Ulundi [Ulundi],7361.0,3521.0,3,47.83317484037495,2000
52606015,KZ266 - Ulundi [Ulundi],5999.0,4305.0,5,71.76196032672112,2006
52606015,KZN266 - Ulundi [Ulundi],4164.0,2935.0,6,70.48511047070124,2011
52606015,KZN266 - Ulundi,4643.0,3014.0,6,64.91492569459402,2016
52606015,KZN266 - Ulundi,4530.0,2428.0,6,53.59823399558499,2021
52606016,KZ266 - Ulundi [Ulundi],3952.0,1998.0,4,50.556680161943326,2000
52606016,KZ266 - Ulundi [Ulundi],3846.0,2182.0,7,56.734269370774825,2006
52606016,KZN266 - Ulundi [Ulundi],3334.0,2074.0,7,62.20755848830234,2011
52606016,KZN266 - Ulundi,3699.0,2163.0,7,58.47526358475263,2016
52606016,KZN266 - Ulundi,3605.0,1759.0,7,48.79334257975035,2021
52606017,KZ266 - Ulundi [Ulundi],4062.0,1895.0,5,46.65189561792221,2000
52606017,KZ266 - Ulundi [Ulundi],5026.0,2970.0,7,59.092717867091125,2006
52606017,KZN266 - Ulundi [Ulundi],3859.0,2505.0,7,64.91318994558176,2011
52606017,KZN266 - Ulundi,4297.0,2570.0,7,59.809169187805445,2016
52606017,KZN266 - Ulundi,4187.0,2175.0,7,51.94650107475519,2021
52606018,KZ266 - Ulundi [Ulundi],6488.0,2342.0,2,36.09741060419236,2000
52606018,KZ266 - Ulundi [Ulundi],9591.0,4844.0,2,50.50568241059327,2006
52606018,KZN266 - Ulundi [Ulundi],3310.0,1932.0,2,58.36858006042296,2011
52606018,KZN266 - Ulundi,3756.0,2096.0,4,55.80404685835995,2016
52606018,KZN266 - Ulundi,3827.0,1713.0,4,44.76090932845571,2021
52606019,KZ266 - Ulundi [Ulundi],4886.0,2377.0,2,48.649201801064265,2000
52606019,KZ266 - Ulundi [Ulundi],3609.0,1765.0,2,48.90551399279579,2006
52606019,KZN266 - Ulundi [Ulundi],3068.0,1878.0,2,61.21251629726206,2011
52606019,KZN266 - Ulundi,3488.0,1827.0,4,52.3795871559633,2016
52606019,KZN266 - Ulundi,3397.0,1393.0,5,41.00677068001177,2021
52606020,KZ266 - Ulundi [Ulundi],3008.0,1317.0,4,43.78324468085106,2000
52606020,KZ266 - Ulundi [Ulundi],5445.0,3229.0,6,59.30211202938476,2006
52606020,KZN266 - Ulundi [Ulundi],3706.0,2499.0,6,67.43119266055045,2011
52606020,KZN266 - Ulundi,3929.0,2214.0,7,56.35021634003563,2016
52606020,KZN266 - Ulundi,3877.0,1895.0,7,48.87799845241166,2021
52606021,KZ266 - Ulundi [Ulundi],1880.0,32.0,2,1.702127659574468,2000
52606021,KZ266 - Ulundi [Ulundi],3019.0,533.0,5,17.65485260019874,2006
52606021,KZN266 - Ulundi [Ulundi],3312.0,2085.0,6,62.95289855072463,2011
52606021,KZN266 - Ulundi,4311.0,2580.0,6,59.84690327070285,2016
52606021,KZN266 - Ulundi,4384.0,2345.0,7,53.48996350364964,2021
52606022,KZ266 - Ulundi [Ulundi],1670.0,395.0,1,23.652694610778443,2000
52606022,KZ266 - Ulundi [Ulundi],2412.0,1048.0,2,43.44941956882256,2006
52606022,KZN266 - Ulundi [Ulundi],3588.0,2106.0,2,58.69565217391305,2011
52606022,KZN266 - Ulundi,3747.0,2074.0,2,55.35094742460635,2016
52606022,KZN266 - Ulundi,3799.0,1692.0,2,44.53803632534878,2021
52606023,KZ266 - Ulundi [Ulundi],5879.0,2876.0,4,48.91988433407042,2000
52606023,KZ266 - Ulundi [Ulundi],4476.0,2452.0,5,54.78105451295799,2006
52606023,KZN266 - Ulundi [Ulundi],3265.0,2085.0,5,63.85911179173047,2011
52606023,KZN266 - Ulundi,3724.0,2045.0,5,54.9140708915145,2016
52606023,KZN266 - Ulundi,3642.0,1703.0,5,46.76002196595277,2021
52606024,KZ266 - Ulundi [Ulundi],4857.0,3370.0,4,69.38439365863702,2000
52606024,KZ266 - Ulundi [Ulundi],5171.0,3517.0,5,68.01392380584026,2006
52606024,KZN266 - Ulundi [Ulundi],3100.0,2144.0,5,69.16129032258065,2011
52606024,KZN266 - Ulundi,3485.0,2086.0,6,59.85652797704447,2016
52606024,KZN266 - Ulundi,3382.0,1851.0,6,54.73092844470728,2021
52701001,KZ271 - Umhlabuyalingana [Emangusi],5730.0,1699.0,1,29.650959860383946,2000
52701001,KZ271 - Umhlabuyalingana [Emangusi],3289.0,0.0,1,0.0,2006
52701001,KZN271 - Umhlabuyalingana [Emangusi],4194.0,2190.0,2,52.21745350500715,2011
52701001,KZN271 - Umhlabuyalingana,4045.0,2105.0,3,52.03955500618047,2016
52701001,KZN271 - uMhlabuyalingana,4169.0,2017.0,3,48.38090669225234,2021
52701002,KZ271 - Umhlabuyalingana [Emangusi],2775.0,1518.0,2,54.7027027027027,2000
52701002,KZDMA27 [St Lucia Park],258.0,2.0,1,0.7751937984496124,2000
52701002,KZ271 - Umhlabuyalingana [Emangusi],5076.0,3480.0,3,68.5579196217494,2006
52701002,KZDMA27 [St Lucia Park],259.0,84.0,1,32.432432432432435,2006
52701002,KZN271 - Umhlabuyalingana [Emangusi],3486.0,2598.0,3,74.52667814113597,2011
52701002,KZN273 - The Big 5 False Bay [Hluhluwe],236.0,92.0,1,38.983050847457626,2011
52701002,KZN271 - Umhlabuyalingana,4510.0,3166.0,5,70.19955654101996,2016
52701002,KZN271 - uMhlabuyalingana,4986.0,3088.0,5,61.93341355796229,2021
52701003,KZ271 - Umhlabuyalingana [Emangusi],4813.0,2296.0,3,47.70413463536256,2000
52701003,KZ271 - Umhlabuyalingana [Emangusi],4090.0,1022.0,3,24.98777506112469,2006
52701003,KZN271 - Umhlabuyalingana [Emangusi],4283.0,2741.0,3,63.99719822554284,2011
52701003,KZN271 - Umhlabuyalingana,5234.0,3320.0,3,63.43141001146351,2016
52701003,KZN271 - uMhlabuyalingana,5130.0,2761.0,3,53.82066276803119,2021
52701004,KZ271 - Umhlabuyalingana [Emangusi],3278.0,1636.0,4,49.908480780964005,2000
52701004,KZ271 - Umhlabuyalingana [Emangusi],5264.0,2961.0,4,56.25,2006
52701004,KZN271 - Umhlabuyalingana [Emangusi],3603.0,2079.0,4,57.70191507077436,2011
52701004,KZN271 - Umhlabuyalingana,5242.0,3158.0,5,60.24418161007249,2016
52701004,KZN271 - uMhlabuyalingana,6053.0,3250.0,5,53.69238394184702,2021
52701005,KZ271 - Umhlabuyalingana [Emangusi],5610.0,3303.0,4,58.87700534759358,2000
52701005,KZ271 - Umhlabuyalingana [Emangusi],5198.0,2796.0,5,53.78991919969219,2006
52701005,KZN271 - Umhlabuyalingana [Emangusi],3592.0,2141.0,5,59.604677060133625,2011
52701005,KZN271 - Umhlabuyalingana,4257.0,1960.0,5,46.04181348367395,2016
52701005,KZN271 - uMhlabuyalingana,3990.0,1814.0,5,45.46365914786967,2021
52701006,KZ271 - Umhlabuyalingana [Emangusi],2192.0,730.0,2,33.3029197080292,2000
52701006,KZ271 - Umhlabuyalingana [Emangusi],4184.0,2255.0,2,53.895793499043975,2006
52701006,KZN271 - Umhlabuyalingana [Emangusi],2299.0,1480.0,2,64.37581557198781,2011
52701006,KZN271 - Umhlabuyalingana,3245.0,2193.0,2,67.5808936825886,2016
52701006,KZN271 - uMhlabuyalingana,3791.0,2212.0,2,58.34872065418095,2021
52701007,KZ271 - Umhlabuyalingana [Emangusi],1125.0,482.0,2,42.84444444444445,2000
52701007,KZ271 - Umhlabuyalingana [Emangusi],3652.0,2591.0,6,70.947426067908,2006
52701007,KZN271 - Umhlabuyalingana [Emangusi],2847.0,1988.0,6,69.8278890059712,2011
52701007,KZN271 - Umhlabuyalingana,3607.0,2465.0,6,68.339340171888,2016
52701007,KZN271 - uMhlabuyalingana,4068.0,2385.0,6,58.62831858407079,2021
52701008,KZ271 - Umhlabuyalingana [Emangusi],4422.0,2400.0,5,54.27408412483039,2000
52701008,KZDMA27 [St Lucia Park],518.0,296.0,2,57.14285714285714,2000
52701008,KZ271 - Umhlabuyalingana [Emangusi],2567.0,1457.0,5,56.758862485391504,2006
52701008,KZDMA27 [St Lucia Park],1085.0,458.0,2,42.21198156682028,2006
52701008,KZN271 - Umhlabuyalingana [Emangusi],3390.0,2049.0,7,60.4424778761062,2011
52701008,KZN271 - Umhlabuyalingana,3729.0,2197.0,7,58.91659962456423,2016
52701008,KZN271 - uMhlabuyalingana,3865.0,2354.0,7,60.90556274256145,2021
52701009,KZ271 - Umhlabuyalingana [Emangusi],2948.0,1648.0,2,55.902306648575305,2000
52701009,KZ271 - Umhlabuyalingana [Emangusi],4556.0,2622.0,2,57.550482879719056,2006
52701009,KZN271 - Umhlabuyalingana [Emangusi],3007.0,1785.0,2,59.361489857000336,2011
52701009,KZN271 - Umhlabuyalingana,3670.0,2395.0,3,65.25885558583107,2016
52701009,KZN271 - uMhlabuyalingana,3933.0,2506.0,3,63.71726417493008,2021
52701010,KZ271 - Umhlabuyalingana [Emangusi],2884.0,2689.0,3,93.23855755894591,2000
52701010,KZDMA27 [St Lucia Park],571.0,50.0,1,8.756567425569177,2000
52701010,KZ271 - Umhlabuyalingana [Emangusi],3953.0,2431.0,4,61.49759676195294,2006
52701010,KZDMA27 [St Lucia Park],524.0,56.0,1,10.687022900763358,2006
52701010,KZN271 - Umhlabuyalingana [Emangusi],3277.0,1834.0,5,55.965822398535245,2011
52701010,KZN271 - Umhlabuyalingana,3879.0,2229.0,6,57.46326372776489,2016
52701010,KZN271 - uMhlabuyalingana,3998.0,2228.0,6,55.72786393196599,2021
52701011,KZ271 - Umhlabuyalingana [Emangusi],4938.0,2491.0,1,50.445524503847714,2000
52701011,KZ271 - Umhlabuyalingana [Emangusi],6450.0,2954.0,1,45.798449612403104,2006
52701011,KZN271 - Umhlabuyalingana [Emangusi],2797.0,1435.0,1,51.304969610296745,2011
52701011,KZN271 - Umhlabuyalingana,3351.0,1727.0,2,51.53685467024769,2016
52701011,KZN271 - uMhlabuyalingana,3790.0,1668.0,2,44.01055408970976,2021
52701012,KZ271 - Umhlabuyalingana [Emangusi],1954.0,1061.0,2,54.29887410440123,2000
52701012,KZ271 - Umhlabuyalingana [Emangusi],6005.0,3375.0,3,56.20316402997501,2006
52701012,KZN271 - Umhlabuyalingana [Emangusi],3172.0,1824.0,3,57.5031525851198,2011
52701012,KZN271 - Umhlabuyalingana,3603.0,2109.0,3,58.5345545378851,2016
52701012,KZN271 - uMhlabuyalingana,3846.0,2154.0,5,56.00624024960999,2021
52701013,KZ271 - Umhlabuyalingana [Emangusi],2882.0,1694.0,3,58.77862595419848,2000
52701013,KZ271 - Umhlabuyalingana [Emangusi],4521.0,2852.0,3,63.08338863083388,2006
52701013,KZN271 - Umhlabuyalingana [Emangusi],3478.0,2258.0,3,64.92236917768832,2011
52701013,KZN271 - Umhlabuyalingana,4519.0,2646.0,3,58.552777163089175,2016
52701013,KZN271 - uMhlabuyalingana,4651.0,2588.0,3,55.64394753816384,2021
52701014,KZ271 - Umhlabuyalingana [Emangusi],3949.0,1955.0,4,49.50620410230438,2000
52701014,KZ271 - Umhlabuyalingana [Emangusi],7251.0,4186.0,6,57.72996828023721,2006
52701014,KZN271 - Umhlabuyalingana [Emangusi],3758.0,2378.0,6,63.27833954230974,2011
52701014,KZN271 - Umhlabuyalingana,4441.0,2786.0,6,62.733618554379646,2016
52701014,KZN271 - uMhlabuyalingana,4555.0,2774.0,6,60.90010976948408,2021
52701015,KZ271 - Umhlabuyalingana [Emangusi],2258.0,1481.0,3,65.58901682905226,2000
52701015,KZ271 - Umhlabuyalingana [Emangusi],5359.0,2624.0,4,48.96435902220564,2006
52701015,KZN271 - Umhlabuyalingana [Emangusi],3169.0,2043.0,4,64.46828652571789,2011
52701015,KZN271 - Umhlabuyalingana,3800.0,2109.0,5,55.50000000000001,2016
52701015,KZN271 - uMhlabuyalingana,3982.0,1824.0,5,45.806127574083376,2021
52701016,KZ271 - Umhlabuyalingana [Emangusi],3977.0,3060.0,2,76.94241890872517,2000
52701016,KZ271 - Umhlabuyalingana [Emangusi],3298.0,2182.0,3,66.16130988477865,2006
52701016,KZN271 - Umhlabuyalingana [Emangusi],2818.0,1886.0,3,66.92689850958126,2011
52701016,KZN271 - Umhlabuyalingana,3266.0,2114.0,3,64.72749540722596,2016
52701016,KZN271 - uMhlabuyalingana,3783.0,2281.0,4,60.29606132698916,2021
52701017,KZ271 - Umhlabuyalingana [Emangusi],1960.0,1045.0,2,53.31632653061224,2000
52701017,KZ271 - Umhlabuyalingana [Emangusi],3965.0,2418.0,2,60.98360655737704,2006
52701017,KZN271 - Umhlabuyalingana [Emangusi],2574.0,1573.0,2,61.11111111111112,2011
52701017,KZN271 - Umhlabuyalingana,3903.0,2377.0,4,60.9018703561363,2016
52701017,KZN271 - uMhlabuyalingana,4293.0,2263.0,4,52.71372000931749,2021
52701018,KZ271 - Umhlabuyalingana [Emangusi],2589.0,1739.0,3,67.1687910390112,2000
52701018,KZ271 - Umhlabuyalingana [Emangusi],4283.0,2687.0,7,62.73639971982256,2006
52701018,KZN271 - Umhlabuyalingana [Emangusi],3910.0,2328.0,7,59.53964194373401,2011
52701018,KZN271 - Umhlabuyalingana,4317.0,2723.0,7,63.07621033124855,2016
52701018,KZN271 - uMhlabuyalingana,4647.0,2657.0,7,57.17667312244459,2021
52701019,KZ271 - Umhlabuyalingana [Emangusi],2305.0,848.0,3,36.78958785249458,2000
52701019,KZ271 - Umhlabuyalingana [Emangusi],4293.0,2427.0,6,56.53389238294899,2006
52701019,KZN271 - Umhlabuyalingana [Emangusi],2930.0,1761.0,6,60.1023890784983,2011
52701019,KZN271 - Umhlabuyalingana,3629.0,2165.0,6,59.65830807384954,2016
52701019,KZN271 - uMhlabuyalingana,4439.0,2423.0,7,54.584365848164,2021
52701020,KZ271 - Umhlabuyalingana [Emangusi],1806.0,1036.0,2,57.36434108527132,2000
52701020,KZ271 - Umhlabuyalingana [Emangusi],5270.0,2853.0,2,54.13662239089184,2006
52701020,KZN271 - Umhlabuyalingana [Emangusi],2623.0,1709.0,2,65.1544033549371,2011
52701020,KZN271 - Umhlabuyalingana,3083.0,1924.0,2,62.40674667531625,2016
52701020,KZN271 - uMhlabuyalingana,3462.0,1981.0,2,57.2212593876372,2021
52702001,KZ272 - KZ272 [Mkuze],6864.0,4211.0,4,61.3490675990676,2000
52702001,KZ272 - Jozini [Mkuze],6154.0,3676.0,6,59.73350666233345,2006
52702001,KZN272 - Jozini [Mkuze],3405.0,1978.0,6,58.09104258443466,2011
52702001,KZN272 - Jozini,3915.0,2445.0,6,62.45210727969349,2016
52702001,KZN272 - Jozini,4074.0,2352.0,6,57.73195876288659,2021
52702002,KZ272 - KZ272 [Mkuze],3435.0,1838.0,2,53.50800582241631,2000
52702002,KZ272 - Jozini [Mkuze],3926.0,2165.0,4,55.14518593988793,2006
52702002,KZN272 - Jozini [Mkuze],2585.0,1499.0,4,57.98839458413927,2011
52702002,KZN272 - Jozini,3295.0,2028.0,5,61.54779969650986,2016
52702002,KZN272 - Jozini,3716.0,2119.0,5,57.02368137782562,2021
52702003,KZ272 - KZ272 [Mkuze],10440.0,5055.0,3,48.41954022988506,2000
52702003,KZ272 - Jozini [Mkuze],7161.0,3832.0,4,53.51207931853094,2006
52702003,KZN272 - Jozini [Mkuze],4019.0,2639.0,5,65.66310027369992,2011
52702003,KZN272 - Jozini,5467.0,3847.0,6,70.36766050850558,2016
52702003,KZN272 - Jozini,6088.0,4007.0,6,65.8180026281209,2021
52702004,KZ272 - KZ272 [Mkuze],1957.0,0.0,1,0.0,2000
52702004,KZ272 - Jozini [Mkuze],3886.0,2510.0,3,64.59083890890376,2006
52702004,KZN272 - Jozini [Mkuze],3225.0,1971.0,3,61.11627906976744,2011
52702004,KZN272 - Jozini,3680.0,2552.0,5,69.34782608695652,2016
52702004,KZN272 - Jozini,4257.0,2699.0,6,63.40145642471224,2021
52702005,KZ272 - KZ272 [Mkuze],3033.0,1231.0,1,40.58687767886581,2000
52702005,KZ272 - Jozini [Mkuze],2290.0,1486.0,3,64.89082969432314,2006
52702005,KZN272 - Jozini [Mkuze],3285.0,2127.0,3,64.74885844748859,2011
52702005,KZN272 - Jozini,4707.0,2958.0,4,62.84257488846399,2016
52702005,KZN272 - Jozini,5139.0,2874.0,4,55.92527729130181,2021
52702006,KZ272 - KZ272 [Mkuze],6890.0,4263.0,3,61.872278664731496,2000
52702006,KZ272 - Jozini [Mkuze],5556.0,3173.0,3,57.10943124550036,2006
52702006,KZN272 - Jozini [Mkuze],3640.0,2331.0,3,64.03846153846153,2011
52702006,KZN272 - Jozini,4512.0,2855.0,4,63.27570921985816,2016
52702006,KZN272 - Jozini,4908.0,2912.0,4,59.33170334148329,2021
52702007,KZ272 - KZ272 [Mkuze],6732.0,2948.0,1,43.790849673202615,2000
52702007,KZ272 - Jozini [Mkuze],4238.0,2117.0,2,49.95280792826805,2006
52702007,KZN272 - Jozini [Mkuze],2997.0,1860.0,3,62.06206206206206,2011
52702007,KZN272 - Jozini,3516.0,2117.0,3,60.21046643913538,2016
52702007,KZN272 - Jozini,3611.0,1996.0,3,55.27554693990584,2021
52702008,KZ272 - KZ272 [Mkuze],5880.0,2939.0,1,49.98299319727892,2000
52702008,KZ272 - Jozini [Mkuze],5435.0,2667.0,2,49.070837166513336,2006
52702008,KZN272 - Jozini [Mkuze],2647.0,1675.0,2,63.27918398186626,2011
52702008,KZN272 - Jozini,4011.0,2753.0,3,68.63625031164298,2016
52702008,KZN272 - Jozini,4954.0,2793.0,3,56.378683891804606,2021
52702009,KZ272 - KZ272 [Mkuze],7050.0,3596.0,2,51.00709219858156,2000
52702009,KZ272 - Jozini [Mkuze],2935.0,1704.0,3,58.05792163543442,2006
52702009,KZN272 - Jozini [Mkuze],3092.0,1847.0,4,59.73479948253557,2011
52702009,KZN272 - Jozini,3748.0,2249.0,5,60.00533617929562,2016
52702009,KZN272 - Jozini,4098.0,2358.0,5,57.540263543191806,2021
52702010,KZ272 - KZ272 [Mkuze],4992.0,2630.0,3,52.68429487179487,2000
52702010,KZ272 - Jozini [Mkuze],5501.0,3613.0,3,65.67896746046173,2006
52702010,KZN272 - Jozini [Mkuze],3970.0,2679.0,5,67.48110831234257,2011
52702010,KZN272 - Jozini,4459.0,2873.0,5,64.43148688046647,2016
52702010,KZN272 - Jozini,4670.0,2804.0,5,60.04282655246252,2021
52702011,KZ272 - KZ272 [Mkuze],4533.0,2555.0,4,56.36443856165895,2000
52702011,KZ272 - Jozini [Mkuze],4316.0,1895.0,4,43.90639481000927,2006
52702011,KZN272 - Jozini [Mkuze],3285.0,1934.0,4,58.87366818873668,2011
52702011,KZN272 - Jozini,4126.0,2457.0,4,59.5492001938924,2016
52702011,KZN272 - Jozini,4190.0,2330.0,4,55.60859188544153,2021
52702012,KZ272 - KZ272 [Mkuze],2496.0,1455.0,2,58.293269230769226,2000
52702012,KZ272 - Jozini [Mkuze],5916.0,3726.0,2,62.9817444219067,2006
52702012,KZN272 - Jozini [Mkuze],3297.0,2166.0,3,65.6960873521383,2011
52702012,KZN272 - Jozini,4401.0,2936.0,4,66.71211088389003,2016
52702012,KZN272 - Jozini,5485.0,3371.0,4,61.458523245214224,2021
52702013,KZ272 - KZ272 [Mkuze],2809.0,550.0,3,19.57992168031328,2000
52702013,KZ272 - Jozini [Mkuze],3383.0,952.0,3,28.14070351758794,2006
52702013,KZN272 - Jozini [Mkuze],3760.0,2377.0,3,63.21808510638298,2011
52702013,KZN272 - Jozini,4483.0,2861.0,3,63.81887129154584,2016
52702013,KZN272 - Jozini,4879.0,2947.0,3,60.40172166427546,2021
52702014,KZ272 - KZ272 [Mkuze],4127.0,1907.0,3,46.20789920038769,2000
52702014,KZ272 - Jozini [Mkuze],7533.0,3716.0,4,49.32961635470596,2006
52702014,KZN272 - Jozini [Mkuze],3439.0,2084.0,4,60.59901134050596,2011
52702014,KZN272 - Jozini,3940.0,2355.0,4,59.77157360406091,2016
52702014,KZN272 - Jozini,4128.0,2127.0,6,51.52616279069767,2021
52702015,KZ272 - KZ272 [Mkuze],7246.0,4158.0,4,57.38338393596467,2000
52702015,KZ272 - Jozini [Mkuze],7833.0,4953.0,4,63.23247797778628,2006
52702015,KZN272 - Jozini [Mkuze],4160.0,2750.0,4,66.10576923076923,2011
52702015,KZN272 - Jozini,4490.0,2563.0,4,57.08240534521158,2016
52702015,KZN272 - Jozini,4582.0,2556.0,4,55.78350065473592,2021
52702016,KZ272 - KZ272 [Mkuze],2889.0,1810.0,2,62.65143648321219,2000
52702016,KZ272 - Jozini [Mkuze],4460.0,2716.0,3,60.89686098654708,2006
52702016,KZN272 - Jozini [Mkuze],3041.0,2038.0,3,67.01742847747451,2011
52702016,KZN272 - Jozini,3625.0,2359.0,3,65.07586206896552,2016
52702016,KZN272 - Jozini,4144.0,2941.0,3,70.97007722007721,2021
52702017,KZ272 - KZ272 [Mkuze],6016.0,3873.0,4,64.3783244680851,2000
52702017,KZ272 - Jozini [Mkuze],7702.0,4191.0,7,54.41443780836146,2006
52702017,KZN272 - Jozini [Mkuze],4233.0,2565.0,8,60.59532246633593,2011
52702017,KZN272 - Jozini,4516.0,2687.0,8,59.49955713020372,2016
52702017,KZN272 - Jozini,4568.0,2739.0,8,59.96059544658494,2021
52702018,KZ272 - KZ272 [Mkuze],5999.0,3299.0,5,54.99249874979163,2000
52702018,KZ272 - Jozini [Mkuze],7349.0,4488.0,5,61.06953326983263,2006
52702018,KZN272 - Jozini [Mkuze],3916.0,2463.0,5,62.89581205311542,2011
52702018,KZN272 - Jozini,4213.0,2579.0,6,61.21528601946357,2016
52702018,KZN272 - Jozini,4407.0,2553.0,6,57.93056501021103,2021
52702019,KZ272 - KZ272 [Mkuze],4916.0,2939.0,3,59.78437754271766,2000
52702019,KZ272 - Jozini [Mkuze],5093.0,3143.0,4,61.71215393677597,2006
52702019,KZN272 - Jozini [Mkuze],3844.0,1803.0,5,46.90426638917794,2011
52702019,KZN272 - Jozini,4677.0,3154.0,5,67.43639084883472,2016
52702019,KZN272 - Jozini,4837.0,2739.0,5,56.62600785610916,2021
52702020,KZ272 - KZ272 [Mkuze],4962.0,1676.0,1,33.77670294236195,2000
52702020,KZDMA27 [St Lucia Park],22.0,22.0,1,100.0,2000
52702020,KZ272 - Jozini [Mkuze],5592.0,2373.0,3,42.43562231759657,2006
52702020,KZDMA27 [St Lucia Park],70.0,35.0,1,50.0,2006
52702020,KZN272 - Jozini [Mkuze],3068.0,1808.0,4,58.93089960886571,2011
52702020,KZN272 - Jozini,3697.0,2134.0,4,57.72247768460914,2016
52702020,KZN272 - Jozini,4073.0,1953.0,6,47.94991406825436,2021
52702021,KZ272 - KZ272 [Mkuze],6015.0,2745.0,3,45.6359102244389,2000
52702021,KZ272 - Jozini [Mkuze],3677.0,1865.0,4,50.720696219744354,2006
52702021,KZN272 - Jozini [Mkuze],3249.0,2039.0,5,62.75777162203755,2011
52702021,KZN272 - Jozini,4088.0,2445.0,5,59.8091976516634,2016
52702021,KZN272 - Jozini,4410.0,2350.0,5,53.28798185941043,2021
52702022,KZ272 - KZ272 [Mkuze],4613.0,2745.0,4,59.50574463472794,2000
52702022,KZ272 - Jozini [Mkuze],5485.0,3516.0,6,64.102096627165,2006
52702022,KZN272 - Jozini [Mkuze],3854.0,2563.0,6,66.50233523611831,2011
52702022,KZN272 - Jozini,4139.0,2767.0,6,66.85189659338005,2016
52702022,KZN272 - Jozini,4280.0,2463.0,6,57.546728971962615,2021
52702023,KZ272 - KZ272 [Mkuze],1766.0,1215.0,3,68.7995469988675,2000
52702023,KZ272 - Jozini [Mkuze],3230.0,1776.0,3,54.98452012383901,2006
52702023,KZN272 - Jozini [Mkuze],2799.0,1912.0,3,68.31011075384066,2011
52702023,KZN272 - Jozini,3740.0,2597.0,3,69.43850267379679,2016
52702023,KZN272 - Jozini,4214.0,2710.0,3,64.3094447081158,2021
52705001,KZ275 - Inyala/Mtubatuba [Mtubatuba],543.0,295.0,2,54.32780847145487,2000
52705001,KZ275 - Mtubatuba [Mtubatuba],2410.0,1569.0,3,65.10373443983403,2006
52705001,KZN275 - Mtubatuba [Mtubatuba],2515.0,1470.0,3,58.4493041749503,2011
52705001,KZN275 - Mtubatuba,3283.0,2031.0,3,61.86414864453244,2016
52705001,KZN275 - Mtubatuba,2755.0,1630.0,4,59.16515426497278,2021
52705002,KZ275 - Inyala/Mtubatuba [Mtubatuba],1387.0,845.0,1,60.92285508291276,2000
52705002,KZ275 - Mtubatuba [Mtubatuba],1346.0,633.0,1,47.02823179791976,2006
52705002,KZN275 - Mtubatuba [Mtubatuba],1610.0,922.0,2,57.267080745341616,2011
52705002,KZN275 - Mtubatuba,2459.0,1540.0,2,62.6270841805612,2016
52705002,KZN275 - Mtubatuba,5338.0,3354.0,5,62.832521543649314,2021
52705003,KZ275 - Inyala/Mtubatuba [Mtubatuba],2174.0,1003.0,2,46.136154553817846,2000
52705003,KZDMA27 [St Lucia Park],354.0,114.0,1,32.20338983050847,2000
52705003,KZ275 - Mtubatuba [Mtubatuba],4372.0,2186.0,2,50.0,2006
52705003,KZDMA27 [St Lucia Park],213.0,37.0,1,17.370892018779344,2006
52705003,KZN275 - Mtubatuba [Mtubatuba],3633.0,2144.0,3,59.01458849435728,2011
52705003,KZN275 - Mtubatuba,4296.0,2281.0,4,53.09590316573557,2016
52705003,KZN275 - Mtubatuba,4914.0,2662.0,4,54.17175417175417,2021
52705004,KZ275 - Inyala/Mtubatuba [Mtubatuba],4139.0,1359.0,3,32.83401787871467,2000
52705004,KZ275 - Mtubatuba [Mtubatuba],7999.0,2351.0,4,29.391173896737094,2006
52705004,KZN275 - Mtubatuba [Mtubatuba],4310.0,1791.0,4,41.55452436194896,2011
52705004,KZN275 - Mtubatuba,4234.0,2032.0,4,47.99244213509684,2016
52705004,KZN275 - Mtubatuba,4260.0,1713.0,4,40.21126760563381,2021
52705005,KZ275 - Inyala/Mtubatuba [Mtubatuba],2251.0,744.0,1,33.05197689915593,2000
52705005,KZ275 - Mtubatuba [Mtubatuba],4878.0,2398.0,2,49.15949159491595,2006
52705005,KZN275 - Mtubatuba [Mtubatuba],3242.0,1808.0,2,55.76804441702653,2011
52705005,KZN275 - Mtubatuba,4628.0,2638.0,3,57.00086430423509,2016
52705005,KZN275 - Mtubatuba,5099.0,2597.0,3,50.93155520690331,2021
52705006,KZ275 - Inyala/Mtubatuba [Mtubatuba],2951.0,629.0,1,21.314808539478143,2000
52705006,KZ275 - Mtubatuba [Mtubatuba],3812.0,0.0,1,0.0,2006
52705006,KZN275 - Mtubatuba [Mtubatuba],3943.0,2033.0,1,51.55972609688055,2011
52705006,KZN275 - Mtubatuba,3725.0,1848.0,2,49.61073825503356,2016
52705006,KZN275 - Mtubatuba,3858.0,1665.0,2,43.15707620528772,2021
52705007,KZ275 - Mtubatuba [Mtubatuba],688.0,445.0,2,64.68023255813954,2006
52705007,KZN275 - Mtubatuba [Mtubatuba],2023.0,1238.0,2,61.19624320316361,2011
52705007,KZN275 - Mtubatuba,3799.0,2031.0,2,53.46143722032114,2016
52705007,KZN275 - Mtubatuba,4287.0,1929.0,3,44.99650104968509,2021
52705008,KZ274 - Hlabisa [Somkele],1551.0,509.0,1,32.817537072856226,2000
52705008,KZ274 - Hlabisa [Somkele],1637.0,777.0,1,47.46487477092242,2006
52705008,KZN275 - Mtubatuba [Mtubatuba],1929.0,1186.0,2,61.48263348885433,2011
52705008,KZN275 - Mtubatuba,2830.0,1728.0,2,61.0600706713781,2016
52705008,KZN275 - Mtubatuba,3517.0,2069.0,3,58.828547057150985,2021
52705009,KZ274 - Hlabisa [Somkele],5903.0,2652.0,3,44.92630865661528,2000
52705009,KZ274 - Hlabisa [Somkele],6801.0,3452.0,3,50.75724158212027,2006
52705009,KZN275 - Mtubatuba [Mtubatuba],3716.0,2166.0,3,58.28848223896663,2011
52705009,KZN275 - Mtubatuba,4103.0,2490.0,3,60.68730197416525,2016
52705009,KZN275 - Mtubatuba,4407.0,2473.0,3,56.11527115951894,2021
52705010,KZ274 - Hlabisa [Somkele],5810.0,2648.0,4,45.57659208261618,2000
52705010,KZ274 - Hlabisa [Somkele],5803.0,3205.0,5,55.230053420644495,2006
52705010,KZN275 - Mtubatuba [Mtubatuba],3723.0,2067.0,5,55.51974214343272,2011
52705010,KZN275 - Mtubatuba,4573.0,2955.0,6,64.61841242073038,2016
52705010,KZN275 - Mtubatuba,4847.0,2969.0,6,61.25438415514751,2021
52705011,KZ274 - Hlabisa [Somkele],2913.0,0.0,1,0.0,2000
52705011,KZ274 - Hlabisa [Somkele],6738.0,2753.0,1,40.857821311962006,2006
52705011,KZN275 - Mtubatuba [Mtubatuba],2446.0,1377.0,1,56.2959934587081,2011
52705011,KZN275 - Mtubatuba,3031.0,1740.0,1,57.406796436819526,2016
52705011,KZN275 - Mtubatuba,3832.0,2090.0,2,54.54070981210856,2021
52705012,KZ274 - Hlabisa [Somkele],4500.0,2647.0,1,58.82222222222222,2000
52705012,KZ274 - Hlabisa [Somkele],1538.0,874.0,1,56.827048114434334,2006
52705012,KZN275 - Mtubatuba [Mtubatuba],2121.0,1362.0,2,64.21499292786422,2011
52705012,KZN275 - Mtubatuba,3661.0,2396.0,3,65.44659928981153,2016
52705012,KZN275 - Mtubatuba,4129.0,2390.0,3,57.883264713005566,2021
52705013,KZ274 - Hlabisa [Somkele],4777.0,1605.0,2,33.59849277789407,2000
52705013,KZ274 - Hlabisa [Somkele],3395.0,1833.0,3,53.99116347569956,2006
52705013,KZN275 - Mtubatuba [Mtubatuba],3682.0,2303.0,3,62.547528517110266,2011
52705013,KZN275 - Mtubatuba,4523.0,2817.0,3,62.281671456997564,2016
52705013,KZN275 - Mtubatuba,4811.0,2760.0,3,57.36853045104968,2021
52705014,KZ274 - Hlabisa [Somkele],11310.0,3652.0,4,32.290008841732984,2000
52705014,KZ274 - Hlabisa [Somkele],4884.0,2716.0,4,55.61015561015561,2006
52705014,KZN275 - Mtubatuba [Mtubatuba],3379.0,1892.0,5,55.99289730689553,2011
52705014,KZN275 - Mtubatuba,4269.0,2590.0,6,60.66994612321387,2016
52705014,KZN275 - Mtubatuba,4603.0,2616.0,6,56.832500543124056,2021
52705015,KZ274 - Hlabisa [Somkele],3648.0,1250.0,2,34.265350877192986,2000
52705015,KZ274 - Hlabisa [Somkele],4433.0,2313.0,3,52.17685540266186,2006
52705015,KZN275 - Mtubatuba [Mtubatuba],3371.0,2052.0,3,60.872144764164936,2011
52705015,KZN275 - Mtubatuba,4145.0,2609.0,3,62.94330518697225,2016
52705015,KZN275 - Mtubatuba,4644.0,2760.0,4,59.43152454780362,2021
52705016,KZ274 - Hlabisa [Somkele],8104.0,4440.0,3,54.78775913129319,2000
52705016,KZ274 - Hlabisa [Somkele],7301.0,4524.0,4,61.96411450486234,2006
52705016,KZN275 - Mtubatuba [Mtubatuba],3741.0,2294.0,5,61.32050253942796,2011
52705016,KZN275 - Mtubatuba,4409.0,2832.0,5,64.2322522113858,2016
52705016,KZN275 - Mtubatuba,4665.0,2624.0,5,56.248660235798496,2021
52705017,KZ274 - Hlabisa [Somkele],3738.0,2311.0,2,61.82450508293205,2000
52705017,KZ274 - Hlabisa [Somkele],3507.0,737.0,2,21.0151126318791,2006
52705017,KZN275 - Mtubatuba [Mtubatuba],3118.0,1967.0,2,63.08531109685696,2011
52705017,KZN275 - Mtubatuba,3563.0,2320.0,2,65.11366825708672,2016
52705017,KZN275 - Mtubatuba,4097.0,2639.0,3,64.41298511105687,2021
52705018,KZ274 - Hlabisa [Somkele],6580.0,3308.0,2,50.27355623100304,2000
52705018,KZ274 - Hlabisa [Somkele],7697.0,4545.0,2,59.04898012212551,2006
52705018,KZN275 - Mtubatuba [Mtubatuba],3136.0,1979.0,2,63.10586734693877,2011
52705018,KZN275 - Mtubatuba,4112.0,2791.0,3,67.87451361867704,2016
52705018,KZN275 - Mtubatuba,4253.0,2662.0,3,62.591112156125085,2021
52705019,KZ274 - Hlabisa [Somkele],6154.0,2639.0,2,42.88267793305168,2000
52705019,KZ274 - Hlabisa [Somkele],2866.0,499.0,2,17.41102581995813,2006
52705019,KZN275 - Mtubatuba [Mtubatuba],3206.0,1941.0,3,60.54273237679352,2011
52705019,KZN275 - Mtubatuba,3455.0,2180.0,3,63.09696092619392,2016
52705019,KZN275 - Mtubatuba,4322.0,2511.0,3,58.09810273021749,2021
52705020,KZ274 - Hlabisa [Somkele],6323.0,3288.0,2,52.000632611102326,2000
52705020,KZ274 - Hlabisa [Somkele],6272.0,3711.0,5,59.16772959183674,2006
52705020,KZN275 - Mtubatuba [Mtubatuba],3689.0,2311.0,5,62.64570344266739,2011
52705020,KZN275 - Mtubatuba,4935.0,3233.0,7,65.51165146909827,2016
52705020,KZN275 - Mtubatuba,5077.0,3011.0,7,59.30667717155801,2021
52705021,KZ274 - Hlabisa [Somkele],5859.0,2785.0,2,47.53370882403141,2000
52705021,KZ274 - Hlabisa [Somkele],4752.0,2310.0,2,48.61111111111111,2006
52705021,KZN275 - Mtubatuba [Mtubatuba],3509.0,2266.0,4,64.57680250783699,2011
52705021,KZN275 - Mtubatuba,4217.0,2599.0,5,61.63149158169314,2016
52705021,KZN275 - Mtubatuba,4944.0,2785.0,5,56.330906148867314,2021
52705022,KZ274 - Hlabisa [Somkele],2268.0,1288.0,1,56.79012345679012,2000
52705022,KZ275 - Inyala/Mtubatuba [Mtubatuba],323.0,103.0,1,31.88854489164087,2000
52705022,KZ274 - Hlabisa [Somkele],3747.0,2167.0,2,57.83293301307712,2006
52705022,KZ275 - Mtubatuba [Mtubatuba],348.0,93.0,1,26.72413793103448,2006
52705022,KZN275 - Mtubatuba [Mtubatuba],2035.0,1203.0,3,59.11547911547912,2011
52705022,KZN275 - Mtubatuba,2223.0,1262.0,3,56.770130454340986,2016
52705022,KZN275 - Mtubatuba,2895.0,1860.0,3,64.24870466321244,2021
52705023,KZ274 - Hlabisa [Somkele],6435.0,1913.0,2,29.72804972804973,2000
52705023,KZ274 - Hlabisa [Somkele],6257.0,2244.0,3,35.863832507591496,2006
52705023,KZN275 - Mtubatuba [Mtubatuba],5081.0,3136.0,4,61.72013383192285,2011
52705023,KZN275 - Mtubatuba,5734.0,3746.0,4,65.32961283571677,2016
52705023,KZN275 - Mtubatuba,5454.0,2967.0,4,54.400440044004405,2021
52706001,KZ273 - Umzinene [Hluhluwe],1469.0,1082.0,2,73.65554799183118,2000
52706001,KZ273 - The Big 5 False Bay [Hluhluwe],2257.0,1554.0,5,68.85245901639344,2006
52706001,KZN273 - The Big 5 False Bay [Hluhluwe],3020.0,2070.0,6,68.54304635761589,2011
52706001,KZN276 - Hluhluwe/Somkele,3910.0,2423.0,6,61.9693094629156,2016
52706001,KZN276 - Big Five Hlabisa,3954.0,2094.0,6,52.95902883156297,2021
52706002,KZ273 - Umzinene [Hluhluwe],4060.0,2746.0,3,67.63546798029557,2000
52706002,KZ273 - The Big 5 False Bay [Hluhluwe],3145.0,1954.0,4,62.13036565977742,2006
52706002,KZN273 - The Big 5 False Bay [Hluhluwe],3497.0,2220.0,4,63.48298541607092,2011
52706002,KZN276 - Hluhluwe/Somkele,4281.0,2720.0,6,63.53655687923382,2016
52706002,KZN276 - Big Five Hlabisa,4524.0,2796.0,6,61.80371352785146,2021
52706003,KZ273 - Umzinene [Hluhluwe],7063.0,4012.0,3,56.803058190570574,2000
52706003,KZ273 - The Big 5 False Bay [Hluhluwe],2926.0,1491.0,5,50.95693779904307,2006
52706003,KZN273 - The Big 5 False Bay [Hluhluwe],3391.0,1986.0,5,58.56679445591271,2011
52706003,KZN276 - Hluhluwe/Somkele,4202.0,2584.0,5,61.49452641599239,2016
52706003,KZN276 - Big Five Hlabisa,4568.0,2464.0,5,53.94045534150613,2021
52706004,KZ273 - Umzinene [Hluhluwe],4132.0,2251.0,2,54.47725072604066,2000
52706004,KZ273 - The Big 5 False Bay [Hluhluwe],2498.0,1560.0,5,62.44995996797438,2006
52706004,KZN273 - The Big 5 False Bay [Hluhluwe],2936.0,1946.0,5,66.28065395095368,2011
52706004,KZN276 - Hluhluwe/Somkele,3647.0,2600.0,5,71.29147244310391,2016
52706004,KZN276 - Big Five Hlabisa,4003.0,2686.0,5,67.09967524356732,2021
52706005,KZ273 - Umzinene [Hluhluwe],3585.0,1825.0,2,50.90655509065552,2000
52706005,KZ273 - The Big 5 False Bay [Hluhluwe],2497.0,1044.0,4,41.81017220664798,2006
52706005,KZN273 - The Big 5 False Bay [Hluhluwe],3159.0,1686.0,4,53.37132003798671,2011
52706005,KZN276 - Hluhluwe/Somkele,3726.0,2109.0,4,56.60225442834138,2016
52706005,KZN276 - Big Five Hlabisa,3636.0,1588.0,4,43.67436743674367,2021
52706006,KZ274 - Hlabisa [Somkele],7511.0,2783.0,4,37.05232325921981,2000
52706006,KZ274 - Hlabisa [Somkele],4670.0,2341.0,4,50.12847965738758,2006
52706006,KZN274 - Hlabisa [Somkele],2745.0,1596.0,4,58.142076502732245,2011
52706006,KZN276 - Hluhluwe/Somkele,3493.0,2239.0,6,64.09962782708274,2016
52706006,KZN276 - Big Five Hlabisa,3544.0,2084.0,6,58.80361173814899,2021
52706007,KZ274 - Hlabisa [Somkele],6894.0,3621.0,3,52.52393385552655,2000
52706007,KZ274 - Hlabisa [Somkele],4309.0,2143.0,4,49.73311673242051,2006
52706007,KZN274 - Hlabisa [Somkele],2872.0,1781.0,4,62.0125348189415,2011
52706007,KZN276 - Hluhluwe/Somkele,3800.0,2431.0,6,63.97368421052632,2016
52706007,KZN276 - Big Five Hlabisa,4280.0,2686.0,6,62.75700934579439,2021
52706008,KZ274 - Hlabisa [Somkele],3978.0,1975.0,3,49.64806435394671,2000
52706008,KZDMA27 [St Lucia Park],904.0,60.0,1,6.637168141592921,2000
52706008,KZ274 - Hlabisa [Somkele],2944.0,1802.0,4,61.20923913043478,2006
52706008,KZDMA27 [St Lucia Park],528.0,85.0,1,16.098484848484848,2006
52706008,KZN274 - Hlabisa [Somkele],3243.0,2116.0,5,65.24822695035462,2011
52706008,KZN276 - Hluhluwe/Somkele,3557.0,2226.0,6,62.58082653921844,2016
52706008,KZN276 - Big Five Hlabisa,3435.0,2114.0,6,61.542940320232894,2021
52706009,KZ274 - Hlabisa [Somkele],7527.0,4153.0,3,55.174704397502325,2000
52706009,KZ274 - Hlabisa [Somkele],4062.0,2796.0,4,68.83308714918759,2006
52706009,KZN274 - Hlabisa [Somkele],3303.0,2239.0,4,67.7868604299122,2011
52706009,KZN276 - Hluhluwe/Somkele,4110.0,2681.0,6,65.23114355231144,2016
52706009,KZN276 - Big Five Hlabisa,4117.0,2341.0,6,56.86179256740345,2021
52706010,KZ274 - Hlabisa [Somkele],4356.0,2356.0,4,54.08631772268136,2000
52706010,KZ274 - Hlabisa [Somkele],4902.0,3106.0,6,63.36189310485516,2006
52706010,KZN274 - Hlabisa [Somkele],3363.0,2210.0,6,65.71513529586679,2011
52706010,KZN276 - Hluhluwe/Somkele,3896.0,2471.0,7,63.42402464065708,2016
52706010,KZN276 - Big Five Hlabisa,3949.0,2178.0,7,55.15320334261838,2021
52706011,KZ274 - Hlabisa [Somkele],4740.0,2452.0,3,51.729957805907176,2000
52706011,KZ274 - Hlabisa [Somkele],5728.0,3473.0,3,60.63198324022346,2006
52706011,KZN274 - Hlabisa [Somkele],3222.0,2164.0,5,67.16325263811297,2011
52706011,KZN276 - Hluhluwe/Somkele,3959.0,2592.0,6,65.47107855519072,2016
52706011,KZN276 - Big Five Hlabisa,4113.0,2340.0,6,56.89277899343544,2021
52706012,KZ274 - Hlabisa [Somkele],6569.0,2378.0,2,36.20033490637845,2000
52706012,KZ274 - Hlabisa [Somkele],4303.0,2041.0,2,47.43202416918429,2006
52706012,KZN274 - Hlabisa [Somkele],3774.0,2309.0,2,61.18177000529942,2011
52706012,KZN276 - Hluhluwe/Somkele,4219.0,2380.0,3,56.41147191277553,2016
52706012,KZN276 - Big Five Hlabisa,4184.0,1949.0,3,46.58221797323136,2021
52706013,KZ274 - Hlabisa [Somkele],2845.0,1771.0,3,62.249560632688926,2000
52706013,KZ274 - Hlabisa [Somkele],2212.0,1401.0,3,63.33634719710669,2006
52706013,KZN274 - Hlabisa [Somkele],2545.0,1767.0,3,69.43025540275049,2011
52706013,KZN276 - Hluhluwe/Somkele,3514.0,2220.0,4,63.17586795674445,2016
52706013,KZN276 - Big Five Hlabisa,3531.0,1933.0,4,54.74369866893232,2021
52706014,KZ274 - Hlabisa [Somkele],6826.0,3695.0,4,54.13126281863463,2000
52706014,KZ274 - Hlabisa [Somkele],4728.0,2812.0,4,59.47546531302877,2006
52706014,KZN274 - Hlabisa [Somkele],3232.0,2047.0,5,63.33539603960397,2011
52706014,KZN276 - Hluhluwe/Somkele,4434.0,2698.0,7,60.84799278304014,2016
52706014,KZN276 - Big Five Hlabisa,4374.0,2130.0,7,48.69684499314129,2021
52801001,KZ281 - Mbonambi [KwaMbonambi],4286.0,1470.0,2,34.297713485767616,2000
52801001,KZ281 - Mbonambi [KwaMbonambi],4697.0,1577.0,2,33.57462209921226,2006
52801001,KZN281 - Mfolozi [KwaMbonambi],3385.0,2389.0,2,70.57607090103397,2011
52801001,KZN281 - Mfolozi,3567.0,2321.0,4,65.06868516961032,2016
52801001,KZN281 - uMfolozi,3648.0,2173.0,4,59.56688596491229,2021
52801002,KZ281 - Mbonambi [KwaMbonambi],1781.0,472.0,1,26.501965188096577,2000
52801002,KZ281 - Mbonambi [KwaMbonambi],3559.0,1757.0,3,49.36779994380444,2006
52801002,KZN281 - Mfolozi [KwaMbonambi],3223.0,1840.0,3,57.089668011169714,2011
52801002,KZN281 - Mfolozi,3747.0,2147.0,3,57.29917267147051,2016
52801002,KZN281 - uMfolozi,3493.0,1621.0,3,46.40709991411394,2021
52801003,KZ281 - Mbonambi [KwaMbonambi],11142.0,7181.0,3,64.4498294740621,2000
52801003,KZ281 - Mbonambi [KwaMbonambi],6981.0,4129.0,4,59.14625411832116,2006
52801003,KZN281 - Mfolozi [KwaMbonambi],3975.0,2923.0,4,73.53459119496856,2011
52801003,KZN281 - Mfolozi,4716.0,3020.0,5,64.0373197625106,2016
52801003,KZN281 - uMfolozi,4667.0,2705.0,5,57.9601457038783,2021
52801004,KZ281 - Mbonambi [KwaMbonambi],2402.0,1294.0,2,53.87177352206495,2000
52801004,KZ281 - Mbonambi [KwaMbonambi],2956.0,1861.0,3,62.95669824086604,2006
52801004,KZN281 - Mfolozi [KwaMbonambi],2552.0,1817.0,5,71.19905956112854,2011
52801004,KZN281 - Mfolozi,3656.0,2577.0,5,70.48687089715536,2016
52801004,KZN281 - uMfolozi,3858.0,2348.0,5,60.86054950751685,2021
52801005,KZ281 - Mbonambi [KwaMbonambi],2328.0,1808.0,1,77.66323024054984,2006
52801005,KZN281 - Mfolozi [KwaMbonambi],2641.0,2144.0,2,81.18137069291936,2011
52801005,KZN281 - Mfolozi,4215.0,2851.0,3,67.6393831553974,2016
52801005,KZN281 - uMfolozi,4281.0,2329.0,3,54.40317682784396,2021
52801006,KZ281 - Mbonambi [KwaMbonambi],2588.0,0.0,1,0.0,2000
52801006,KZ281 - Mbonambi [KwaMbonambi],2947.0,0.0,1,0.0,2006
52801006,KZN281 - Mfolozi [KwaMbonambi],3916.0,2331.0,1,59.52502553626149,2011
52801006,KZN281 - Mfolozi,4448.0,2710.0,2,60.92625899280576,2016
52801006,KZN281 - uMfolozi,4516.0,2083.0,2,46.12488928255093,2021
52801007,KZ281 - Mbonambi [KwaMbonambi],5156.0,1430.0,2,27.73467804499612,2000
52801007,KZ281 - Mbonambi [KwaMbonambi],3456.0,2148.0,4,62.15277777777778,2006
52801007,KZN281 - Mfolozi [KwaMbonambi],3714.0,2557.0,4,68.84760366182014,2011
52801007,KZN281 - Mfolozi,4362.0,2914.0,4,66.80421824850986,2016
52801007,KZN281 - uMfolozi,4413.0,2288.0,4,51.8468162247904,2021
52801008,KZ281 - Mbonambi [KwaMbonambi],2055.0,0.0,1,0.0,2000
52801008,KZ281 - Mbonambi [KwaMbonambi],2003.0,0.0,1,0.0,2006
52801008,KZN281 - Mfolozi [KwaMbonambi],2676.0,1824.0,2,68.16143497757847,2011
52801008,KZN281 - Mfolozi,3401.0,2298.0,2,67.56836224639812,2016
52801008,KZN281 - uMfolozi,3453.0,2002.0,2,57.97856935997683,2021
52801009,KZ281 - Mbonambi [KwaMbonambi],3761.0,1467.0,2,39.00558362137729,2000
52801009,KZ281 - Mbonambi [KwaMbonambi],6736.0,3944.0,3,58.55106888361045,2006
52801009,KZN281 - Mfolozi [KwaMbonambi],3805.0,2561.0,5,67.30617608409986,2011
52801009,KZN281 - Mfolozi,4247.0,2732.0,5,64.32776077230986,2016
52801009,KZN281 - uMfolozi,4294.0,2475.0,5,57.63856544014905,2021
52801010,KZ281 - Mbonambi [KwaMbonambi],7847.0,4134.0,4,52.68255384223271,2000
52801010,KZ281 - Mbonambi [KwaMbonambi],5594.0,3096.0,7,55.34501251340722,2006
52801010,KZN281 - Mfolozi [KwaMbonambi],4416.0,2847.0,8,64.47010869565217,2011
52801010,KZN281 - Mfolozi,4644.0,2912.0,8,62.70456503014643,2016
52801010,KZN281 - uMfolozi,4490.0,2264.0,8,50.42316258351893,2021
52801011,KZ281 - Mbonambi [KwaMbonambi],2852.0,0.0,1,0.0,2000
52801011,KZ281 - Mbonambi [KwaMbonambi],3960.0,1087.0,2,27.44949494949495,2006
52801011,KZN281 - Mfolozi [KwaMbonambi],4039.0,2676.0,4,66.2540232730874,2011
52801011,KZN281 - Mfolozi,4532.0,2858.0,4,63.06266548984996,2016
52801011,KZN281 - uMfolozi,4689.0,2668.0,5,56.89912561313712,2021
52801012,KZ281 - Mbonambi [KwaMbonambi],2979.0,442.0,2,14.837193689157434,2000
52801012,KZ281 - Mbonambi [KwaMbonambi],5230.0,2482.0,4,47.456978967495225,2006
52801012,KZN281 - Mfolozi [KwaMbonambi],4207.0,2933.0,4,69.7171381031614,2011
52801012,KZN281 - Mfolozi,4654.0,3200.0,4,68.75805758487323,2016
52801012,KZN281 - uMfolozi,4497.0,2368.0,4,52.6573271069602,2021
52801013,KZ281 - Mbonambi [KwaMbonambi],2792.0,1543.0,4,55.26504297994269,2000
52801013,KZ281 - Mbonambi [KwaMbonambi],7883.0,4653.0,6,59.02575161740455,2006
52801013,KZN281 - Mfolozi [KwaMbonambi],3258.0,2090.0,6,64.14978514426028,2011
52801013,KZN281 - Mfolozi,4026.0,2597.0,7,64.5057128663686,2016
52801013,KZN281 - uMfolozi,3896.0,1927.0,7,49.46098562628337,2021
52801014,KZ281 - Mbonambi [KwaMbonambi],838.0,618.0,1,73.74701670644392,2006
52801014,KZN281 - Mfolozi [KwaMbonambi],3064.0,2228.0,2,72.71540469973891,2011
52801014,KZN281 - Mfolozi,4273.0,2752.0,3,64.40439971916686,2016
52801014,KZN281 - uMfolozi,4208.0,1955.0,3,46.45912547528518,2021
52801015,KZ281 - Mbonambi [KwaMbonambi],6364.0,2712.0,2,42.6147077309868,2000
52801015,KZ281 - Mbonambi [KwaMbonambi],4148.0,1181.0,3,28.471552555448408,2006
52801015,KZN281 - Mfolozi [KwaMbonambi],3275.0,2050.0,3,62.59541984732825,2011
52801015,KZN281 - Mfolozi,3792.0,2218.0,4,58.491561181434605,2016
52801015,KZN281 - uMfolozi,3773.0,1928.0,4,51.09992048767559,2021
52801016,KZ281 - Mbonambi [KwaMbonambi],2327.0,994.0,1,42.715943274602495,2000
52801016,KZ281 - Mbonambi [KwaMbonambi],2375.0,0.0,1,0.0,2006
52801016,KZN281 - Mfolozi [KwaMbonambi],3313.0,1893.0,1,57.13854512526411,2011
52801016,KZN281 - Mfolozi,3643.0,2081.0,2,57.12325006862476,2016
52801016,KZN281 - uMfolozi,3554.0,1469.0,2,41.33370849746764,2021
52801017,KZ283 - Ntambanana [Ntambanana],5803.0,2739.0,4,47.199724280544544,2000
52801017,KZ283 - Ntambana [Ntambana],8291.0,4577.0,7,55.20443854782295,2006
52801017,KZN283 - Ntambana [Ntambana],4432.0,2838.0,7,64.03429602888086,2011
52801017,KZN281 - Mfolozi,4631.0,2873.0,7,62.03843662275966,2016
52801017,KZN281 - uMfolozi,4471.0,2070.0,7,46.29836725564751,2021
52801018,KZ281 - Mbonambi [KwaMbonambi],2476.0,1262.0,3,50.96930533117933,2000
52801018,KZ281 - Mbonambi [KwaMbonambi],7776.0,4563.0,4,58.68055555555556,2006
52801018,KZN281 - Mfolozi [KwaMbonambi],3562.0,2429.0,5,68.19202695115104,2011
52801018,KZN281 - Mfolozi,3787.0,2398.0,6,63.32189067863745,2016
52801018,KZN281 - uMfolozi,3880.0,2027.0,6,52.24226804123712,2021
52802001,KZ282 - uMhlathuze [Richards Bay],2138.0,1205.0,2,56.36108512628625,2000
52802001,KZ282 - uMhlathuze [Richards Bay],5774.0,2881.0,2,49.89608590232075,2006
52802001,KZN282 - uMhlathuze [Richards Bay],4579.0,2657.0,2,58.025769818737714,2011
52802001,KZN282 - uMhlathuze,5369.0,3411.0,3,63.53138387036692,2016
52802001,KZN282 - uMhlathuze,5656.0,2726.0,3,48.1966053748232,2021
52802002,KZ282 - uMhlathuze [Richards Bay],3339.0,1506.0,2,45.103324348607366,2000
52802002,KZ282 - uMhlathuze [Richards Bay],4045.0,1700.0,2,42.02719406674908,2006
52802002,KZN282 - uMhlathuze [Richards Bay],5358.0,2815.0,4,52.538260544979465,2011
52802002,KZN282 - uMhlathuze,6299.0,3776.0,5,59.94602317828227,2016
52802002,KZN282 - uMhlathuze,6544.0,3223.0,5,49.25122249388753,2021
52802003,KZ282 - uMhlathuze [Richards Bay],2993.0,1285.0,2,42.93351152689609,2000
52802003,KZ282 - uMhlathuze [Richards Bay],9390.0,3917.0,2,41.71458998935037,2006
52802003,KZN282 - uMhlathuze [Richards Bay],5518.0,2911.0,3,52.75462123957956,2011
52802003,KZN282 - uMhlathuze,6277.0,3693.0,3,58.83383782061495,2016
52802003,KZN282 - uMhlathuze,6302.0,3107.0,3,49.30180894953983,2021
52802004,KZ282 - uMhlathuze [Richards Bay],2061.0,906.0,2,43.95924308588064,2000
52802004,KZ282 - uMhlathuze [Richards Bay],5490.0,2416.0,3,44.00728597449909,2006
52802004,KZN282 - uMhlathuze [Richards Bay],5266.0,3089.0,3,58.65932396505886,2011
52802004,KZN282 - uMhlathuze,6731.0,4123.0,4,61.2538998662903,2016
52802004,KZN282 - uMhlathuze,7006.0,3208.0,5,45.78932343705395,2021
52802005,KZ282 - uMhlathuze [Richards Bay],5337.0,869.0,4,16.28255574292674,2000
52802005,KZ282 - uMhlathuze [Richards Bay],7917.0,4018.0,5,50.75154730327144,2006
52802005,KZN282 - uMhlathuze [Richards Bay],4666.0,2779.0,6,59.5585083583369,2011
52802005,KZN282 - uMhlathuze,5198.0,3327.0,6,64.00538668718738,2016
52802005,KZN282 - uMhlathuze,5251.0,2524.0,7,48.06703485050466,2021
52802006,KZ282 - uMhlathuze [Richards Bay],4149.0,1908.0,3,45.98698481561822,2000
52802006,KZ282 - uMhlathuze [Richards Bay],7520.0,3670.0,3,48.8031914893617,2006
52802006,KZN282 - uMhlathuze [Richards Bay],3782.0,2375.0,3,62.79746166049709,2011
52802006,KZN282 - uMhlathuze,4605.0,2918.0,4,63.36590662323561,2016
52802006,KZN282 - uMhlathuze,4764.0,2441.0,5,51.2384550797649,2021
52802007,KZ282 - uMhlathuze [Richards Bay],3391.0,0.0,1,0.0,2000
52802007,KZ282 - uMhlathuze [Richards Bay],4271.0,619.0,2,14.493092952470146,2006
52802007,KZN282 - uMhlathuze [Richards Bay],5168.0,2670.0,2,51.6640866873065,2011
52802007,KZN282 - uMhlathuze,4902.0,2682.0,3,54.71236230110159,2016
52802007,KZN282 - uMhlathuze,4932.0,2139.0,3,43.3698296836983,2021
52802008,KZ281 - Mbonambi [KwaMbonambi],2082.0,280.0,1,13.44860710854947,2000
52802008,KZ282 - uMhlathuze [Richards Bay],2504.0,0.0,1,0.0,2000
52802008,KZ282 - uMhlathuze [Richards Bay],6936.0,2941.0,3,42.40196078431372,2006
52802008,KZN282 - uMhlathuze [Richards Bay],5650.0,3057.0,3,54.10619469026548,2011
52802008,KZN282 - uMhlathuze,5352.0,2869.0,3,53.606128550074736,2016
52802008,KZN282 - uMhlathuze,4792.0,1912.0,3,39.89983305509182,2021
52802009,KZ282 - uMhlathuze [Richards Bay],2336.0,0.0,1,0.0,2000
52802009,KZ282 - uMhlathuze [Richards Bay],3032.0,304.0,2,10.026385224274406,2006
52802009,KZN282 - uMhlathuze [Richards Bay],5277.0,3087.0,2,58.49914724275156,2011
52802009,KZN282 - uMhlathuze,7547.0,4603.0,4,60.99112230025175,2016
52802009,KZN282 - uMhlathuze,7538.0,3107.0,4,41.2178296630406,2021
52802010,KZ282 - uMhlathuze [Richards Bay],7788.0,2954.0,4,37.9301489470981,2000
52802010,KZ282 - uMhlathuze [Richards Bay],10391.0,4890.0,5,47.05995573092099,2006
52802010,KZN282 - uMhlathuze [Richards Bay],4911.0,2824.0,5,57.50356342903685,2011
52802010,KZN282 - uMhlathuze,5657.0,3508.0,5,62.011666961286906,2016
52802010,KZN282 - uMhlathuze,5373.0,2422.0,5,45.07723804206216,2021
52802011,KZ282 - uMhlathuze [Richards Bay],7563.0,3730.0,2,49.31905328573317,2000
52802011,KZ282 - uMhlathuze [Richards Bay],10400.0,6207.0,5,59.68269230769231,2006
52802011,KZN282 - uMhlathuze [Richards Bay],4569.0,2971.0,5,65.02516962136134,2011
52802011,KZN282 - uMhlathuze,4955.0,3097.0,5,62.50252270433905,2016
52802011,KZN282 - uMhlathuze,4973.0,2562.0,6,51.51819827066157,2021
52802012,KZ282 - uMhlathuze [Richards Bay],4222.0,1134.0,3,26.859308384651825,2000
52802012,KZ282 - uMhlathuze [Richards Bay],5399.0,1194.0,3,22.115206519725877,2006
52802012,KZN282 - uMhlathuze [Richards Bay],5113.0,3072.0,3,60.08214355564248,2011
52802012,KZN282 - uMhlathuze,6478.0,3812.0,5,58.8453226304415,2016
52802012,KZN282 - uMhlathuze,6236.0,2578.0,5,41.340602950609366,2021
52802013,KZ282 - uMhlathuze [Richards Bay],6776.0,2896.0,2,42.739079102715465,2000
52802013,KZ282 - uMhlathuze [Richards Bay],5244.0,3030.0,3,57.78032036613272,2006
52802013,KZN282 - uMhlathuze [Richards Bay],4918.0,3523.0,3,71.63481089873932,2011
52802013,KZN282 - uMhlathuze,6588.0,4502.0,4,68.33636915604129,2016
52802013,KZN282 - uMhlathuze,6697.0,3380.0,4,50.47035986262506,2021
52802014,KZ282 - uMhlathuze [Richards Bay],2343.0,802.0,2,34.2296201451131,2000
52802014,KZ282 - uMhlathuze [Richards Bay],5403.0,2479.0,5,45.8819174532667,2006
52802014,KZN282 - uMhlathuze [Richards Bay],6078.0,3747.0,5,61.64856860809477,2011
52802014,KZN282 - uMhlathuze,6440.0,3702.0,6,57.48447204968944,2016
52802014,KZN282 - uMhlathuze,6262.0,2657.0,6,42.43053337591824,2021
52802015,KZ282 - uMhlathuze [Richards Bay],5980.0,1267.0,1,21.187290969899667,2000
52802015,KZ282 - uMhlathuze [Richards Bay],6392.0,1561.0,3,24.421151439299123,2006
52802015,KZN282 - uMhlathuze [Richards Bay],5457.0,2995.0,3,54.88363569726956,2011
52802015,KZN282 - uMhlathuze,6376.0,3951.0,4,61.966750313676286,2016
52802015,KZN282 - uMhlathuze,6545.0,2893.0,5,44.20168067226891,2021
52802016,KZ282 - uMhlathuze [Richards Bay],3212.0,580.0,1,18.05728518057285,2000
52802016,KZ282 - uMhlathuze [Richards Bay],4585.0,469.0,3,10.229007633587786,2006
52802016,KZN282 - uMhlathuze [Richards Bay],5368.0,2830.0,3,52.71982116244411,2011
52802016,KZN282 - uMhlathuze,5474.0,3013.0,4,55.04201680672269,2016
52802016,KZN282 - uMhlathuze,5052.0,1847.0,4,36.559778305621535,2021
52802017,KZ282 - uMhlathuze [Richards Bay],4113.0,1037.0,2,25.212740092389986,2000
52802017,KZ282 - uMhlathuze [Richards Bay],3708.0,1280.0,3,34.51995685005394,2006
52802017,KZN282 - uMhlathuze [Richards Bay],4475.0,2481.0,3,55.44134078212291,2011
52802017,KZN282 - uMhlathuze,5021.0,2891.0,3,57.57817167894842,2016
52802017,KZN282 - uMhlathuze,4771.0,1706.0,3,35.75770278767554,2021
52802018,KZ282 - uMhlathuze [Richards Bay],6656.0,3802.0,3,57.121394230769226,2000
52802018,KZ282 - uMhlathuze [Richards Bay],3981.0,1514.0,3,38.03064556644059,2006
52802018,KZN282 - uMhlathuze [Richards Bay],4260.0,3106.0,3,72.91079812206573,2011
52802018,KZN282 - uMhlathuze,5148.0,3604.0,3,70.00777000777,2016
52802018,KZN282 - uMhlathuze,5384.0,2720.0,3,50.52005943536404,2021
52802019,KZ282 - uMhlathuze [Richards Bay],6962.0,1042.0,2,14.966963516230969,2000
52802019,KZ282 - uMhlathuze [Richards Bay],6025.0,2127.0,3,35.302904564315355,2006
52802019,KZN282 - uMhlathuze [Richards Bay],5728.0,3399.0,3,59.34008379888268,2011
52802019,KZN282 - uMhlathuze,6111.0,3535.0,3,57.84650630011456,2016
52802019,KZN282 - uMhlathuze,5771.0,2121.0,3,36.75272916305666,2021
52802020,KZ282 - uMhlathuze [Richards Bay],2777.0,1833.0,2,66.00648181490817,2000
52802020,KZ282 - uMhlathuze [Richards Bay],6884.0,3270.0,3,47.50145264381174,2006
52802020,KZN282 - uMhlathuze [Richards Bay],5433.0,3266.0,3,60.11411743051721,2011
52802020,KZN282 - uMhlathuze,5771.0,3323.0,3,57.58100849072952,2016
52802020,KZN282 - uMhlathuze,5343.0,2009.0,3,37.600598914467525,2021
52802021,KZ282 - uMhlathuze [Richards Bay],4051.0,0.0,1,0.0,2000
52802021,KZ282 - uMhlathuze [Richards Bay],11558.0,4378.0,3,37.87852569648728,2006
52802021,KZN282 - uMhlathuze [Richards Bay],5810.0,3274.0,3,56.35111876075732,2011
52802021,KZN282 - uMhlathuze,6110.0,3445.0,4,56.38297872340425,2016
52802021,KZN282 - uMhlathuze,5735.0,2017.0,4,35.17000871839582,2021
52802022,KZ282 - uMhlathuze [Richards Bay],5500.0,367.0,2,6.672727272727273,2000
52802022,KZ282 - uMhlathuze [Richards Bay],4883.0,1173.0,2,24.02211755068605,2006
52802022,KZN282 - uMhlathuze [Richards Bay],4890.0,2783.0,2,56.9120654396728,2011
52802022,KZN282 - uMhlathuze,6121.0,3715.0,3,60.69269727168764,2016
52802022,KZN282 - uMhlathuze,6818.0,3191.0,3,46.80258140217072,2021
52802023,KZ282 - uMhlathuze [Richards Bay],5378.0,1388.0,2,25.808850873930822,2000
52802023,KZ282 - uMhlathuze [Richards Bay],5269.0,779.0,2,14.784589106092238,2006
52802023,KZN282 - uMhlathuze [Richards Bay],4472.0,2236.0,3,50.0,2011
52802023,KZN282 - uMhlathuze,5290.0,3117.0,4,58.92249527410208,2016
52802023,KZN282 - uMhlathuze,5128.0,2203.0,4,42.96021840873635,2021
52802024,KZ282 - uMhlathuze [Richards Bay],4202.0,287.0,2,6.830080913850548,2000
52802024,KZ282 - uMhlathuze [Richards Bay],11354.0,4071.0,3,35.85520521402149,2006
52802024,KZN282 - uMhlathuze [Richards Bay],4225.0,2110.0,3,49.94082840236687,2011
52802024,KZN282 - uMhlathuze,4697.0,2534.0,4,53.94932935916542,2016
52802024,KZN282 - uMhlathuze,4844.0,1937.0,5,39.98761354252684,2021
52802025,KZ282 - uMhlathuze [Richards Bay],4783.0,701.0,2,14.656073593978675,2000
52802025,KZ282 - uMhlathuze [Richards Bay],7949.0,3075.0,4,38.6841112089571,2006
52802025,KZN282 - uMhlathuze [Richards Bay],5855.0,3451.0,4,58.94107600341588,2011
52802025,KZN282 - uMhlathuze,5641.0,3190.0,5,56.55025704662295,2016
52802025,KZN282 - uMhlathuze,6291.0,2546.0,5,40.47051343188682,2021
52802026,KZ282 - uMhlathuze [Richards Bay],3143.0,563.0,2,17.91282214444798,2000
52802026,KZ282 - uMhlathuze [Richards Bay],5596.0,1299.0,2,23.21300929235168,2006
52802026,KZN282 - uMhlathuze [Richards Bay],5234.0,2850.0,2,54.451662208635845,2011
52802026,KZN282 - uMhlathuze,6067.0,3499.0,3,57.672655348607215,2016
52802026,KZN282 - uMhlathuze,5950.0,2706.0,3,45.47899159663866,2021
52802027,KZ282 - uMhlathuze [Richards Bay],7741.0,3594.0,2,46.428110063299314,2000
52802027,KZ282 - uMhlathuze [Richards Bay],4435.0,2017.0,3,45.47914317925592,2006
52802027,KZN282 - uMhlathuze [Richards Bay],5446.0,3142.0,3,57.69372016158648,2011
52802027,KZN282 - uMhlathuze,6072.0,3443.0,4,56.70289855072463,2016
52802027,KZN282 - uMhlathuze,5850.0,2316.0,4,39.58974358974359,2021
52802028,KZ282 - uMhlathuze [Richards Bay],4839.0,1544.0,2,31.90741888820004,2000
52802028,KZ282 - uMhlathuze [Richards Bay],6329.0,2557.0,3,40.40132722389004,2006
52802028,KZN282 - uMhlathuze [Richards Bay],5058.0,2621.0,3,51.81890075128509,2011
52802028,KZN282 - uMhlathuze,6091.0,3066.0,4,50.33656214086357,2016
52802028,KZN282 - uMhlathuze,5881.0,1991.0,4,33.85478660091821,2021
52802029,KZ282 - uMhlathuze [Richards Bay],8353.0,4832.0,3,57.84747994732431,2000
52802029,KZ282 - uMhlathuze [Richards Bay],4286.0,1470.0,3,34.297713485767616,2006
52802029,KZN282 - uMhlathuze [Richards Bay],4092.0,2886.0,4,70.52785923753666,2011
52802029,KZN282 - uMhlathuze,5369.0,3444.0,4,64.14602346805736,2016
52802029,KZN282 - uMhlathuze,5620.0,2704.0,5,48.11387900355872,2021
52802030,KZ282 - uMhlathuze [Richards Bay],3503.0,1140.0,2,32.5435341136169,2000
52802030,KZ282 - uMhlathuze [Richards Bay],3755.0,579.0,2,15.419440745672436,2006
52802030,KZN282 - uMhlathuze [Richards Bay],5455.0,2239.0,2,41.04491292392301,2011
52802030,KZN282 - uMhlathuze,5033.0,2353.0,2,46.75144049274786,2016
52802030,KZN282 - uMhlathuze,4910.0,1681.0,3,34.23625254582485,2021
52802031,KZ283 - Ntambanana [Ntambanana],8695.0,3561.0,4,40.95457159286946,2000
52802031,KZ283 - Ntambana [Ntambana],9752.0,5068.0,5,51.96882690730107,2006
52802031,KZN283 - Ntambana [Ntambana],4489.0,2792.0,5,62.196480285141455,2011
52802031,KZN282 - uMhlathuze,5064.0,3100.0,7,61.21642969984202,2016
52802031,KZN282 - uMhlathuze,5140.0,2496.0,7,48.56031128404669,2021
52802032,KZ283 - Ntambanana [Ntambanana],6922.0,3366.0,4,48.6275642877781,2000
52802032,KZ283 - Ntambana [Ntambana],6437.0,3402.0,6,52.85070685101756,2006
52802032,KZN283 - Ntambana [Ntambana],4416.0,3020.0,6,68.38768115942028,2011
52802032,KZN282 - uMhlathuze,5814.0,3860.0,8,66.39146886824906,2016
52802032,KZN282 - uMhlathuze,5943.0,3238.0,8,54.48426720511527,2021
52802033,KZ283 - Ntambanana [Ntambanana],1923.0,0.0,1,0.0,2000
52802033,KZ283 - Ntambana [Ntambana],3125.0,583.0,2,18.656,2006
52802033,KZN283 - Ntambana [Ntambana],3696.0,2579.0,3,69.77813852813853,2011
52802033,KZN282 - uMhlathuze,4938.0,3288.0,3,66.58566221142162,2016
52802033,KZN282 - uMhlathuze,4903.0,2525.0,3,51.499082194574754,2021
52802034,KZ282 - uMhlathuze [Richards Bay],531.0,99.0,1,18.64406779661017,2000
52802034,KZ282 - uMhlathuze [Richards Bay],692.0,263.0,1,38.00578034682081,2006
52802034,KZN282 - uMhlathuze [Richards Bay],2050.0,1252.0,2,61.073170731707314,2011
52802034,KZN282 - uMhlathuze,5997.0,2422.0,3,40.38686009671502,2016
52802034,KZN282 - uMhlathuze,4711.0,941.0,3,19.974527701125027,2021
52804001,KZ284 - Umlalazi [Eshowe],5623.0,3069.0,5,54.579406011026144,2000
52804001,KZ284 - uMlalazi [Eshowe],6447.0,3773.0,6,58.52334419109664,2006
52804001,KZN284 - uMlalazi [Eshowe],3184.0,1912.0,6,60.050251256281406,2011
52804001,KZN284 - uMlalazi,3272.0,1959.0,6,59.87163814180929,2016
52804001,KZN284 - uMlalazi,3357.0,1743.0,8,51.92135835567471,2021
52804002,KZ284 - Umlalazi [Eshowe],6096.0,3373.0,5,55.33136482939632,2000
52804002,KZ284 - uMlalazi [Eshowe],8224.0,4723.0,6,57.4294747081712,2006
52804002,KZN284 - uMlalazi [Eshowe],3843.0,2282.0,6,59.38069216757741,2011
52804002,KZN284 - uMlalazi,4349.0,2734.0,7,62.865026442860426,2016
52804002,KZN284 - uMlalazi,4177.0,2106.0,7,50.41896097677759,2021
52804003,KZ284 - Umlalazi [Eshowe],6837.0,2341.0,5,34.24016381453854,2000
52804003,KZ284 - uMlalazi [Eshowe],5712.0,2835.0,7,49.63235294117647,2006
52804003,KZN284 - uMlalazi [Eshowe],3291.0,1959.0,7,59.52597994530537,2011
52804003,KZN284 - uMlalazi,3744.0,2351.0,8,62.79380341880342,2016
52804003,KZN284 - uMlalazi,3569.0,1926.0,8,53.96469599327543,2021
52804004,KZ284 - Umlalazi [Eshowe],4148.0,2093.0,4,50.45805207328833,2000
52804004,KZ284 - uMlalazi [Eshowe],3576.0,1956.0,4,54.69798657718121,2006
52804004,KZN284 - uMlalazi [Eshowe],3681.0,2183.0,4,59.30453681064928,2011
52804004,KZN284 - uMlalazi,4292.0,2695.0,5,62.79123951537745,2016
52804004,KZN284 - uMlalazi,4145.0,2065.0,5,49.81905910735826,2021
52804005,KZ284 - Umlalazi [Eshowe],5268.0,2656.0,6,50.417615793470006,2000
52804005,KZ284 - uMlalazi [Eshowe],4890.0,2478.0,6,50.67484662576687,2006
52804005,KZN284 - uMlalazi [Eshowe],3807.0,2194.0,7,57.63068032571579,2011
52804005,KZN284 - uMlalazi,3981.0,2422.0,7,60.83898517960312,2016
52804005,KZN284 - uMlalazi,3916.0,1993.0,7,50.89376915219612,2021
52804006,KZ284 - Umlalazi [Eshowe],8429.0,5255.0,6,62.3442875785977,2000
52804006,KZ284 - uMlalazi [Eshowe],7611.0,4237.0,6,55.669425831034026,2006
52804006,KZN284 - uMlalazi [Eshowe],3576.0,2174.0,6,60.79418344519015,2011
52804006,KZN284 - uMlalazi,3837.0,2379.0,7,62.00156372165755,2016
52804006,KZN284 - uMlalazi,3770.0,1901.0,7,50.42440318302387,2021
52804007,KZ284 - Umlalazi [Eshowe],5024.0,2818.0,4,56.09076433121019,2000
52804007,KZ284 - uMlalazi [Eshowe],5694.0,3092.0,6,54.302774850720056,2006
52804007,KZN284 - uMlalazi [Eshowe],3381.0,1941.0,6,57.40905057675244,2011
52804007,KZN284 - uMlalazi,3692.0,2315.0,6,62.70314192849404,2016
52804007,KZN284 - uMlalazi,3668.0,1918.0,6,52.29007633587786,2021
52804008,KZ284 - Umlalazi [Eshowe],8531.0,4516.0,3,52.93634978314383,2000
52804008,KZ284 - uMlalazi [Eshowe],6991.0,3688.0,5,52.75354026605636,2006
52804008,KZN284 - uMlalazi [Eshowe],3813.0,2347.0,5,61.55258326776816,2011
52804008,KZN284 - uMlalazi,4785.0,2996.0,5,62.61233019853709,2016
52804008,KZN284 - uMlalazi,4426.0,2002.0,5,45.23271577044736,2021
52804009,KZ284 - Umlalazi [Eshowe],8338.0,3974.0,4,47.66130966658671,2000
52804009,KZ284 - uMlalazi [Eshowe],8551.0,4367.0,6,51.0700502865162,2006
52804009,KZN284 - uMlalazi [Eshowe],4125.0,2557.0,6,61.98787878787879,2011
52804009,KZN284 - uMlalazi,4442.0,2783.0,6,62.65195857721747,2016
52804009,KZN284 - uMlalazi,4129.0,1871.0,6,45.31363526277549,2021
52804010,KZ284 - Umlalazi [Eshowe],4231.0,2166.0,2,51.19357125974947,2000
52804010,KZ284 - uMlalazi [Eshowe],7808.0,3864.0,3,49.48770491803279,2006
52804010,KZN284 - uMlalazi [Eshowe],3018.0,1823.0,3,60.40424121935056,2011
52804010,KZN284 - uMlalazi,3381.0,1968.0,3,58.20763087843833,2016
52804010,KZN284 - uMlalazi,3634.0,1698.0,4,46.72537149146945,2021
52804011,KZ284 - Umlalazi [Eshowe],667.0,255.0,1,38.23088455772114,2000
52804011,KZ284 - uMlalazi [Eshowe],724.0,304.0,1,41.988950276243095,2006
52804011,KZN284 - uMlalazi [Eshowe],1837.0,1294.0,4,70.44093630919978,2011
52804011,KZN284 - uMlalazi,3483.0,2339.0,5,67.15475165087568,2016
52804011,KZN284 - uMlalazi,3775.0,1879.0,5,49.77483443708609,2021
52804012,KZ284 - Umlalazi [Eshowe],3017.0,0.0,1,0.0,2000
52804012,KZ284 - uMlalazi [Eshowe],3680.0,529.0,2,14.374999999999998,2006
52804012,KZN284 - uMlalazi [Eshowe],3784.0,2134.0,2,56.395348837209305,2011
52804012,KZN284 - uMlalazi,3592.0,1943.0,3,54.09242761692651,2016
52804012,KZN284 - uMlalazi,3316.0,1406.0,3,42.400482509047045,2021
52804013,KZ284 - Umlalazi [Eshowe],5916.0,2268.0,3,38.33671399594321,2000
52804013,KZ284 - uMlalazi [Eshowe],6967.0,3628.0,4,52.074063441940574,2006
52804013,KZN284 - uMlalazi [Eshowe],3486.0,1995.0,4,57.22891566265061,2011
52804013,KZN284 - uMlalazi,3588.0,2076.0,5,57.859531772575245,2016
52804013,KZN284 - uMlalazi,3534.0,1532.0,5,43.35031126202603,2021
52804014,KZ284 - Umlalazi [Eshowe],5764.0,2198.0,4,38.13324080499653,2000
52804014,KZ284 - uMlalazi [Eshowe],5678.0,3405.0,6,59.9682986967242,2006
52804014,KZN284 - uMlalazi [Eshowe],3987.0,2533.0,6,63.53147730122899,2011
52804014,KZN284 - uMlalazi,4525.0,2864.0,6,63.29281767955801,2016
52804014,KZN284 - uMlalazi,4331.0,2161.0,6,49.89609789886862,2021
52804015,KZ284 - Umlalazi [Eshowe],5599.0,2985.0,4,53.31309162350419,2000
52804015,KZ284 - uMlalazi [Eshowe],9529.0,4642.0,5,48.71445062440969,2006
52804015,KZN284 - uMlalazi [Eshowe],3491.0,2105.0,5,60.29790890862217,2011
52804015,KZN284 - uMlalazi,3741.0,2431.0,5,64.98262496658647,2016
52804015,KZN284 - uMlalazi,3672.0,1997.0,5,54.38453159041394,2021
52804016,KZ284 - Umlalazi [Eshowe],5320.0,2595.0,4,48.778195488721806,2000
52804016,KZ284 - uMlalazi [Eshowe],4724.0,2547.0,5,53.91617273497037,2006
52804016,KZN284 - uMlalazi [Eshowe],3858.0,2408.0,5,62.41575946086056,2011
52804016,KZN284 - uMlalazi,4167.0,2637.0,5,63.2829373650108,2016
52804016,KZN284 - uMlalazi,4022.0,1960.0,5,48.7319741422178,2021
52804017,KZ284 - Umlalazi [Eshowe],9600.0,5305.0,4,55.26041666666666,2000
52804017,KZ284 - uMlalazi [Eshowe],5775.0,3320.0,5,57.48917748917749,2006
52804017,KZN284 - uMlalazi [Eshowe],3991.0,2423.0,5,60.711601102480586,2011
52804017,KZN284 - uMlalazi,4205.0,2557.0,6,60.80856123662307,2016
52804017,KZN284 - uMlalazi,4007.0,1980.0,6,49.413526328924384,2021
52804018,KZ284 - Umlalazi [Eshowe],10652.0,4498.0,4,42.22681186631618,2000
52804018,KZ284 - uMlalazi [Eshowe],3808.0,1716.0,4,45.06302521008404,2006
52804018,KZN284 - uMlalazi [Eshowe],3534.0,1817.0,4,51.414827391058296,2011
52804018,KZN284 - uMlalazi,3477.0,1900.0,4,54.644808743169406,2016
52804018,KZN284 - uMlalazi,3424.0,1494.0,4,43.63317757009346,2021
52804019,KZ284 - Umlalazi [Eshowe],5769.0,2552.0,4,44.236436124111634,2000
52804019,KZ284 - uMlalazi [Eshowe],4342.0,1903.0,4,43.82772915707047,2006
52804019,KZN284 - uMlalazi [Eshowe],3223.0,1829.0,4,56.74837108284208,2011
52804019,KZN284 - uMlalazi,4216.0,2719.0,5,64.49240986717267,2016
52804019,KZN284 - uMlalazi,4160.0,2276.0,5,54.71153846153847,2021
52804020,KZ284 - Umlalazi [Eshowe],4156.0,2065.0,3,49.68719923002888,2000
52804020,KZ284 - uMlalazi [Eshowe],4504.0,2720.0,4,60.39076376554174,2006
52804020,KZN284 - uMlalazi [Eshowe],3538.0,2323.0,4,65.65856416054268,2011
52804020,KZN284 - uMlalazi,4212.0,2695.0,5,63.98385565052232,2016
52804020,KZN284 - uMlalazi,4234.0,1996.0,6,47.14218233349079,2021
52804021,KZ284 - Umlalazi [Eshowe],3338.0,1911.0,3,57.24985020970641,2000
52804021,KZ284 - uMlalazi [Eshowe],8866.0,5331.0,5,60.12858109632303,2006
52804021,KZN284 - uMlalazi [Eshowe],3964.0,2718.0,5,68.56710393541877,2011
52804021,KZN284 - uMlalazi,3942.0,2465.0,6,62.53170979198377,2016
52804021,KZN284 - uMlalazi,3718.0,1664.0,6,44.75524475524475,2021
52804022,KZ284 - Umlalazi [Eshowe],8875.0,4338.0,3,48.87887323943662,2000
52804022,KZ284 - uMlalazi [Eshowe],3360.0,1859.0,5,55.32738095238096,2006
52804022,KZN284 - uMlalazi [Eshowe],3040.0,1946.0,6,64.01315789473684,2011
52804022,KZN284 - uMlalazi,3330.0,2090.0,6,62.76276276276276,2016
52804022,KZN284 - uMlalazi,3256.0,1782.0,6,54.729729729729726,2021
52804023,KZ284 - Umlalazi [Eshowe],7043.0,3008.0,4,42.70907283827914,2000
52804023,KZ284 - uMlalazi [Eshowe],6795.0,3699.0,4,54.437086092715234,2006
52804023,KZN284 - uMlalazi [Eshowe],3113.0,1989.0,4,63.89335046578862,2011
52804023,KZN284 - uMlalazi,3330.0,2126.0,4,63.84384384384384,2016
52804023,KZN284 - uMlalazi,3290.0,1759.0,5,53.46504559270516,2021
52804024,KZ284 - Umlalazi [Eshowe],3588.0,1797.0,2,50.08361204013379,2000
52804024,KZ284 - uMlalazi [Eshowe],5388.0,3046.0,3,56.53303637713437,2006
52804024,KZN284 - uMlalazi [Eshowe],3059.0,1987.0,3,64.95586793069631,2011
52804024,KZN284 - uMlalazi,3714.0,2344.0,4,63.11254711900916,2016
52804024,KZN284 - uMlalazi,3862.0,2178.0,4,56.39564992232005,2021
52804025,KZ284 - Umlalazi [Eshowe],5011.0,2865.0,2,57.174216723208936,2000
52804025,KZ284 - uMlalazi [Eshowe],4713.0,2517.0,4,53.405474220241885,2006
52804025,KZN284 - uMlalazi [Eshowe],3057.0,2119.0,5,69.31632319267256,2011
52804025,KZN284 - uMlalazi,3575.0,2403.0,5,67.21678321678321,2016
52804025,KZN284 - uMlalazi,3687.0,2116.0,6,57.39083265527529,2021
52804026,KZ284 - Umlalazi [Eshowe],6442.0,3811.0,4,59.15864638311084,2000
52804026,KZ284 - uMlalazi [Eshowe],4245.0,2597.0,5,61.17785630153121,2006
52804026,KZN284 - uMlalazi [Eshowe],3727.0,2511.0,5,67.37322243090958,2011
52804026,KZN284 - uMlalazi,4480.0,2872.0,6,64.10714285714286,2016
52804026,KZN284 - uMlalazi,4200.0,1929.0,6,45.92857142857143,2021
52804027,KZ284 - Umlalazi [Eshowe],2894.0,1620.0,4,55.97788527988943,2000
52804027,KZ284 - uMlalazi [Eshowe],3411.0,1934.0,5,56.69891527411316,2006
52804027,KZN284 - uMlalazi [Eshowe],2887.0,1824.0,5,63.17977138898511,2011
52804027,KZN284 - uMlalazi,3504.0,2270.0,6,64.78310502283105,2016
52804027,KZN284 - uMlalazi,3549.0,1683.0,6,47.4218089602705,2021
52804028,KZ284 - Umlalazi [Eshowe],2350.0,0.0,1,0.0,2000
52804028,KZ284 - uMlalazi [Eshowe],2584.0,0.0,1,0.0,2006
52804028,KZN284 - uMlalazi [Eshowe],3432.0,1767.0,3,51.48601398601399,2011
52804028,KZN284 - uMlalazi,3644.0,1850.0,3,50.76838638858398,2016
52804028,KZN284 - uMlalazi,3489.0,1202.0,4,34.45113212955002,2021
52805001,KZ285 - Mthonjaneni [Melmoth],5074.0,2861.0,3,56.38549467875443,2000
52805001,KZ285 - Mthonjaneni [Melmoth],4520.0,2718.0,7,60.13274336283185,2006
52805001,KZN285 - Mthonjaneni [Melmoth],3116.0,1996.0,8,64.05648267008985,2011
52805001,KZN285 - Mthonjaneni,3555.0,2290.0,8,64.41631504922644,2016
52805001,KZN285 - Mthonjaneni,3521.0,1816.0,8,51.57625674524283,2021
52805002,KZ285 - Mthonjaneni [Melmoth],449.0,260.0,1,57.9064587973274,2000
52805002,KZ285 - Mthonjaneni [Melmoth],922.0,611.0,2,66.26898047722342,2006
52805002,KZN285 - Mthonjaneni [Melmoth],1869.0,1157.0,2,61.90476190476191,2011
52805002,KZN285 - Mthonjaneni,3288.0,2046.0,4,62.22627737226277,2016
52805002,KZN285 - Mthonjaneni,3586.0,1570.0,4,43.7813720022309,2021
52805003,KZ283 - Ntambanana [Ntambanana],2234.0,1147.0,2,51.34288272157564,2000
52805003,KZ285 - Mthonjaneni [Melmoth],3718.0,408.0,2,10.973641742872513,2000
52805003,KZ283 - Ntambana [Ntambana],1273.0,665.0,2,52.23880597014925,2006
52805003,KZ285 - Mthonjaneni [Melmoth],3545.0,379.0,2,10.69111424541608,2006
52805003,KZN283 - Ntambana [Ntambana],1089.0,623.0,2,57.20844811753902,2011
52805003,KZN285 - Mthonjaneni [Melmoth],3238.0,1584.0,3,48.919085855466335,2011
52805003,KZN285 - Mthonjaneni,3742.0,2023.0,5,54.06199893105291,2016
52805003,KZN285 - Mthonjaneni,3545.0,1632.0,5,46.03667136812412,2021
52805004,KZ285 - Mthonjaneni [Melmoth],4058.0,1452.0,5,35.78117299162149,2000
52805004,KZ285 - Mthonjaneni [Melmoth],3602.0,1595.0,6,44.28095502498612,2006
52805004,KZN285 - Mthonjaneni [Melmoth],3151.0,1789.0,7,56.77562678514757,2011
52805004,KZN285 - Mthonjaneni,2955.0,1724.0,7,58.34179357021997,2016
52805004,KZN285 - Mthonjaneni,2975.0,1490.0,7,50.08403361344538,2021
52805005,KZ285 - Mthonjaneni [Melmoth],2077.0,929.0,2,44.72797303803563,2000
52805005,KZ285 - Mthonjaneni [Melmoth],5242.0,2853.0,3,54.425791682563904,2006
52805005,KZN285 - Mthonjaneni [Melmoth],2186.0,1332.0,4,60.93321134492224,2011
52805005,KZN285 - Mthonjaneni,3321.0,2097.0,7,63.143631436314365,2016
52805005,KZN285 - Mthonjaneni,3368.0,1802.0,7,53.50356294536817,2021
52805006,KZ285 - Mthonjaneni [Melmoth],395.0,197.0,1,49.87341772151899,2000
52805006,KZ285 - Mthonjaneni [Melmoth],2235.0,1388.0,6,62.10290827740492,2006
52805006,KZN285 - Mthonjaneni [Melmoth],2626.0,1679.0,7,63.93754760091394,2011
52805006,KZN285 - Mthonjaneni,3372.0,2199.0,8,65.2135231316726,2016
52805006,KZN285 - Mthonjaneni,3604.0,1931.0,8,53.57935627081021,2021
52805007,KZ283 - Ntambanana [Ntambanana],538.0,486.0,1,90.33457249070632,2000
52805007,KZ285 - Mthonjaneni [Melmoth],1469.0,697.0,3,47.44724302246426,2000
52805007,KZ285 - Mthonjaneni [Melmoth],2083.0,1145.0,5,54.96879500720115,2006
52805007,KZN285 - Mthonjaneni [Melmoth],2735.0,1822.0,6,66.61791590493601,2011
52805007,KZN285 - Mthonjaneni,3378.0,2194.0,6,64.94967436352871,2016
52805007,KZN285 - Mthonjaneni,3647.0,1868.0,6,51.22018097066082,2021
52805008,KZ285 - Mthonjaneni [Melmoth],9265.0,2719.0,3,29.34700485698867,2000
52805008,KZ285 - Mthonjaneni [Melmoth],5295.0,2769.0,4,52.29461756373938,2006
52805008,KZN285 - Mthonjaneni [Melmoth],3326.0,2031.0,4,61.0643415514131,2011
52805008,KZN285 - Mthonjaneni,3525.0,2194.0,5,62.24113475177305,2016
52805008,KZN285 - Mthonjaneni,3405.0,1645.0,5,48.31130690161527,2021
52805009,KZ283 - Ntambanana [Ntambanana],3225.0,1903.0,1,59.0077519379845,2000
52805009,KZ285 - Mthonjaneni [Melmoth],962.0,379.0,1,39.3970893970894,2000
52805009,KZ283 - Ntambana [Ntambana],3229.0,1860.0,3,57.60297305667389,2006
52805009,KZ285 - Mthonjaneni [Melmoth],2052.0,815.0,1,39.71734892787524,2006
52805009,KZN283 - Ntambana [Ntambana],1826.0,1206.0,3,66.0460021905805,2011
52805009,KZN285 - Mthonjaneni [Melmoth],484.0,218.0,1,45.04132231404959,2011
52805009,KZN285 - Mthonjaneni,3349.0,2216.0,6,66.16900567333532,2016
52805009,KZN285 - Mthonjaneni,3478.0,1887.0,6,54.25531914893617,2021
52805010,KZ283 - Ntambanana [Ntambanana],4831.0,2494.0,5,51.6249223763196,2000
52805010,KZ283 - Ntambana [Ntambana],4672.0,2423.0,7,51.86215753424658,2006
52805010,KZN283 - Ntambana [Ntambana],3780.0,2056.0,7,54.39153439153439,2011
52805010,KZN285 - Mthonjaneni,4034.0,2353.0,8,58.32920178482895,2016
52805010,KZN285 - Mthonjaneni,4052.0,2097.0,8,51.75222112537019,2021
52805011,KZ283 - Ntambanana [Ntambanana],2356.0,1227.0,2,52.07979626485568,2000
52805011,KZ283 - Ntambana [Ntambana],2802.0,1507.0,4,53.78301213418987,2006
52805011,KZN283 - Ntambana [Ntambana],2465.0,1594.0,4,64.66531440162272,2011
52805011,KZN285 - Mthonjaneni,3072.0,2000.0,5,65.10416666666666,2016
52805011,KZN285 - Mthonjaneni,3208.0,1654.0,5,51.55860349127182,2021
52805012,KZ283 - Ntambanana [Ntambanana],4441.0,2399.0,5,54.01936500788111,2000
52805012,KZ283 - Ntambana [Ntambana],7767.0,4827.0,8,62.14754731556585,2006
52805012,KZN283 - Ntambana [Ntambana],3723.0,2259.0,9,60.67687348912168,2011
52805012,KZN285 - Mthonjaneni,3883.0,2175.0,9,56.01339170744269,2016
52805012,KZN285 - Mthonjaneni,3931.0,1942.0,9,49.40218773848893,2021
52805013,KZ283 - Ntambanana [Ntambanana],7314.0,4146.0,3,56.68580803937654,2000
52805013,KZ283 - Ntambana [Ntambana],3147.0,1802.0,3,57.260883380997775,2006
52805013,KZN283 - Ntambana [Ntambana],2533.0,1555.0,3,61.38965653375445,2011
52805013,KZN285 - Mthonjaneni,3088.0,2001.0,4,64.79922279792746,2016
52805013,KZN285 - Mthonjaneni,3088.0,1753.0,4,56.76813471502591,2021
52806001,KZ286 - Nkandla [Nkandla],7836.0,4719.0,5,60.22205206738131,2000
52806001,KZ286 - Nkandla [Nkandla],5257.0,2861.0,6,54.42267452919916,2006
52806001,KZN286 - Nkandla [Nkandla],4008.0,2416.0,8,60.27944111776448,2011
52806001,KZN286 - Nkandla,4713.0,2986.0,9,63.35667303203905,2016
52806001,KZN286 - Nkandla,4772.0,2669.0,9,55.93042749371333,2021
52806002,KZ286 - Nkandla [Nkandla],7532.0,4293.0,4,56.99681359532661,2000
52806002,KZ286 - Nkandla [Nkandla],5047.0,3266.0,5,64.71170992668912,2006
52806002,KZN286 - Nkandla [Nkandla],3084.0,1853.0,5,60.08430609597925,2011
52806002,KZN286 - Nkandla,3519.0,2179.0,5,61.92100028417163,2016
52806002,KZN286 - Nkandla,3641.0,1844.0,5,50.6454270804724,2021
52806003,KZ286 - Nkandla [Nkandla],8546.0,4924.0,5,57.61759887666744,2000
52806003,KZ286 - Nkandla [Nkandla],5130.0,3156.0,6,61.52046783625731,2006
52806003,KZN286 - Nkandla [Nkandla],3235.0,1953.0,6,60.370942812983,2011
52806003,KZN286 - Nkandla,3746.0,2341.0,6,62.493326214628944,2016
52806003,KZN286 - Nkandla,3628.0,1837.0,6,50.63395810363836,2021
52806004,KZ286 - Nkandla [Nkandla],2858.0,1584.0,2,55.42337298810357,2000
52806004,KZ286 - Nkandla [Nkandla],6616.0,3644.0,4,55.07859733978234,2006
52806004,KZN286 - Nkandla [Nkandla],3366.0,2021.0,4,60.04159239453357,2011
52806004,KZN286 - Nkandla,3887.0,2410.0,5,62.00154360689479,2016
52806004,KZN286 - Nkandla,3786.0,1906.0,5,50.3433703116746,2021
52806005,KZ286 - Nkandla [Nkandla],4429.0,2613.0,4,58.9975163693836,2000
52806005,KZ286 - Nkandla [Nkandla],6512.0,3533.0,4,54.2536855036855,2006
52806005,KZN286 - Nkandla [Nkandla],3773.0,2334.0,4,61.86058839120064,2011
52806005,KZN286 - Nkandla,4210.0,2645.0,6,62.82660332541568,2016
52806005,KZN286 - Nkandla,4917.0,2539.0,6,51.63717714053284,2021
52806006,KZ286 - Nkandla [Nkandla],5436.0,3232.0,5,59.45548197203826,2000
52806006,KZ286 - Nkandla [Nkandla],4178.0,2564.0,5,61.36907611297271,2006
52806006,KZN286 - Nkandla [Nkandla],3664.0,2350.0,5,64.13755458515283,2011
52806006,KZN286 - Nkandla,4439.0,3048.0,6,68.66411353908538,2016
52806006,KZN286 - Nkandla,4624.0,2743.0,6,59.32093425605537,2021
52806007,KZ286 - Nkandla [Nkandla],4306.0,2631.0,5,61.10078959591267,2000
52806007,KZ286 - Nkandla [Nkandla],3872.0,2029.0,5,52.40185950413223,2006
52806007,KZN286 - Nkandla [Nkandla],2797.0,1764.0,6,63.06757239899893,2011
52806007,KZN286 - Nkandla,3195.0,2201.0,6,68.88888888888889,2016
52806007,KZN286 - Nkandla,3845.0,2499.0,7,64.99349804941482,2021
52806008,KZ286 - Nkandla [Nkandla],7638.0,4431.0,5,58.01256873527101,2000
52806008,KZ286 - Nkandla [Nkandla],4365.0,2185.0,5,50.057273768613975,2006
52806008,KZN286 - Nkandla [Nkandla],3795.0,2063.0,6,54.36100131752306,2011
52806008,KZN286 - Nkandla,4074.0,2535.0,7,62.22385861561119,2016
52806008,KZN286 - Nkandla,3967.0,1916.0,8,48.29846231409125,2021
52806009,KZ286 - Nkandla [Nkandla],4739.0,2456.0,4,51.82527959485124,2000
52806009,KZ286 - Nkandla [Nkandla],6260.0,3641.0,6,58.1629392971246,2006
52806009,KZN286 - Nkandla [Nkandla],3232.0,1884.0,6,58.29207920792079,2011
52806009,KZN286 - Nkandla,4281.0,2907.0,7,67.90469516468114,2016
52806009,KZN286 - Nkandla,4609.0,2555.0,7,55.435018442178354,2021
52806010,KZ286 - Nkandla [Nkandla],4139.0,2584.0,5,62.43053877748248,2000
52806010,KZ286 - Nkandla [Nkandla],5686.0,3312.0,6,58.24832922968695,2006
52806010,KZN286 - Nkandla [Nkandla],3196.0,1907.0,6,59.66833541927409,2011
52806010,KZN286 - Nkandla,3629.0,2403.0,7,66.2165885918986,2016
52806010,KZN286 - Nkandla,3566.0,2041.0,7,57.23499719573753,2021
52806011,KZ286 - Nkandla [Nkandla],4497.0,2449.0,2,54.45852790749388,2000
52806011,KZ286 - Nkandla [Nkandla],6607.0,3839.0,6,58.10504010897533,2006
52806011,KZN286 - Nkandla [Nkandla],3385.0,2094.0,6,61.86115214180207,2011
52806011,KZN286 - Nkandla,4050.0,2837.0,6,70.04938271604938,2016
52806011,KZN286 - Nkandla,4569.0,2635.0,8,57.671262858393526,2021
52806012,KZ286 - Nkandla [Nkandla],3766.0,2181.0,2,57.91290493892725,2000
52806012,KZ286 - Nkandla [Nkandla],6113.0,4012.0,7,65.63062326190087,2006
52806012,KZN286 - Nkandla [Nkandla],3671.0,2240.0,10,61.01879596840099,2011
52806012,KZN286 - Nkandla,4259.0,2922.0,10,68.6076543789622,2016
52806012,KZN286 - Nkandla,4205.0,2310.0,11,54.9346016646849,2021
52806013,KZ286 - Nkandla [Nkandla],6308.0,2880.0,4,45.65630944831959,2000
52806013,KZ286 - Nkandla [Nkandla],5469.0,3034.0,5,55.4763210824648,2006
52806013,KZN286 - Nkandla [Nkandla],3892.0,2334.0,5,59.96916752312436,2011
52806013,KZN286 - Nkandla,4586.0,2907.0,6,63.388573920628,2016
52806013,KZN286 - Nkandla,5007.0,2929.0,6,58.498102656281205,2021
52806014,KZ286 - Nkandla [Nkandla],3855.0,2442.0,7,63.34630350194552,2000
52806014,KZ286 - Nkandla [Nkandla],7839.0,4557.0,8,58.13241484883276,2006
52806014,KZN286 - Nkandla [Nkandla],4144.0,2417.0,8,58.32528957528957,2011
52806014,KZN286 - Nkandla,4700.0,2909.0,8,61.89361702127659,2016
52806014,KZN286 - Nkandla,4701.0,2477.0,8,52.69091682620719,2021
52901001,KZ291 - Mandeni [Mandeni],6329.0,4061.0,3,64.16495496918945,2000
52901001,KZ291 - eNdondakusuka [Mandeni],5881.0,3840.0,4,65.29501785410645,2006
52901001,KZN291 - Mandeni [Mandeni],3789.0,2585.0,5,68.22380575349698,2011
52901001,KZN291 - Mandeni,4403.0,2810.0,5,63.820122643652056,2016
52901001,KZN291 - Mandeni,4634.0,2679.0,5,57.811825636599046,2021
52901002,KZ291 - Mandeni [Mandeni],8453.0,4607.0,3,54.50136046374069,2000
52901002,KZ291 - eNdondakusuka [Mandeni],5031.0,1710.0,4,33.98926654740608,2006
52901002,KZN291 - Mandeni [Mandeni],3994.0,2494.0,4,62.44366549824737,2011
52901002,KZN291 - Mandeni,4727.0,3158.0,5,66.8077004442564,2016
52901002,KZN291 - Mandeni,4714.0,2379.0,5,50.46669495120917,2021
52901003,KZ291 - Mandeni [Mandeni],6463.0,2705.0,3,41.85362834596936,2000
52901003,KZ291 - eNdondakusuka [Mandeni],4620.0,1962.0,5,42.46753246753247,2006
52901003,KZN291 - Mandeni [Mandeni],4400.0,2245.0,6,51.02272727272727,2011
52901003,KZN291 - Mandeni,4532.0,2527.0,6,55.75904677846425,2016
52901003,KZN291 - Mandeni,4465.0,1794.0,6,40.17917133258679,2021
52901004,KZ291 - Mandeni [Mandeni],3490.0,2430.0,2,69.62750716332378,2000
52901004,KZ291 - eNdondakusuka [Mandeni],2990.0,1860.0,3,62.207357859531776,2006
52901004,KZN291 - Mandeni [Mandeni],3348.0,2278.0,3,68.04062126642772,2011
52901004,KZN291 - Mandeni,4267.0,2777.0,3,65.08085305835482,2016
52901004,KZN291 - Mandeni,4574.0,2228.0,3,48.710100568430256,2021
52901005,KZ291 - Mandeni [Mandeni],8771.0,2610.0,3,29.757154258351388,2000
52901005,KZ291 - eNdondakusuka [Mandeni],4598.0,2136.0,4,46.45498042627229,2006
52901005,KZN291 - Mandeni [Mandeni],3606.0,2166.0,4,60.06655574043261,2011
52901005,KZN291 - Mandeni,4309.0,2681.0,4,62.21861220700858,2016
52901005,KZN291 - Mandeni,4486.0,2388.0,4,53.232278198840845,2021
52901006,KZ291 - Mandeni [Mandeni],4002.0,1413.0,3,35.30734632683658,2000
52901006,KZ291 - eNdondakusuka [Mandeni],6567.0,3382.0,4,51.49992386173291,2006
52901006,KZN291 - Mandeni [Mandeni],3388.0,2130.0,4,62.86894923258559,2011
52901006,KZN291 - Mandeni,3835.0,2270.0,4,59.19165580182529,2016
52901006,KZN291 - Mandeni,3761.0,1910.0,4,50.78436586014357,2021
52901007,KZ291 - Mandeni [Mandeni],6393.0,2877.0,1,45.00234631628344,2000
52901007,KZ291 - eNdondakusuka [Mandeni],2964.0,188.0,2,6.342780026990553,2006
52901007,KZN291 - Mandeni [Mandeni],3731.0,2059.0,2,55.18627713749665,2011
52901007,KZN291 - Mandeni,4618.0,2515.0,2,54.46080554352534,2016
52901007,KZN291 - Mandeni,4556.0,1865.0,2,40.93503072870939,2021
52901008,KZ291 - Mandeni [Mandeni],4346.0,2085.0,3,47.975149562816384,2000
52901008,KZ291 - eNdondakusuka [Mandeni],10468.0,5574.0,4,53.24799388612915,2006
52901008,KZN291 - Mandeni [Mandeni],4021.0,2437.0,4,60.60681422531709,2011
52901008,KZN291 - Mandeni,4489.0,2678.0,5,59.65693918467365,2016
52901008,KZN291 - Mandeni,4470.0,2294.0,5,51.31991051454139,2021
52901009,KZ291 - Mandeni [Mandeni],8615.0,2965.0,2,34.41671503192107,2000
52901009,KZ291 - eNdondakusuka [Mandeni],4002.0,2160.0,3,53.973013493253376,2006
52901009,KZN291 - Mandeni [Mandeni],3490.0,2125.0,3,60.88825214899713,2011
52901009,KZN291 - Mandeni,4312.0,2741.0,5,63.56679035250464,2016
52901009,KZN291 - Mandeni,4596.0,1989.0,5,43.27676240208878,2021
52901010,KZ291 - Mandeni [Mandeni],2948.0,446.0,1,15.128900949796472,2000
52901010,KZ291 - eNdondakusuka [Mandeni],3524.0,1721.0,2,48.83654937570942,2006
52901010,KZN291 - Mandeni [Mandeni],2529.0,1437.0,2,56.82087781731909,2011
52901010,KZN291 - Mandeni,4131.0,2573.0,4,62.28516097797143,2016
52901010,KZN291 - Mandeni,5008.0,2394.0,4,47.8035143769968,2021
52901011,KZ291 - Mandeni [Mandeni],5397.0,3187.0,2,59.05132481007968,2000
52901011,KZ291 - eNdondakusuka [Mandeni],3588.0,2136.0,3,59.53177257525084,2006
52901011,KZN291 - Mandeni [Mandeni],2673.0,1725.0,3,64.53423120089786,2011
52901011,KZN291 - Mandeni,3974.0,2609.0,3,65.65173628585808,2016
52901011,KZN291 - Mandeni,4174.0,1990.0,5,47.67609008145664,2021
52901012,KZ291 - Mandeni [Mandeni],5500.0,2452.0,2,44.581818181818186,2000
52901012,KZ291 - eNdondakusuka [Mandeni],2268.0,1076.0,2,47.44268077601411,2006
52901012,KZN291 - Mandeni [Mandeni],2801.0,1690.0,2,60.33559443056051,2011
52901012,KZN291 - Mandeni,3830.0,2360.0,2,61.61879895561357,2016
52901012,KZN291 - Mandeni,4027.0,1777.0,2,44.12714179289794,2021
52901013,KZ291 - Mandeni [Mandeni],3306.0,806.0,1,24.379915305505143,2000
52901013,KZ291 - eNdondakusuka [Mandeni],3006.0,0.0,1,0.0,2006
52901013,KZN291 - Mandeni [Mandeni],2864.0,1391.0,1,48.56843575418994,2011
52901013,KZN291 - Mandeni,3126.0,1791.0,2,57.293666026871406,2016
52901013,KZN291 - Mandeni,3205.0,1325.0,3,41.34165366614664,2021
52901014,KZ291 - Mandeni [Mandeni],8229.0,2951.0,1,35.8609794628752,2000
52901014,KZ291 - eNdondakusuka [Mandeni],3011.0,206.0,2,6.841580870142809,2006
52901014,KZN291 - Mandeni [Mandeni],3479.0,1855.0,2,53.31991951710262,2011
52901014,KZN291 - Mandeni,3875.0,2253.0,2,58.14193548387097,2016
52901014,KZN291 - Mandeni,3744.0,1567.0,2,41.85363247863248,2021
52901015,KZ291 - Mandeni [Mandeni],3533.0,0.0,1,0.0,2000
52901015,KZ291 - eNdondakusuka [Mandeni],9070.0,3044.0,2,33.56119073869901,2006
52901015,KZN291 - Mandeni [Mandeni],3324.0,1729.0,2,52.01564380264742,2011
52901015,KZN291 - Mandeni,3146.0,1730.0,2,54.99046408137317,2016
52901015,KZN291 - Mandeni,3311.0,1323.0,2,39.95771670190275,2021
52901016,KZ291 - Mandeni [Mandeni],3211.0,789.0,2,24.57178449081283,2000
52901016,KZ291 - eNdondakusuka [Mandeni],7917.0,3598.0,3,45.44650751547303,2006
52901016,KZN291 - Mandeni [Mandeni],3092.0,1778.0,3,57.503234152652006,2011
52901016,KZN291 - Mandeni,3639.0,2071.0,4,56.911239351470186,2016
52901016,KZN291 - Mandeni,3440.0,1305.0,4,37.93604651162791,2021
52901017,KZ291 - Mandeni [Mandeni],6631.0,0.0,1,0.0,2000
52901017,KZ291 - eNdondakusuka [Mandeni],11070.0,2671.0,1,24.12827461607949,2006
52901017,KZN291 - Mandeni [Mandeni],3207.0,1140.0,1,35.547240411599624,2011
52901017,KZN291 - Mandeni,3520.0,1885.0,2,53.55113636363637,2016
52901017,KZN291 - Mandeni,3691.0,1357.0,3,36.76510430777567,2021
52901018,KZ291 - Mandeni [Mandeni],776.0,335.0,1,43.17010309278351,2000
52901018,KZ291 - eNdondakusuka [Mandeni],7746.0,4159.0,2,53.69222824683708,2006
52901018,KZN291 - Mandeni [Mandeni],4386.0,2782.0,2,63.42909256725946,2011
52901018,KZN291 - Mandeni,4370.0,2367.0,3,54.16475972540046,2016
52901018,KZN291 - Mandeni,3838.0,1381.0,3,35.98228243877019,2021
52902001,KZ292 - KZ292 [Stanger],1810.0,1002.0,3,55.35911602209945,2000
52902001,KZ292 - KwaDukuza [Stanger],3002.0,1742.0,3,58.02798134576948,2006
52902001,KZN292 - KwaDukuza [Stanger],2798.0,1811.0,3,64.72480343102217,2011
52902001,KZN292 - KwaDukuza,3831.0,2516.0,4,65.67475854868181,2016
52902001,KZN292 - KwaDukuza,4425.0,2498.0,4,56.45197740112994,2021
52902002,KZ292 - KZ292 [Stanger],2174.0,0.0,1,0.0,2000
52902002,KZ292 - KwaDukuza [Stanger],2735.0,0.0,1,0.0,2006
52902002,KZN292 - KwaDukuza [Stanger],4080.0,2791.0,2,68.40686274509804,2011
52902002,KZN292 - KwaDukuza,4405.0,2877.0,3,65.31214528944382,2016
52902002,KZN292 - KwaDukuza,4416.0,2776.0,3,62.86231884057971,2021
52902003,KZ292 - KZ292 [Stanger],2507.0,1137.0,4,45.35301156761069,2000
52902003,KZ292 - KwaDukuza [Stanger],6901.0,3348.0,5,48.5147080133314,2006
52902003,KZN292 - KwaDukuza [Stanger],4194.0,2326.0,5,55.46018121125418,2011
52902003,KZN292 - KwaDukuza,4847.0,2992.0,8,61.728904476996085,2016
52902003,KZN292 - KwaDukuza,4672.0,2428.0,8,51.96917808219178,2021
52902004,KZ292 - KZ292 [Stanger],3645.0,0.0,1,0.0,2000
52902004,KZ292 - KwaDukuza [Stanger],3384.0,0.0,1,0.0,2006
52902004,KZN292 - KwaDukuza [Stanger],4084.0,2326.0,1,56.95396669931439,2011
52902004,KZN292 - KwaDukuza,5778.0,3662.0,1,63.37833160263067,2016
52902004,KZN292 - KwaDukuza,5931.0,2177.0,1,36.70544596189513,2021
52902005,KZ292 - KwaDukuza [Stanger],2952.0,986.0,1,33.40108401084011,2006
52902005,KZN292 - KwaDukuza [Stanger],3163.0,2436.0,2,77.01549162187796,2011
52902005,KZN292 - KwaDukuza,4276.0,2989.0,2,69.90177736202058,2016
52902005,KZN292 - KwaDukuza,4776.0,2793.0,2,58.479899497487445,2021
52902006,KZ292 - KZ292 [Stanger],2354.0,0.0,1,0.0,2000
52902006,KZ292 - KwaDukuza [Stanger],3266.0,0.0,1,0.0,2006
52902006,KZN292 - KwaDukuza [Stanger],4232.0,2578.0,1,60.91682419659736,2011
52902006,KZN292 - KwaDukuza,4055.0,2732.0,1,67.37361282367448,2016
52902006,KZN292 - KwaDukuza,4370.0,2137.0,1,48.901601830663616,2021
52902007,KZ292 - KwaDukuza [Stanger],1728.0,0.0,1,0.0,2006
52902007,KZN292 - KwaDukuza [Stanger],2670.0,1763.0,1,66.02996254681648,2011
52902007,KZN292 - KwaDukuza,3449.0,2411.0,1,69.90432009278051,2016
52902007,KZN292 - KwaDukuza,3750.0,2233.0,1,59.54666666666667,2021
52902008,KZ292 - KZ292 [Stanger],4667.0,0.0,1,0.0,2000
52902008,KZ292 - KwaDukuza [Stanger],4013.0,0.0,1,0.0,2006
52902008,KZN292 - KwaDukuza [Stanger],3797.0,2123.0,1,55.91256254938109,2011
52902008,KZN292 - KwaDukuza,4147.0,3129.0,1,75.45213407282372,2016
52902008,KZN292 - KwaDukuza,4193.0,2038.0,1,48.60481755306464,2021
52902009,KZ292 - KZ292 [Stanger],5530.0,2969.0,3,53.68896925858952,2000
52902009,KZ292 - KwaDukuza [Stanger],4161.0,1483.0,3,35.64047104061523,2006
52902009,KZN292 - KwaDukuza [Stanger],3534.0,2053.0,3,58.09281267685342,2011
52902009,KZN292 - KwaDukuza,4101.0,2849.0,4,69.47086076566691,2016
52902009,KZN292 - KwaDukuza,4385.0,2350.0,5,53.59179019384265,2021
52902010,KZ292 - KZ292 [Stanger],3042.0,0.0,1,0.0,2000
52902010,KZ292 - KwaDukuza [Stanger],3598.0,0.0,1,0.0,2006
52902010,KZN292 - KwaDukuza [Stanger],4013.0,2691.0,1,67.0570645402442,2011
52902010,KZN292 - KwaDukuza,4799.0,3222.0,3,67.13898728901854,2016
52902010,KZN292 - KwaDukuza,4801.0,2476.0,3,51.57258904394918,2021
52902011,KZ292 - KZ292 [Stanger],2845.0,1540.0,3,54.13005272407732,2000
52902011,KZ292 - KwaDukuza [Stanger],4506.0,2796.0,3,62.050599201065246,2006
52902011,KZN292 - KwaDukuza [Stanger],3212.0,2280.0,3,70.9838107098381,2011
52902011,KZN292 - KwaDukuza,4633.0,3233.0,4,69.78199870494281,2016
52902011,KZN292 - KwaDukuza,5021.0,2900.0,4,57.757418840868354,2021
52902012,KZ292 - KZ292 [Stanger],2723.0,87.0,2,3.1950055086301874,2000
52902012,KZ292 - KwaDukuza [Stanger],3326.0,77.0,2,2.3150932050511126,2006
52902012,KZN292 - KwaDukuza [Stanger],3742.0,2175.0,2,58.123997862105824,2011
52902012,KZN292 - KwaDukuza,4083.0,2643.0,2,64.73181484202793,2016
52902012,KZN292 - KwaDukuza,4227.0,1876.0,2,44.38135793707121,2021
52902013,KZ292 - KZ292 [Stanger],3362.0,0.0,1,0.0,2000
52902013,KZ292 - KwaDukuza [Stanger],4081.0,764.0,2,18.720901739769666,2006
52902013,KZN292 - KwaDukuza [Stanger],4923.0,2681.0,2,54.458663416615885,2011
52902013,KZN292 - KwaDukuza,5269.0,2938.0,3,55.76010628202695,2016
52902013,KZN292 - KwaDukuza,5343.0,2665.0,3,49.87834549878345,2021
52902014,KZ292 - KZ292 [Stanger],4522.0,0.0,1,0.0,2000
52902014,KZ292 - KwaDukuza [Stanger],3316.0,0.0,1,0.0,2006
52902014,KZN292 - KwaDukuza [Stanger],3875.0,2506.0,1,64.67096774193548,2011
52902014,KZN292 - KwaDukuza,4244.0,2653.0,2,62.51178133836004,2016
52902014,KZN292 - KwaDukuza,4348.0,2077.0,2,47.76908923643055,2021
52902015,KZ292 - KZ292 [Stanger],3388.0,1421.0,1,41.942148760330575,2000
52902015,KZ292 - KwaDukuza [Stanger],3249.0,720.0,2,22.1606648199446,2006
52902015,KZN292 - KwaDukuza [Stanger],4222.0,2625.0,2,62.174324964471815,2011
52902015,KZN292 - KwaDukuza,5547.0,3355.0,3,60.48314404182441,2016
52902015,KZN292 - KwaDukuza,5691.0,2744.0,4,48.21648216482165,2021
52902016,KZ292 - KZ292 [Stanger],3289.0,479.0,2,14.563697172392825,2000
52902016,KZ292 - KwaDukuza [Stanger],6182.0,1563.0,2,25.28307990941443,2006
52902016,KZN292 - KwaDukuza [Stanger],4066.0,2120.0,2,52.13969503197246,2011
52902016,KZN292 - KwaDukuza,5688.0,3320.0,4,58.368495077355846,2016
52902016,KZN292 - KwaDukuza,6026.0,3160.0,4,52.43942914039164,2021
52902017,KZ292 - KZ292 [Stanger],3910.0,0.0,1,0.0,2000
52902017,KZ292 - KwaDukuza [Stanger],3018.0,0.0,1,0.0,2006
52902017,KZN292 - KwaDukuza [Stanger],3363.0,1740.0,1,51.739518287243534,2011
52902017,KZN292 - KwaDukuza,3928.0,2342.0,1,59.62321792260692,2016
52902017,KZN292 - KwaDukuza,4192.0,2117.0,1,50.50095419847328,2021
52902018,KZ292 - KZ292 [Stanger],2873.0,0.0,1,0.0,2000
52902018,KZ292 - KwaDukuza [Stanger],3802.0,0.0,1,0.0,2006
52902018,KZN292 - KwaDukuza [Stanger],3893.0,2517.0,1,64.65450809144619,2011
52902018,KZN292 - KwaDukuza,3982.0,2667.0,2,66.97639377197389,2016
52902018,KZN292 - KwaDukuza,4231.0,2242.0,2,52.98983691798629,2021
52902019,KZ292 - KZ292 [Stanger],2893.0,872.0,2,30.14172139647425,2000
52902019,KZ292 - KwaDukuza [Stanger],3138.0,118.0,2,3.760356915232632,2006
52902019,KZN292 - KwaDukuza [Stanger],4373.0,2327.0,2,53.2128973244912,2011
52902019,KZN292 - KwaDukuza,5000.0,2753.0,3,55.06,2016
52902019,KZN292 - KwaDukuza,5159.0,2262.0,3,43.845706532273695,2021
52902020,KZ292 - KZ292 [Stanger],3317.0,315.0,2,9.496533011757611,2000
52902020,KZ292 - KwaDukuza [Stanger],3457.0,167.0,2,4.83077813132774,2006
52902020,KZN292 - KwaDukuza [Stanger],3419.0,2022.0,3,59.14009944428196,2011
52902020,KZN292 - KwaDukuza,3892.0,2400.0,4,61.66495375128469,2016
52902020,KZN292 - KwaDukuza,4456.0,2520.0,4,56.552962298025136,2021
52902021,KZ292 - KZ292 [Stanger],6868.0,3337.0,4,48.58765288293535,2000
52902021,KZ292 - KwaDukuza [Stanger],4191.0,1087.0,4,25.93653066094011,2006
52902021,KZN292 - KwaDukuza [Stanger],3819.0,2132.0,4,55.826132495417646,2011
52902021,KZN292 - KwaDukuza,4195.0,2519.0,4,60.0476758045292,2016
52902021,KZN292 - KwaDukuza,4031.0,2060.0,4,51.10394443066236,2021
52902022,KZN292 - KwaDukuza [Stanger],2013.0,1531.0,2,76.05563835072033,2011
52902022,KZN292 - KwaDukuza,4679.0,3641.0,2,77.81577260098311,2016
52902022,KZN292 - KwaDukuza,6010.0,3994.0,2,66.4559068219634,2021
52902023,KZN292 - KwaDukuza [Stanger],2442.0,1626.0,1,66.58476658476658,2011
52902023,KZN292 - KwaDukuza,3943.0,2658.0,2,67.4106010651788,2016
52902023,KZN292 - KwaDukuza,4604.0,2515.0,2,54.62641181581234,2021
52902024,KZ292 - KZ292 [Stanger],2373.0,0.0,1,0.0,2000
52902024,KZ292 - KwaDukuza [Stanger],2699.0,256.0,2,9.48499444238607,2006
52902024,KZN292 - KwaDukuza [Stanger],3683.0,2485.0,2,67.47216942709747,2011
52902024,KZN292 - KwaDukuza,4643.0,3121.0,3,67.21947017014861,2016
52902024,KZN292 - KwaDukuza,4525.0,2204.0,3,48.70718232044199,2021
52902025,KZ291 - Mandeni [Mandeni],489.0,227.0,1,46.42126789366053,2000
52902025,KZ292 - KZ292 [Stanger],2982.0,1299.0,1,43.561368209255534,2000
52902025,KZ291 - eNdondakusuka [Mandeni],637.0,347.0,2,54.47409733124019,2006
52902025,KZ292 - KwaDukuza [Stanger],2943.0,1702.0,2,57.832144070676186,2006
52902025,KZN292 - KwaDukuza [Stanger],3319.0,2132.0,4,64.2362157276288,2011
52902025,KZN292 - KwaDukuza,3939.0,2546.0,4,64.63569433866463,2016
52902025,KZN292 - KwaDukuza,4186.0,2158.0,4,51.5527950310559,2021
52902026,KZ292 - KZ292 [Stanger],1450.0,1131.0,1,78.0,2000
52902026,KZ292 - KwaDukuza [Stanger],1702.0,0.0,1,0.0,2006
52902026,KZN292 - KwaDukuza [Stanger],2687.0,1834.0,2,68.25455898771865,2011
52902026,KZN292 - KwaDukuza,3245.0,2022.0,2,62.31124807395994,2016
52902026,KZN292 - KwaDukuza,3474.0,1732.0,2,49.85607369027058,2021
52902027,KZ292 - KZ292 [Stanger],936.0,477.0,1,50.96153846153846,2000
52902027,KZ293 - Ndwedwe [Ndwedwe],6188.0,2918.0,4,47.15578539107951,2000
52902027,KZ292 - KwaDukuza [Stanger],513.0,235.0,1,45.80896686159844,2006
52902027,KZ293 - Ndwedwe [Ndwedwe],5504.0,3114.0,4,56.57703488372093,2006
52902027,KZN292 - KwaDukuza [Stanger],3851.0,2421.0,5,62.86678784731239,2011
52902027,KZN292 - KwaDukuza,4177.0,2620.0,5,62.724443380416574,2016
52902027,KZN292 - KwaDukuza,4134.0,2542.0,5,61.490082244799225,2021
52902028,KZ292 - KwaDukuza [Stanger],2317.0,114.0,2,4.920155373327579,2006
52902028,KZN292 - KwaDukuza [Stanger],3155.0,2206.0,2,69.92076069730587,2011
52902028,KZN292 - KwaDukuza,3756.0,2417.0,2,64.35037273695421,2016
52902028,KZN292 - KwaDukuza,4130.0,2015.0,2,48.789346246973366,2021
52902029,KZN292 - KwaDukuza [Stanger],1580.0,1177.0,2,74.49367088607595,2011
52902029,KZN292 - KwaDukuza,3102.0,2188.0,2,70.53513862024501,2016
52902029,KZN292 - KwaDukuza,3542.0,1976.0,2,55.78769057029926,2021
52902030,KZ292 - KZ292 [Stanger],626.0,357.0,1,57.02875399361022,2000
52902030,KZ292 - KwaDukuza [Stanger],650.0,335.0,1,51.53846153846153,2006
52902030,KZN292 - KwaDukuza [Stanger],638.0,369.0,1,57.83699059561128,2011
52902030,KZN292 - KwaDukuza,2841.0,2101.0,2,73.9528335093277,2016
52902030,KZN292 - KwaDukuza,3732.0,2489.0,2,66.69346195069667,2021
52903001,KZ293 - Ndwedwe [Ndwedwe],6821.0,2996.0,5,43.92317841958657,2000
52903001,KZ293 - Ndwedwe [Ndwedwe],6713.0,3234.0,5,48.17518248175183,2006
52903001,KZN293 - Ndwedwe [Ndwedwe],3118.0,1777.0,5,56.99166132135984,2011
52903001,KZN293 - Ndwedwe,3415.0,2030.0,6,59.44363103953148,2016
52903001,KZN293 - Ndwedwe,3369.0,1770.0,6,52.53784505788067,2021
52903002,KZ293 - Ndwedwe [Ndwedwe],2749.0,1395.0,5,50.74572571844307,2000
52903002,KZ293 - Ndwedwe [Ndwedwe],2942.0,1472.0,5,50.03399048266486,2006
52903002,KZN293 - Ndwedwe [Ndwedwe],2910.0,1783.0,5,61.27147766323024,2011
52903002,KZN293 - Ndwedwe,3329.0,2038.0,5,61.21958546109943,2016
52903002,KZN293 - Ndwedwe,3486.0,1703.0,5,48.85255306942054,2021
52903003,KZ293 - Ndwedwe [Ndwedwe],5596.0,2856.0,6,51.03645461043602,2000
52903003,KZ293 - Ndwedwe [Ndwedwe],10240.0,5524.0,7,53.9453125,2006
52903003,KZN293 - Ndwedwe [Ndwedwe],4177.0,2505.0,7,59.97127124730668,2011
52903003,KZN293 - Ndwedwe,4432.0,2736.0,7,61.73285198555957,2016
52903003,KZN293 - Ndwedwe,4185.0,2289.0,8,54.69534050179211,2021
52903004,KZ293 - Ndwedwe [Ndwedwe],3799.0,2468.0,4,64.96446433271915,2000
52903004,KZ293 - Ndwedwe [Ndwedwe],5792.0,2863.0,4,49.430248618784525,2006
52903004,KZN293 - Ndwedwe [Ndwedwe],2973.0,1793.0,4,60.30945173225698,2011
52903004,KZN293 - Ndwedwe,3292.0,2012.0,4,61.11786148238153,2016
52903004,KZN293 - Ndwedwe,3231.0,1666.0,4,51.56298359640979,2021
52903005,KZ293 - Ndwedwe [Ndwedwe],4346.0,2233.0,5,51.38057984353428,2000
52903005,KZ293 - Ndwedwe [Ndwedwe],5328.0,2822.0,5,52.96546546546546,2006
52903005,KZN293 - Ndwedwe [Ndwedwe],3467.0,2020.0,5,58.26362849725988,2011
52903005,KZN293 - Ndwedwe,3900.0,2223.0,5,56.99999999999999,2016
52903005,KZN293 - Ndwedwe,3888.0,2140.0,5,55.041152263374485,2021
52903006,KZ293 - Ndwedwe [Ndwedwe],2595.0,1355.0,4,52.21579961464354,2000
52903006,KZ293 - Ndwedwe [Ndwedwe],4957.0,2759.0,4,55.65866451482752,2006
52903006,KZN293 - Ndwedwe [Ndwedwe],3080.0,1881.0,4,61.07142857142858,2011
52903006,KZN293 - Ndwedwe,3494.0,2166.0,4,61.991986262163714,2016
52903006,KZN293 - Ndwedwe,3220.0,1402.0,4,43.54037267080745,2021
52903007,KZ293 - Ndwedwe [Ndwedwe],3580.0,2127.0,5,59.41340782122905,2000
52903007,KZ293 - Ndwedwe [Ndwedwe],3390.0,2039.0,6,60.147492625368734,2006
52903007,KZN293 - Ndwedwe [Ndwedwe],2953.0,1888.0,6,63.93498137487301,2011
52903007,KZN293 - Ndwedwe,3033.0,1848.0,6,60.9297725024728,2016
52903007,KZN293 - Ndwedwe,3079.0,1801.0,7,58.49301721338097,2021
52903008,KZ293 - Ndwedwe [Ndwedwe],3939.0,1925.0,3,48.87027164254887,2000
52903008,KZ293 - Ndwedwe [Ndwedwe],5736.0,3063.0,5,53.39958158995815,2006
52903008,KZN293 - Ndwedwe [Ndwedwe],3318.0,2099.0,5,63.261000602772754,2011
52903008,KZN293 - Ndwedwe,3772.0,2520.0,5,66.80805938494167,2016
52903008,KZN293 - Ndwedwe,3849.0,2140.0,5,55.59885684593401,2021
52903009,KZ293 - Ndwedwe [Ndwedwe],4713.0,2299.0,4,48.77997029492892,2000
52903009,KZ293 - Ndwedwe [Ndwedwe],6786.0,3416.0,4,50.338933097553785,2006
52903009,KZN293 - Ndwedwe [Ndwedwe],3539.0,2144.0,4,60.58208533484035,2011
52903009,KZN293 - Ndwedwe,3977.0,2391.0,5,60.12069399044506,2016
52903009,KZN293 - Ndwedwe,3985.0,1992.0,6,49.987452948557085,2021
52903010,KZ293 - Ndwedwe [Ndwedwe],3463.0,2071.0,5,59.80363846375975,2000
52903010,KZ293 - Ndwedwe [Ndwedwe],5954.0,3662.0,5,61.50487067517635,2006
52903010,KZN293 - Ndwedwe [Ndwedwe],3051.0,2087.0,5,68.40380203212062,2011
52903010,KZN293 - Ndwedwe,3441.0,2198.0,5,63.876780005812265,2016
52903010,KZN293 - Ndwedwe,3478.0,2038.0,5,58.596894767107536,2021
52903011,KZ293 - Ndwedwe [Ndwedwe],4190.0,2589.0,4,61.78997613365155,2000
52903011,KZ293 - Ndwedwe [Ndwedwe],4556.0,2891.0,5,63.45478489903424,2006
52903011,KZN293 - Ndwedwe [Ndwedwe],2807.0,1938.0,5,69.04168151050945,2011
52903011,KZN293 - Ndwedwe,3334.0,2414.0,5,72.40551889622076,2016
52903011,KZN293 - Ndwedwe,3428.0,2286.0,6,66.68611435239207,2021
52903012,KZ293 - Ndwedwe [Ndwedwe],3140.0,1591.0,3,50.6687898089172,2000
52903012,KZ293 - Ndwedwe [Ndwedwe],4222.0,2582.0,4,61.15585030791094,2006
52903012,KZN293 - Ndwedwe [Ndwedwe],2897.0,2190.0,4,75.59544356230583,2011
52903012,KZN293 - Ndwedwe,4568.0,3320.0,6,72.67950963222417,2016
52903012,KZN293 - Ndwedwe,4980.0,2873.0,6,57.69076305220884,2021
52903013,KZ293 - Ndwedwe [Ndwedwe],4140.0,2024.0,3,48.888888888888886,2000
52903013,KZ293 - Ndwedwe [Ndwedwe],3595.0,1849.0,4,51.43254520166899,2006
52903013,KZN293 - Ndwedwe [Ndwedwe],2711.0,1683.0,4,62.08041313168573,2011
52903013,KZN293 - Ndwedwe,3451.0,2123.0,4,61.518400463633725,2016
52903013,KZN293 - Ndwedwe,3841.0,1959.0,4,51.00234313980734,2021
52903014,KZ293 - Ndwedwe [Ndwedwe],6061.0,3036.0,4,50.09074410163339,2000
52903014,KZ293 - Ndwedwe [Ndwedwe],5959.0,2914.0,5,48.9008222856184,2006
52903014,KZN293 - Ndwedwe [Ndwedwe],3511.0,2293.0,5,65.30902876673312,2011
52903014,KZN293 - Ndwedwe,4392.0,2777.0,6,63.22859744990893,2016
52903014,KZN293 - Ndwedwe,4288.0,2005.0,6,46.75839552238806,2021
52903015,KZ293 - Ndwedwe [Ndwedwe],4329.0,1882.0,5,43.47424347424347,2000
52903015,KZ293 - Ndwedwe [Ndwedwe],5570.0,2929.0,5,52.58527827648115,2006
52903015,KZN293 - Ndwedwe [Ndwedwe],3488.0,2017.0,5,57.826834862385326,2011
52903015,KZN293 - Ndwedwe,4251.0,2596.0,5,61.06798400376382,2016
52903015,KZN293 - Ndwedwe,4376.0,2127.0,5,48.60603290676417,2021
52903016,KZ293 - Ndwedwe [Ndwedwe],4493.0,2502.0,8,55.6866236367683,2000
52903016,KZ293 - Ndwedwe [Ndwedwe],6285.0,3367.0,8,53.57199681782021,2006
52903016,KZN293 - Ndwedwe [Ndwedwe],3270.0,2616.0,8,80.0,2011
52903016,KZN293 - Ndwedwe,3604.0,2309.0,8,64.0677025527192,2016
52903016,KZN293 - Ndwedwe,3750.0,2446.0,9,65.22666666666666,2021
52903017,KZ293 - Ndwedwe [Ndwedwe],5411.0,2539.0,6,46.92293476252079,2000
52903017,KZ293 - Ndwedwe [Ndwedwe],4223.0,2237.0,6,52.97182098034573,2006
52903017,KZN293 - Ndwedwe [Ndwedwe],3668.0,2205.0,6,60.1145038167939,2011
52903017,KZN293 - Ndwedwe,4002.0,2330.0,7,58.22088955522239,2016
52903017,KZN293 - Ndwedwe,4082.0,2051.0,9,50.244977951984325,2021
52903018,KZ293 - Ndwedwe [Ndwedwe],5348.0,2791.0,6,52.18773373223635,2000
52903018,KZ293 - Ndwedwe [Ndwedwe],8842.0,4462.0,6,50.463695996380906,2006
52903018,KZN293 - Ndwedwe [Ndwedwe],4597.0,2750.0,6,59.82162279747661,2011
52903018,KZN293 - Ndwedwe,4838.0,2948.0,6,60.93427035965276,2016
52903018,KZN293 - Ndwedwe,4578.0,2049.0,6,44.75753604193971,2021
52903019,KZ293 - Ndwedwe [Ndwedwe],5299.0,2654.0,8,50.08492168333648,2000
52903019,KZ293 - Ndwedwe [Ndwedwe],4392.0,2290.0,8,52.14025500910747,2006
52903019,KZN293 - Ndwedwe [Ndwedwe],3852.0,2320.0,8,60.22845275181725,2011
52903019,KZN293 - Ndwedwe,4190.0,2634.0,8,62.86396181384249,2016
52903019,KZN293 - Ndwedwe,4275.0,2433.0,8,56.91228070175438,2021
52904001,KZ294 - Maphumulo [Maphumulo],6644.0,3371.0,3,50.737507525587,2000
52904001,KZ294 - Maphumulo [Maphumulo],4051.0,2114.0,4,52.18464576647741,2006
52904001,KZN294 - Maphumulo [Maphumulo],3384.0,2037.0,4,60.195035460992905,2011
52904001,KZN294 - Maphumulo,4137.0,2445.0,5,59.10079767947788,2016
52904001,KZN294 - Maphumulo,4133.0,2099.0,6,50.786353738204696,2021
52904002,KZ294 - Maphumulo [Maphumulo],4826.0,3144.0,10,65.14711976792374,2000
52904002,KZ294 - Maphumulo [Maphumulo],6144.0,3589.0,10,58.41471354166666,2006
52904002,KZN294 - Maphumulo [Maphumulo],4072.0,2520.0,10,61.8860510805501,2011
52904002,KZN294 - Maphumulo,4774.0,3035.0,11,63.57352325094261,2016
52904002,KZN294 - Maphumulo,4706.0,2227.0,11,47.32256693582661,2021
52904003,KZ294 - Maphumulo [Maphumulo],5321.0,3219.0,8,60.49614734072543,2000
52904003,KZ294 - Maphumulo [Maphumulo],7875.0,4251.0,10,53.98095238095239,2006
52904003,KZN294 - Maphumulo [Maphumulo],3540.0,2173.0,10,61.38418079096045,2011
52904003,KZN294 - Maphumulo,3716.0,2287.0,10,61.54467168998924,2016
52904003,KZN294 - Maphumulo,3607.0,1938.0,11,53.72886054893263,2021
52904004,KZ294 - Maphumulo [Maphumulo],4264.0,2526.0,5,59.24015009380863,2000
52904004,KZ294 - Maphumulo [Maphumulo],4666.0,2735.0,5,58.61551650235748,2006
52904004,KZN294 - Maphumulo [Maphumulo],3118.0,2138.0,6,68.56959589480437,2011
52904004,KZN294 - Maphumulo,3692.0,2495.0,7,67.57854821235102,2016
52904004,KZN294 - Maphumulo,3863.0,2199.0,8,56.92466994563811,2021
52904005,KZ294 - Maphumulo [Maphumulo],6970.0,4026.0,5,57.76183644189384,2000
52904005,KZ294 - Maphumulo [Maphumulo],6263.0,3231.0,6,51.58869551333227,2006
52904005,KZN294 - Maphumulo [Maphumulo],3623.0,2292.0,7,63.26248964946177,2011
52904005,KZN294 - Maphumulo,4411.0,2885.0,7,65.40467014282476,2016
52904005,KZN294 - Maphumulo,4480.0,2333.0,7,52.07589285714286,2021
52904006,KZ294 - Maphumulo [Maphumulo],5552.0,3623.0,7,65.25576368876081,2000
52904006,KZ294 - Maphumulo [Maphumulo],4256.0,2304.0,8,54.13533834586466,2006
52904006,KZN294 - Maphumulo [Maphumulo],2977.0,1868.0,8,62.74773261672825,2011
52904006,KZN294 - Maphumulo,3541.0,2234.0,9,63.08952273369105,2016
52904006,KZN294 - Maphumulo,3696.0,2025.0,9,54.78896103896104,2021
52904007,KZ293 - Ndwedwe [Ndwedwe],261.0,91.0,1,34.86590038314176,2000
52904007,KZ294 - Maphumulo [Maphumulo],6048.0,2714.0,6,44.87433862433862,2000
52904007,KZ294 - Maphumulo [Maphumulo],7862.0,4297.0,8,54.65530399389469,2006
52904007,KZN294 - Maphumulo [Maphumulo],3846.0,2391.0,9,62.16848673946957,2011
52904007,KZN294 - Maphumulo,3918.0,2291.0,9,58.47371107708015,2016
52904007,KZN294 - Maphumulo,4126.0,2099.0,9,50.872515753756666,2021
52904008,KZ294 - Maphumulo [Maphumulo],4435.0,2381.0,8,53.68658399098083,2000
52904008,KZ294 - Maphumulo [Maphumulo],6143.0,3389.0,10,55.16848445384991,2006
52904008,KZN294 - Maphumulo [Maphumulo],3968.0,2502.0,11,63.05443548387096,2011
52904008,KZN294 - Maphumulo,4656.0,2722.0,11,58.46219931271478,2016
52904008,KZN294 - Maphumulo,4581.0,2607.0,11,56.90897184020957,2021
52904009,KZ294 - Maphumulo [Maphumulo],6134.0,2832.0,5,46.168894685360286,2000
52904009,KZ294 - Maphumulo [Maphumulo],4478.0,2405.0,8,53.707012058954895,2006
52904009,KZN294 - Maphumulo [Maphumulo],4320.0,2833.0,10,65.5787037037037,2011
52904009,KZN294 - Maphumulo,4647.0,2857.0,10,61.4805250699376,2016
52904009,KZN294 - Maphumulo,4674.0,2563.0,10,54.83525887890458,2021
52904010,KZ294 - Maphumulo [Maphumulo],6423.0,2596.0,3,40.41725050599408,2000
52904010,KZ294 - Maphumulo [Maphumulo],4950.0,2211.0,4,44.66666666666666,2006
52904010,KZN294 - Maphumulo [Maphumulo],3433.0,2090.0,4,60.8796970579668,2011
52904010,KZN294 - Maphumulo,4280.0,2508.0,4,58.598130841121495,2016
52904010,KZN294 - Maphumulo,4282.0,2123.0,4,49.57963568425969,2021
52904011,KZ294 - Maphumulo [Maphumulo],5422.0,2720.0,8,50.165990409443005,2000
52904011,KZ294 - Maphumulo [Maphumulo],5816.0,2931.0,9,50.39546079779917,2006
52904011,KZN294 - Maphumulo [Maphumulo],3329.0,1964.0,10,58.996695704415735,2011
52904011,KZN294 - Maphumulo,3674.0,2258.0,10,61.45890038105607,2016
52904011,KZN294 - Maphumulo,3670.0,1910.0,10,52.043596730245234,2021
52904012,KZ294 - Maphumulo [Maphumulo],7166.0,3774.0,5,52.66536421992743,2000
52904012,KZ294 - Maphumulo [Maphumulo],5680.0,3056.0,6,53.80281690140845,2006
52904012,KZN294 - Maphumulo [Maphumulo],3206.0,2064.0,6,64.37928883343731,2011
52904012,KZN294 - Maphumulo,4010.0,2499.0,8,62.31920199501248,2016
52904012,KZN294 - Maphumulo,4160.0,2168.0,8,52.11538461538462,2021
54303001,KZ5a4 - KZ5a4 [Kokstad],2306.0,0.0,1,0.0,2000
54303001,KZ5a4 - Greater Kokstad [Kokstad],3050.0,0.0,1,0.0,2006
54303001,KZN433 - Greater Kokstad [Kokstad],4742.0,2290.0,1,48.29185997469423,2011
54303001,KZN433 - Greater Kokstad,4229.0,1975.0,1,46.70134783636794,2016
54303001,KZN433 - Greater Kokstad,4078.0,1822.0,1,44.67876410004904,2021
54303002,KZ5a4 - KZ5a4 [Kokstad],2016.0,1009.0,4,50.04960317460318,2000
54303002,KZ5a4 - Greater Kokstad [Kokstad],4187.0,1439.0,5,34.36828278003344,2006
54303002,KZN433 - Greater Kokstad [Kokstad],3904.0,2247.0,7,57.55635245901639,2011
54303002,KZN433 - Greater Kokstad,3984.0,2320.0,8,58.23293172690763,2016
54303002,KZN433 - Greater Kokstad,4306.0,2219.0,9,51.53274500696702,2021
54303003,KZ5a4 - KZ5a4 [Kokstad],3206.0,0.0,1,0.0,2000
54303003,KZ5a4 - Greater Kokstad [Kokstad],8904.0,2887.0,1,32.423629829290206,2006
54303003,KZN433 - Greater Kokstad [Kokstad],4418.0,2005.0,2,45.38252602987777,2011
54303003,KZN433 - Greater Kokstad,4639.0,2104.0,3,45.35460228497521,2016
54303003,KZN433 - Greater Kokstad,4628.0,1805.0,3,39.00172860847018,2021
54303004,KZN433 - Greater Kokstad [Kokstad],3546.0,1870.0,1,52.73547659334461,2011
54303004,KZN433 - Greater Kokstad,3916.0,2005.0,1,51.20020429009193,2016
54303004,KZN433 - Greater Kokstad,4061.0,1981.0,1,48.78108840187146,2021
54303005,KZ5a4 - KZ5a4 [Kokstad],3024.0,0.0,2,0.0,2000
54303005,KZ5a4 - Greater Kokstad [Kokstad],3426.0,549.0,2,16.024518388791595,2006
54303005,KZN433 - Greater Kokstad [Kokstad],3323.0,1715.0,2,51.60999097201324,2011
54303005,KZN433 - Greater Kokstad,3441.0,1686.0,2,48.99738448125545,2016
54303005,KZN433 - Greater Kokstad,3526.0,1551.0,3,43.98752127056154,2021
54303006,KZ5a4 - KZ5a4 [Kokstad],2515.0,1323.0,3,52.60437375745527,2000
54303006,KZ5a4 - Greater Kokstad [Kokstad],5485.0,3005.0,4,54.78577939835916,2006
54303006,KZN433 - Greater Kokstad [Kokstad],3246.0,2089.0,8,64.35613062230438,2011
54303006,KZN433 - Greater Kokstad,3577.0,2003.0,9,55.99664523343584,2016
54303006,KZN433 - Greater Kokstad,3782.0,1961.0,9,51.85087255420412,2021
54303007,KZ5a4 - Greater Kokstad [Kokstad],4339.0,363.0,2,8.36598294537912,2006
54303007,KZN433 - Greater Kokstad [Kokstad],5847.0,3047.0,3,52.11219428766889,2011
54303007,KZN433 - Greater Kokstad,7795.0,4075.0,3,52.2771007055805,2016
54303007,KZN433 - Greater Kokstad,6816.0,2588.0,3,37.96948356807512,2021
54303008,KZ5a4 - KZ5a4 [Kokstad],1994.0,0.0,1,0.0,2000
54303008,KZ5a4 - Greater Kokstad [Kokstad],1928.0,0.0,1,0.0,2006
54303008,KZN433 - Greater Kokstad [Kokstad],3285.0,1817.0,1,55.31202435312025,2011
54303008,KZN433 - Greater Kokstad,3787.0,1963.0,2,51.83522577237919,2016
54303008,KZN433 - Greater Kokstad,3756.0,1552.0,2,41.32055378061768,2021
54303009,KZN433 - Greater Kokstad [Kokstad],2185.0,1699.0,2,77.75743707093822,2011
54303009,KZN433 - Greater Kokstad,4795.0,2724.0,4,56.809176225234616,2016
54303009,KZN433 - Greater Kokstad,5204.0,2618.0,4,50.30745580322829,2021
54303010,KZ5a4 - KZ5a4 [Kokstad],2102.0,0.0,1,0.0,2000
54303010,KZ5a4 - Greater Kokstad [Kokstad],3441.0,961.0,1,27.927927927927925,2006
54303010,KZN433 - Greater Kokstad [Kokstad],2353.0,1031.0,1,43.81640458988525,2011
54303010,KZN433 - Greater Kokstad,2006.0,957.0,1,47.706879361914254,2016
54303010,KZN433 - Greater Kokstad,3534.0,1982.0,2,56.083757781550645,2021
54304001,KZ5a5 - KZ5a5 [Ixopo],5306.0,2635.0,2,49.6607614021862,2000
54304001,KZ5a5 - Ubuhlebezwe [Ixopo],7604.0,4302.0,4,56.575486586007365,2006
54304001,KZN434 - Ubuhlebezwe [Ixopo],3160.0,2088.0,4,66.07594936708861,2011
54304001,KZN434 - Ubuhlebezwe,3528.0,2278.0,5,64.56916099773242,2016
54304001,KZN434 - uBuhlebezwe,3689.0,2084.0,5,56.49227432908648,2021
54304002,KZ5a5 - KZ5a5 [Ixopo],5366.0,903.0,4,16.828177413343273,2000
54304002,KZ5a5 - Ubuhlebezwe [Ixopo],5164.0,2570.0,5,49.767621998450814,2006
54304002,KZN434 - Ubuhlebezwe [Ixopo],4026.0,2158.0,5,53.60158966716344,2011
54304002,KZN434 - Ubuhlebezwe,4208.0,2370.0,5,56.3212927756654,2016
54304002,KZN434 - uBuhlebezwe,4152.0,1786.0,5,43.01541425818882,2021
54304003,KZ5a1 - KZ5a1 [Creighton],1254.0,861.0,1,68.6602870813397,2000
54304003,KZ5a5 - KZ5a5 [Ixopo],8501.0,4129.0,5,48.570756381602166,2000
54304003,KZ5a1 - Ingwe [Creighton],1428.0,845.0,1,59.17366946778712,2006
54304003,KZ5a5 - Ubuhlebezwe [Ixopo],5899.0,3363.0,5,57.00966265468723,2006
54304003,KZN431 - Ingwe [Creighton],748.0,458.0,1,61.229946524064175,2011
54304003,KZN434 - Ubuhlebezwe [Ixopo],3525.0,2154.0,5,61.1063829787234,2011
54304003,KZN434 - Ubuhlebezwe,4937.0,3315.0,7,67.14604010532712,2016
54304003,KZN434 - uBuhlebezwe,4824.0,2548.0,7,52.81923714759535,2021
54304004,KZ5a5 - KZ5a5 [Ixopo],1534.0,737.0,1,48.04432855280313,2000
54304004,KZ5a5 - Ubuhlebezwe [Ixopo],3157.0,661.0,2,20.937598986379477,2006
54304004,KZN434 - Ubuhlebezwe [Ixopo],3758.0,2126.0,3,56.57264502394891,2011
54304004,KZN434 - Ubuhlebezwe,4575.0,2740.0,3,59.89071038251366,2016
54304004,KZN434 - uBuhlebezwe,4725.0,2179.0,3,46.116402116402114,2021
54304005,KZ5a5 - KZ5a5 [Ixopo],4615.0,2646.0,8,57.33477789815819,2000
54304005,KZ5a5 - Ubuhlebezwe [Ixopo],4294.0,2513.0,9,58.52352119236144,2006
54304005,KZN434 - Ubuhlebezwe [Ixopo],3311.0,2058.0,9,62.15644820295984,2011
54304005,KZN434 - Ubuhlebezwe,3683.0,2289.0,9,62.15042085256584,2016
54304005,KZN434 - uBuhlebezwe,3874.0,2156.0,9,55.65307176045431,2021
54304006,KZ5a5 - KZ5a5 [Ixopo],4292.0,1739.0,3,40.51724137931034,2000
54304006,KZ5a5 - Ubuhlebezwe [Ixopo],9318.0,4518.0,3,48.486799742434,2006
54304006,KZN434 - Ubuhlebezwe [Ixopo],3714.0,2226.0,3,59.935379644588046,2011
54304006,KZN434 - Ubuhlebezwe,4175.0,2560.0,3,61.31736526946108,2016
54304006,KZN434 - uBuhlebezwe,4065.0,1995.0,3,49.07749077490775,2021
54304007,KZ5a5 - KZ5a5 [Ixopo],5006.0,2528.0,2,50.49940071913704,2000
54304007,KZ5a5 - Ubuhlebezwe [Ixopo],7143.0,3451.0,2,48.31303373932521,2006
54304007,KZN434 - Ubuhlebezwe [Ixopo],3275.0,1878.0,3,57.34351145038168,2011
54304007,KZN434 - Ubuhlebezwe,4335.0,2532.0,3,58.40830449826989,2016
54304007,KZN434 - uBuhlebezwe,4288.0,1796.0,3,41.88432835820896,2021
54304008,KZ5a5 - KZ5a5 [Ixopo],5127.0,2387.0,4,46.55744099863468,2000
54304008,KZ5a5 - Ubuhlebezwe [Ixopo],4118.0,2220.0,5,53.90966488586693,2006
54304008,KZN434 - Ubuhlebezwe [Ixopo],3918.0,2294.0,5,58.55028075548749,2011
54304008,KZN434 - Ubuhlebezwe,4910.0,3065.0,5,62.42362525458248,2016
54304008,KZN434 - uBuhlebezwe,4449.0,1936.0,5,43.51539671836368,2021
54304009,KZ5a5 - KZ5a5 [Ixopo],5181.0,2660.0,5,51.341439876471725,2000
54304009,KZ5a5 - Ubuhlebezwe [Ixopo],5186.0,3021.0,6,58.25298881604319,2006
54304009,KZN434 - Ubuhlebezwe [Ixopo],3092.0,1900.0,6,61.44890038809832,2011
54304009,KZN434 - Ubuhlebezwe,3690.0,2213.0,7,59.97289972899728,2016
54304009,KZN434 - uBuhlebezwe,3731.0,2350.0,7,62.98579469311176,2021
54304010,KZ5a5 - KZ5a5 [Ixopo],7700.0,3437.0,6,44.63636363636363,2000
54304010,KZ5a5 - Ubuhlebezwe [Ixopo],6134.0,2825.0,6,46.054776654711446,2006
54304010,KZN434 - Ubuhlebezwe [Ixopo],3657.0,2055.0,6,56.19360131255127,2011
54304010,KZN434 - Ubuhlebezwe,4429.0,2684.0,6,60.60058703996387,2016
54304010,KZN434 - uBuhlebezwe,4247.0,2277.0,6,53.61431598775607,2021
54304011,KZ5a5 - KZ5a5 [Ixopo],6967.0,3592.0,5,51.55734175398307,2000
54304011,KZ5a5 - Ubuhlebezwe [Ixopo],6146.0,3722.0,7,60.55971363488448,2006
54304011,KZN434 - Ubuhlebezwe [Ixopo],3639.0,2255.0,7,61.96757350920584,2011
54304011,KZN434 - Ubuhlebezwe,4282.0,2879.0,7,67.23493694535264,2016
54304011,KZN434 - uBuhlebezwe,4289.0,2371.0,7,55.28095127069247,2021
54304012,KZ5a5 - KZ5a5 [Ixopo],5547.0,3006.0,5,54.1914548404543,2000
54304012,KZ5a5 - Ubuhlebezwe [Ixopo],6338.0,3717.0,6,58.64626065004733,2006
54304012,KZN434 - Ubuhlebezwe [Ixopo],3876.0,2223.0,6,57.35294117647059,2011
54304012,KZN434 - Ubuhlebezwe,4546.0,2929.0,6,64.43026836779586,2016
54304012,KZN434 - uBuhlebezwe,4568.0,2292.0,7,50.17513134851138,2021
54304013,KZ5a5 - KZ5a5 [Ixopo],898.0,357.0,3,39.75501113585746,2000
54304013,KZ5a5 - Ubuhlebezwe [Ixopo],2167.0,1126.0,4,51.961236732810335,2006
54304013,KZN434 - Ubuhlebezwe [Ixopo],1779.0,963.0,4,54.131534569983145,2011
54304013,KZN434 - Ubuhlebezwe,1952.0,1106.0,4,56.65983606557376,2016
54304013,KZN434 - uBuhlebezwe,2537.0,1182.0,6,46.59046117461569,2021
54304014,KZ213 - Khiphinkunzi [Umzumbe],5872.0,2873.0,2,48.927111716621255,2000
54304014,KZ5a5 - KZ5a5 [Ixopo],643.0,210.0,1,32.65940902021773,2000
54304014,KZ213 - Umzumbe [Umzumbe],4429.0,2346.0,3,52.969067509595845,2006
54304014,KZ5a5 - Ubuhlebezwe [Ixopo],538.0,250.0,1,46.468401486988846,2006
54304014,KZN213 - Umzumbe [Umzumbe],3195.0,1910.0,3,59.780907668231606,2011
54304014,KZN434 - Ubuhlebezwe [Ixopo],486.0,240.0,1,49.38271604938272,2011
54304014,KZN434 - Ubuhlebezwe,4149.0,2479.0,6,59.74933718968426,2016
54304014,KZN434 - uBuhlebezwe,4113.0,2067.0,6,50.25528811086798,2021
54305001,KZ5a6 - Umzimkhulu [Umzimkulu],5627.0,3428.0,6,60.92056157810556,2006
54305001,KZN435 - Umzimkhulu [Umzimkulu],3626.0,2338.0,6,64.47876447876449,2011
54305001,KZN435 - Umzimkhulu,4336.0,2205.0,7,50.85332103321033,2016
54305001,KZN435 - uMzimkhulu,4318.0,2436.0,7,56.41500694766095,2021
54305002,KZ5a6 - Umzimkhulu [Umzimkulu],5908.0,3530.0,6,59.74949221394719,2006
54305002,KZN435 - Umzimkhulu [Umzimkulu],4104.0,2506.0,6,61.06237816764133,2011
54305002,KZN435 - Umzimkhulu,4607.0,2366.0,6,51.35663121337096,2016
54305002,KZN435 - uMzimkhulu,4474.0,1970.0,6,44.03218596334376,2021
54305003,KZ5a6 - Umzimkhulu [Umzimkulu],6290.0,3390.0,8,53.89507154213037,2006
54305003,KZN435 - Umzimkhulu [Umzimkulu],3853.0,2252.0,8,58.447962626524784,2011
54305003,KZN435 - Umzimkhulu,4282.0,2378.0,8,55.53479682391406,2016
54305003,KZN435 - uMzimkhulu,4366.0,2143.0,9,49.08382959230417,2021
54305004,KZ5a6 - Umzimkhulu [Umzimkulu],6865.0,3547.0,6,51.667880553532406,2006
54305004,KZN435 - Umzimkhulu [Umzimkulu],3874.0,2269.0,6,58.56995353639649,2011
54305004,KZN435 - Umzimkhulu,4349.0,2297.0,7,52.81673948034032,2016
54305004,KZN435 - uMzimkhulu,4308.0,1748.0,7,40.575673166202414,2021
54305005,KZ5a6 - Umzimkhulu [Umzimkulu],3475.0,2240.0,5,64.46043165467626,2006
54305005,KZN435 - Umzimkhulu [Umzimkulu],3019.0,1942.0,5,64.32593574031135,2011
54305005,KZN435 - Umzimkhulu,3686.0,2289.0,7,62.09983722192079,2016
54305005,KZN435 - uMzimkhulu,3551.0,1928.0,7,54.2945649112926,2021
54305006,KZ5a6 - Umzimkhulu [Umzimkulu],4191.0,2370.0,8,56.54974946313529,2006
54305006,KZN435 - Umzimkhulu [Umzimkulu],3618.0,2360.0,9,65.2294085129906,2011
54305006,KZN435 - Umzimkhulu,4214.0,2390.0,9,56.71570953962981,2016
54305006,KZN435 - uMzimkhulu,4035.0,2059.0,9,51.028500619578686,2021
54305007,KZ5a6 - Umzimkhulu [Umzimkulu],4613.0,2332.0,5,50.552785605896375,2006
54305007,KZN435 - Umzimkhulu [Umzimkulu],3034.0,1791.0,5,59.03098220171391,2011
54305007,KZN435 - Umzimkhulu,3857.0,2336.0,5,60.56520611874514,2016
54305007,KZN435 - uMzimkhulu,3857.0,2053.0,5,53.22789732953073,2021
54305008,KZ5a6 - Umzimkhulu [Umzimkulu],4796.0,2524.0,6,52.62718932443703,2006
54305008,KZN435 - Umzimkhulu [Umzimkulu],3749.0,2364.0,9,63.05681515070686,2011
54305008,KZN435 - Umzimkhulu,4173.0,2492.0,9,59.71722981068776,2016
54305008,KZN435 - uMzimkhulu,4144.0,1896.0,9,45.75289575289575,2021
54305009,KZ5a6 - Umzimkhulu [Umzimkulu],3487.0,2061.0,6,59.1052480642386,2006
54305009,KZN435 - Umzimkhulu [Umzimkulu],3134.0,1934.0,6,61.71027440970006,2011
54305009,KZN435 - Umzimkhulu,3646.0,2138.0,6,58.63960504662644,2016
54305009,KZN435 - uMzimkhulu,3483.0,1625.0,6,46.65518231409705,2021
54305010,KZ5a6 - Umzimkhulu [Umzimkulu],5712.0,3364.0,8,58.89355742296919,2006
54305010,KZN435 - Umzimkhulu [Umzimkulu],4041.0,2529.0,10,62.58351893095768,2011
54305010,KZN435 - Umzimkhulu,4568.0,2678.0,10,58.62521891418564,2016
54305010,KZN435 - uMzimkhulu,4382.0,2364.0,10,53.9479689639434,2021
54305011,KZ5a6 - Umzimkhulu [Umzimkulu],3866.0,2016.0,5,52.14692188308329,2006
54305011,KZN435 - Umzimkhulu [Umzimkulu],3407.0,1976.0,5,57.99823891987086,2011
54305011,KZN435 - Umzimkhulu,4093.0,2355.0,5,57.53725873442463,2016
54305011,KZN435 - uMzimkhulu,3903.0,1613.0,5,41.32718421726877,2021
54305012,KZ5a6 - Umzimkhulu [Umzimkulu],3934.0,2234.0,7,56.78698525673615,2006
54305012,KZN435 - Umzimkhulu [Umzimkulu],3325.0,1936.0,7,58.22556390977444,2011
54305012,KZN435 - Umzimkhulu,3884.0,2232.0,7,57.46652935118435,2016
54305012,KZN435 - uMzimkhulu,3747.0,1849.0,7,49.34614358153189,2021
54305013,KZ5a6 - Umzimkhulu [Umzimkulu],5019.0,3040.0,5,60.56983462841203,2006
54305013,KZN435 - Umzimkhulu [Umzimkulu],3548.0,2187.0,6,61.64036076662909,2011
54305013,KZN435 - Umzimkhulu,4315.0,2555.0,6,59.21205098493627,2016
54305013,KZN435 - uMzimkhulu,4409.0,2059.0,6,46.69993195735994,2021
54305014,KZ5a6 - Umzimkhulu [Umzimkulu],4498.0,2547.0,5,56.62516674077368,2006
54305014,KZN435 - Umzimkhulu [Umzimkulu],3501.0,2166.0,6,61.86803770351328,2011
54305014,KZN435 - Umzimkhulu,4465.0,2646.0,7,59.26091825307951,2016
54305014,KZN435 - uMzimkhulu,4191.0,2043.0,7,48.74731567644954,2021
54305015,KZ5a6 - Umzimkhulu [Umzimkulu],8295.0,5329.0,7,64.24352019288729,2006
54305015,KZN435 - Umzimkhulu [Umzimkulu],4154.0,2558.0,7,61.57920077034184,2011
54305015,KZN435 - Umzimkhulu,4666.0,2827.0,8,60.587226746678105,2016
54305015,KZN435 - uMzimkhulu,4739.0,2380.0,8,50.22156573116692,2021
54305016,KZ5a6 - Umzimkhulu [Umzimkulu],3529.0,1416.0,3,40.12468121280816,2006
54305016,KZN435 - Umzimkhulu [Umzimkulu],3848.0,1857.0,4,48.25883575883576,2011
54305016,KZN435 - Umzimkhulu,5351.0,2701.0,4,50.47654643991777,2016
54305016,KZN435 - uMzimkhulu,4932.0,1664.0,4,33.73884833738848,2021
54305017,KZ5a6 - Umzimkhulu [Umzimkulu],3376.0,1989.0,3,58.91587677725119,2006
54305017,KZN435 - Umzimkhulu [Umzimkulu],3375.0,2045.0,5,60.5925925925926,2011
54305017,KZN435 - Umzimkhulu,4882.0,2964.0,5,60.71282261368292,2016
54305017,KZN435 - uMzimkhulu,4610.0,1948.0,5,42.25596529284165,2021
54305018,KZ5a6 - Umzimkhulu [Umzimkulu],6398.0,3723.0,7,58.19005939356049,2006
54305018,KZN435 - Umzimkhulu [Umzimkulu],3328.0,2027.0,9,60.90745192307693,2011
54305018,KZN435 - Umzimkhulu,3737.0,2238.0,9,59.88761038265989,2016
54305018,KZN435 - uMzimkhulu,3655.0,1900.0,9,51.98358413132696,2021
54305019,KZ5a6 - Umzimkhulu [Umzimkulu],3075.0,1803.0,5,58.63414634146341,2006
54305019,KZN435 - Umzimkhulu [Umzimkulu],2220.0,1299.0,6,58.51351351351352,2011
54305019,KZN435 - Umzimkhulu,2598.0,1538.0,6,59.19938414164743,2016
54305019,KZN435 - uMzimkhulu,2641.0,1346.0,6,50.96554335478986,2021
54305020,KZ5a6 - Umzimkhulu [Umzimkulu],4332.0,2798.0,7,64.58910433979686,2006
54305020,KZN435 - Umzimkhulu [Umzimkulu],3770.0,2365.0,7,62.732095490716176,2011
54305020,KZN435 - Umzimkhulu,4577.0,2779.0,7,60.71662661131746,2016
54305020,KZN435 - uMzimkhulu,4583.0,2217.0,7,48.37442723107135,2021
54305021,KZ5a6 - Umzimkhulu [Umzimkulu],5205.0,3276.0,8,62.939481268011534,2006
54305021,KZN435 - Umzimkhulu [Umzimkulu],3857.0,2468.0,8,63.98755509463313,2011
54305021,KZN435 - Umzimkhulu,4491.0,2679.0,9,59.65263861055444,2016
54305021,KZN435 - uMzimkhulu,4400.0,2125.0,9,48.29545454545455,2021
54305022,KZ5a6 - Umzimkhulu [Umzimkulu],3606.0,2359.0,7,65.41874653355518,2006
54305022,KZN435 - Umzimkhulu [Umzimkulu],2907.0,1927.0,8,66.28826969384245,2011
54305022,KZN435 - Umzimkhulu,3585.0,2263.0,9,63.12412831241283,2016
54305022,KZN435 - uMzimkhulu,3587.0,1921.0,10,53.55450236966824,2021
54306001,KZ5a1 - KZ5a1 [Creighton],102.0,60.0,1,58.82352941176471,2000
54306001,KZ5a2 - KZ5a2 [Underberg],3175.0,1630.0,3,51.33858267716536,2000
54306001,KZ5a1 - Ingwe [Creighton],316.0,129.0,1,40.822784810126585,2006
54306001,KZ5a2 - Kwa Sani [Underberg],2762.0,1447.0,6,52.38957277335265,2006
54306001,KZN224 - Impendle [Impendle],1715.0,931.0,4,54.285714285714285,2011
54306001,KZN431 - Ingwe [Creighton],108.0,61.0,1,56.481481481481474,2011
54306001,KZN432 - Kwa Sani [Underberg],1351.0,873.0,4,64.61880088823094,2011
54306001,KZN436 - Creighton/Underberg,3478.0,2316.0,9,66.58999424956872,2016
54306001,KZN436 - Dr. Nkosazana Dlamini Zuma,3628.0,2076.0,9,57.22160970231533,2021
54306002,KZ5a2 - KZ5a2 [Underberg],1078.0,532.0,2,49.35064935064935,2000
54306002,KZDMA43 [Mkhomazi Wilderness area],646.0,353.0,1,54.643962848297214,2000
54306002,KZ5a1 - Ingwe [Creighton],446.0,313.0,1,70.17937219730942,2006
54306002,KZ5a2 - Kwa Sani [Underberg],2221.0,1205.0,4,54.254840162089145,2006
54306002,KZN431 - Ingwe [Creighton],268.0,153.0,1,57.08955223880597,2011
54306002,KZN432 - Kwa Sani [Underberg],2563.0,1567.0,4,61.1392898946547,2011
54306002,KZN436 - Creighton/Underberg,3248.0,2099.0,5,64.62438423645321,2016
54306002,KZN436 - Dr. Nkosazana Dlamini Zuma,3300.0,1750.0,5,53.03030303030303,2021
54306003,KZ5a2 - KZ5a2 [Underberg],2920.0,122.0,3,4.178082191780822,2000
54306003,KZ5a2 - Kwa Sani [Underberg],2742.0,179.0,3,6.528081692195478,2006
54306003,KZN432 - Kwa Sani [Underberg],3045.0,1690.0,4,55.5008210180624,2011
54306003,KZN436 - Creighton/Underberg,3530.0,2100.0,4,59.490084985835686,2016
54306003,KZN436 - Dr. Nkosazana Dlamini Zuma,3393.0,1494.0,4,44.03183023872679,2021
54306004,KZ5a1 - KZ5a1 [Creighton],4210.0,2070.0,4,49.16864608076009,2000
54306004,KZ5a1 - Ingwe [Creighton],3881.0,2145.0,4,55.269260499871166,2006
54306004,KZN431 - Ingwe [Creighton],3099.0,1999.0,4,64.50467892868667,2011
54306004,KZN436 - Creighton/Underberg,4181.0,2755.0,5,65.89332695527386,2016
54306004,KZN436 - Dr. Nkosazana Dlamini Zuma,4334.0,2254.0,5,52.0073834794647,2021
54306005,KZ5a1 - KZ5a1 [Creighton],6826.0,3227.0,4,47.275124523879285,2000
54306005,KZ5a1 - Ingwe [Creighton],3168.0,1654.0,4,52.20959595959596,2006
54306005,KZN431 - Ingwe [Creighton],3684.0,2418.0,5,65.63517915309446,2011
54306005,KZN436 - Creighton/Underberg,4259.0,2680.0,6,62.92556938248415,2016
54306005,KZN436 - Dr. Nkosazana Dlamini Zuma,4395.0,2461.0,6,55.99544937428897,2021
54306006,KZ5a1 - KZ5a1 [Creighton],2509.0,1342.0,4,53.48744519728975,2000
54306006,KZ5a1 - Ingwe [Creighton],3607.0,2277.0,5,63.127252564458,2006
54306006,KZN431 - Ingwe [Creighton],3429.0,2337.0,5,68.15398075240596,2011
54306006,KZN436 - Creighton/Underberg,4116.0,2821.0,6,68.5374149659864,2016
54306006,KZN436 - Dr. Nkosazana Dlamini Zuma,4306.0,2620.0,7,60.84533209475151,2021
54306007,KZ5a1 - KZ5a1 [Creighton],2910.0,1526.0,4,52.43986254295533,2000
54306007,KZ5a1 - Ingwe [Creighton],3140.0,1752.0,4,55.796178343949045,2006
54306007,KZN431 - Ingwe [Creighton],2614.0,1772.0,4,67.78882938026014,2011
54306007,KZN436 - Creighton/Underberg,3756.0,2350.0,4,62.566560170394034,2016
54306007,KZN436 - Dr. Nkosazana Dlamini Zuma,3851.0,2266.0,4,58.84185925733576,2021
54306008,KZ5a1 - KZ5a1 [Creighton],3514.0,2034.0,4,57.8827546955037,2000
54306008,KZ5a1 - Ingwe [Creighton],6216.0,4126.0,4,66.37709137709138,2006
54306008,KZN431 - Ingwe [Creighton],3930.0,2687.0,4,68.37150127226464,2011
54306008,KZN436 - Creighton/Underberg,4335.0,2731.0,4,62.99884659746251,2016
54306008,KZN436 - Dr. Nkosazana Dlamini Zuma,4360.0,2562.0,5,58.76146788990826,2021
54306009,KZ5a1 - KZ5a1 [Creighton],2891.0,1151.0,3,39.81321342096161,2000
54306009,KZ5a1 - Ingwe [Creighton],4908.0,2587.0,3,52.70986145069275,2006
54306009,KZN431 - Ingwe [Creighton],2785.0,1677.0,3,60.21543985637343,2011
54306009,KZN436 - Creighton/Underberg,3823.0,2526.0,4,66.07376405963903,2016
54306009,KZN436 - Dr. Nkosazana Dlamini Zuma,3930.0,2057.0,4,52.3409669211196,2021
54306010,KZ5a1 - KZ5a1 [Creighton],3348.0,1397.0,4,41.72640382317802,2000
54306010,KZ5a1 - Ingwe [Creighton],6051.0,3220.0,5,53.214344736407206,2006
54306010,KZN431 - Ingwe [Creighton],3242.0,1833.0,5,56.539173349784086,2011
54306010,KZN436 - Creighton/Underberg,3316.0,1924.0,5,58.021712907117006,2016
54306010,KZN436 - Dr. Nkosazana Dlamini Zuma,3495.0,1847.0,5,52.84692417739628,2021
54306011,KZ5a1 - KZ5a1 [Creighton],6102.0,2698.0,5,44.21501147164864,2000
54306011,KZ5a1 - Ingwe [Creighton],3489.0,1633.0,5,46.80424190312411,2006
54306011,KZN431 - Ingwe [Creighton],3613.0,2051.0,5,56.76722944921119,2011
54306011,KZN436 - Creighton/Underberg,4050.0,2422.0,6,59.80246913580247,2016
54306011,KZN436 - Dr. Nkosazana Dlamini Zuma,3865.0,1993.0,6,51.56532988357051,2021
54306012,KZ5a1 - KZ5a1 [Creighton],5895.0,2952.0,4,50.0763358778626,2000
54306012,KZ5a1 - Ingwe [Creighton],3117.0,1637.0,4,52.51844722489574,2006
54306012,KZN431 - Ingwe [Creighton],2661.0,1574.0,4,59.15069522735814,2011
54306012,KZN436 - Creighton/Underberg,2855.0,1767.0,4,61.89141856392294,2016
54306012,KZN436 - Dr. Nkosazana Dlamini Zuma,2938.0,1534.0,5,52.21238938053098,2021
54306013,KZ5a1 - KZ5a1 [Creighton],3206.0,1805.0,4,56.30068621334997,2000
54306013,KZ5a1 - Ingwe [Creighton],4437.0,2610.0,4,58.82352941176471,2006
54306013,KZN431 - Ingwe [Creighton],2971.0,1859.0,4,62.57152473914507,2011
54306013,KZN436 - Creighton/Underberg,3562.0,2232.0,4,62.6614261650758,2016
54306013,KZN436 - Dr. Nkosazana Dlamini Zuma,3586.0,1872.0,4,52.20301171221416,2021
54306014,KZ5a1 - KZ5a1 [Creighton],4044.0,2096.0,5,51.82987141444114,2000
54306014,KZ5a1 - Ingwe [Creighton],3405.0,1866.0,6,54.801762114537446,2006
54306014,KZN431 - Ingwe [Creighton],3685.0,2316.0,6,62.84938941655359,2011
54306014,KZN436 - Creighton/Underberg,3855.0,2459.0,7,63.787289234760046,2016
54306014,KZN436 - Dr. Nkosazana Dlamini Zuma,3855.0,2013.0,7,52.21789883268483,2021
54306015,KZ5a1 - KZ5a1 [Creighton],6543.0,3491.0,7,53.3547302460645,2000
54306015,KZ5a1 - Ingwe [Creighton],7558.0,4343.0,7,57.46229161153744,2006
54306015,KZN431 - Ingwe [Creighton],3926.0,2342.0,7,59.65359144167092,2011
54306015,KZN436 - Creighton/Underberg,4165.0,2676.0,8,64.24969987995198,2016
54306015,KZN436 - Dr. Nkosazana Dlamini Zuma,4100.0,2105.0,8,51.34146341463415,2021
59500001,Durban - Durban Metro [Durban Metro],16669.0,7547.0,8,45.27566140740296,2000
59500001,ETH - eThekwini [Durban Metro],16188.0,7829.0,11,48.3629849271065,2006
59500001,ETH - eThekwini [Durban Metro],15364.0,8741.0,11,56.89273626659725,2011
59500001,ETH - eThekwini,17187.0,12156.0,12,70.72787572002095,2016
59500001,ETH - eThekwini,18289.0,10167.0,12,55.59079227951228,2021
59500002,Durban - Durban Metro [Durban Metro],14597.0,5810.0,18,39.80269918476399,2000
59500002,ETH - eThekwini [Durban Metro],19883.0,9528.0,18,47.92033395362873,2006
59500002,ETH - eThekwini [Durban Metro],15874.0,10679.0,18,67.27352904119944,2011
59500002,ETH - eThekwini,18549.0,11695.0,21,63.0492209822632,2016
59500002,ETH - eThekwini,18664.0,8826.0,22,47.28889841405915,2021
59500003,Durban - Durban Metro [Durban Metro],10163.0,3970.0,10,39.06326871986618,2000
59500003,ETH - eThekwini [Durban Metro],12590.0,6151.0,11,48.85623510722796,2006
59500003,ETH - eThekwini [Durban Metro],11368.0,7607.0,12,66.91590429275158,2011
59500003,ETH - eThekwini,13825.0,8365.0,12,60.50632911392405,2016
59500003,ETH - eThekwini,15086.0,6477.0,13,42.93384594988731,2021
59500004,Durban - Durban Metro [Durban Metro],12066.0,2665.0,7,22.08685562738273,2000
59500004,ETH - eThekwini [Durban Metro],19916.0,9031.0,10,45.34545089375376,2006
59500004,ETH - eThekwini [Durban Metro],16370.0,10943.0,10,66.84789248625535,2011
59500004,ETH - eThekwini,19368.0,8029.0,10,41.45497728211483,2016
59500004,ETH - eThekwini,19776.0,8547.0,10,43.21905339805826,2021
59500005,Durban - Durban Metro [Durban Metro],11838.0,3101.0,5,26.195303260685925,2000
59500005,ETH - eThekwini [Durban Metro],12843.0,0.0,5,0.0,2006
59500005,ETH - eThekwini [Durban Metro],14381.0,9908.0,5,68.89646060774633,2011
59500005,ETH - eThekwini,15202.0,9274.0,5,61.00513090382845,2016
59500005,ETH - eThekwini,14605.0,6397.0,5,43.80006846970216,2021
59500006,Durban - Durban Metro [Durban Metro],17200.0,5471.0,8,31.80813953488372,2000
59500006,ETH - eThekwini [Durban Metro],20180.0,6219.0,8,30.817641228939543,2006
59500006,ETH - eThekwini [Durban Metro],15522.0,9479.0,8,61.068161319417605,2011
59500006,ETH - eThekwini,18013.0,10644.0,8,59.09065674790429,2016
59500006,ETH - eThekwini,18104.0,8059.0,8,44.51502430402121,2021
59500007,Durban - Durban Metro [Durban Metro],8844.0,1675.0,4,18.939393939393938,2000
59500007,ETH - eThekwini [Durban Metro],12103.0,1734.0,6,14.327026357101545,2006
59500007,ETH - eThekwini [Durban Metro],14441.0,9092.0,6,62.95962883456825,2011
59500007,ETH - eThekwini,16130.0,10220.0,6,63.36019838809671,2016
59500007,ETH - eThekwini,16364.0,7655.0,7,46.77951601075532,2021
59500008,Durban - Durban Metro [Durban Metro],15154.0,5052.0,10,33.337732611851656,2000
59500008,ETH - eThekwini [Durban Metro],17438.0,6081.0,11,34.872118362197504,2006
59500008,ETH - eThekwini [Durban Metro],15410.0,10146.0,11,65.84036340038935,2011
59500008,ETH - eThekwini,18468.0,11604.0,11,62.83300844704354,2016
59500008,ETH - eThekwini,19179.0,9600.0,12,50.05474737994682,2021
59500009,Durban - Durban Metro [Durban Metro],5262.0,745.0,3,14.158114785252756,2000
59500009,ETH - eThekwini [Durban Metro],10681.0,2330.0,6,21.814436850482164,2006
59500009,ETH - eThekwini [Durban Metro],13633.0,9314.0,7,68.31951881464094,2011
59500009,ETH - eThekwini,18019.0,12397.0,10,68.79960042177701,2016
59500009,ETH - eThekwini,18734.0,10045.0,10,53.619088288673,2021
59500010,Durban - Durban Metro [Durban Metro],14482.0,0.0,4,0.0,2000
59500010,ETH - eThekwini [Durban Metro],14470.0,784.0,6,5.418106427090532,2006
59500010,ETH - eThekwini [Durban Metro],16941.0,10899.0,6,64.33504515672038,2011
59500010,ETH - eThekwini,18968.0,13101.0,9,69.06895824546605,2016
59500010,ETH - eThekwini,19912.0,11341.0,9,56.95560466050623,2021
59500011,Durban - Durban Metro [Durban Metro],15781.0,5436.0,7,34.44648628097079,2000
59500011,ETH - eThekwini [Durban Metro],18045.0,6582.0,8,36.47547797173733,2006
59500011,ETH - eThekwini [Durban Metro],16858.0,8985.0,8,53.29813738284494,2011
59500011,ETH - eThekwini,19971.0,10703.0,8,53.59270942867157,2016
59500011,ETH - eThekwini,19677.0,7526.0,8,38.247700360827366,2021
59500012,Durban - Durban Metro [Durban Metro],13958.0,2246.0,6,16.091130534460525,2000
59500012,ETH - eThekwini [Durban Metro],16577.0,4174.0,7,25.179465524521927,2006
59500012,ETH - eThekwini [Durban Metro],15779.0,9819.0,7,62.22827809113378,2011
59500012,ETH - eThekwini,17139.0,9744.0,7,56.8527918781726,2016
59500012,ETH - eThekwini,16467.0,5761.0,7,34.98512175866885,2021
59500013,Durban - Durban Metro [Durban Metro],15589.0,3707.0,5,23.77958817114632,2000
59500013,ETH - eThekwini [Durban Metro],15361.0,3325.0,6,21.645726189701197,2006
59500013,ETH - eThekwini [Durban Metro],15480.0,9393.0,6,60.67829457364341,2011
59500013,ETH - eThekwini,15923.0,9292.0,6,58.355837467813856,2016
59500013,ETH - eThekwini,15059.0,5987.0,6,39.75695597317219,2021
59500014,Durban - Durban Metro [Durban Metro],17372.0,5666.0,6,32.6157034308082,2000
59500014,ETH - eThekwini [Durban Metro],13919.0,871.0,6,6.257633450678927,2006
59500014,ETH - eThekwini [Durban Metro],15961.0,10118.0,6,63.392018043982205,2011
59500014,ETH - eThekwini,19425.0,11684.0,8,60.149292149292144,2016
59500014,ETH - eThekwini,18563.0,6757.0,8,36.40036632009912,2021
59500015,Durban - Durban Metro [Durban Metro],12290.0,2240.0,5,18.22620016273393,2000
59500015,ETH - eThekwini [Durban Metro],14019.0,2413.0,7,17.212354661530778,2006
59500015,ETH - eThekwini [Durban Metro],17034.0,10209.0,7,59.93307502641775,2011
59500015,ETH - eThekwini,19497.0,9809.0,7,50.31030414935631,2016
59500015,ETH - eThekwini,19106.0,5928.0,7,31.02690254370355,2021
59500016,Durban - Durban Metro [Durban Metro],12070.0,1841.0,5,15.252692626346311,2000
59500016,ETH - eThekwini [Durban Metro],15791.0,4889.0,6,30.96067380153252,2006
59500016,ETH - eThekwini [Durban Metro],16640.0,10218.0,7,61.40624999999999,2011
59500016,ETH - eThekwini,19469.0,11523.0,7,59.18639889054395,2016
59500016,ETH - eThekwini,19531.0,8083.0,7,41.3854897342686,2021
59500017,Durban - Durban Metro [Durban Metro],15354.0,4995.0,7,32.53223915592029,2000
59500017,ETH - eThekwini [Durban Metro],15330.0,4539.0,8,29.60861056751468,2006
59500017,ETH - eThekwini [Durban Metro],15903.0,9607.0,8,60.40998553732,2011
59500017,ETH - eThekwini,18220.0,10911.0,8,59.8847420417124,2016
59500017,ETH - eThekwini,18977.0,8094.0,8,42.65163092164199,2021
59500018,Durban - Durban Metro [Durban Metro],12971.0,992.0,5,7.64782977411148,2000
59500018,ETH - eThekwini [Durban Metro],14178.0,800.0,5,5.6425447876992525,2006
59500018,ETH - eThekwini [Durban Metro],17392.0,10713.0,5,61.59728610855566,2011
59500018,ETH - eThekwini,19286.0,12227.0,5,63.39832002488852,2016
59500018,ETH - eThekwini,19154.0,9200.0,5,48.03174271692597,2021
59500019,Durban - Durban Metro [Durban Metro],11933.0,3718.0,5,31.157294896505487,2000
59500019,ETH - eThekwini [Durban Metro],13648.0,1381.0,6,10.118698710433764,2006
59500019,ETH - eThekwini [Durban Metro],16623.0,10887.0,7,65.49359321422126,2011
59500019,ETH - eThekwini,19137.0,11864.0,7,61.99508804932853,2016
59500019,ETH - eThekwini,18843.0,7855.0,7,41.68656795627023,2021
59500020,Durban - Durban Metro [Durban Metro],16410.0,3409.0,5,20.7739183424741,2000
59500020,ETH - eThekwini [Durban Metro],15449.0,1594.0,6,10.317819923619652,2006
59500020,ETH - eThekwini [Durban Metro],15470.0,9820.0,6,63.477698771816414,2011
59500020,ETH - eThekwini,16636.0,10218.0,7,61.42101466698726,2016
59500020,ETH - eThekwini,15835.0,6513.0,7,41.13040732554468,2021
59500021,Durban - Durban Metro [Durban Metro],17488.0,3353.0,5,19.17314730100641,2000
59500021,ETH - eThekwini [Durban Metro],16965.0,1895.0,6,11.170055997642203,2006
59500021,ETH - eThekwini [Durban Metro],17845.0,11155.0,6,62.51050714485851,2011
59500021,ETH - eThekwini,18020.0,10821.0,6,60.049944506104325,2016
59500021,ETH - eThekwini,17447.0,7160.0,6,41.0385739668711,2021
59500022,Durban - Durban Metro [Durban Metro],14794.0,4028.0,6,27.22725429228065,2000
59500022,ETH - eThekwini [Durban Metro],16946.0,2694.0,6,15.897556945591882,2006
59500022,ETH - eThekwini [Durban Metro],17138.0,10719.0,6,62.54522114599136,2011
59500022,ETH - eThekwini,17889.0,10642.0,6,59.48907149645033,2016
59500022,ETH - eThekwini,17191.0,6382.0,6,37.12407655168402,2021
59500023,Durban - Durban Metro [Durban Metro],14394.0,3852.0,7,26.761150479366403,2000
59500023,ETH - eThekwini [Durban Metro],24587.0,7326.0,8,29.796233782079963,2006
59500023,ETH - eThekwini [Durban Metro],17177.0,8900.0,8,51.813471502590666,2011
59500023,ETH - eThekwini,20116.0,11109.0,8,55.22469675879896,2016
59500023,ETH - eThekwini,19508.0,7875.0,8,40.3680541316383,2021
59500024,Durban - Durban Metro [Durban Metro],11289.0,340.0,5,3.0117813801045266,2000
59500024,ETH - eThekwini [Durban Metro],15938.0,1562.0,5,9.800476847785168,2006
59500024,ETH - eThekwini [Durban Metro],18081.0,10641.0,5,58.85183341629335,2011
59500024,ETH - eThekwini,19462.0,11776.0,6,60.50765594491831,2016
59500024,ETH - eThekwini,19057.0,8295.0,6,43.527312798446765,2021
59500025,Durban - Durban Metro [Durban Metro],8720.0,1803.0,6,20.676605504587155,2000
59500025,ETH - eThekwini [Durban Metro],13848.0,4672.0,6,33.73772385904102,2006
59500025,ETH - eThekwini [Durban Metro],11528.0,6201.0,6,53.79077029840389,2011
59500025,ETH - eThekwini,15072.0,8180.0,6,54.2728237791932,2016
59500025,ETH - eThekwini,16073.0,6491.0,6,40.38449573819449,2021
59500026,Durban - Durban Metro [Durban Metro],15443.0,3595.0,5,23.279155604480994,2000
59500026,ETH - eThekwini [Durban Metro],22596.0,5478.0,5,24.24322889006904,2006
59500026,ETH - eThekwini [Durban Metro],13734.0,4865.0,5,35.423037716615696,2011
59500026,ETH - eThekwini,15224.0,6148.0,5,40.38360483447189,2016
59500026,ETH - eThekwini,14552.0,3838.0,5,26.374381528312256,2021
59500027,Durban - Durban Metro [Durban Metro],19980.0,3651.0,9,18.27327327327328,2000
59500027,ETH - eThekwini [Durban Metro],19497.0,4576.0,9,23.47027747858645,2006
59500027,ETH - eThekwini [Durban Metro],18366.0,10107.0,9,55.031035609278014,2011
59500027,ETH - eThekwini,19386.0,11302.0,9,58.29980398225524,2016
59500027,ETH - eThekwini,18725.0,8011.0,9,42.78237650200267,2021
59500028,Durban - Durban Metro [Durban Metro],15552.0,2995.0,5,19.257973251028808,2000
59500028,ETH - eThekwini [Durban Metro],12395.0,1836.0,5,14.81242436466317,2006
59500028,ETH - eThekwini [Durban Metro],13858.0,5242.0,5,37.826526194256026,2011
59500028,ETH - eThekwini,16419.0,6387.0,5,38.90005481454413,2016
59500028,ETH - eThekwini,16768.0,3462.0,5,20.646469465648856,2021
59500029,Durban - Durban Metro [Durban Metro],11635.0,2228.0,6,19.149119037387194,2000
59500029,ETH - eThekwini [Durban Metro],15891.0,1418.0,6,8.923289912529105,2006
59500029,ETH - eThekwini [Durban Metro],19364.0,11360.0,6,58.665564965916126,2011
59500029,ETH - eThekwini,22851.0,12605.0,6,55.1616997067962,2016
59500029,ETH - eThekwini,22962.0,7083.0,6,30.846616148419127,2021
59500030,Durban - Durban Metro [Durban Metro],20375.0,4103.0,5,20.137423312883435,2000
59500030,ETH - eThekwini [Durban Metro],16239.0,3916.0,6,24.11478539318924,2006
59500030,ETH - eThekwini [Durban Metro],14232.0,7863.0,7,55.2487352445194,2011
59500030,ETH - eThekwini,15347.0,8955.0,7,58.35016615625204,2016
59500030,ETH - eThekwini,15378.0,6713.0,7,43.65327090648979,2021
59500031,Durban - Durban Metro [Durban Metro],24140.0,8147.0,9,33.748964374482185,2000
59500031,ETH - eThekwini [Durban Metro],26270.0,7045.0,9,26.81766273315569,2006
59500031,ETH - eThekwini [Durban Metro],18746.0,9647.0,9,51.46164515096554,2011
59500031,ETH - eThekwini,20575.0,12067.0,9,58.648845686512765,2016
59500031,ETH - eThekwini,19694.0,8372.0,9,42.51040926170408,2021
59500032,Durban - Durban Metro [Durban Metro],9410.0,2570.0,3,27.311370882040386,2000
59500032,ETH - eThekwini [Durban Metro],16371.0,4041.0,5,24.683892248488178,2006
59500032,ETH - eThekwini [Durban Metro],14806.0,6022.0,5,40.67270025665271,2011
59500032,ETH - eThekwini,17859.0,6851.0,5,38.36161039251918,2016
59500032,ETH - eThekwini,17479.0,2957.0,5,16.917443789690488,2021
59500033,Durban - Durban Metro [Durban Metro],14759.0,2417.0,8,16.376448268852904,2000
59500033,ETH - eThekwini [Durban Metro],18873.0,3560.0,8,18.862925872940178,2006
59500033,ETH - eThekwini [Durban Metro],16791.0,9263.0,8,55.16645822166637,2011
59500033,ETH - eThekwini,18530.0,10184.0,8,54.95952509444144,2016
59500033,ETH - eThekwini,17205.0,6803.0,8,39.54083115373438,2021
59500034,Durban - Durban Metro [Durban Metro],13925.0,4640.0,6,33.321364452423694,2000
59500034,ETH - eThekwini [Durban Metro],17893.0,5315.0,6,29.704353657855027,2006
59500034,ETH - eThekwini [Durban Metro],13665.0,7370.0,6,53.93340651298939,2011
59500034,ETH - eThekwini,16393.0,9924.0,6,60.53803452693223,2016
59500034,ETH - eThekwini,16737.0,6855.0,6,40.95716078150206,2021
59500035,Durban - Durban Metro [Durban Metro],7798.0,0.0,3,0.0,2000
59500035,ETH - eThekwini [Durban Metro],8218.0,0.0,3,0.0,2006
59500035,ETH - eThekwini [Durban Metro],10582.0,6601.0,3,62.37951237951238,2011
59500035,ETH - eThekwini,15451.0,10781.0,5,69.77541906672707,2016
59500035,ETH - eThekwini,17729.0,9807.0,5,55.31614868294884,2021
59500036,Durban - Durban Metro [Durban Metro],14776.0,3240.0,5,21.92744991878722,2000
59500036,ETH - eThekwini [Durban Metro],18069.0,3054.0,5,16.901876141457745,2006
59500036,ETH - eThekwini [Durban Metro],18193.0,11060.0,5,60.79261254328589,2011
59500036,ETH - eThekwini,17928.0,11648.0,5,64.97099509147702,2016
59500036,ETH - eThekwini,18040.0,8983.0,5,49.794900221729485,2021
59500037,Durban - Durban Metro [Durban Metro],10372.0,3776.0,5,36.40570767450829,2000
59500037,ETH - eThekwini [Durban Metro],16767.0,5937.0,6,35.4088387904813,2006
59500037,ETH - eThekwini [Durban Metro],16928.0,9196.0,6,54.32419659735351,2011
59500037,ETH - eThekwini,19423.0,11009.0,7,56.680224476136544,2016
59500037,ETH - eThekwini,19327.0,7110.0,7,36.78791328193719,2021
59500038,Durban - Durban Metro [Durban Metro],19768.0,4692.0,7,23.73532982598138,2000
59500038,ETH - eThekwini [Durban Metro],21454.0,8067.0,7,37.60137969609397,2006
59500038,ETH - eThekwini [Durban Metro],14502.0,8917.0,7,61.48807061095022,2011
59500038,ETH - eThekwini,17082.0,9685.0,8,56.69710806697108,2016
59500038,ETH - eThekwini,16391.0,6143.0,8,37.47788420474651,2021
59500039,Durban - Durban Metro [Durban Metro],18455.0,4804.0,5,26.03088593876998,2000
59500039,ETH - eThekwini [Durban Metro],17007.0,4834.0,5,28.42359028635268,2006
59500039,ETH - eThekwini [Durban Metro],15774.0,7724.0,5,48.96665398757449,2011
59500039,ETH - eThekwini,17931.0,8654.0,5,48.26278512074062,2016
59500039,ETH - eThekwini,16983.0,4823.0,5,28.39898722251664,2021
59500040,Durban - Durban Metro [Durban Metro],22543.0,7256.0,6,32.18737523843322,2000
59500040,ETH - eThekwini [Durban Metro],18054.0,3684.0,7,20.40545031571951,2006
59500040,ETH - eThekwini [Durban Metro],16415.0,10738.0,7,65.41577825159915,2011
59500040,ETH - eThekwini,18336.0,10923.0,7,59.57133507853403,2016
59500040,ETH - eThekwini,17792.0,6621.0,7,37.21335431654676,2021
59500041,Durban - Durban Metro [Durban Metro],11319.0,1982.0,4,17.510380775686897,2000
59500041,ETH - eThekwini [Durban Metro],14850.0,4217.0,5,28.3973063973064,2006
59500041,ETH - eThekwini [Durban Metro],13487.0,8195.0,5,60.76221546674575,2011
59500041,ETH - eThekwini,14943.0,8330.0,5,55.74516496018202,2016
59500041,ETH - eThekwini,14599.0,5091.0,5,34.872251524076994,2021
59500042,Durban - Durban Metro [Durban Metro],13763.0,3777.0,5,27.443144663227493,2000
59500042,ETH - eThekwini [Durban Metro],13273.0,3257.0,6,24.53853687937919,2006
59500042,ETH - eThekwini [Durban Metro],12485.0,7931.0,6,63.524229074889874,2011
59500042,ETH - eThekwini,14542.0,8844.0,7,60.81694402420575,2016
59500042,ETH - eThekwini,14208.0,5240.0,7,36.88063063063063,2021
59500043,Durban - Durban Metro [Durban Metro],11354.0,443.0,4,3.901708648934296,2000
59500043,ETH - eThekwini [Durban Metro],16183.0,3561.0,5,22.00457269974665,2006
59500043,ETH - eThekwini [Durban Metro],14429.0,9224.0,7,63.92681405502807,2011
59500043,ETH - eThekwini,14992.0,9055.0,7,60.39887940234792,2016
59500043,ETH - eThekwini,14556.0,5314.0,7,36.507282220390216,2021
59500044,Durban - Durban Metro [Durban Metro],13028.0,5336.0,6,40.95793675161191,2000
59500044,ETH - eThekwini [Durban Metro],13185.0,4699.0,6,35.6389836935912,2006
59500044,ETH - eThekwini [Durban Metro],12672.0,8483.0,6,66.94286616161617,2011
59500044,ETH - eThekwini,15361.0,9254.0,7,60.2434737321789,2016
59500044,ETH - eThekwini,15610.0,5711.0,7,36.585522101217165,2021
59500045,Durban - Durban Metro [Durban Metro],18965.0,4878.0,6,25.721065119957814,2000
59500045,ETH - eThekwini [Durban Metro],20477.0,5869.0,7,28.661425013429703,2006
59500045,ETH - eThekwini [Durban Metro],16882.0,10902.0,9,64.57765667574932,2011
59500045,ETH - eThekwini,18784.0,11178.0,9,59.50809199318569,2016
59500045,ETH - eThekwini,18280.0,6951.0,9,38.02516411378556,2021
59500046,Durban - Durban Metro [Durban Metro],19244.0,3827.0,6,19.886717938058617,2000
59500046,ETH - eThekwini [Durban Metro],22041.0,6238.0,6,28.3018011886938,2006
59500046,ETH - eThekwini [Durban Metro],14109.0,7356.0,6,52.1369338719966,2011
59500046,ETH - eThekwini,13089.0,5945.0,6,45.41981816792727,2016
59500046,ETH - eThekwini,12636.0,3785.0,6,29.954099398543843,2021
59500047,Durban - Durban Metro [Durban Metro],19973.0,8612.0,7,43.11820958293697,2000
59500047,ETH - eThekwini [Durban Metro],22341.0,6992.0,9,31.296719036748577,2006
59500047,ETH - eThekwini [Durban Metro],17998.0,11516.0,9,63.984887209689965,2011
59500047,ETH - eThekwini,18870.0,10987.0,9,58.22469528351881,2016
59500047,ETH - eThekwini,18087.0,5995.0,9,33.14535301597833,2021
59500048,Durban - Durban Metro [Durban Metro],14355.0,4657.0,7,32.44165795889934,2000
59500048,ETH - eThekwini [Durban Metro],13619.0,4401.0,7,32.31514795506278,2006
59500048,ETH - eThekwini [Durban Metro],15077.0,8536.0,7,56.61603767327718,2011
59500048,ETH - eThekwini,16553.0,9320.0,7,56.30399323385489,2016
59500048,ETH - eThekwini,16271.0,7431.0,7,45.6702108044988,2021
59500049,Durban - Durban Metro [Durban Metro],14288.0,4913.0,8,34.38549832026876,2000
59500049,ETH - eThekwini [Durban Metro],19568.0,7249.0,9,37.045175797219954,2006
59500049,ETH - eThekwini [Durban Metro],17157.0,9687.0,9,56.4609197412135,2011
59500049,ETH - eThekwini,19696.0,11305.0,9,57.39744110479285,2016
59500049,ETH - eThekwini,19376.0,9414.0,9,48.5858794384806,2021
59500050,Durban - Durban Metro [Durban Metro],15794.0,5981.0,8,37.86881094086362,2000
59500050,ETH - eThekwini [Durban Metro],22923.0,7136.0,9,31.130305806395324,2006
59500050,ETH - eThekwini [Durban Metro],17598.0,9685.0,9,55.03466302988976,2011
59500050,ETH - eThekwini,19043.0,11582.0,9,60.82024891036076,2016
59500050,ETH - eThekwini,18502.0,9529.0,9,51.5025402659172,2021
59500051,Durban - Durban Metro [Durban Metro],19012.0,7738.0,9,40.7006101409636,2000
59500051,ETH - eThekwini [Durban Metro],16583.0,6786.0,9,40.92142555629259,2006
59500051,ETH - eThekwini [Durban Metro],16173.0,9075.0,9,56.11203858282322,2011
59500051,ETH - eThekwini,17803.0,10627.0,9,59.69218671010504,2016
59500051,ETH - eThekwini,17143.0,8072.0,9,47.08627428104766,2021
59500052,Durban - Durban Metro [Durban Metro],12694.0,4753.0,7,37.44288640302505,2000
59500052,ETH - eThekwini [Durban Metro],12366.0,5171.0,7,41.8162704188905,2006
59500052,ETH - eThekwini [Durban Metro],14380.0,7974.0,7,55.45201668984701,2011
59500052,ETH - eThekwini,16035.0,9367.0,7,58.41596507639538,2016
59500052,ETH - eThekwini,16063.0,7532.0,7,46.89036917138766,2021
59500053,Durban - Durban Metro [Durban Metro],8444.0,1084.0,5,12.837517764092846,2000
59500053,ETH - eThekwini [Durban Metro],17298.0,2469.0,5,14.273326396115158,2006
59500053,ETH - eThekwini [Durban Metro],15812.0,9067.0,5,57.342524664811535,2011
59500053,ETH - eThekwini,19149.0,10695.0,5,55.85148049506502,2016
59500053,ETH - eThekwini,18634.0,5859.0,5,31.442524417731025,2021
59500054,Durban - Durban Metro [Durban Metro],17911.0,1275.0,4,7.11853051197588,2000
59500054,ETH - eThekwini [Durban Metro],15717.0,2355.0,6,14.983775529681235,2006
59500054,ETH - eThekwini [Durban Metro],16548.0,9551.0,6,57.716944645878655,2011
59500054,ETH - eThekwini,18010.0,9723.0,6,53.98667406996114,2016
59500054,ETH - eThekwini,16614.0,5409.0,6,32.556879739978335,2021
59500055,Durban - Durban Metro [Durban Metro],13841.0,5049.0,7,36.47857813741781,2000
59500055,ETH - eThekwini [Durban Metro],20663.0,8529.0,8,41.27667812031167,2006
59500055,ETH - eThekwini [Durban Metro],15116.0,9520.0,8,62.979624239216726,2011
59500055,ETH - eThekwini,16910.0,10070.0,8,59.55056179775281,2016
59500055,ETH - eThekwini,16766.0,6417.0,8,38.27388762972683,2021
59500056,Durban - Durban Metro [Durban Metro],18615.0,4444.0,8,23.873220521085145,2000
59500056,ETH - eThekwini [Durban Metro],20488.0,6893.0,9,33.64408434205389,2006
59500056,ETH - eThekwini [Durban Metro],17075.0,10246.0,9,60.00585651537336,2011
59500056,ETH - eThekwini,20052.0,12355.0,10,61.61480151605825,2016
59500056,ETH - eThekwini,19783.0,7438.0,10,37.59793762321185,2021
59500057,Durban - Durban Metro [Durban Metro],13735.0,3187.0,4,23.203494721514375,2000
59500057,ETH - eThekwini [Durban Metro],12777.0,4604.0,7,36.03349769116381,2006
59500057,ETH - eThekwini [Durban Metro],13133.0,8803.0,7,67.0296200411178,2011
59500057,ETH - eThekwini,15771.0,9316.0,7,59.070445754866526,2016
59500057,ETH - eThekwini,15986.0,6788.0,7,42.46215438508696,2021
59500058,Durban - Durban Metro [Durban Metro],8619.0,3557.0,10,41.269288780601,2000
59500058,ETH - eThekwini [Durban Metro],12592.0,5167.0,10,41.03398983481576,2006
59500058,ETH - eThekwini [Durban Metro],10458.0,5633.0,10,53.86307133295085,2011
59500058,ETH - eThekwini,16780.0,10722.0,12,63.897497020262215,2016
59500058,ETH - eThekwini,17162.0,7740.0,12,45.09963873674397,2021
59500059,Durban - Durban Metro [Durban Metro],9364.0,4092.0,8,43.69927381460914,2000
59500059,ETH - eThekwini [Durban Metro],15520.0,6880.0,9,44.329896907216494,2006
59500059,ETH - eThekwini [Durban Metro],14188.0,8559.0,9,60.32562729066817,2011
59500059,ETH - eThekwini,19337.0,12009.0,9,62.103738946061945,2016
59500059,ETH - eThekwini,19645.0,8318.0,9,42.341562738610335,2021
59500060,Durban - Durban Metro [Durban Metro],8771.0,3276.0,5,37.35035913806863,2000
59500060,ETH - eThekwini [Durban Metro],11493.0,2324.0,7,20.22100408944575,2006
59500060,ETH - eThekwini [Durban Metro],13040.0,6798.0,7,52.131901840490805,2011
59500060,ETH - eThekwini,18130.0,10699.0,7,59.01268615554331,2016
59500060,ETH - eThekwini,19601.0,7706.0,7,39.31432069792358,2021
59500061,Durban - Durban Metro [Durban Metro],10101.0,2671.0,7,26.44292644292645,2000
59500061,ETH - eThekwini [Durban Metro],16384.0,6109.0,8,37.286376953125,2006
59500061,ETH - eThekwini [Durban Metro],13270.0,6798.0,8,51.22833458929917,2011
59500061,ETH - eThekwini,15167.0,8209.0,9,54.124085184941,2016
59500061,ETH - eThekwini,14990.0,6922.0,9,46.17745163442295,2021
59500062,Durban - Durban Metro [Durban Metro],15051.0,4932.0,7,32.76858680486347,2000
59500062,KZ292 - KZ292 [Stanger],1586.0,407.0,1,25.66204287515763,2000
59500062,ETH - eThekwini [Durban Metro],21231.0,5921.0,8,27.888464980453108,2006
59500062,ETH - eThekwini [Durban Metro],18601.0,9768.0,9,52.513305736250736,2011
59500062,ETH - eThekwini,18763.0,10435.0,9,55.61477375686192,2016
59500062,ETH - eThekwini,18511.0,7664.0,9,41.40240937820755,2021
59500063,Durban - Durban Metro [Durban Metro],17770.0,3961.0,6,22.290377039954983,2000
59500063,ETH - eThekwini [Durban Metro],20792.0,4752.0,6,22.854944209311277,2006
59500063,ETH - eThekwini [Durban Metro],16462.0,9880.0,7,60.01700886891022,2011
59500063,ETH - eThekwini,18437.0,11723.0,7,63.58409719585616,2016
59500063,ETH - eThekwini,19013.0,9023.0,7,47.457003103139954,2021
59500064,Durban - Durban Metro [Durban Metro],14064.0,2046.0,5,14.54778156996587,2000
59500064,ETH - eThekwini [Durban Metro],16111.0,2784.0,7,17.28011917323568,2006
59500064,ETH - eThekwini [Durban Metro],17062.0,9301.0,7,54.51295276052045,2011
59500064,ETH - eThekwini,19037.0,10896.0,8,57.23590901927825,2016
59500064,ETH - eThekwini,18756.0,7781.0,8,41.485391341437406,2021
59500065,Durban - Durban Metro [Durban Metro],25446.0,9758.0,7,38.34787392910477,2000
59500065,ETH - eThekwini [Durban Metro],18379.0,6249.0,7,34.00076173894118,2006
59500065,ETH - eThekwini [Durban Metro],17623.0,10167.0,7,57.69165295352664,2011
59500065,ETH - eThekwini,19821.0,12271.0,7,61.90908632258716,2016
59500065,ETH - eThekwini,20450.0,9252.0,7,45.24205378973105,2021
59500066,Durban - Durban Metro [Durban Metro],17801.0,5055.0,7,28.39728105162631,2000
59500066,ETH - eThekwini [Durban Metro],20480.0,7085.0,7,34.5947265625,2006
59500066,ETH - eThekwini [Durban Metro],15887.0,9223.0,7,58.05375464216026,2011
59500066,ETH - eThekwini,17986.0,11093.0,7,61.67574780384744,2016
59500066,ETH - eThekwini,17931.0,8136.0,7,45.373933411410405,2021
59500067,Durban - Durban Metro [Durban Metro],10895.0,2974.0,7,27.2969251950436,2000
59500067,ETH - eThekwini [Durban Metro],16819.0,6876.0,7,40.882335453950894,2006
59500067,ETH - eThekwini [Durban Metro],12434.0,8375.0,7,67.35563776741193,2011
59500067,ETH - eThekwini,15894.0,9335.0,9,58.73285516547124,2016
59500067,ETH - eThekwini,16092.0,6397.0,9,39.75267213522248,2021
59500068,Durban - Durban Metro [Durban Metro],16574.0,5009.0,9,30.222034511886086,2000
59500068,ETH - eThekwini [Durban Metro],18634.0,4905.0,9,26.322850703015995,2006
59500068,ETH - eThekwini [Durban Metro],18211.0,10500.0,9,57.65745977705782,2011
59500068,ETH - eThekwini,19449.0,11458.0,9,58.91305465576636,2016
59500068,ETH - eThekwini,18449.0,8613.0,9,46.68545720635265,2021
59500069,Durban - Durban Metro [Durban Metro],15412.0,5351.0,8,34.71969893589411,2000
59500069,ETH - eThekwini [Durban Metro],15053.0,4241.0,8,28.173785956287784,2006
59500069,ETH - eThekwini [Durban Metro],15594.0,8878.0,8,56.93215339233039,2011
59500069,ETH - eThekwini,16955.0,11438.0,8,67.46092598053671,2016
59500069,ETH - eThekwini,16608.0,7833.0,8,47.16401734104046,2021
59500070,Durban - Durban Metro [Durban Metro],14842.0,4683.0,8,31.55235143511656,2000
59500070,ETH - eThekwini [Durban Metro],19433.0,5296.0,10,27.25261153707611,2006
59500070,ETH - eThekwini [Durban Metro],17017.0,9201.0,10,54.069459951812895,2011
59500070,ETH - eThekwini,18094.0,10726.0,11,59.279319111307615,2016
59500070,ETH - eThekwini,17235.0,8299.0,11,48.15201624601102,2021
59500071,Durban - Durban Metro [Durban Metro],16595.0,4316.0,4,26.007833684844837,2000
59500071,ETH - eThekwini [Durban Metro],14534.0,1457.0,5,10.024769505985963,2006
59500071,ETH - eThekwini [Durban Metro],16667.0,9528.0,5,57.166856662866735,2011
59500071,ETH - eThekwini,19796.0,10394.0,5,52.5055566781168,2016
59500071,ETH - eThekwini,18914.0,7863.0,5,41.57238024743577,2021
59500072,Durban - Durban Metro [Durban Metro],8547.0,1892.0,3,22.136422136422137,2000
59500072,ETH - eThekwini [Durban Metro],9940.0,534.0,5,5.372233400402415,2006
59500072,ETH - eThekwini [Durban Metro],13021.0,6854.0,5,52.63804623300822,2011
59500072,ETH - eThekwini,17253.0,9810.0,6,56.85967657798644,2016
59500072,ETH - eThekwini,18662.0,7253.0,8,38.86507341120994,2021
59500073,Durban - Durban Metro [Durban Metro],14020.0,5191.0,9,37.02567760342368,2000
59500073,ETH - eThekwini [Durban Metro],21468.0,8801.0,9,40.995900875722,2006
59500073,ETH - eThekwini [Durban Metro],16930.0,9046.0,9,53.431777909037216,2011
59500073,ETH - eThekwini,17477.0,9815.0,9,56.159523945757286,2016
59500073,ETH - eThekwini,16717.0,8075.0,9,48.30412155291021,2021
59500074,Durban - Durban Metro [Durban Metro],20790.0,4781.0,6,22.996632996633,2000
59500074,ETH - eThekwini [Durban Metro],21231.0,6572.0,7,30.954735999246385,2006
59500074,ETH - eThekwini [Durban Metro],15782.0,9277.0,7,58.78215688759346,2011
59500074,ETH - eThekwini,17056.0,9636.0,7,56.49624765478424,2016
59500074,ETH - eThekwini,16849.0,6209.0,7,36.85085168259244,2021
59500075,Durban - Durban Metro [Durban Metro],14374.0,2192.0,5,15.249756504800336,2000
59500075,ETH - eThekwini [Durban Metro],15181.0,1082.0,5,7.12733021540083,2006
59500075,ETH - eThekwini [Durban Metro],15565.0,8194.0,5,52.64375200770961,2011
59500075,ETH - eThekwini,15966.0,8483.0,5,53.13165476637855,2016
59500075,ETH - eThekwini,15275.0,5850.0,5,38.297872340425535,2021
59500076,Durban - Durban Metro [Durban Metro],11356.0,1617.0,3,14.239168721380768,2000
59500076,ETH - eThekwini [Durban Metro],12158.0,1926.0,5,15.841421286395788,2006
59500076,ETH - eThekwini [Durban Metro],13205.0,6156.0,5,46.618705035971225,2011
59500076,ETH - eThekwini,14187.0,6379.0,5,44.96369916120392,2016
59500076,ETH - eThekwini,13534.0,3733.0,5,27.582385104182062,2021
59500077,Durban - Durban Metro [Durban Metro],11148.0,4020.0,6,36.06027987082885,2000
59500077,ETH - eThekwini [Durban Metro],14511.0,3465.0,7,23.878437047756872,2006
59500077,ETH - eThekwini [Durban Metro],15047.0,8304.0,8,55.18708048115904,2011
59500077,ETH - eThekwini,17812.0,10450.0,8,58.6683134965192,2016
59500077,ETH - eThekwini,18331.0,8324.0,8,45.40941574382194,2021
59500078,Durban - Durban Metro [Durban Metro],23565.0,5679.0,5,24.09929980903883,2000
59500078,ETH - eThekwini [Durban Metro],19891.0,5374.0,7,27.017243979689308,2006
59500078,ETH - eThekwini [Durban Metro],17213.0,9540.0,7,55.42322663103468,2011
59500078,ETH - eThekwini,17817.0,9161.0,7,51.417185833754274,2016
59500078,ETH - eThekwini,16856.0,5652.0,7,33.53108685334599,2021
59500079,Durban - Durban Metro [Durban Metro],15585.0,3767.0,5,24.17067693294835,2000
59500079,ETH - eThekwini [Durban Metro],17228.0,4811.0,6,27.925470164847923,2006
59500079,ETH - eThekwini [Durban Metro],14803.0,8251.0,6,55.73870161453759,2011
59500079,ETH - eThekwini,17192.0,9380.0,6,54.56026058631922,2016
59500079,ETH - eThekwini,16593.0,4984.0,6,30.03676249020672,2021
59500080,Durban - Durban Metro [Durban Metro],16658.0,3085.0,5,18.51963020770801,2000
59500080,ETH - eThekwini [Durban Metro],19638.0,4684.0,6,23.85171606069865,2006
59500080,ETH - eThekwini [Durban Metro],14229.0,8004.0,6,56.251317731393634,2011
59500080,ETH - eThekwini,15546.0,7756.0,6,49.89064711179725,2016
59500080,ETH - eThekwini,14872.0,5352.0,6,35.98708983324368,2021
59500081,Durban - Durban Metro [Durban Metro],22094.0,7239.0,8,32.76455146193536,2000
59500081,ETH - eThekwini [Durban Metro],18563.0,5916.0,8,31.8698486236061,2006
59500081,ETH - eThekwini [Durban Metro],14602.0,8279.0,8,56.697712642103824,2011
59500081,ETH - eThekwini,15236.0,8015.0,8,52.605670779732215,2016
59500081,ETH - eThekwini,14519.0,4481.0,8,30.86300709415249,2021
59500082,Durban - Durban Metro [Durban Metro],17599.0,4303.0,5,24.450252855275867,2000
59500082,ETH - eThekwini [Durban Metro],18282.0,6368.0,7,34.83207526528826,2006
59500082,ETH - eThekwini [Durban Metro],14096.0,7717.0,7,54.74602724177071,2011
59500082,ETH - eThekwini,15910.0,8257.0,7,51.89817724701445,2016
59500082,ETH - eThekwini,15512.0,4977.0,7,32.084837545126355,2021
59500083,Durban - Durban Metro [Durban Metro],10754.0,3642.0,7,33.86646829086851,2000
59500083,ETH - eThekwini [Durban Metro],16716.0,5885.0,7,35.20579085905719,2006
59500083,ETH - eThekwini [Durban Metro],13830.0,7998.0,7,57.83080260303688,2011
59500083,ETH - eThekwini,14252.0,7845.0,7,55.04490597810834,2016
59500083,ETH - eThekwini,13906.0,4821.0,7,34.66848842226377,2021
59500084,Durban - Durban Metro [Durban Metro],12304.0,3472.0,7,28.218465539661896,2000
59500084,ETH - eThekwini [Durban Metro],20419.0,7771.0,7,38.05769136588472,2006
59500084,ETH - eThekwini [Durban Metro],12774.0,6931.0,7,54.258650383591664,2011
59500084,ETH - eThekwini,15205.0,8171.0,8,53.73890167707991,2016
59500084,ETH - eThekwini,15589.0,5772.0,8,37.026108153184936,2021
59500085,Durban - Durban Metro [Durban Metro],17863.0,4996.0,6,27.96842635615518,2000
59500085,ETH - eThekwini [Durban Metro],16538.0,3500.0,6,21.163381303664288,2006
59500085,ETH - eThekwini [Durban Metro],14111.0,7963.0,6,56.431153001204734,2011
59500085,ETH - eThekwini,14588.0,7754.0,6,53.15327666575267,2016
59500085,ETH - eThekwini,14086.0,4501.0,6,31.95371290643192,2021
59500086,Durban - Durban Metro [Durban Metro],13660.0,4883.0,5,35.74670571010249,2000
59500086,ETH - eThekwini [Durban Metro],14957.0,3659.0,5,24.463461924182656,2006
59500086,ETH - eThekwini [Durban Metro],14675.0,8201.0,6,55.88415672913117,2011
59500086,ETH - eThekwini,16158.0,8879.0,6,54.95110781037257,2016
59500086,ETH - eThekwini,15418.0,5103.0,6,33.09767803865611,2021
59500087,Durban - Durban Metro [Durban Metro],13734.0,2439.0,5,17.75884665792923,2000
59500087,ETH - eThekwini [Durban Metro],14154.0,4515.0,5,31.899109792284868,2006
59500087,ETH - eThekwini [Durban Metro],13218.0,7374.0,5,55.78756241488879,2011
59500087,ETH - eThekwini,14705.0,7343.0,5,49.93539612376743,2016
59500087,ETH - eThekwini,14462.0,4790.0,5,33.12128336329692,2021
59500088,Durban - Durban Metro [Durban Metro],13424.0,4086.0,6,30.43802145411204,2000
59500088,ETH - eThekwini [Durban Metro],14241.0,2921.0,7,20.51120005617583,2006
59500088,ETH - eThekwini [Durban Metro],14774.0,7606.0,7,51.48233382970082,2011
59500088,ETH - eThekwini,17203.0,8462.0,7,49.18909492530373,2016
59500088,ETH - eThekwini,16706.0,4908.0,7,29.37866634742009,2021
59500089,Durban - Durban Metro [Durban Metro],9800.0,1125.0,3,11.479591836734697,2000
59500089,ETH - eThekwini [Durban Metro],11814.0,1301.0,4,11.01235821906213,2006
59500089,ETH - eThekwini [Durban Metro],13640.0,7513.0,4,55.08064516129032,2011
59500089,ETH - eThekwini,15634.0,8299.0,4,53.08302417807344,2016
59500089,ETH - eThekwini,16438.0,6417.0,5,39.03759581457598,2021
59500090,Durban - Durban Metro [Durban Metro],18804.0,5432.0,8,28.887470750904065,2000
59500090,ETH - eThekwini [Durban Metro],17406.0,3245.0,8,18.64299666781569,2006
59500090,ETH - eThekwini [Durban Metro],17515.0,9254.0,8,52.83471310305452,2011
59500090,ETH - eThekwini,18855.0,10371.0,8,55.003977724741446,2016
59500090,ETH - eThekwini,18496.0,8211.0,8,44.39338235294117,2021
59500091,Durban - Durban Metro [Durban Metro],13891.0,4769.0,7,34.33158159959686,2000
59500091,ETH - eThekwini [Durban Metro],18190.0,6353.0,8,34.925783397471136,2006
59500091,ETH - eThekwini [Durban Metro],13203.0,8291.0,8,62.79633416647732,2011
59500091,ETH - eThekwini,15369.0,9506.0,9,61.8517795562496,2016
59500091,ETH - eThekwini,14578.0,5745.0,9,39.40869803813966,2021
59500092,Durban - Durban Metro [Durban Metro],27501.0,9493.0,7,34.51874477291735,2000
59500092,ETH - eThekwini [Durban Metro],20019.0,4671.0,7,23.332833807882512,2006
59500092,ETH - eThekwini [Durban Metro],18813.0,11770.0,7,62.56312124594695,2011
59500092,ETH - eThekwini,18887.0,10865.0,7,57.52634086938105,2016
59500092,ETH - eThekwini,18318.0,6457.0,7,35.24948138443062,2021
59500093,Durban - Durban Metro [Durban Metro],11822.0,2169.0,6,18.34714938250719,2000
59500093,ETH - eThekwini [Durban Metro],15689.0,4333.0,7,27.618076359232585,2006
59500093,ETH - eThekwini [Durban Metro],13831.0,8373.0,7,60.5379220591425,2011
59500093,ETH - eThekwini,16813.0,9918.0,7,58.9900672098971,2016
59500093,ETH - eThekwini,16703.0,6841.0,7,40.95671436268934,2021
59500094,Durban - Durban Metro [Durban Metro],15947.0,3750.0,8,23.51539474509312,2000
59500094,ETH - eThekwini [Durban Metro],18519.0,5161.0,8,27.868675414439224,2006
59500094,ETH - eThekwini [Durban Metro],15130.0,8849.0,8,58.48645076007932,2011
59500094,ETH - eThekwini,17729.0,10175.0,9,57.39184387162276,2016
59500094,ETH - eThekwini,17391.0,6116.0,9,35.167615433270086,2021
59500095,Durban - Durban Metro [Durban Metro],15910.0,4184.0,5,26.297925832809558,2000
59500095,ETH - eThekwini [Durban Metro],14596.0,2356.0,6,16.141408605097286,2006
59500095,ETH - eThekwini [Durban Metro],15969.0,10380.0,6,65.00093931993237,2011
59500095,ETH - eThekwini,19359.0,11648.0,6,60.168397127950826,2016
59500095,ETH - eThekwini,19498.0,8383.0,7,42.994153246486825,2021
59500096,Durban - Durban Metro [Durban Metro],15784.0,5557.0,11,35.20653826659908,2000
59500096,KZ226 - KZ226 [Camperdown],563.0,243.0,1,43.16163410301954,2000
59500096,ETH - eThekwini [Durban Metro],18502.0,8664.0,15,46.82737001405253,2006
59500096,KZ226 - Mkhambathini [Camperdown],653.0,294.0,1,45.0229709035222,2006
59500096,ETH - eThekwini [Durban Metro],14491.0,9646.0,15,66.56545441998482,2011
59500096,KZN226 - Mkhambathini [Camperdown],704.0,472.0,1,67.04545454545455,2011
59500096,ETH - eThekwini,17738.0,11086.0,16,62.49859059645958,2016
59500096,ETH - eThekwini,18738.0,8253.0,18,44.04418828049952,2021
59500097,Durban - Durban Metro [Durban Metro],12037.0,1843.0,4,15.311124034227795,2000
59500097,ETH - eThekwini [Durban Metro],13229.0,2324.0,4,17.567465416887142,2006
59500097,ETH - eThekwini [Durban Metro],13847.0,8243.0,4,59.529139885895866,2011
59500097,ETH - eThekwini,15646.0,10040.0,4,64.1697558481401,2016
59500097,ETH - eThekwini,15464.0,7357.0,4,47.575012933264354,2021
59500098,Durban - Durban Metro [Durban Metro],10104.0,5274.0,7,52.197149643705465,2000
59500098,KZ211 - Vulamehlo [Dududu],2323.0,1197.0,2,51.52819629789066,2000
59500098,ETH - eThekwini [Durban Metro],11944.0,3406.0,7,28.516409912926992,2006
59500098,KZ211 - Vulamehlo [Dududu],1828.0,1089.0,2,59.57330415754923,2006
59500098,ETH - eThekwini [Durban Metro],12760.0,8383.0,7,65.69749216300941,2011
59500098,KZN211 - Vulamehlo [Dududu],1760.0,1146.0,2,65.11363636363636,2011
59500098,ETH - eThekwini,17135.0,10579.0,9,61.73913043478261,2016
59500098,ETH - eThekwini,17670.0,7025.0,9,39.75664968873797,2021
59500099,Durban - Durban Metro [Durban Metro],10418.0,3315.0,8,31.81992704933769,2000
59500099,ETH - eThekwini [Durban Metro],15024.0,4384.0,8,29.179978700745476,2006
59500099,ETH - eThekwini [Durban Metro],12575.0,7700.0,9,61.23260437375746,2011
59500099,ETH - eThekwini,13960.0,7309.0,9,52.356733524355306,2016
59500099,ETH - eThekwini,15935.0,7882.0,10,49.46344524631315,2021
59500100,Durban - Durban Metro [Durban Metro],16057.0,8316.0,19,51.79049635672916,2000
59500100,ETH - eThekwini [Durban Metro],15229.0,8165.0,19,53.61481384201196,2006
59500100,ETH - eThekwini [Durban Metro],13857.0,10147.0,19,73.22652810853721,2011
59500100,ETH - eThekwini,17048.0,10579.0,19,62.05419990614735,2016
59500100,ETH - eThekwini,17627.0,8702.0,19,49.36744766551313,2021
59500101,Durban - Durban Metro [Durban Metro],8922.0,2108.0,4,23.626989464245685,2000
59500101,ETH - eThekwini [Durban Metro],14258.0,1585.0,5,11.116566138308318,2006
59500101,ETH - eThekwini [Durban Metro],15996.0,8655.0,5,54.1072768192048,2011
59500101,ETH - eThekwini,16754.0,8737.0,5,52.14874059925988,2016
59500101,ETH - eThekwini,16200.0,5134.0,5,31.69135802469136,2021
59500102,Durban - Durban Metro [Durban Metro],3505.0,1620.0,3,46.219686162624825,2000
59500102,ETH - eThekwini [Durban Metro],5721.0,2518.0,5,44.01328439084076,2006
59500102,ETH - eThekwini [Durban Metro],8338.0,4957.0,5,59.450707603741904,2011
59500102,ETH - eThekwini,12716.0,8364.0,6,65.77540106951871,2016
59500102,ETH - eThekwini,15895.0,7399.0,6,46.54922931739541,2021
59500103,Durban - Durban Metro [Durban Metro],12252.0,4683.0,10,38.22233104799216,2000
59500103,ETH - eThekwini [Durban Metro],15240.0,7115.0,11,46.686351706036746,2006
59500103,ETH - eThekwini [Durban Metro],13895.0,8977.0,11,64.60597337171644,2011
59500103,ETH - eThekwini,16915.0,9965.0,11,58.91220809932013,2016
59500103,ETH - eThekwini,17742.0,9012.0,11,50.79472438282042,2021
59500104,Durban - Durban Metro [Durban Metro],16363.0,4467.0,6,27.29939497647131,2000
59500104,ETH - eThekwini [Durban Metro],18814.0,5359.0,6,28.484107579462105,2006
59500104,ETH - eThekwini [Durban Metro],14914.0,8512.0,6,57.07389030441197,2011
59500104,ETH - eThekwini,16988.0,9512.0,6,55.99246526960208,2016
59500104,ETH - eThekwini,15725.0,5344.0,6,33.98410174880763,2021
59500105,KZ211 - Vulamehlo [Dududu],19095.0,9570.0,18,50.11783189316576,2000
59500105,KZ226 - KZ226 [Camperdown],4455.0,2328.0,3,52.255892255892256,2000
59500105,KZ211 - Vulamehlo [Dududu],15852.0,8879.0,25,56.01185970224577,2006
59500105,KZ226 - Mkhambathini [Camperdown],4497.0,2608.0,3,57.99421836780076,2006
59500105,KZN211 - Vulamehlo [Dududu],12214.0,8346.0,25,68.33142295726216,2011
59500105,KZN226 - Mkhambathini [Camperdown],2746.0,1752.0,3,63.80189366351056,2011
59500105,ETH - eThekwini,16761.0,10002.0,28,59.67424378020405,2016
59500105,ETH - eThekwini,16914.0,8736.0,28,51.64952110677545,2021
59500106,Durban - Durban Metro [Durban Metro],7326.0,3205.0,5,43.74829374829375,2000
59500106,ETH - eThekwini [Durban Metro],11107.0,2139.0,6,19.25812550643738,2006
59500106,ETH - eThekwini [Durban Metro],14500.0,7946.0,7,54.8,2011
59500106,ETH - eThekwini,17832.0,10523.0,8,59.011888739345,2016
59500106,ETH - eThekwini,18174.0,8177.0,8,44.9928469241774,2021
59500107,Durban - Durban Metro [Durban Metro],13404.0,3637.0,5,27.13369143539242,2000
59500107,ETH - eThekwini [Durban Metro],11798.0,1744.0,5,14.782166468893031,2006
59500107,ETH - eThekwini [Durban Metro],13406.0,8670.0,5,64.67253468596151,2011
59500107,ETH - eThekwini,13856.0,8020.0,5,57.881062355658194,2016
59500107,ETH - eThekwini,15246.0,5944.0,5,38.98727535091172,2021
59500108,Durban - Durban Metro [Durban Metro],6408.0,2747.0,4,42.86828963795256,2000
59500108,ETH - eThekwini [Durban Metro],10003.0,5213.0,7,52.11436569029291,2006
59500108,ETH - eThekwini [Durban Metro],9011.0,6028.0,7,66.89601598046832,2011
59500108,ETH - eThekwini,12308.0,7872.0,8,63.958401039974,2016
59500108,ETH - eThekwini,13385.0,5952.0,9,44.46768771012327,2021
59500109,Durban - Durban Metro [Durban Metro],8752.0,3053.0,7,34.88345521023766,2000
59500109,ETH - eThekwini [Durban Metro],16905.0,6444.0,8,38.118899733806565,2006
59500109,ETH - eThekwini [Durban Metro],14885.0,8890.0,8,59.72455492106147,2011
59500109,ETH - eThekwini,19053.0,10499.0,8,55.104183068283206,2016
59500109,ETH - eThekwini,19250.0,6368.0,8,33.080519480519484,2021
59500110,Durban - Durban Metro [Durban Metro],4252.0,0.0,2,0.0,2000
59500110,ETH - eThekwini [Durban Metro],7176.0,1122.0,4,15.635451505016723,2006
59500110,ETH - eThekwini [Durban Metro],13475.0,8482.0,5,62.94619666048238,2011
59500110,ETH - eThekwini,17356.0,9973.0,5,57.46139663516939,2016
59500110,ETH - eThekwini,17814.0,8631.0,5,48.450656786796905,2021
59500111,Durban - Durban Metro [Durban Metro],17758.0,4311.0,6,24.276382475504,2000
59500111,ETH - eThekwini [Durban Metro],17178.0,3741.0,6,21.777855396437303,2006
59500111,ETH - eThekwini [Durban Metro],15006.0,8271.0,6,55.11795281887245,2011
59500111,ETH - eThekwini,17032.0,8634.0,6,50.69281352747769,2016
59500111,ETH - eThekwini,16603.0,5740.0,6,34.57206528940553,2021
