Province,Municipality,Ward,RegisteredVoters,SpoiltVotes,TotalValidVotes,VotingDistricts,VotingStations,ElectionYear,TurnoutRate,BoundaryConsistent
KwaZulu-Natal,ETH - eThekwini [Durban Metro],Ward 59500001,15364,141,8678,11,11,2011,56.48268680031242,True
KwaZulu-Natal,ETH - eThekwini [Durban Metro],Ward 59500002,14295,228,9610,18,18,2011,67.22630290311298,True
KwaZulu-Natal,ETH - eThekwini [Durban Metro],Ward 59500003,18225,164,12368,16,16,2011,67.8628257887517,True
KwaZulu-Natal,ETH - eThekwini [Durban Metro],Ward 59500004,16370,364,10768,10,10,2011,65.77886377519853,True
KwaZulu-Natal,ETH - eThekwini [Durban Metro],Ward 59500005,14650,577,9712,6,6,2011,66.29351535836177,True
KwaZulu-Natal,ETH - eThekwini [Durban Metro],Ward 59500006,15237,212,9651,8,8,2011,63.33924000787556,True
KwaZulu-Natal,ETH - eThekwini [Durban Metro],Ward 59500007,13437,134,8467,7,7,2011,63.01257721217534,True
KwaZulu-Natal,ETH - eThekwini [Durban Metro],Ward 59500008,16611,101,10822,11,11,2011,65.149599662874,True
KwaZulu-Natal,ETH - eThekwini [Durban Metro],Ward 59500009,16231,76,10664,8,8,2011,65.70143552461339,True
KwaZulu-Natal,ETH - eThekwini [Durban Metro],Ward 59500010,16734,20,10838,6,6,2011,64.76634397035976,True
KwaZulu-Natal,ETH - eThekwini [Durban Metro],Ward 59500011,17941,138,9989,8,8,2011,55.67694108466641,True
KwaZulu-Natal,ETH - eThekwini [Durban Metro],Ward 59500012,13790,91,8387,6,6,2011,60.81943437273386,True
KwaZulu-Natal,ETH - eThekwini [Durban Metro],Ward 59500013,18222,185,11038,7,7,2011,60.57512896498738,True
KwaZulu-Natal,ETH - eThekwini [Durban Metro],Ward 59500014,14589,335,8956,6,6,2011,61.38871752690383,True
KwaZulu-Natal,ETH - eThekwini [Durban Metro],Ward 59500015,17653,124,10720,7,7,2011,60.726222171868805,True
KwaZulu-Natal,ETH - eThekwini [Durban Metro],Ward 59500016,18252,162,11171,7,7,2011,61.204251588866974,True
KwaZulu-Natal,ETH - eThekwini [Durban Metro],Ward 59500017,15496,132,9251,7,7,2011,59.69927723283428,True
KwaZulu-Natal,ETH - eThekwini [Durban Metro],Ward 59500018,18774,44,11527,6,6,2011,61.3987429423671,True
KwaZulu-Natal,ETH - eThekwini [Durban Metro],Ward 59500019,18747,317,12052,7,7,2011,64.28761935242973,True
KwaZulu-Natal,ETH - eThekwini [Durban Metro],Ward 59500020,16631,129,10454,7,7,2011,62.858517226865494,True
KwaZulu-Natal,ETH - eThekwini [Durban Metro],Ward 59500021,16615,152,10458,6,6,2011,62.9431236834186,True
KwaZulu-Natal,ETH - eThekwini [Durban Metro],Ward 59500022,16885,205,10713,6,6,2011,63.44684631329582,True
KwaZulu-Natal,ETH - eThekwini [Durban Metro],Ward 59500023,18624,159,9681,9,9,2011,51.98131443298969,True
KwaZulu-Natal,ETH - eThekwini [Durban Metro],Ward 59500024,18068,160,10587,6,6,2011,58.59530661943768,True
KwaZulu-Natal,ETH - eThekwini [Durban Metro],Ward 59500025,15039,86,8023,8,8,2011,53.34796196555622,True
KwaZulu-Natal,ETH - eThekwini [Durban Metro],Ward 59500026,13734,31,4851,5,5,2011,35.321100917431195,True
KwaZulu-Natal,ETH - eThekwini [Durban Metro],Ward 59500027,14487,30,8018,7,7,2011,55.346172430454885,True
KwaZulu-Natal,ETH - eThekwini [Durban Metro],Ward 59500028,13858,83,5243,5,5,2011,37.83374224274787,True
KwaZulu-Natal,ETH - eThekwini [Durban Metro],Ward 59500029,14573,121,8693,4,4,2011,59.6514101420435,True
KwaZulu-Natal,ETH - eThekwini [Durban Metro],Ward 59500030,16042,87,8553,7,7,2011,53.31629472634335,True
KwaZulu-Natal,ETH - eThekwini [Durban Metro],Ward 59500031,17667,82,9107,8,8,2011,51.54808399841513,True
KwaZulu-Natal,ETH - eThekwini [Durban Metro],Ward 59500032,13917,90,5440,4,4,2011,39.088884098584465,True
KwaZulu-Natal,ETH - eThekwini [Durban Metro],Ward 59500033,17680,68,9752,9,9,2011,55.158371040723985,True
KwaZulu-Natal,ETH - eThekwini [Durban Metro],Ward 59500034,17221,123,9297,8,8,2011,53.98641193891179,True
KwaZulu-Natal,ETH - eThekwini [Durban Metro],Ward 59500035,17063,38,10589,5,5,2011,62.05825470315888,True
KwaZulu-Natal,ETH - eThekwini [Durban Metro],Ward 59500036,18193,28,11060,5,5,2011,60.792612543285884,True
KwaZulu-Natal,ETH - eThekwini [Durban Metro],Ward 59500037,16945,86,9211,6,6,2011,54.35821776335202,True
KwaZulu-Natal,ETH - eThekwini [Durban Metro],Ward 59500038,15566,199,9625,7,7,2011,61.833483232686625,True
KwaZulu-Natal,ETH - eThekwini [Durban Metro],Ward 59500039,16151,115,7887,4,4,2011,48.83288960435886,True
KwaZulu-Natal,ETH - eThekwini [Durban Metro],Ward 59500040,15818,275,9197,6,6,2011,58.14262232899229,True
KwaZulu-Natal,ETH - eThekwini [Durban Metro],Ward 59500041,17077,170,9957,6,6,2011,58.30649411489137,True
KwaZulu-Natal,ETH - eThekwini [Durban Metro],Ward 59500042,16846,397,10824,6,6,2011,64.25264157663541,True
KwaZulu-Natal,ETH - eThekwini [Durban Metro],Ward 59500043,17398,138,11033,8,8,2011,63.41533509598805,True
KwaZulu-Natal,ETH - eThekwini [Durban Metro],Ward 59500044,17626,199,11416,9,9,2011,64.76795642800408,True
KwaZulu-Natal,ETH - eThekwini [Durban Metro],Ward 59500045,16970,138,11535,10,10,2011,67.97289334119033,True
KwaZulu-Natal,ETH - eThekwini [Durban Metro],Ward 59500046,15968,142,9269,9,9,2011,58.047344689378754,True
KwaZulu-Natal,ETH - eThekwini [Durban Metro],Ward 59500047,14121,91,8966,7,7,2011,63.49408682104667,True
KwaZulu-Natal,ETH - eThekwini [Durban Metro],Ward 59500048,15077,92,8531,7,7,2011,56.58287457717053,True
KwaZulu-Natal,ETH - eThekwini [Durban Metro],Ward 59500049,15079,76,8532,8,8,2011,56.58200145898269,True
KwaZulu-Natal,ETH - eThekwini [Durban Metro],Ward 59500050,14287,123,7796,8,8,2011,54.56708896199341,True
KwaZulu-Natal,ETH - eThekwini [Durban Metro],Ward 59500051,18770,166,10809,9,9,2011,57.58657432072456,True
KwaZulu-Natal,ETH - eThekwini [Durban Metro],Ward 59500052,18073,109,9963,9,9,2011,55.12643169368672,True
KwaZulu-Natal,ETH - eThekwini [Durban Metro],Ward 59500053,16309,247,9142,6,6,2011,56.05493899074131,True
KwaZulu-Natal,ETH - eThekwini [Durban Metro],Ward 59500054,15757,186,9094,7,7,2011,57.71403185885639,True
KwaZulu-Natal,ETH - eThekwini [Durban Metro],Ward 59500055,17996,105,11171,10,10,2011,62.07490553456324,True
KwaZulu-Natal,ETH - eThekwini [Durban Metro],Ward 59500056,17471,447,10510,11,11,2011,60.15683132047393,True
KwaZulu-Natal,ETH - eThekwini [Durban Metro],Ward 59500057,18208,171,11569,8,8,2011,63.53800527240774,True
KwaZulu-Natal,ETH - eThekwini [Durban Metro],Ward 59500058,17521,119,9903,12,12,2011,56.52074653273215,True
KwaZulu-Natal,ETH - eThekwini [Durban Metro],Ward 59500059,16933,278,10018,11,11,2011,59.16258194058939,True
KwaZulu-Natal,ETH - eThekwini [Durban Metro],Ward 59500060,18021,168,9440,10,10,2011,52.383330558792515,True
KwaZulu-Natal,ETH - eThekwini [Durban Metro],Ward 59500061,19300,83,9544,11,11,2011,49.45077720207254,True
KwaZulu-Natal,ETH - eThekwini [Durban Metro],Ward 59500062,15371,173,8423,8,8,2011,54.797996226660594,True
KwaZulu-Natal,ETH - eThekwini [Durban Metro],Ward 59500063,16462,52,9868,7,7,2011,59.944113716437855,True
KwaZulu-Natal,ETH - eThekwini [Durban Metro],Ward 59500064,17062,69,9266,7,7,2011,54.307818544133156,True
KwaZulu-Natal,ETH - eThekwini [Durban Metro],Ward 59500065,17623,128,10121,7,7,2011,57.430630426147644,True
KwaZulu-Natal,ETH - eThekwini [Durban Metro],Ward 59500066,15887,36,8927,7,7,2011,56.19059608484924,True
KwaZulu-Natal,ETH - eThekwini [Durban Metro],Ward 59500067,17326,178,11126,10,10,2011,64.215629689484,True
KwaZulu-Natal,ETH - eThekwini [Durban Metro],Ward 59500068,18211,112,10481,9,9,2011,57.55312723079457,True
KwaZulu-Natal,ETH - eThekwini [Durban Metro],Ward 59500069,17952,146,10292,9,9,2011,57.330659536541894,True
KwaZulu-Natal,ETH - eThekwini [Durban Metro],Ward 59500070,18444,150,10010,11,11,2011,54.27239210583388,True
KwaZulu-Natal,ETH - eThekwini [Durban Metro],Ward 59500071,17941,94,10243,7,7,2011,57.09269271501031,True
KwaZulu-Natal,ETH - eThekwini [Durban Metro],Ward 59500072,16940,174,8860,6,6,2011,52.30224321133412,True
KwaZulu-Natal,ETH - eThekwini [Durban Metro],Ward 59500073,18307,131,9834,10,10,2011,53.71715737149724,True
KwaZulu-Natal,ETH - eThekwini [Durban Metro],Ward 59500074,14035,106,8030,6,6,2011,57.214107588172425,True
KwaZulu-Natal,ETH - eThekwini [Durban Metro],Ward 59500075,15565,212,8115,5,5,2011,52.13620301959525,True
KwaZulu-Natal,ETH - eThekwini [Durban Metro],Ward 59500076,13205,151,6117,5,5,2011,46.323362362741385,True
KwaZulu-Natal,ETH - eThekwini [Durban Metro],Ward 59500077,17281,179,9201,7,7,2011,53.24344655980556,True
KwaZulu-Natal,ETH - eThekwini [Durban Metro],Ward 59500078,14210,155,7784,6,6,2011,54.778325123152705,True
KwaZulu-Natal,ETH - eThekwini [Durban Metro],Ward 59500079,15027,328,8185,6,6,2011,54.46862314500566,True
KwaZulu-Natal,ETH - eThekwini [Durban Metro],Ward 59500080,14229,200,7999,6,6,2011,56.21617822756343,True
KwaZulu-Natal,ETH - eThekwini [Durban Metro],Ward 59500081,13261,77,7475,7,7,2011,56.368298016740816,True
KwaZulu-Natal,ETH - eThekwini [Durban Metro],Ward 59500082,14096,104,7657,7,7,2011,54.320374574347326,True
KwaZulu-Natal,ETH - eThekwini [Durban Metro],Ward 59500083,16833,238,9520,8,8,2011,56.55557535792788,True
KwaZulu-Natal,ETH - eThekwini [Durban Metro],Ward 59500084,16939,239,9485,10,10,2011,55.99504102957672,True
KwaZulu-Natal,ETH - eThekwini [Durban Metro],Ward 59500085,15461,90,8752,7,7,2011,56.60694651057499,True
KwaZulu-Natal,ETH - eThekwini [Durban Metro],Ward 59500086,14932,107,8466,6,6,2011,56.69702652022502,True
KwaZulu-Natal,ETH - eThekwini [Durban Metro],Ward 59500087,13218,150,7302,5,5,2011,55.242850658193376,True
KwaZulu-Natal,ETH - eThekwini [Durban Metro],Ward 59500088,14774,165,7571,7,7,2011,51.24543116285366,True
KwaZulu-Natal,ETH - eThekwini [Durban Metro],Ward 59500089,16477,169,8794,5,5,2011,53.37136614675001,True
KwaZulu-Natal,ETH - eThekwini [Durban Metro],Ward 59500090,14678,47,7957,7,7,2011,54.210382885951766,True
KwaZulu-Natal,ETH - eThekwini [Durban Metro],Ward 59500091,14635,168,8725,8,8,2011,59.6173556542535,True
KwaZulu-Natal,ETH - eThekwini [Durban Metro],Ward 59500092,17011,371,10680,6,6,2011,62.78290517900182,True
KwaZulu-Natal,ETH - eThekwini [Durban Metro],Ward 59500093,13831,112,8327,7,7,2011,60.205335839780204,True
KwaZulu-Natal,ETH - eThekwini [Durban Metro],Ward 59500094,13650,142,8134,8,8,2011,59.58974358974359,True
KwaZulu-Natal,ETH - eThekwini [Durban Metro],Ward 59500095,14291,161,9312,6,6,2011,65.15989084038905,True
KwaZulu-Natal,ETH - eThekwini [Durban Metro],Ward 59500096,14414,110,9729,13,13,2011,67.49687803524351,True
KwaZulu-Natal,ETH - eThekwini [Durban Metro],Ward 59500097,13847,4,8366,4,4,2011,60.417418935509495,True
KwaZulu-Natal,ETH - eThekwini [Durban Metro],Ward 59500098,17637,213,10652,8,8,2011,60.39575891591541,True
KwaZulu-Natal,ETH - eThekwini [Durban Metro],Ward 59500099,18368,164,11161,12,12,2011,60.763283972125436,True
KwaZulu-Natal,ETH - eThekwini [Durban Metro],Ward 59500100,15548,196,10925,22,22,2011,70.26627218934911,True
KwaZulu-Natal,ETH - eThekwini [Durban Metro],Ward 59500101,15996,139,8588,5,5,2011,53.68842210552638,True
KwaZulu-Natal,ETH - eThekwini [Durban Metro],Ward 59500102,15098,106,8873,7,7,2011,58.76937342694397,True
KwaZulu-Natal,ETH - eThekwini [Durban Metro],Ward 59500103,14273,172,9090,11,11,2011,63.68668114622014,True
KwaZulu-Natal,KZN211 - Vulamehlo [Dududu],Ward 52101001,4089,26,2737,9,9,2011,66.9356810956224,False
KwaZulu-Natal,KZN211 - Vulamehlo [Dududu],Ward 52101002,3417,47,2361,4,4,2011,69.09569798068482,False
KwaZulu-Natal,KZN211 - Vulamehlo [Dududu],Ward 52101003,3551,32,2496,7,7,2011,70.2900591382709,False
KwaZulu-Natal,KZN211 - Vulamehlo [Dududu],Ward 52101004,4398,71,2821,12,12,2011,64.14279217826284,False
KwaZulu-Natal,KZN211 - Vulamehlo [Dududu],Ward 52101005,4154,44,2489,12,12,2011,59.91815117958594,False
KwaZulu-Natal,KZN211 - Vulamehlo [Dududu],Ward 52101006,4564,83,2925,4,4,2011,64.08851884312007,False
KwaZulu-Natal,KZN211 - Vulamehlo [Dududu],Ward 52101007,3288,46,2061,10,10,2011,62.68248175182482,False
KwaZulu-Natal,KZN211 - Vulamehlo [Dududu],Ward 52101008,3325,44,2051,7,7,2011,61.68421052631579,False
KwaZulu-Natal,KZN211 - Vulamehlo [Dududu],Ward 52101009,3469,33,2145,5,5,2011,61.833381377918705,False
KwaZulu-Natal,KZN211 - Vulamehlo [Dududu],Ward 52101010,3584,84,2203,6,6,2011,61.46763392857143,False
KwaZulu-Natal,KZN212 - Umdoni [Scottburgh],Ward 52102001,3449,38,2352,3,3,2011,68.19367932734126,True
KwaZulu-Natal,KZN212 - Umdoni [Scottburgh],Ward 52102002,4281,44,2987,4,4,2011,69.77341742583508,True
KwaZulu-Natal,KZN212 - Umdoni [Scottburgh],Ward 52102003,3726,36,2000,2,2,2011,53.67686527106817,True
KwaZulu-Natal,KZN212 - Umdoni [Scottburgh],Ward 52102004,2784,28,1886,3,3,2011,67.74425287356321,True
KwaZulu-Natal,KZN212 - Umdoni [Scottburgh],Ward 52102005,4175,27,2577,2,2,2011,61.72455089820359,True
KwaZulu-Natal,KZN212 - Umdoni [Scottburgh],Ward 52102006,4053,36,2016,2,2,2011,49.740932642487046,True
KwaZulu-Natal,KZN212 - Umdoni [Scottburgh],Ward 52102007,3465,24,2110,4,4,2011,60.89466089466089,True
KwaZulu-Natal,KZN212 - Umdoni [Scottburgh],Ward 52102008,4223,57,2644,4,4,2011,62.60951929907649,True
KwaZulu-Natal,KZN212 - Umdoni [Scottburgh],Ward 52102009,3756,37,2492,3,3,2011,66.3471778487753,True
KwaZulu-Natal,KZN212 - Umdoni [Scottburgh],Ward 52102010,4499,54,2666,3,3,2011,59.257612802845074,True
KwaZulu-Natal,KZN213 - Umzumbe [Umzumbe],Ward 52103001,3372,144,1971,7,7,2011,58.45195729537367,True
KwaZulu-Natal,KZN213 - Umzumbe [Umzumbe],Ward 52103002,3746,77,2297,8,8,2011,61.31873998932195,True
KwaZulu-Natal,KZN213 - Umzumbe [Umzumbe],Ward 52103003,3491,78,1938,6,6,2011,55.514179318246924,True
KwaZulu-Natal,KZN213 - Umzumbe [Umzumbe],Ward 52103004,3999,723,1742,4,4,2011,43.560890222555635,True
KwaZulu-Natal,KZN213 - Umzumbe [Umzumbe],Ward 52103005,4053,238,2426,5,5,2011,59.85689612632618,True
KwaZulu-Natal,KZN213 - Umzumbe [Umzumbe],Ward 52103006,3516,122,2118,6,6,2011,60.238907849829346,True
KwaZulu-Natal,KZN213 - Umzumbe [Umzumbe],Ward 52103007,3274,71,1806,7,7,2011,55.161881490531464,True
KwaZulu-Natal,KZN213 - Umzumbe [Umzumbe],Ward 52103008,3621,46,2074,6,6,2011,57.27699530516433,True
KwaZulu-Natal,KZN213 - Umzumbe [Umzumbe],Ward 52103009,3164,90,1923,5,5,2011,60.77749683944374,True
KwaZulu-Natal,KZN213 - Umzumbe [Umzumbe],Ward 52103010,4540,101,2335,3,3,2011,51.431718061674005,True
KwaZulu-Natal,KZN213 - Umzumbe [Umzumbe],Ward 52103011,3753,94,1977,6,6,2011,52.677857713828935,True
KwaZulu-Natal,KZN213 - Umzumbe [Umzumbe],Ward 52103012,4425,100,2556,8,8,2011,57.76271186440678,True
KwaZulu-Natal,KZN213 - Umzumbe [Umzumbe],Ward 52103013,3616,93,2143,6,6,2011,59.26438053097345,True
KwaZulu-Natal,KZN213 - Umzumbe [Umzumbe],Ward 52103014,3458,143,2015,6,6,2011,58.27067669172933,True
KwaZulu-Natal,KZN213 - Umzumbe [Umzumbe],Ward 52103015,4399,260,2397,6,6,2011,54.48965674016822,True
KwaZulu-Natal,KZN213 - Umzumbe [Umzumbe],Ward 52103016,3870,86,2149,8,8,2011,55.5297157622739,True
KwaZulu-Natal,KZN213 - Umzumbe [Umzumbe],Ward 52103017,3924,222,2235,3,3,2011,56.957186544342505,True
KwaZulu-Natal,KZN213 - Umzumbe [Umzumbe],Ward 52103018,4757,140,2918,7,7,2011,61.34118141685937,True
KwaZulu-Natal,KZN213 - Umzumbe [Umzumbe],Ward 52103019,4043,84,2554,4,4,2011,63.17091268859758,True
KwaZulu-Natal,KZN214 - UMuziwabantu [Harding],Ward 52104001,4138,37,2912,6,6,2011,70.37216046399226,True
KwaZulu-Natal,KZN214 - UMuziwabantu [Harding],Ward 52104002,4041,71,2533,10,10,2011,62.68250433061123,True
KwaZulu-Natal,KZN214 - UMuziwabantu [Harding],Ward 52104003,4395,45,2142,2,2,2011,48.737201365187715,True
KwaZulu-Natal,KZN214 - UMuziwabantu [Harding],Ward 52104004,3237,63,2127,4,4,2011,65.70898980537535,True
KwaZulu-Natal,KZN214 - UMuziwabantu [Harding],Ward 52104005,4031,67,2525,5,5,2011,62.639543537583734,True
KwaZulu-Natal,KZN214 - UMuziwabantu [Harding],Ward 52104006,3271,63,2175,3,3,2011,66.49342708651788,True
KwaZulu-Natal,KZN214 - UMuziwabantu [Harding],Ward 52104007,3660,26,2395,4,4,2011,65.43715846994536,True
KwaZulu-Natal,KZN214 - UMuziwabantu [Harding],Ward 52104008,4010,52,2732,4,4,2011,68.12967581047381,True
KwaZulu-Natal,KZN214 - UMuziwabantu [Harding],Ward 52104009,3836,41,2522,6,6,2011,65.74556830031283,True
KwaZulu-Natal,KZN214 - UMuziwabantu [Harding],Ward 52104010,3200,43,2079,7,7,2011,64.96875,True
KwaZulu-Natal,KZN215 - Ezinqoleni [Izinqolweni],Ward 52105001,3499,33,2073,7,7,2011,59.245498713918266,False
KwaZulu-Natal,KZN215 - Ezinqoleni [Izinqolweni],Ward 52105002,3553,52,2159,4,4,2011,60.76555023923444,False
KwaZulu-Natal,KZN215 - Ezinqoleni [Izinqolweni],Ward 52105003,4362,78,2986,7,7,2011,68.45483723062816,False
KwaZulu-Natal,KZN215 - Ezinqoleni [Izinqolweni],Ward 52105004,4210,58,2553,5,5,2011,60.64133016627078,False
KwaZulu-Natal,KZN215 - Ezinqoleni [Izinqolweni],Ward 52105005,4195,67,2642,6,6,2011,62.97973778307509,False
KwaZulu-Natal,KZN215 - Ezinqoleni [Izinqolweni],Ward 52105006,3524,59,2374,5,5,2011,67.366628830874,False
KwaZulu-Natal,KZN216 - Hibiscus Coast [Port Shepstone],Ward 52106001,4325,28,2636,5,5,2011,60.94797687861272,True
KwaZulu-Natal,KZN216 - Hibiscus Coast [Port Shepstone],Ward 52106002,4538,18,2433,3,3,2011,53.61392684001763,True
KwaZulu-Natal,KZN216 - Hibiscus Coast [Port Shepstone],Ward 52106003,4373,36,2343,4,4,2011,53.57877887034073,True
KwaZulu-Natal,KZN216 - Hibiscus Coast [Port Shepstone],Ward 52106004,4787,41,3059,4,4,2011,63.90223522038855,True
KwaZulu-Natal,KZN216 - Hibiscus Coast [Port Shepstone],Ward 52106005,4298,116,2595,7,7,2011,60.376919497440674,True
KwaZulu-Natal,KZN216 - Hibiscus Coast [Port Shepstone],Ward 52106006,4725,16,2447,2,2,2011,51.788359788359784,True
KwaZulu-Natal,KZN216 - Hibiscus Coast [Port Shepstone],Ward 52106007,4566,26,3507,4,4,2011,76.80683311432325,True
KwaZulu-Natal,KZN216 - Hibiscus Coast [Port Shepstone],Ward 52106008,3793,71,2662,5,5,2011,70.18191405220142,True
KwaZulu-Natal,KZN216 - Hibiscus Coast [Port Shepstone],Ward 52106009,4552,60,3257,3,3,2011,71.55096660808435,True
KwaZulu-Natal,KZN216 - Hibiscus Coast [Port Shepstone],Ward 52106010,4623,74,3072,4,4,2011,66.45035691109669,True
KwaZulu-Natal,KZN216 - Hibiscus Coast [Port Shepstone],Ward 52106011,3897,80,2458,4,4,2011,63.07415960995638,True
KwaZulu-Natal,KZN216 - Hibiscus Coast [Port Shepstone],Ward 52106012,4906,35,2995,4,4,2011,61.04769669792092,True
KwaZulu-Natal,KZN216 - Hibiscus Coast [Port Shepstone],Ward 52106013,3726,43,2202,5,5,2011,59.09822866344605,True
KwaZulu-Natal,KZN216 - Hibiscus Coast [Port Shepstone],Ward 52106014,3984,58,2914,4,4,2011,73.14257028112449,True
KwaZulu-Natal,KZN216 - Hibiscus Coast [Port Shepstone],Ward 52106015,4058,75,2578,7,7,2011,63.528831936914735,True
KwaZulu-Natal,KZN216 - Hibiscus Coast [Port Shepstone],Ward 52106016,4062,25,2422,2,2,2011,59.62580009847366,True
KwaZulu-Natal,KZN216 - Hibiscus Coast [Port Shepstone],Ward 52106017,3760,23,2036,2,2,2011,54.14893617021277,True
KwaZulu-Natal,KZN216 - Hibiscus Coast [Port Shepstone],Ward 52106018,4029,9,2084,2,2,2011,51.724993794986354,True
KwaZulu-Natal,KZN216 - Hibiscus Coast [Port Shepstone],Ward 52106019,3535,16,2055,1,1,2011,58.13295615275813,True
KwaZulu-Natal,KZN216 - Hibiscus Coast [Port Shepstone],Ward 52106020,4992,53,3341,4,4,2011,66.92708333333334,True
KwaZulu-Natal,KZN216 - Hibiscus Coast [Port Shepstone],Ward 52106021,3953,52,2563,4,4,2011,64.8368327852264,True
KwaZulu-Natal,KZN216 - Hibiscus Coast [Port Shepstone],Ward 52106022,4155,41,2724,4,4,2011,65.5595667870036,True
KwaZulu-Natal,KZN216 - Hibiscus Coast [Port Shepstone],Ward 52106023,3870,38,1873,2,2,2011,48.39793281653747,True
KwaZulu-Natal,KZN216 - Hibiscus Coast [Port Shepstone],Ward 52106024,4291,50,2935,5,5,2011,68.3989745979958,True
KwaZulu-Natal,KZN216 - Hibiscus Coast [Port Shepstone],Ward 52106025,4226,42,2931,5,5,2011,69.35636535731187,True
KwaZulu-Natal,KZN216 - Hibiscus Coast [Port Shepstone],Ward 52106026,4933,48,3132,2,2,2011,63.49077640381107,True
KwaZulu-Natal,KZN216 - Hibiscus Coast [Port Shepstone],Ward 52106027,4477,15,2917,2,2,2011,65.1552378825106,True
KwaZulu-Natal,KZN216 - Hibiscus Coast [Port Shepstone],Ward 52106028,4684,20,2946,2,2,2011,62.894961571306574,True
KwaZulu-Natal,KZN216 - Hibiscus Coast [Port Shepstone],Ward 52106029,4511,54,3047,6,6,2011,67.54599866991798,True
KwaZulu-Natal,KZN221 - uMshwathi [Wartburg],Ward 52201001,3702,58,2486,5,5,2011,67.1528903295516,True
KwaZulu-Natal,KZN221 - uMshwathi [Wartburg],Ward 52201002,3852,41,2251,3,3,2011,58.43717549325026,True
KwaZulu-Natal,KZN221 - uMshwathi [Wartburg],Ward 52201003,4296,94,2769,5,5,2011,64.45530726256983,True
KwaZulu-Natal,KZN221 - uMshwathi [Wartburg],Ward 52201004,3944,78,2473,6,6,2011,62.70283975659229,True
KwaZulu-Natal,KZN221 - uMshwathi [Wartburg],Ward 52201005,4296,42,2713,4,4,2011,63.15176908752328,True
KwaZulu-Natal,KZN221 - uMshwathi [Wartburg],Ward 52201006,3560,47,2563,5,5,2011,71.99438202247191,True
KwaZulu-Natal,KZN221 - uMshwathi [Wartburg],Ward 52201007,3516,19,2252,4,4,2011,64.0500568828214,True
KwaZulu-Natal,KZN221 - uMshwathi [Wartburg],Ward 52201008,3777,90,2604,4,4,2011,68.94360603653693,True
KwaZulu-Natal,KZN221 - uMshwathi [Wartburg],Ward 52201009,3721,43,2376,4,4,2011,63.853802741198606,True
KwaZulu-Natal,KZN221 - uMshwathi [Wartburg],Ward 52201010,3852,0,2638,3,3,2011,68.48390446521287,True
KwaZulu-Natal,KZN221 - uMshwathi [Wartburg],Ward 52201011,3687,60,2580,3,3,2011,69.97558991049634,True
KwaZulu-Natal,KZN221 - uMshwathi [Wartburg],Ward 52201012,3582,41,2482,3,3,2011,69.29089893914015,True
KwaZulu-Natal,KZN221 - uMshwathi [Wartburg],Ward 52201013,3755,145,2203,2,2,2011,58.66844207723037,True
KwaZulu-Natal,KZN222 - uMngeni [Howick],Ward 52202001,3317,41,1965,1,1,2011,59.24027735905939,True
KwaZulu-Natal,KZN222 - uMngeni [Howick],Ward 52202002,2849,14,1552,1,1,2011,54.475254475254474,True
KwaZulu-Natal,KZN222 - uMngeni [Howick],Ward 52202003,3319,61,2026,6,6,2011,61.04248267550467,True
KwaZulu-Natal,KZN222 - uMngeni [Howick],Ward 52202004,3784,15,2451,3,3,2011,64.77272727272727,True
KwaZulu-Natal,KZN222 - uMngeni [Howick],Ward 52202005,4088,17,3174,4,4,2011,77.64187866927593,True
KwaZulu-Natal,KZN222 - uMngeni [Howick],Ward 52202006,4167,29,2887,4,4,2011,69.28245740340773,True
KwaZulu-Natal,KZN222 - uMngeni [Howick],Ward 52202007,3798,5,2650,3,3,2011,69.77356503422854,True
KwaZulu-Natal,KZN222 - uMngeni [Howick],Ward 52202008,3968,61,2455,2,2,2011,61.86995967741935,True
KwaZulu-Natal,KZN222 - uMngeni [Howick],Ward 52202009,4036,47,2685,5,5,2011,66.52626362735383,True
KwaZulu-Natal,KZN222 - uMngeni [Howick],Ward 52202010,3158,54,2195,2,2,2011,69.5060164661178,True
KwaZulu-Natal,KZN222 - uMngeni [Howick],Ward 52202011,4075,38,2748,2,2,2011,67.43558282208589,True
KwaZulu-Natal,KZN222 - uMngeni [Howick],Ward 52202012,4273,9,3008,3,3,2011,70.39550666978704,True
KwaZulu-Natal,KZN223 - Mooi Mpofana [Mooirivier],Ward 52203001,4465,34,2705,2,2,2011,60.58230683090705,True
KwaZulu-Natal,KZN223 - Mooi Mpofana [Mooirivier],Ward 52203002,3182,9,1667,11,11,2011,52.38843494657448,True
KwaZulu-Natal,KZN223 - Mooi Mpofana [Mooirivier],Ward 52203003,3892,28,2554,4,4,2011,65.62178828365879,True
KwaZulu-Natal,KZN223 - Mooi Mpofana [Mooirivier],Ward 52203004,4331,39,2589,8,8,2011,59.77834218425306,True
KwaZulu-Natal,KZN224 - Impendle [Impendle],Ward 52204001,3939,59,2234,11,11,2011,56.714902259456714,True
KwaZulu-Natal,KZN224 - Impendle [Impendle],Ward 52204002,4121,94,2511,8,8,2011,60.93181266682844,True
KwaZulu-Natal,KZN224 - Impendle [Impendle],Ward 52204003,4216,50,2579,7,7,2011,61.17172675521822,True
KwaZulu-Natal,KZN224 - Impendle [Impendle],Ward 52204004,3442,51,2100,6,6,2011,61.0110400929692,True
KwaZulu-Natal,KZN225 - Msunduzi [Pietermaritzburg],Ward 52205001,7994,139,5391,7,7,2011,67.43807855891919,True
KwaZulu-Natal,KZN225 - Msunduzi [Pietermaritzburg],Ward 52205002,7451,146,5164,9,9,2011,69.30613340491209,True
KwaZulu-Natal,KZN225 - Msunduzi [Pietermaritzburg],Ward 52205003,7961,79,5686,9,9,2011,71.4231880417033,True
KwaZulu-Natal,KZN225 - Msunduzi [Pietermaritzburg],Ward 52205004,7870,207,5535,9,9,2011,70.33036848792884,True
KwaZulu-Natal,KZN225 - Msunduzi [Pietermaritzburg],Ward 52205005,7153,207,4717,8,8,2011,65.94435901020552,True
KwaZulu-Natal,KZN225 - Msunduzi [Pietermaritzburg],Ward 52205006,7558,55,4934,9,9,2011,65.28182058745699,True
KwaZulu-Natal,KZN225 - Msunduzi [Pietermaritzburg],Ward 52205007,8631,94,5852,9,9,2011,67.80210867802109,True
KwaZulu-Natal,KZN225 - Msunduzi [Pietermaritzburg],Ward 52205008,6852,112,4632,6,6,2011,67.60070052539405,True
KwaZulu-Natal,KZN225 - Msunduzi [Pietermaritzburg],Ward 52205009,7708,111,4867,9,9,2011,63.14218993253762,True
KwaZulu-Natal,KZN225 - Msunduzi [Pietermaritzburg],Ward 52205010,7116,95,4987,5,5,2011,70.08150646430579,True
KwaZulu-Natal,KZN225 - Msunduzi [Pietermaritzburg],Ward 52205011,7532,195,4850,5,5,2011,64.39192777482741,True
KwaZulu-Natal,KZN225 - Msunduzi [Pietermaritzburg],Ward 52205012,6684,75,4049,5,5,2011,60.577498503889885,True
KwaZulu-Natal,KZN225 - Msunduzi [Pietermaritzburg],Ward 52205013,7994,46,4997,5,5,2011,62.50938203652739,True
KwaZulu-Natal,KZN225 - Msunduzi [Pietermaritzburg],Ward 52205014,7142,107,4479,3,3,2011,62.71352562307477,True
KwaZulu-Natal,KZN225 - Msunduzi [Pietermaritzburg],Ward 52205015,7767,130,4887,4,4,2011,62.92004634994206,True
KwaZulu-Natal,KZN225 - Msunduzi [Pietermaritzburg],Ward 52205016,7716,83,4955,4,4,2011,64.21721099015033,True
KwaZulu-Natal,KZN225 - Msunduzi [Pietermaritzburg],Ward 52205017,8152,105,5055,4,4,2011,62.00932286555446,True
KwaZulu-Natal,KZN225 - Msunduzi [Pietermaritzburg],Ward 52205018,7620,129,4387,4,4,2011,57.57217847769029,True
KwaZulu-Natal,KZN225 - Msunduzi [Pietermaritzburg],Ward 52205019,8450,118,4876,6,6,2011,57.704142011834314,True
KwaZulu-Natal,KZN225 - Msunduzi [Pietermaritzburg],Ward 52205020,6600,98,4440,4,4,2011,67.27272727272727,True
KwaZulu-Natal,KZN225 - Msunduzi [Pietermaritzburg],Ward 52205021,6518,105,4618,4,4,2011,70.84995397361153,True
KwaZulu-Natal,KZN225 - Msunduzi [Pietermaritzburg],Ward 52205022,7096,150,4114,4,4,2011,57.97632468996618,True
KwaZulu-Natal,KZN225 - Msunduzi [Pietermaritzburg],Ward 52205023,7359,55,4594,4,4,2011,62.426960184807726,True
KwaZulu-Natal,KZN225 - Msunduzi [Pietermaritzburg],Ward 52205024,8045,30,4228,3,3,2011,52.55438160348043,True
KwaZulu-Natal,KZN225 - Msunduzi [Pietermaritzburg],Ward 52205025,7106,72,4325,3,3,2011,60.86405854207712,True
KwaZulu-Natal,KZN225 - Msunduzi [Pietermaritzburg],Ward 52205026,8011,26,4844,5,5,2011,60.46685807015354,True
KwaZulu-Natal,KZN225 - Msunduzi [Pietermaritzburg],Ward 52205027,6940,25,2970,4,4,2011,42.79538904899135,True
KwaZulu-Natal,KZN225 - Msunduzi [Pietermaritzburg],Ward 52205028,7953,39,4372,5,5,2011,54.972966176285674,True
KwaZulu-Natal,KZN225 - Msunduzi [Pietermaritzburg],Ward 52205029,8018,87,3669,3,3,2011,45.75954103267647,True
KwaZulu-Natal,KZN225 - Msunduzi [Pietermaritzburg],Ward 52205030,8481,78,4850,5,5,2011,57.18665251739181,True
KwaZulu-Natal,KZN225 - Msunduzi [Pietermaritzburg],Ward 52205031,7803,45,3854,4,4,2011,49.39125977188261,True
KwaZulu-Natal,KZN225 - Msunduzi [Pietermaritzburg],Ward 52205032,7017,72,3940,4,4,2011,56.149351574747044,True
KwaZulu-Natal,KZN225 - Msunduzi [Pietermaritzburg],Ward 52205033,7590,51,3675,3,3,2011,48.418972332015805,True
KwaZulu-Natal,KZN225 - Msunduzi [Pietermaritzburg],Ward 52205034,8260,68,4702,5,5,2011,56.92493946731235,True
KwaZulu-Natal,KZN225 - Msunduzi [Pietermaritzburg],Ward 52205035,8487,76,5018,4,4,2011,59.12572169199953,True
KwaZulu-Natal,KZN225 - Msunduzi [Pietermaritzburg],Ward 52205036,7750,10,4582,4,3,2011,59.12258064516129,True
KwaZulu-Natal,KZN225 - Msunduzi [Pietermaritzburg],Ward 52205037,8323,89,5122,5,5,2011,61.540309984380634,True
KwaZulu-Natal,KZN226 - Mkhambathini [Camperdown],Ward 52206001,4882,81,3609,5,5,2011,73.92462105694388,True
KwaZulu-Natal,KZN226 - Mkhambathini [Camperdown],Ward 52206002,4845,92,3551,6,6,2011,73.29205366357068,True
KwaZulu-Natal,KZN226 - Mkhambathini [Camperdown],Ward 52206003,3229,66,1888,3,3,2011,58.470114586559305,True
KwaZulu-Natal,KZN226 - Mkhambathini [Camperdown],Ward 52206004,4632,105,2728,6,6,2011,58.89464594127807,True
KwaZulu-Natal,KZN226 - Mkhambathini [Camperdown],Ward 52206005,3450,51,2203,4,4,2011,63.85507246376812,True
KwaZulu-Natal,KZN226 - Mkhambathini [Camperdown],Ward 52206006,3810,43,2242,6,6,2011,58.84514435695538,True
KwaZulu-Natal,KZN226 - Mkhambathini [Camperdown],Ward 52206007,4034,64,2402,7,7,2011,59.54387704511651,True
KwaZulu-Natal,KZN227 - Richmond [Richmond],Ward 52207001,3642,46,1998,4,4,2011,54.85996705107083,True
KwaZulu-Natal,KZN227 - Richmond [Richmond],Ward 52207002,3929,48,2451,4,4,2011,62.38228556884704,True
KwaZulu-Natal,KZN227 - Richmond [Richmond],Ward 52207003,3574,65,2357,4,4,2011,65.94851706771124,True
KwaZulu-Natal,KZN227 - Richmond [Richmond],Ward 52207004,3531,87,2137,4,4,2011,60.52109883885585,True
KwaZulu-Natal,KZN227 - Richmond [Richmond],Ward 52207005,4806,123,2733,12,12,2011,56.86641697877653,True
KwaZulu-Natal,KZN227 - Richmond [Richmond],Ward 52207006,3841,54,2199,7,7,2011,57.25071595938558,True
KwaZulu-Natal,KZN227 - Richmond [Richmond],Ward 52207007,5406,92,3252,3,3,2011,60.15538290788013,True
KwaZulu-Natal,KZN232 - Emnambithi/Ladysmith [Ladysmith],Ward 52302001,3964,19,2688,3,3,2011,67.81029263370333,False
KwaZulu-Natal,KZN232 - Emnambithi/Ladysmith [Ladysmith],Ward 52302002,3639,21,2247,2,2,2011,61.747732893652106,False
KwaZulu-Natal,KZN232 - Emnambithi/Ladysmith [Ladysmith],Ward 52302003,3716,28,2354,3,3,2011,63.34768568353068,False
KwaZulu-Natal,KZN232 - Emnambithi/Ladysmith [Ladysmith],Ward 52302004,3272,34,2030,2,2,2011,62.04156479217604,False
KwaZulu-Natal,KZN232 - Emnambithi/Ladysmith [Ladysmith],Ward 52302005,3742,24,2556,2,2,2011,68.30571886691608,False
KwaZulu-Natal,KZN232 - Emnambithi/Ladysmith [Ladysmith],Ward 52302006,3773,43,2502,2,2,2011,66.31327855817652,False
KwaZulu-Natal,KZN232 - Emnambithi/Ladysmith [Ladysmith],Ward 52302007,3390,41,2213,2,2,2011,65.28023598820059,False
KwaZulu-Natal,KZN232 - Emnambithi/Ladysmith [Ladysmith],Ward 52302008,3501,18,1984,2,2,2011,56.66952299343044,False
KwaZulu-Natal,KZN232 - Emnambithi/Ladysmith [Ladysmith],Ward 52302009,3877,43,2446,2,2,2011,63.09001805519732,False
KwaZulu-Natal,KZN232 - Emnambithi/Ladysmith [Ladysmith],Ward 52302010,4450,43,2213,2,2,2011,49.73033707865169,False
KwaZulu-Natal,KZN232 - Emnambithi/Ladysmith [Ladysmith],Ward 52302011,3104,18,1652,2,2,2011,53.22164948453608,False
KwaZulu-Natal,KZN232 - Emnambithi/Ladysmith [Ladysmith],Ward 52302012,3678,19,1831,2,2,2011,49.782490483958675,False
KwaZulu-Natal,KZN232 - Emnambithi/Ladysmith [Ladysmith],Ward 52302013,3856,49,2380,3,3,2011,61.72199170124482,False
KwaZulu-Natal,KZN232 - Emnambithi/Ladysmith [Ladysmith],Ward 52302014,4163,50,2617,6,6,2011,62.86331972135479,False
KwaZulu-Natal,KZN232 - Emnambithi/Ladysmith [Ladysmith],Ward 52302015,3826,36,2603,4,4,2011,68.03450078410873,False
KwaZulu-Natal,KZN232 - Emnambithi/Ladysmith [Ladysmith],Ward 52302016,3477,43,2300,3,3,2011,66.14897900488927,False
KwaZulu-Natal,KZN232 - Emnambithi/Ladysmith [Ladysmith],Ward 52302017,3640,53,2362,4,4,2011,64.8901098901099,False
KwaZulu-Natal,KZN232 - Emnambithi/Ladysmith [Ladysmith],Ward 52302018,3474,52,2131,5,5,2011,61.341393206678184,False
KwaZulu-Natal,KZN232 - Emnambithi/Ladysmith [Ladysmith],Ward 52302019,4085,46,2471,5,5,2011,60.48959608323133,False
KwaZulu-Natal,KZN232 - Emnambithi/Ladysmith [Ladysmith],Ward 52302020,3833,38,2210,3,3,2011,57.657187581528824,False
KwaZulu-Natal,KZN232 - Emnambithi/Ladysmith [Ladysmith],Ward 52302021,3892,22,2384,2,2,2011,61.25385405960946,False
KwaZulu-Natal,KZN232 - Emnambithi/Ladysmith [Ladysmith],Ward 52302022,3912,18,2161,2,2,2011,55.240286298568506,False
KwaZulu-Natal,KZN232 - Emnambithi/Ladysmith [Ladysmith],Ward 52302023,3586,50,2286,5,5,2011,63.74790853318461,False
KwaZulu-Natal,KZN232 - Emnambithi/Ladysmith [Ladysmith],Ward 52302024,3355,54,2003,7,7,2011,59.70193740685544,False
KwaZulu-Natal,KZN232 - Emnambithi/Ladysmith [Ladysmith],Ward 52302025,3354,35,2144,4,4,2011,63.92367322599881,False
KwaZulu-Natal,KZN232 - Emnambithi/Ladysmith [Ladysmith],Ward 52302026,3350,48,2014,8,8,2011,60.11940298507462,False
KwaZulu-Natal,KZN232 - Emnambithi/Ladysmith [Ladysmith],Ward 52302027,3841,49,2441,4,4,2011,63.55115855246029,False
KwaZulu-Natal,KZN233 - Indaka [Waaihoek],Ward 52303001,4103,54,2476,5,5,2011,60.34608822812576,False
KwaZulu-Natal,KZN233 - Indaka [Waaihoek],Ward 52303002,4217,51,2476,5,5,2011,58.71472610860802,False
KwaZulu-Natal,KZN233 - Indaka [Waaihoek],Ward 52303003,4127,78,2482,5,5,2011,60.140537921008,False
KwaZulu-Natal,KZN233 - Indaka [Waaihoek],Ward 52303004,4238,40,2640,4,4,2011,62.29353468617273,False
KwaZulu-Natal,KZN233 - Indaka [Waaihoek],Ward 52303005,4357,41,2770,4,4,2011,63.57585494606381,False
KwaZulu-Natal,KZN233 - Indaka [Waaihoek],Ward 52303006,3644,36,2341,8,8,2011,64.24259055982436,False
KwaZulu-Natal,KZN233 - Indaka [Waaihoek],Ward 52303007,3615,36,2328,6,6,2011,64.39834024896265,False
KwaZulu-Natal,KZN233 - Indaka [Waaihoek],Ward 52303008,4445,53,2938,7,7,2011,66.09673790776152,False
KwaZulu-Natal,KZN233 - Indaka [Waaihoek],Ward 52303009,3943,37,2728,8,8,2011,69.18589906162819,False
KwaZulu-Natal,KZN233 - Indaka [Waaihoek],Ward 52303010,4021,29,2778,5,5,2011,69.087291718478,False
KwaZulu-Natal,KZN234 - Umtshezi [Estcourt],Ward 52304001,4124,31,3018,4,4,2011,73.18137730358875,False
KwaZulu-Natal,KZN234 - Umtshezi [Estcourt],Ward 52304002,3501,30,2472,3,3,2011,70.6083976006855,False
KwaZulu-Natal,KZN234 - Umtshezi [Estcourt],Ward 52304003,4036,20,2675,6,6,2011,66.2784935579782,False
KwaZulu-Natal,KZN234 - Umtshezi [Estcourt],Ward 52304004,4009,36,2285,3,3,2011,56.996757296083814,False
KwaZulu-Natal,KZN234 - Umtshezi [Estcourt],Ward 52304005,3721,47,2717,7,7,2011,73.01800591238914,False
KwaZulu-Natal,KZN234 - Umtshezi [Estcourt],Ward 52304006,3541,44,2333,5,5,2011,65.88534312341146,False
KwaZulu-Natal,KZN234 - Umtshezi [Estcourt],Ward 52304007,4309,71,2851,9,9,2011,66.16384311905314,False
KwaZulu-Natal,KZN234 - Umtshezi [Estcourt],Ward 52304008,3640,58,2540,10,10,2011,69.78021978021978,False
KwaZulu-Natal,KZN234 - Umtshezi [Estcourt],Ward 52304009,3955,48,2873,6,6,2011,72.64222503160556,False
KwaZulu-Natal,KZN235 - Okhahlamba [Bergville],Ward 52305001,3590,40,2174,2,2,2011,60.55710306406685,True
KwaZulu-Natal,KZN235 - Okhahlamba [Bergville],Ward 52305002,4295,62,2744,5,5,2011,63.88824214202561,True
KwaZulu-Natal,KZN235 - Okhahlamba [Bergville],Ward 52305003,3467,50,2289,8,8,2011,66.02249783674647,True
KwaZulu-Natal,KZN235 - Okhahlamba [Bergville],Ward 52305004,3520,57,2196,6,6,2011,62.38636363636364,True
KwaZulu-Natal,KZN235 - Okhahlamba [Bergville],Ward 52305005,3832,50,2199,6,6,2011,57.38517745302714,True
KwaZulu-Natal,KZN235 - Okhahlamba [Bergville],Ward 52305006,3882,65,2395,6,6,2011,61.69500257599175,True
KwaZulu-Natal,KZN235 - Okhahlamba [Bergville],Ward 52305007,3547,52,2051,6,6,2011,57.82351282774175,True
KwaZulu-Natal,KZN235 - Okhahlamba [Bergville],Ward 52305008,3654,34,2132,6,6,2011,58.34701696770662,True
KwaZulu-Natal,KZN235 - Okhahlamba [Bergville],Ward 52305009,3765,14,2197,5,5,2011,58.353253652058434,True
KwaZulu-Natal,KZN235 - Okhahlamba [Bergville],Ward 52305010,3837,44,2429,7,7,2011,63.30466510294501,True
KwaZulu-Natal,KZN235 - Okhahlamba [Bergville],Ward 52305011,4264,43,2732,6,6,2011,64.07129455909943,True
KwaZulu-Natal,KZN235 - Okhahlamba [Bergville],Ward 52305012,3708,58,2359,7,7,2011,63.61920172599784,True
KwaZulu-Natal,KZN235 - Okhahlamba [Bergville],Ward 52305013,4213,48,2519,8,8,2011,59.7911227154047,True
KwaZulu-Natal,KZN235 - Okhahlamba [Bergville],Ward 52305014,3726,68,2468,7,7,2011,66.23725174449812,True
KwaZulu-Natal,KZN236 - Imbabazane [Loskop],Ward 52306001,3628,56,2273,5,5,2011,62.651598676957,False
KwaZulu-Natal,KZN236 - Imbabazane [Loskop],Ward 52306002,4004,74,2445,8,8,2011,61.06393606393606,False
KwaZulu-Natal,KZN236 - Imbabazane [Loskop],Ward 52306003,3854,44,2621,4,4,2011,68.00726517903477,False
KwaZulu-Natal,KZN236 - Imbabazane [Loskop],Ward 52306004,3808,49,2456,4,4,2011,64.49579831932773,False
KwaZulu-Natal,KZN236 - Imbabazane [Loskop],Ward 52306005,3298,40,2180,4,4,2011,66.10066707095208,False
KwaZulu-Natal,KZN236 - Imbabazane [Loskop],Ward 52306006,3838,50,2575,4,4,2011,67.0922355393434,False
KwaZulu-Natal,KZN236 - Imbabazane [Loskop],Ward 52306007,3874,169,2497,5,5,2011,64.4553433144037,False
KwaZulu-Natal,KZN236 - Imbabazane [Loskop],Ward 52306008,3247,42,2138,7,7,2011,65.84539574992301,False
KwaZulu-Natal,KZN236 - Imbabazane [Loskop],Ward 52306009,3745,78,2398,4,4,2011,64.0320427236315,False
KwaZulu-Natal,KZN236 - Imbabazane [Loskop],Ward 52306010,3960,65,2494,4,4,2011,62.97979797979798,False
KwaZulu-Natal,KZN236 - Imbabazane [Loskop],Ward 52306011,3348,55,2136,3,3,2011,63.799283154121866,False
KwaZulu-Natal,KZN236 - Imbabazane [Loskop],Ward 52306012,3319,70,2003,4,4,2011,60.34950286230792,False
KwaZulu-Natal,KZN236 - Imbabazane [Loskop],Ward 52306013,3320,49,2126,3,3,2011,64.03614457831324,False
KwaZulu-Natal,KZN241 - Endumeni [Dundee],Ward 52401001,2550,50,1670,3,3,2011,65.49019607843137,True
KwaZulu-Natal,KZN241 - Endumeni [Dundee],Ward 52401002,5150,26,2695,3,3,2011,52.33009708737863,True
KwaZulu-Natal,KZN241 - Endumeni [Dundee],Ward 52401003,4861,62,2857,5,5,2011,58.773914832339024,True
KwaZulu-Natal,KZN241 - Endumeni [Dundee],Ward 52401004,3968,6,2164,2,2,2011,54.53629032258065,True
KwaZulu-Natal,KZN241 - Endumeni [Dundee],Ward 52401005,3903,74,2198,2,2,2011,56.315654624647706,True
KwaZulu-Natal,KZN241 - Endumeni [Dundee],Ward 52401006,4068,22,2091,6,6,2011,51.40117994100295,True
KwaZulu-Natal,KZN242 - Nqutu [Nqutu],Ward 52402001,4551,52,2796,8,8,2011,61.43704680290046,True
KwaZulu-Natal,KZN242 - Nqutu [Nqutu],Ward 52402002,3667,34,2289,10,10,2011,62.421598036542136,True
KwaZulu-Natal,KZN242 - Nqutu [Nqutu],Ward 52402003,3928,62,2381,9,9,2011,60.61608961303462,True
KwaZulu-Natal,KZN242 - Nqutu [Nqutu],Ward 52402004,3748,34,2134,6,6,2011,56.93703308431163,True
KwaZulu-Natal,KZN242 - Nqutu [Nqutu],Ward 52402005,3793,24,2301,8,8,2011,60.66438175586607,True
KwaZulu-Natal,KZN242 - Nqutu [Nqutu],Ward 52402006,3032,19,1763,3,3,2011,58.14643799472295,True
KwaZulu-Natal,KZN242 - Nqutu [Nqutu],Ward 52402007,3955,33,2499,7,7,2011,63.1858407079646,True
KwaZulu-Natal,KZN242 - Nqutu [Nqutu],Ward 52402008,3451,47,2114,6,6,2011,61.257606490872206,True
KwaZulu-Natal,KZN242 - Nqutu [Nqutu],Ward 52402009,4291,44,2276,7,7,2011,53.04124912607784,True
KwaZulu-Natal,KZN242 - Nqutu [Nqutu],Ward 52402010,4387,28,2651,7,7,2011,60.4285388648279,True
KwaZulu-Natal,KZN242 - Nqutu [Nqutu],Ward 52402011,3873,27,2526,6,6,2011,65.22075910147173,True
KwaZulu-Natal,KZN242 - Nqutu [Nqutu],Ward 52402012,3634,32,2224,5,5,2011,61.199779856906986,True
KwaZulu-Natal,KZN242 - Nqutu [Nqutu],Ward 52402013,4058,42,2493,7,7,2011,61.43420404139971,True
KwaZulu-Natal,KZN242 - Nqutu [Nqutu],Ward 52402014,4189,22,2194,4,4,2011,52.37526856051563,True
KwaZulu-Natal,KZN242 - Nqutu [Nqutu],Ward 52402015,4202,81,2688,8,8,2011,63.969538315088045,True
KwaZulu-Natal,KZN242 - Nqutu [Nqutu],Ward 52402016,3400,43,2039,6,6,2011,59.97058823529412,True
KwaZulu-Natal,KZN242 - Nqutu [Nqutu],Ward 52402017,3617,38,2246,5,5,2011,62.09565938623168,True
KwaZulu-Natal,KZN244 - Msinga [Pomeroy],Ward 52404001,4411,26,2816,9,9,2011,63.84039900249376,True
KwaZulu-Natal,KZN244 - Msinga [Pomeroy],Ward 52404002,4131,74,2500,8,8,2011,60.51803437424353,True
KwaZulu-Natal,KZN244 - Msinga [Pomeroy],Ward 52404003,4028,30,2767,8,8,2011,68.69414101290964,True
KwaZulu-Natal,KZN244 - Msinga [Pomeroy],Ward 52404004,4399,71,2816,8,8,2011,64.01454876108207,True
KwaZulu-Natal,KZN244 - Msinga [Pomeroy],Ward 52404005,4372,66,2805,7,7,2011,64.15827996340347,True
KwaZulu-Natal,KZN244 - Msinga [Pomeroy],Ward 52404006,4050,34,2695,7,7,2011,66.5432098765432,True
KwaZulu-Natal,KZN244 - Msinga [Pomeroy],Ward 52404007,4489,50,3118,8,8,2011,69.4586767654266,True
KwaZulu-Natal,KZN244 - Msinga [Pomeroy],Ward 52404008,4018,17,2902,5,5,2011,72.22498755599801,True
KwaZulu-Natal,KZN244 - Msinga [Pomeroy],Ward 52404009,3385,38,2130,6,6,2011,62.924667651403254,True
KwaZulu-Natal,KZN244 - Msinga [Pomeroy],Ward 52404010,3928,16,2680,5,5,2011,68.22810590631364,True
KwaZulu-Natal,KZN244 - Msinga [Pomeroy],Ward 52404011,3955,42,3556,6,6,2011,89.91150442477877,True
KwaZulu-Natal,KZN244 - Msinga [Pomeroy],Ward 52404012,3754,23,2413,9,9,2011,64.27810335641982,True
KwaZulu-Natal,KZN244 - Msinga [Pomeroy],Ward 52404013,3503,38,2409,11,11,2011,68.7696260348273,True
KwaZulu-Natal,KZN244 - Msinga [Pomeroy],Ward 52404014,3573,109,2308,7,7,2011,64.59557794570388,True
KwaZulu-Natal,KZN244 - Msinga [Pomeroy],Ward 52404015,3570,19,2393,8,8,2011,67.03081232492997,True
KwaZulu-Natal,KZN244 - Msinga [Pomeroy],Ward 52404016,3769,34,2544,8,8,2011,67.49801008224993,True
KwaZulu-Natal,KZN244 - Msinga [Pomeroy],Ward 52404017,4258,44,2800,6,6,2011,65.75857209957726,True
KwaZulu-Natal,KZN244 - Msinga [Pomeroy],Ward 52404018,3681,25,2342,6,6,2011,63.624015213257266,True
KwaZulu-Natal,KZN244 - Msinga [Pomeroy],Ward 52404019,3793,88,2361,7,7,2011,62.24624307935671,False
KwaZulu-Natal,KZN245 - Umvoti [Greytown],Ward 52405001,4045,63,2531,9,9,2011,62.57107540173054,True
KwaZulu-Natal,KZN245 - Umvoti [Greytown],Ward 52405002,4369,65,2764,5,5,2011,63.26390478370336,True
KwaZulu-Natal,KZN245 - Umvoti [Greytown],Ward 52405003,4815,99,3208,6,6,2011,66.6251298026999,True
KwaZulu-Natal,KZN245 - Umvoti [Greytown],Ward 52405004,3786,32,2392,5,5,2011,63.18013734812467,True
KwaZulu-Natal,KZN245 - Umvoti [Greytown],Ward 52405005,3998,43,2362,10,10,2011,59.079539769884946,True
KwaZulu-Natal,KZN245 - Umvoti [Greytown],Ward 52405006,3918,47,2253,10,10,2011,57.50382848392037,True
KwaZulu-Natal,KZN245 - Umvoti [Greytown],Ward 52405007,4561,43,3271,4,4,2011,71.71672878754659,True
KwaZulu-Natal,KZN245 - Umvoti [Greytown],Ward 52405008,4240,63,2748,7,7,2011,64.81132075471699,True
KwaZulu-Natal,KZN245 - Umvoti [Greytown],Ward 52405009,3397,39,1797,1,1,2011,52.899617309390635,True
KwaZulu-Natal,KZN245 - Umvoti [Greytown],Ward 52405010,3976,41,2116,5,5,2011,53.21931589537223,True
KwaZulu-Natal,KZN245 - Umvoti [Greytown],Ward 52405011,3359,48,2217,6,6,2011,66.00178624590653,True
KwaZulu-Natal,KZN252 - Newcastle [Newcastle],Ward 52502001,4959,87,3076,8,8,2011,62.028634805404316,True
KwaZulu-Natal,KZN252 - Newcastle [Newcastle],Ward 52502002,5436,4,3125,2,2,2011,57.48712288447388,True
KwaZulu-Natal,KZN252 - Newcastle [Newcastle],Ward 52502003,4250,28,2059,2,2,2011,48.44705882352941,True
KwaZulu-Natal,KZN252 - Newcastle [Newcastle],Ward 52502004,4337,15,2352,3,3,2011,54.23103527784182,True
KwaZulu-Natal,KZN252 - Newcastle [Newcastle],Ward 52502005,4465,16,2137,2,2,2011,47.86114221724524,True
KwaZulu-Natal,KZN252 - Newcastle [Newcastle],Ward 52502006,6242,95,4093,5,5,2011,65.5719320730535,True
KwaZulu-Natal,KZN252 - Newcastle [Newcastle],Ward 52502007,6441,65,4024,5,5,2011,62.47477099829219,True
KwaZulu-Natal,KZN252 - Newcastle [Newcastle],Ward 52502008,4149,24,2614,2,2,2011,63.00313328512894,True
KwaZulu-Natal,KZN252 - Newcastle [Newcastle],Ward 52502009,4912,61,2927,2,2,2011,59.58876221498372,True
KwaZulu-Natal,KZN252 - Newcastle [Newcastle],Ward 52502010,4856,48,2948,3,3,2011,60.70840197693575,True
KwaZulu-Natal,KZN252 - Newcastle [Newcastle],Ward 52502011,4235,45,2519,2,2,2011,59.480519480519476,True
KwaZulu-Natal,KZN252 - Newcastle [Newcastle],Ward 52502012,4401,93,2699,3,3,2011,61.32697114292206,True
KwaZulu-Natal,KZN252 - Newcastle [Newcastle],Ward 52502013,4072,79,2548,2,2,2011,62.57367387033399,True
KwaZulu-Natal,KZN252 - Newcastle [Newcastle],Ward 52502014,4917,24,2578,2,2,2011,52.4303437055115,True
KwaZulu-Natal,KZN252 - Newcastle [Newcastle],Ward 52502015,4178,44,2443,2,2,2011,58.472953566299665,True
KwaZulu-Natal,KZN252 - Newcastle [Newcastle],Ward 52502016,5563,124,3354,3,3,2011,60.29120977889628,True
KwaZulu-Natal,KZN252 - Newcastle [Newcastle],Ward 52502017,4017,69,2551,2,2,2011,63.505103310928554,True
KwaZulu-Natal,KZN252 - Newcastle [Newcastle],Ward 52502018,5341,74,3294,2,2,2011,61.673843849466394,True
KwaZulu-Natal,KZN252 - Newcastle [Newcastle],Ward 52502019,5001,82,2922,3,3,2011,58.42831433713257,True
KwaZulu-Natal,KZN252 - Newcastle [Newcastle],Ward 52502020,5955,77,3888,4,4,2011,65.2896725440806,True
KwaZulu-Natal,KZN252 - Newcastle [Newcastle],Ward 52502021,5191,60,3036,5,5,2011,58.48584087844346,True
KwaZulu-Natal,KZN252 - Newcastle [Newcastle],Ward 52502022,4495,36,2572,3,3,2011,57.21913236929922,True
KwaZulu-Natal,KZN252 - Newcastle [Newcastle],Ward 52502023,4466,43,2738,3,3,2011,61.30765785938199,True
KwaZulu-Natal,KZN252 - Newcastle [Newcastle],Ward 52502024,4405,36,2537,3,3,2011,57.593643586833146,True
KwaZulu-Natal,KZN252 - Newcastle [Newcastle],Ward 52502025,4600,62,2684,2,2,2011,58.34782608695652,True
KwaZulu-Natal,KZN252 - Newcastle [Newcastle],Ward 52502026,3721,39,1975,3,3,2011,53.07712980381618,True
KwaZulu-Natal,KZN252 - Newcastle [Newcastle],Ward 52502027,5411,64,3254,3,3,2011,60.136758454999075,True
KwaZulu-Natal,KZN252 - Newcastle [Newcastle],Ward 52502028,4251,45,2267,2,2,2011,53.328628557986356,True
KwaZulu-Natal,KZN252 - Newcastle [Newcastle],Ward 52502029,4675,46,2634,2,2,2011,56.342245989304814,True
KwaZulu-Natal,KZN252 - Newcastle [Newcastle],Ward 52502030,5410,90,3354,4,4,2011,61.996303142329026,True
KwaZulu-Natal,KZN252 - Newcastle [Newcastle],Ward 52502031,4784,25,2469,2,2,2011,51.609531772575245,True
KwaZulu-Natal,KZN253 - eMadlangeni [Utrecht],Ward 52503001,3289,54,1965,12,12,2011,59.74460322286409,True
KwaZulu-Natal,KZN253 - eMadlangeni [Utrecht],Ward 52503002,2781,25,1532,2,2,2011,55.08809780654441,True
KwaZulu-Natal,KZN253 - eMadlangeni [Utrecht],Ward 52503003,2860,47,1654,9,9,2011,57.83216783216783,True
KwaZulu-Natal,KZN253 - eMadlangeni [Utrecht],Ward 52503004,2657,41,1799,7,7,2011,67.70794128716598,True
KwaZulu-Natal,KZN254 - Dannhauser [Durnacol],Ward 52504001,3945,33,2255,9,9,2011,57.16096324461344,True
KwaZulu-Natal,KZN254 - Dannhauser [Durnacol],Ward 52504002,3552,35,2025,5,5,2011,57.01013513513513,True
KwaZulu-Natal,KZN254 - Dannhauser [Durnacol],Ward 52504003,3476,26,2006,4,4,2011,57.71001150747986,True
KwaZulu-Natal,KZN254 - Dannhauser [Durnacol],Ward 52504004,3964,56,2374,6,6,2011,59.88900100908173,True
KwaZulu-Natal,KZN254 - Dannhauser [Durnacol],Ward 52504005,3517,51,2116,6,6,2011,60.16491327836224,True
KwaZulu-Natal,KZN254 - Dannhauser [Durnacol],Ward 52504006,3570,46,2124,5,5,2011,59.49579831932773,True
KwaZulu-Natal,KZN254 - Dannhauser [Durnacol],Ward 52504007,3336,34,1987,4,4,2011,59.562350119904075,True
KwaZulu-Natal,KZN254 - Dannhauser [Durnacol],Ward 52504008,3998,31,2383,6,6,2011,59.604802401200594,True
KwaZulu-Natal,KZN254 - Dannhauser [Durnacol],Ward 52504009,3322,79,2234,6,6,2011,67.24864539434076,True
KwaZulu-Natal,KZN254 - Dannhauser [Durnacol],Ward 52504010,3729,54,2386,5,5,2011,63.98498256905336,True
KwaZulu-Natal,KZN254 - Dannhauser [Durnacol],Ward 52504011,4136,55,2452,4,4,2011,59.284332688588,True
KwaZulu-Natal,KZN261 - eDumbe [Paulpietersburg],Ward 52601001,4493,43,2846,14,14,2011,63.34297796572446,True
KwaZulu-Natal,KZN261 - eDumbe [Paulpietersburg],Ward 52601002,3987,10,2281,3,3,2011,57.21093554050665,True
KwaZulu-Natal,KZN261 - eDumbe [Paulpietersburg],Ward 52601003,4685,24,2844,3,3,2011,60.70437566702241,True
KwaZulu-Natal,KZN261 - eDumbe [Paulpietersburg],Ward 52601004,4611,49,2833,4,4,2011,61.44003469963132,True
KwaZulu-Natal,KZN261 - eDumbe [Paulpietersburg],Ward 52601005,3898,38,2447,7,7,2011,62.775782452539765,True
KwaZulu-Natal,KZN261 - eDumbe [Paulpietersburg],Ward 52601006,3496,32,2099,9,9,2011,60.04004576659039,True
KwaZulu-Natal,KZN261 - eDumbe [Paulpietersburg],Ward 52601007,3178,46,1939,9,9,2011,61.013215859030836,True
KwaZulu-Natal,KZN261 - eDumbe [Paulpietersburg],Ward 52601008,3926,44,2504,6,6,2011,63.779928680590935,True
KwaZulu-Natal,KZN262 - UPhongolo [Pongola],Ward 52602001,3680,46,2321,9,9,2011,63.07065217391305,True
KwaZulu-Natal,KZN262 - UPhongolo [Pongola],Ward 52602002,3795,38,2293,2,2,2011,60.42160737812912,True
KwaZulu-Natal,KZN262 - UPhongolo [Pongola],Ward 52602003,3442,47,2221,6,6,2011,64.52643811737362,True
KwaZulu-Natal,KZN262 - UPhongolo [Pongola],Ward 52602004,3750,28,2432,5,5,2011,64.85333333333332,True
KwaZulu-Natal,KZN262 - UPhongolo [Pongola],Ward 52602005,3751,47,2283,3,3,2011,60.86376966142362,True
KwaZulu-Natal,KZN262 - UPhongolo [Pongola],Ward 52602006,3433,21,2213,6,6,2011,64.46256918147392,True
KwaZulu-Natal,KZN262 - UPhongolo [Pongola],Ward 52602007,4248,31,2389,5,5,2011,56.23822975517891,True
KwaZulu-Natal,KZN262 - UPhongolo [Pongola],Ward 52602008,3291,26,1969,8,8,2011,59.82983895472501,True
KwaZulu-Natal,KZN262 - UPhongolo [Pongola],Ward 52602009,3935,46,2381,4,4,2011,60.508259212198226,True
KwaZulu-Natal,KZN262 - UPhongolo [Pongola],Ward 52602010,3589,24,2330,4,4,2011,64.92059069378658,True
KwaZulu-Natal,KZN262 - UPhongolo [Pongola],Ward 52602011,3737,51,2080,5,5,2011,55.659620016055655,True
KwaZulu-Natal,KZN262 - UPhongolo [Pongola],Ward 52602012,3797,27,2198,4,4,2011,57.88780616276007,True
KwaZulu-Natal,KZN262 - UPhongolo [Pongola],Ward 52602013,3374,47,2151,4,4,2011,63.75222288085358,True
KwaZulu-Natal,KZN262 - UPhongolo [Pongola],Ward 52602014,3986,49,2116,9,9,2011,53.08580030105369,True
KwaZulu-Natal,KZN263 - Abaqulusi [Vryheid],Ward 52603001,3788,34,2465,5,5,2011,65.07391763463569,True
KwaZulu-Natal,KZN263 - Abaqulusi [Vryheid],Ward 52603002,4182,30,2400,6,6,2011,57.388809182209464,True
KwaZulu-Natal,KZN263 - Abaqulusi [Vryheid],Ward 52603003,4066,29,2501,6,6,2011,61.51008362026562,True
KwaZulu-Natal,KZN263 - Abaqulusi [Vryheid],Ward 52603004,3727,37,2249,6,6,2011,60.343439763885165,True
KwaZulu-Natal,KZN263 - Abaqulusi [Vryheid],Ward 52603005,4008,51,2370,5,5,2011,59.13173652694611,True
KwaZulu-Natal,KZN263 - Abaqulusi [Vryheid],Ward 52603006,4038,45,2480,5,5,2011,61.41654284299158,True
KwaZulu-Natal,KZN263 - Abaqulusi [Vryheid],Ward 52603007,4608,45,2807,6,6,2011,60.915798611111114,True
KwaZulu-Natal,KZN263 - Abaqulusi [Vryheid],Ward 52603008,3082,10,1584,2,2,2011,51.39519792342635,True
KwaZulu-Natal,KZN263 - Abaqulusi [Vryheid],Ward 52603009,3593,5,2047,2,2,2011,56.97188978569441,True
KwaZulu-Natal,KZN263 - Abaqulusi [Vryheid],Ward 52603010,2924,19,1549,1,1,2011,52.97537619699042,True
KwaZulu-Natal,KZN263 - Abaqulusi [Vryheid],Ward 52603011,4280,14,2295,2,2,2011,53.62149532710281,True
KwaZulu-Natal,KZN263 - Abaqulusi [Vryheid],Ward 52603012,3521,27,2017,6,6,2011,57.28486225504118,True
KwaZulu-Natal,KZN263 - Abaqulusi [Vryheid],Ward 52603013,4145,32,2542,2,2,2011,61.326899879372746,True
KwaZulu-Natal,KZN263 - Abaqulusi [Vryheid],Ward 52603014,3376,28,2190,4,4,2011,64.8696682464455,True
KwaZulu-Natal,KZN263 - Abaqulusi [Vryheid],Ward 52603015,3389,39,2118,5,5,2011,62.4963115963411,True
KwaZulu-Natal,KZN263 - Abaqulusi [Vryheid],Ward 52603016,3542,22,1974,2,2,2011,55.73122529644269,True
KwaZulu-Natal,KZN263 - Abaqulusi [Vryheid],Ward 52603017,4215,52,2699,4,4,2011,64.0332147093713,True
KwaZulu-Natal,KZN263 - Abaqulusi [Vryheid],Ward 52603018,3073,69,1862,2,2,2011,60.59225512528473,True
KwaZulu-Natal,KZN263 - Abaqulusi [Vryheid],Ward 52603019,3753,32,2268,4,4,2011,60.431654676258994,True
KwaZulu-Natal,KZN263 - Abaqulusi [Vryheid],Ward 52603020,4770,80,2617,3,3,2011,54.86373165618449,True
KwaZulu-Natal,KZN263 - Abaqulusi [Vryheid],Ward 52603021,4331,43,2768,5,5,2011,63.91133687370122,True
KwaZulu-Natal,KZN263 - Abaqulusi [Vryheid],Ward 52603022,3720,82,2285,7,7,2011,61.424731182795696,True
KwaZulu-Natal,KZN265 - Nongoma [Nongoma],Ward 52605001,4179,30,2609,6,6,2011,62.43120363723379,True
KwaZulu-Natal,KZN265 - Nongoma [Nongoma],Ward 52605002,4020,28,2594,8,8,2011,64.5273631840796,True
KwaZulu-Natal,KZN265 - Nongoma [Nongoma],Ward 52605003,4396,47,2795,7,7,2011,63.58052775250227,True
KwaZulu-Natal,KZN265 - Nongoma [Nongoma],Ward 52605004,4741,125,2983,8,8,2011,62.91921535541025,True
KwaZulu-Natal,KZN265 - Nongoma [Nongoma],Ward 52605005,3880,18,2413,6,6,2011,62.19072164948454,True
KwaZulu-Natal,KZN265 - Nongoma [Nongoma],Ward 52605006,3318,36,1920,4,4,2011,57.86618444846293,True
KwaZulu-Natal,KZN265 - Nongoma [Nongoma],Ward 52605007,3741,29,2358,8,8,2011,63.031275060144345,True
KwaZulu-Natal,KZN265 - Nongoma [Nongoma],Ward 52605008,3891,24,2533,4,4,2011,65.09894628630171,True
KwaZulu-Natal,KZN265 - Nongoma [Nongoma],Ward 52605009,4225,34,2672,4,4,2011,63.24260355029586,True
KwaZulu-Natal,KZN265 - Nongoma [Nongoma],Ward 52605010,3906,41,2684,6,6,2011,68.71479774705581,True
KwaZulu-Natal,KZN265 - Nongoma [Nongoma],Ward 52605011,4028,74,2702,6,6,2011,67.08043694141013,True
KwaZulu-Natal,KZN265 - Nongoma [Nongoma],Ward 52605012,3884,51,2566,5,5,2011,66.0659114315139,True
KwaZulu-Natal,KZN265 - Nongoma [Nongoma],Ward 52605013,3546,40,2364,4,4,2011,66.66666666666666,True
KwaZulu-Natal,KZN265 - Nongoma [Nongoma],Ward 52605014,4040,39,2652,5,5,2011,65.64356435643565,True
KwaZulu-Natal,KZN265 - Nongoma [Nongoma],Ward 52605015,3687,10,2472,5,5,2011,67.04637917005695,True
KwaZulu-Natal,KZN265 - Nongoma [Nongoma],Ward 52605016,4012,24,2550,4,4,2011,63.559322033898304,True
KwaZulu-Natal,KZN265 - Nongoma [Nongoma],Ward 52605017,3782,27,2494,5,5,2011,65.9439450026441,True
KwaZulu-Natal,KZN265 - Nongoma [Nongoma],Ward 52605018,4379,43,2866,6,6,2011,65.44873258734872,True
KwaZulu-Natal,KZN265 - Nongoma [Nongoma],Ward 52605019,3054,11,1363,1,1,2011,44.629993451211526,True
KwaZulu-Natal,KZN265 - Nongoma [Nongoma],Ward 52605020,3496,26,2146,5,5,2011,61.38443935926774,True
KwaZulu-Natal,KZN265 - Nongoma [Nongoma],Ward 52605021,3347,16,2142,4,4,2011,63.99760979982073,True
KwaZulu-Natal,KZN266 - Ulundi [Ulundi],Ward 52606001,3488,30,2104,7,7,2011,60.321100917431195,True
KwaZulu-Natal,KZN266 - Ulundi [Ulundi],Ward 52606002,3550,16,2411,4,4,2011,67.91549295774648,True
KwaZulu-Natal,KZN266 - Ulundi [Ulundi],Ward 52606003,3097,16,2010,4,4,2011,64.90151759767517,True
KwaZulu-Natal,KZN266 - Ulundi [Ulundi],Ward 52606004,3942,17,2550,6,6,2011,64.68797564687976,True
KwaZulu-Natal,KZN266 - Ulundi [Ulundi],Ward 52606005,3304,16,2263,4,4,2011,68.49273607748184,True
KwaZulu-Natal,KZN266 - Ulundi [Ulundi],Ward 52606006,3773,39,2369,5,5,2011,62.78823217598728,True
KwaZulu-Natal,KZN266 - Ulundi [Ulundi],Ward 52606007,3557,48,2306,6,6,2011,64.82991284790553,True
KwaZulu-Natal,KZN266 - Ulundi [Ulundi],Ward 52606008,3891,39,2497,7,7,2011,64.17373425854535,True
KwaZulu-Natal,KZN266 - Ulundi [Ulundi],Ward 52606009,3577,16,2278,4,4,2011,63.68465194296897,True
KwaZulu-Natal,KZN266 - Ulundi [Ulundi],Ward 52606010,3575,11,2352,7,7,2011,65.79020979020979,True
KwaZulu-Natal,KZN266 - Ulundi [Ulundi],Ward 52606011,3783,21,2488,5,5,2011,65.76790906687813,True
KwaZulu-Natal,KZN266 - Ulundi [Ulundi],Ward 52606012,2792,2,1520,3,3,2011,54.44126074498568,True
KwaZulu-Natal,KZN266 - Ulundi [Ulundi],Ward 52606013,3435,38,2207,5,5,2011,64.25036390101893,True
KwaZulu-Natal,KZN266 - Ulundi [Ulundi],Ward 52606014,3664,23,2588,7,7,2011,70.63318777292577,True
KwaZulu-Natal,KZN266 - Ulundi [Ulundi],Ward 52606015,3904,20,2765,5,5,2011,70.82479508196722,True
KwaZulu-Natal,KZN266 - Ulundi [Ulundi],Ward 52606016,3334,26,2078,7,7,2011,62.327534493101375,True
KwaZulu-Natal,KZN266 - Ulundi [Ulundi],Ward 52606017,3859,13,2495,7,7,2011,64.65405545478103,True
KwaZulu-Natal,KZN266 - Ulundi [Ulundi],Ward 52606018,3310,17,1933,2,2,2011,58.3987915407855,True
KwaZulu-Natal,KZN266 - Ulundi [Ulundi],Ward 52606019,3068,27,1878,2,2,2011,61.21251629726206,True
KwaZulu-Natal,KZN266 - Ulundi [Ulundi],Ward 52606020,3706,18,2502,6,6,2011,67.51214247166757,True
KwaZulu-Natal,KZN266 - Ulundi [Ulundi],Ward 52606021,3312,12,2076,6,6,2011,62.68115942028986,True
KwaZulu-Natal,KZN266 - Ulundi [Ulundi],Ward 52606022,3588,11,2110,2,2,2011,58.80713489409142,True
KwaZulu-Natal,KZN266 - Ulundi [Ulundi],Ward 52606023,3265,27,2079,5,5,2011,63.67534456355284,True
KwaZulu-Natal,KZN266 - Ulundi [Ulundi],Ward 52606024,3100,26,2161,5,5,2011,69.70967741935485,True
KwaZulu-Natal,KZN271 - Umhlabuyalingana [Emangusi],Ward 52701001,2976,39,1433,1,1,2011,48.151881720430104,True
KwaZulu-Natal,KZN271 - Umhlabuyalingana [Emangusi],Ward 52701002,4178,58,2744,3,3,2011,65.67735758736237,True
KwaZulu-Natal,KZN271 - Umhlabuyalingana [Emangusi],Ward 52701003,4549,50,3374,5,5,2011,74.17014728511761,True
KwaZulu-Natal,KZN271 - Umhlabuyalingana [Emangusi],Ward 52701004,4169,64,2340,6,6,2011,56.12856800191892,True
KwaZulu-Natal,KZN271 - Umhlabuyalingana [Emangusi],Ward 52701005,4021,33,2419,5,5,2011,60.15916438696841,True
KwaZulu-Natal,KZN271 - Umhlabuyalingana [Emangusi],Ward 52701006,4282,29,2812,3,3,2011,65.67024754787482,True
KwaZulu-Natal,KZN271 - Umhlabuyalingana [Emangusi],Ward 52701007,3476,29,2193,7,7,2011,63.0897583429229,True
KwaZulu-Natal,KZN271 - Umhlabuyalingana [Emangusi],Ward 52701008,4069,46,2537,6,6,2011,62.349471614647335,True
KwaZulu-Natal,KZN271 - Umhlabuyalingana [Emangusi],Ward 52701009,4260,92,2509,5,5,2011,58.89671361502348,True
KwaZulu-Natal,KZN271 - Umhlabuyalingana [Emangusi],Ward 52701010,3277,31,1830,5,5,2011,55.843759536161116,True
KwaZulu-Natal,KZN271 - Umhlabuyalingana [Emangusi],Ward 52701011,3586,39,1926,2,2,2011,53.70886781929727,True
KwaZulu-Natal,KZN271 - Umhlabuyalingana [Emangusi],Ward 52701012,3485,43,1966,4,4,2011,56.4131994261119,True
KwaZulu-Natal,KZN271 - Umhlabuyalingana [Emangusi],Ward 52701013,3478,60,2258,3,3,2011,64.92236917768832,True
KwaZulu-Natal,KZN271 - Umhlabuyalingana [Emangusi],Ward 52701014,3758,39,2391,6,6,2011,63.62426822778073,True
KwaZulu-Natal,KZN271 - Umhlabuyalingana [Emangusi],Ward 52701015,4178,31,2682,9,9,2011,64.19339396840593,True
KwaZulu-Natal,KZN271 - Umhlabuyalingana [Emangusi],Ward 52701016,3872,40,2541,4,4,2011,65.625,True
KwaZulu-Natal,KZN271 - Umhlabuyalingana [Emangusi],Ward 52701017,3792,40,2362,3,3,2011,62.289029535864984,True
KwaZulu-Natal,KZN272 - Jozini [Mkuze],Ward 52702001,3405,33,1974,6,6,2011,57.97356828193833,True
KwaZulu-Natal,KZN272 - Jozini [Mkuze],Ward 52702002,3277,12,1934,5,5,2011,59.01739395788831,True
KwaZulu-Natal,KZN272 - Jozini [Mkuze],Ward 52702003,3709,34,2451,4,4,2011,66.08250202210839,True
KwaZulu-Natal,KZN272 - Jozini [Mkuze],Ward 52702004,3264,8,2037,4,4,2011,62.408088235294116,True
KwaZulu-Natal,KZN272 - Jozini [Mkuze],Ward 52702005,3989,53,2574,4,4,2011,64.52745048884432,True
KwaZulu-Natal,KZN272 - Jozini [Mkuze],Ward 52702006,3640,36,2315,3,3,2011,63.598901098901095,True
KwaZulu-Natal,KZN272 - Jozini [Mkuze],Ward 52702007,4184,19,2573,5,5,2011,61.496175908221794,True
KwaZulu-Natal,KZN272 - Jozini [Mkuze],Ward 52702008,3896,30,2537,4,4,2011,65.11806981519507,True
KwaZulu-Natal,KZN272 - Jozini [Mkuze],Ward 52702009,4205,34,2541,6,6,2011,60.42806183115339,True
KwaZulu-Natal,KZN272 - Jozini [Mkuze],Ward 52702010,4621,25,3113,6,6,2011,67.36637091538627,True
KwaZulu-Natal,KZN272 - Jozini [Mkuze],Ward 52702011,3618,26,2132,5,5,2011,58.92758430071863,True
KwaZulu-Natal,KZN272 - Jozini [Mkuze],Ward 52702012,4245,19,2885,4,4,2011,67.962308598351,True
KwaZulu-Natal,KZN272 - Jozini [Mkuze],Ward 52702013,4046,33,2528,3,3,2011,62.48146317350469,True
KwaZulu-Natal,KZN272 - Jozini [Mkuze],Ward 52702014,4280,33,2665,5,5,2011,62.26635514018691,True
KwaZulu-Natal,KZN272 - Jozini [Mkuze],Ward 52702015,4160,10,2761,4,4,2011,66.3701923076923,True
KwaZulu-Natal,KZN272 - Jozini [Mkuze],Ward 52702016,4479,33,2863,6,6,2011,63.92051797276178,True
KwaZulu-Natal,KZN272 - Jozini [Mkuze],Ward 52702017,4360,41,2792,7,7,2011,64.03669724770641,True
KwaZulu-Natal,KZN272 - Jozini [Mkuze],Ward 52702018,3916,30,2455,5,5,2011,62.69152196118488,True
KwaZulu-Natal,KZN272 - Jozini [Mkuze],Ward 52702019,3844,19,1805,5,5,2011,46.956295525494276,True
KwaZulu-Natal,KZN272 - Jozini [Mkuze],Ward 52702020,4005,41,2384,5,5,2011,59.52559300873907,True
KwaZulu-Natal,KZN273 - The Big 5 False Bay [Hluhluwe],Ward 52703001,4402,56,2792,6,6,2011,63.425715583825536,False
KwaZulu-Natal,KZN273 - The Big 5 False Bay [Hluhluwe],Ward 52703002,3761,44,2371,6,6,2011,63.04174421696357,False
KwaZulu-Natal,KZN273 - The Big 5 False Bay [Hluhluwe],Ward 52703003,3705,37,1986,6,6,2011,53.603238866396765,False
KwaZulu-Natal,KZN273 - The Big 5 False Bay [Hluhluwe],Ward 52703004,4371,30,2850,7,7,2011,65.20247083047359,False
KwaZulu-Natal,KZN274 - Hlabisa [Somkele],Ward 52704001,2729,37,1758,3,3,2011,64.41920117259069,False
KwaZulu-Natal,KZN274 - Hlabisa [Somkele],Ward 52704002,3774,47,2306,2,2,2011,61.10227874933757,False
KwaZulu-Natal,KZN274 - Hlabisa [Somkele],Ward 52704003,3793,37,2487,5,5,2011,65.56815185868705,False
KwaZulu-Natal,KZN274 - Hlabisa [Somkele],Ward 52704004,3594,41,2503,7,7,2011,69.64385086254869,False
KwaZulu-Natal,KZN274 - Hlabisa [Somkele],Ward 52704005,3292,36,2142,5,5,2011,65.06682867557716,False
KwaZulu-Natal,KZN274 - Hlabisa [Somkele],Ward 52704006,3467,56,2272,6,6,2011,65.53216036919527,False
KwaZulu-Natal,KZN274 - Hlabisa [Somkele],Ward 52704007,3457,22,2025,4,4,2011,58.576800694243566,False
KwaZulu-Natal,KZN274 - Hlabisa [Somkele],Ward 52704008,4193,53,2726,6,6,2011,65.01311709992845,False
KwaZulu-Natal,KZN275 - Mtubatuba [Mtubatuba],Ward 52705001,3943,20,2020,1,1,2011,51.23002789753994,True
KwaZulu-Natal,KZN275 - Mtubatuba [Mtubatuba],Ward 52705002,3913,23,2236,3,3,2011,57.14285714285714,True
KwaZulu-Natal,KZN275 - Mtubatuba [Mtubatuba],Ward 52705003,3854,37,2242,4,4,2011,58.1733264141152,True
KwaZulu-Natal,KZN275 - Mtubatuba [Mtubatuba],Ward 52705004,4880,78,2632,5,5,2011,53.93442622950819,True
KwaZulu-Natal,KZN275 - Mtubatuba [Mtubatuba],Ward 52705005,3436,65,1419,3,3,2011,41.29802095459837,True
KwaZulu-Natal,KZN275 - Mtubatuba [Mtubatuba],Ward 52705006,4981,53,2964,3,3,2011,59.50612326842,True
KwaZulu-Natal,KZN275 - Mtubatuba [Mtubatuba],Ward 52705007,3313,39,2078,5,5,2011,62.72260790824027,True
KwaZulu-Natal,KZN275 - Mtubatuba [Mtubatuba],Ward 52705008,4004,53,2584,3,3,2011,64.53546453546454,True
KwaZulu-Natal,KZN275 - Mtubatuba [Mtubatuba],Ward 52705009,3437,47,2163,5,5,2011,62.93279022403259,True
KwaZulu-Natal,KZN275 - Mtubatuba [Mtubatuba],Ward 52705010,4033,48,2359,4,4,2011,58.49243739151996,True
KwaZulu-Natal,KZN275 - Mtubatuba [Mtubatuba],Ward 52705011,3980,0,2453,3,3,2011,61.63316582914573,True
KwaZulu-Natal,KZN275 - Mtubatuba [Mtubatuba],Ward 52705012,4282,36,2693,3,3,2011,62.89117234936945,True
KwaZulu-Natal,KZN275 - Mtubatuba [Mtubatuba],Ward 52705013,1929,0,1188,2,2,2011,61.58631415241057,True
KwaZulu-Natal,KZN275 - Mtubatuba [Mtubatuba],Ward 52705014,3716,35,2166,3,3,2011,58.28848223896663,True
KwaZulu-Natal,KZN275 - Mtubatuba [Mtubatuba],Ward 52705015,3723,37,2072,5,5,2011,55.65404243889337,True
KwaZulu-Natal,KZN275 - Mtubatuba [Mtubatuba],Ward 52705016,3952,49,2528,3,3,2011,63.96761133603239,True
KwaZulu-Natal,KZN275 - Mtubatuba [Mtubatuba],Ward 52705017,3469,31,2069,5,5,2011,59.642548284808306,True
KwaZulu-Natal,KZN275 - Mtubatuba [Mtubatuba],Ward 52705018,4119,40,2416,4,4,2011,58.655013352755525,True
KwaZulu-Natal,KZN275 - Mtubatuba [Mtubatuba],Ward 52705019,4403,39,2777,6,6,2011,63.07063365886896,True
KwaZulu-Natal,KZN281 - Mfolozi [KwaMbonambi],Ward 52801001,3385,52,2376,2,2,2011,70.19202363367799,True
KwaZulu-Natal,KZN281 - Mfolozi [KwaMbonambi],Ward 52801002,3344,45,1855,4,4,2011,55.47248803827751,True
KwaZulu-Natal,KZN281 - Mfolozi [KwaMbonambi],Ward 52801003,3211,44,2374,4,4,2011,73.9333540952974,True
KwaZulu-Natal,KZN281 - Mfolozi [KwaMbonambi],Ward 52801004,3436,96,2329,6,6,2011,67.78230500582072,True
KwaZulu-Natal,KZN281 - Mfolozi [KwaMbonambi],Ward 52801005,3510,78,2758,3,3,2011,78.57549857549857,True
KwaZulu-Natal,KZN281 - Mfolozi [KwaMbonambi],Ward 52801006,5283,46,3339,2,2,2011,63.202725724020446,True
KwaZulu-Natal,KZN281 - Mfolozi [KwaMbonambi],Ward 52801007,3714,57,2558,4,4,2011,68.87452880990845,True
KwaZulu-Natal,KZN281 - Mfolozi [KwaMbonambi],Ward 52801008,4546,61,3151,4,4,2011,69.31368235811702,True
KwaZulu-Natal,KZN281 - Mfolozi [KwaMbonambi],Ward 52801009,4282,54,3072,6,6,2011,71.74217655301261,True
KwaZulu-Natal,KZN281 - Mfolozi [KwaMbonambi],Ward 52801010,3384,37,2038,6,6,2011,60.22458628841607,True
KwaZulu-Natal,KZN281 - Mfolozi [KwaMbonambi],Ward 52801011,4039,37,2658,4,4,2011,65.80836840802179,True
KwaZulu-Natal,KZN281 - Mfolozi [KwaMbonambi],Ward 52801012,4207,47,2933,4,4,2011,69.7171381031614,True
KwaZulu-Natal,KZN281 - Mfolozi [KwaMbonambi],Ward 52801013,3258,45,2082,6,6,2011,63.90423572744015,True
KwaZulu-Natal,KZN281 - Mfolozi [KwaMbonambi],Ward 52801014,5010,56,3134,2,2,2011,62.554890219560875,True
KwaZulu-Natal,KZN281 - Mfolozi [KwaMbonambi],Ward 52801015,4532,43,2982,5,5,2011,65.79876434245367,True
KwaZulu-Natal,KZN282 - uMhlathuze [Richards Bay],Ward 52802001,7034,30,3982,4,4,2011,56.61074779641741,True
KwaZulu-Natal,KZN282 - uMhlathuze [Richards Bay],Ward 52802002,4306,1,2245,4,4,2011,52.13655364607524,True
KwaZulu-Natal,KZN282 - uMhlathuze [Richards Bay],Ward 52802003,4365,8,2313,2,2,2011,52.98969072164949,True
KwaZulu-Natal,KZN282 - uMhlathuze [Richards Bay],Ward 52802004,5266,38,3076,3,3,2011,58.41245727307254,True
KwaZulu-Natal,KZN282 - uMhlathuze [Richards Bay],Ward 52802005,5074,40,3045,6,6,2011,60.01182499014585,True
KwaZulu-Natal,KZN282 - uMhlathuze [Richards Bay],Ward 52802006,4961,48,2988,4,4,2011,60.22979238056843,True
KwaZulu-Natal,KZN282 - uMhlathuze [Richards Bay],Ward 52802007,4684,44,2267,2,2,2011,48.398804440649016,True
KwaZulu-Natal,KZN282 - uMhlathuze [Richards Bay],Ward 52802008,4547,49,2554,2,2,2011,56.16890257312514,True
KwaZulu-Natal,KZN282 - uMhlathuze [Richards Bay],Ward 52802009,5277,6,3043,2,2,2011,57.66534015539132,True
KwaZulu-Natal,KZN282 - uMhlathuze [Richards Bay],Ward 52802010,4911,72,2801,5,5,2011,57.03522704133578,True
KwaZulu-Natal,KZN282 - uMhlathuze [Richards Bay],Ward 52802011,4569,37,2961,5,5,2011,64.80630334865397,True
KwaZulu-Natal,KZN282 - uMhlathuze [Richards Bay],Ward 52802012,5727,51,3401,4,4,2011,59.38536755718526,True
KwaZulu-Natal,KZN282 - uMhlathuze [Richards Bay],Ward 52802013,4918,129,3542,3,3,2011,72.02114680764538,True
KwaZulu-Natal,KZN282 - uMhlathuze [Richards Bay],Ward 52802014,5464,48,3334,4,4,2011,61.01756954612006,True
KwaZulu-Natal,KZN282 - uMhlathuze [Richards Bay],Ward 52802015,5457,84,3291,3,3,2011,60.30786146234195,True
KwaZulu-Natal,KZN282 - uMhlathuze [Richards Bay],Ward 52802016,5368,68,2960,3,3,2011,55.14157973174366,True
KwaZulu-Natal,KZN282 - uMhlathuze [Richards Bay],Ward 52802017,4475,26,2454,3,3,2011,54.83798882681564,True
KwaZulu-Natal,KZN282 - uMhlathuze [Richards Bay],Ward 52802018,5911,36,4269,4,4,2011,72.22128235493147,True
KwaZulu-Natal,KZN282 - uMhlathuze [Richards Bay],Ward 52802019,5728,55,3402,3,3,2011,59.392458100558656,True
KwaZulu-Natal,KZN282 - uMhlathuze [Richards Bay],Ward 52802020,5433,44,3259,3,3,2011,59.985275170255846,True
KwaZulu-Natal,KZN282 - uMhlathuze [Richards Bay],Ward 52802021,4093,36,2220,2,2,2011,54.23894453945761,True
KwaZulu-Natal,KZN282 - uMhlathuze [Richards Bay],Ward 52802022,4956,37,2629,2,2,2011,53.046811945117035,True
KwaZulu-Natal,KZN282 - uMhlathuze [Richards Bay],Ward 52802023,5276,12,2668,5,5,2011,50.56861258529188,True
KwaZulu-Natal,KZN282 - uMhlathuze [Richards Bay],Ward 52802024,6985,77,3652,4,4,2011,52.28346456692914,True
KwaZulu-Natal,KZN282 - uMhlathuze [Richards Bay],Ward 52802025,4224,58,2698,3,3,2011,63.873106060606055,True
KwaZulu-Natal,KZN282 - uMhlathuze [Richards Bay],Ward 52802026,5234,22,2853,2,2,2011,54.50897974780283,True
KwaZulu-Natal,KZN282 - uMhlathuze [Richards Bay],Ward 52802027,5130,30,2694,3,3,2011,52.514619883040936,True
KwaZulu-Natal,KZN282 - uMhlathuze [Richards Bay],Ward 52802028,4245,15,2256,3,3,2011,53.14487632508834,True
KwaZulu-Natal,KZN282 - uMhlathuze [Richards Bay],Ward 52802029,5241,51,3732,5,5,2011,71.20778477389811,True
KwaZulu-Natal,KZN282 - uMhlathuze [Richards Bay],Ward 52802030,5685,7,2299,2,2,2011,40.43975373790677,True
KwaZulu-Natal,KZN283 - Ntambana [Ntambana],Ward 52803001,3420,19,2107,6,6,2011,61.60818713450292,False
KwaZulu-Natal,KZN283 - Ntambana [Ntambana],Ward 52803002,4308,42,2653,7,7,2011,61.583101207056636,False
KwaZulu-Natal,KZN283 - Ntambana [Ntambana],Ward 52803003,3561,54,2101,8,8,2011,59.00028081999439,False
KwaZulu-Natal,KZN283 - Ntambana [Ntambana],Ward 52803004,3618,34,2134,6,6,2011,58.9828634604754,False
KwaZulu-Natal,KZN283 - Ntambana [Ntambana],Ward 52803005,4434,46,3000,5,5,2011,67.65899864682002,False
KwaZulu-Natal,KZN283 - Ntambana [Ntambana],Ward 52803006,4432,66,2845,7,7,2011,64.19223826714801,False
KwaZulu-Natal,KZN283 - Ntambana [Ntambana],Ward 52803007,4260,66,2688,4,4,2011,63.098591549295776,False
KwaZulu-Natal,KZN283 - Ntambana [Ntambana],Ward 52803008,4416,39,3021,6,6,2011,68.41032608695652,False
KwaZulu-Natal,KZN284 - uMlalazi [Eshowe],Ward 52804001,3184,44,1933,6,6,2011,60.709798994974875,True
KwaZulu-Natal,KZN284 - uMlalazi [Eshowe],Ward 52804002,3843,58,2300,6,6,2011,59.84907624251886,True
KwaZulu-Natal,KZN284 - uMlalazi [Eshowe],Ward 52804003,3291,35,1960,7,7,2011,59.55636584624734,True
KwaZulu-Natal,KZN284 - uMlalazi [Eshowe],Ward 52804004,3681,90,2169,4,4,2011,58.924205378973106,True
KwaZulu-Natal,KZN284 - uMlalazi [Eshowe],Ward 52804005,3807,65,2194,7,7,2011,57.63068032571579,True
KwaZulu-Natal,KZN284 - uMlalazi [Eshowe],Ward 52804006,3576,74,2164,6,6,2011,60.514541387024614,True
KwaZulu-Natal,KZN284 - uMlalazi [Eshowe],Ward 52804007,3381,92,1930,6,6,2011,57.083703046435964,True
KwaZulu-Natal,KZN284 - uMlalazi [Eshowe],Ward 52804008,3813,34,2406,5,5,2011,63.099921321793865,True
KwaZulu-Natal,KZN284 - uMlalazi [Eshowe],Ward 52804009,3506,41,2166,5,5,2011,61.779806046776955,True
KwaZulu-Natal,KZN284 - uMlalazi [Eshowe],Ward 52804010,4222,46,2613,5,5,2011,61.89009947891995,True
KwaZulu-Natal,KZN284 - uMlalazi [Eshowe],Ward 52804011,4213,20,2193,4,4,2011,52.05316876335153,True
KwaZulu-Natal,KZN284 - uMlalazi [Eshowe],Ward 52804012,3784,13,2124,2,2,2011,56.131078224101486,True
KwaZulu-Natal,KZN284 - uMlalazi [Eshowe],Ward 52804013,4172,42,2545,6,6,2011,61.00191754554171,True
KwaZulu-Natal,KZN284 - uMlalazi [Eshowe],Ward 52804014,3987,60,2529,6,6,2011,63.43115124153499,True
KwaZulu-Natal,KZN284 - uMlalazi [Eshowe],Ward 52804015,3861,20,2418,6,6,2011,62.62626262626263,True
KwaZulu-Natal,KZN284 - uMlalazi [Eshowe],Ward 52804016,4292,52,2651,6,6,2011,61.76607642124884,True
KwaZulu-Natal,KZN284 - uMlalazi [Eshowe],Ward 52804017,3557,35,2174,4,4,2011,61.118920438571834,True
KwaZulu-Natal,KZN284 - uMlalazi [Eshowe],Ward 52804018,3130,11,1656,3,3,2011,52.9073482428115,True
KwaZulu-Natal,KZN284 - uMlalazi [Eshowe],Ward 52804019,3161,32,1665,4,4,2011,52.67320468206263,True
KwaZulu-Natal,KZN284 - uMlalazi [Eshowe],Ward 52804020,4004,57,2649,5,5,2011,66.15884115884117,True
KwaZulu-Natal,KZN284 - uMlalazi [Eshowe],Ward 52804021,3964,61,2607,5,5,2011,65.76690211907164,True
KwaZulu-Natal,KZN284 - uMlalazi [Eshowe],Ward 52804022,3582,16,2227,6,6,2011,62.171970965940815,True
KwaZulu-Natal,KZN284 - uMlalazi [Eshowe],Ward 52804023,3825,46,2436,5,5,2011,63.68627450980392,True
KwaZulu-Natal,KZN284 - uMlalazi [Eshowe],Ward 52804024,3838,57,2697,5,5,2011,70.27097446586764,True
KwaZulu-Natal,KZN284 - uMlalazi [Eshowe],Ward 52804025,3727,43,2514,5,5,2011,67.45371612557017,True
KwaZulu-Natal,KZN284 - uMlalazi [Eshowe],Ward 52804026,3326,44,2124,6,6,2011,63.860493084786526,True
KwaZulu-Natal,KZN285 - Mthonjaneni [Melmoth],Ward 52805001,4165,35,2185,3,3,2011,52.460984393757506,True
KwaZulu-Natal,KZN285 - Mthonjaneni [Melmoth],Ward 52805002,3151,28,1784,7,7,2011,56.61694700095208,True
KwaZulu-Natal,KZN285 - Mthonjaneni [Melmoth],Ward 52805003,4059,44,2447,8,8,2011,60.28578467602858,True
KwaZulu-Natal,KZN285 - Mthonjaneni [Melmoth],Ward 52805004,3361,33,2147,9,9,2011,63.879797679262126,True
KwaZulu-Natal,KZN285 - Mthonjaneni [Melmoth],Ward 52805005,4162,35,2622,9,9,2011,62.99855838539163,True
KwaZulu-Natal,KZN285 - Mthonjaneni [Melmoth],Ward 52805006,3833,35,2412,6,6,2011,62.927211061831464,True
KwaZulu-Natal,KZN286 - Nkandla [Nkandla],Ward 52806001,4008,47,2404,8,8,2011,59.980039920159676,True
KwaZulu-Natal,KZN286 - Nkandla [Nkandla],Ward 52806002,3084,41,1862,5,5,2011,60.376134889753565,True
KwaZulu-Natal,KZN286 - Nkandla [Nkandla],Ward 52806003,3235,34,1957,6,6,2011,60.49459041731067,True
KwaZulu-Natal,KZN286 - Nkandla [Nkandla],Ward 52806004,3366,49,2013,4,4,2011,59.80392156862745,True
KwaZulu-Natal,KZN286 - Nkandla [Nkandla],Ward 52806005,3773,34,2336,4,4,2011,61.91359660747416,True
KwaZulu-Natal,KZN286 - Nkandla [Nkandla],Ward 52806006,3664,35,2345,5,5,2011,64.00109170305677,True
KwaZulu-Natal,KZN286 - Nkandla [Nkandla],Ward 52806007,3317,37,2056,7,7,2011,61.983720229122696,True
KwaZulu-Natal,KZN286 - Nkandla [Nkandla],Ward 52806008,3381,23,1851,5,5,2011,54.74711623779947,True
KwaZulu-Natal,KZN286 - Nkandla [Nkandla],Ward 52806009,3232,45,1881,6,6,2011,58.19925742574258,True
KwaZulu-Natal,KZN286 - Nkandla [Nkandla],Ward 52806010,3610,29,2127,7,7,2011,58.9196675900277,True
KwaZulu-Natal,KZN286 - Nkandla [Nkandla],Ward 52806011,3101,40,1949,6,6,2011,62.85069332473395,True
KwaZulu-Natal,KZN286 - Nkandla [Nkandla],Ward 52806012,3671,35,2240,10,10,2011,61.01879596840099,True
KwaZulu-Natal,KZN286 - Nkandla [Nkandla],Ward 52806013,3892,35,2333,5,5,2011,59.943473792394656,True
KwaZulu-Natal,KZN286 - Nkandla [Nkandla],Ward 52806014,3908,46,2260,7,7,2011,57.83009211873081,True
KwaZulu-Natal,KZN291 - Mandeni [Mandeni],Ward 52901001,3789,46,2583,5,5,2011,68.17102137767222,True
KwaZulu-Natal,KZN291 - Mandeni [Mandeni],Ward 52901002,3658,46,2253,3,3,2011,61.59103335155823,True
KwaZulu-Natal,KZN291 - Mandeni [Mandeni],Ward 52901003,4254,55,2415,6,6,2011,56.77009873060649,True
KwaZulu-Natal,KZN291 - Mandeni [Mandeni],Ward 52901004,3769,26,2287,4,4,2011,60.67922525868931,True
KwaZulu-Natal,KZN291 - Mandeni [Mandeni],Ward 52901005,3606,37,2166,4,4,2011,60.06655574043261,True
KwaZulu-Natal,KZN291 - Mandeni [Mandeni],Ward 52901006,3388,47,2151,4,4,2011,63.488783943329395,True
KwaZulu-Natal,KZN291 - Mandeni [Mandeni],Ward 52901007,3731,41,2047,2,2,2011,54.86464754757437,True
KwaZulu-Natal,KZN291 - Mandeni [Mandeni],Ward 52901008,4021,37,2442,4,4,2011,60.73116140263616,True
KwaZulu-Natal,KZN291 - Mandeni [Mandeni],Ward 52901009,3826,51,2350,4,4,2011,61.42185049660219,True
KwaZulu-Natal,KZN291 - Mandeni [Mandeni],Ward 52901010,3495,41,1952,3,3,2011,55.85121602288984,True
KwaZulu-Natal,KZN291 - Mandeni [Mandeni],Ward 52901011,4401,94,2973,3,3,2011,67.55282890252215,True
KwaZulu-Natal,KZN291 - Mandeni [Mandeni],Ward 52901012,3701,54,2232,3,3,2011,60.308024858146446,True
KwaZulu-Natal,KZN291 - Mandeni [Mandeni],Ward 52901013,2864,18,1391,1,1,2011,48.56843575418994,True
KwaZulu-Natal,KZN291 - Mandeni [Mandeni],Ward 52901014,3479,29,1852,2,2,2011,53.23368784133372,True
KwaZulu-Natal,KZN291 - Mandeni [Mandeni],Ward 52901015,3324,26,1712,2,2,2011,51.50421179302046,True
KwaZulu-Natal,KZN291 - Mandeni [Mandeni],Ward 52901016,3884,44,2323,3,3,2011,59.809474768280126,True
KwaZulu-Natal,KZN291 - Mandeni [Mandeni],Ward 52901017,3207,28,1140,1,1,2011,35.547240411599624,True
KwaZulu-Natal,KZN292 - KwaDukuza [Stanger],Ward 52902001,3198,15,2089,4,4,2011,65.32207629768605,True
KwaZulu-Natal,KZN292 - KwaDukuza [Stanger],Ward 52902002,4468,77,2933,3,3,2011,65.64458370635631,True
KwaZulu-Natal,KZN292 - KwaDukuza [Stanger],Ward 52902003,3806,57,2142,4,4,2011,56.279558591697324,True
KwaZulu-Natal,KZN292 - KwaDukuza [Stanger],Ward 52902004,4084,30,2347,1,1,2011,57.46816846229187,True
KwaZulu-Natal,KZN292 - KwaDukuza [Stanger],Ward 52902005,3163,8,2447,2,2,2011,77.36326272526082,True
KwaZulu-Natal,KZN292 - KwaDukuza [Stanger],Ward 52902006,4232,7,2579,1,1,2011,60.94045368620038,True
KwaZulu-Natal,KZN292 - KwaDukuza [Stanger],Ward 52902007,3728,107,2455,3,3,2011,65.8530042918455,True
KwaZulu-Natal,KZN292 - KwaDukuza [Stanger],Ward 52902008,3797,34,2129,1,1,2011,56.07058203845141,True
KwaZulu-Natal,KZN292 - KwaDukuza [Stanger],Ward 52902009,3534,149,1942,3,3,2011,54.951895868704014,True
KwaZulu-Natal,KZN292 - KwaDukuza [Stanger],Ward 52902010,4759,49,3139,2,2,2011,65.95923513343139,True
KwaZulu-Natal,KZN292 - KwaDukuza [Stanger],Ward 52902011,3489,23,2389,4,4,2011,68.47234164517053,True
KwaZulu-Natal,KZN292 - KwaDukuza [Stanger],Ward 52902012,4299,41,2707,2,2,2011,62.96813212374971,True
KwaZulu-Natal,KZN292 - KwaDukuza [Stanger],Ward 52902013,4923,66,2681,2,2,2011,54.458663416615885,True
KwaZulu-Natal,KZN292 - KwaDukuza [Stanger],Ward 52902014,3875,68,2446,1,1,2011,63.122580645161285,True
KwaZulu-Natal,KZN292 - KwaDukuza [Stanger],Ward 52902015,4222,46,2632,2,2,2011,62.34012316437707,True
KwaZulu-Natal,KZN292 - KwaDukuza [Stanger],Ward 52902016,4066,34,2116,2,2,2011,52.04131824889326,True
KwaZulu-Natal,KZN292 - KwaDukuza [Stanger],Ward 52902017,3844,40,1995,2,2,2011,51.899063475546306,True
KwaZulu-Natal,KZN292 - KwaDukuza [Stanger],Ward 52902018,3893,75,2491,1,1,2011,63.986642692011294,True
KwaZulu-Natal,KZN292 - KwaDukuza [Stanger],Ward 52902019,4373,23,2325,2,2,2011,53.16716213126001,True
KwaZulu-Natal,KZN292 - KwaDukuza [Stanger],Ward 52902020,2684,40,1558,1,1,2011,58.04769001490313,True
KwaZulu-Natal,KZN292 - KwaDukuza [Stanger],Ward 52902021,3261,90,1860,3,3,2011,57.03771849126035,True
KwaZulu-Natal,KZN292 - KwaDukuza [Stanger],Ward 52902022,4412,55,3142,5,5,2011,71.21486854034451,True
KwaZulu-Natal,KZN292 - KwaDukuza [Stanger],Ward 52902023,4071,91,2634,2,2,2011,64.70154753131908,True
KwaZulu-Natal,KZN292 - KwaDukuza [Stanger],Ward 52902024,3683,43,2473,2,2,2011,67.14634808579962,True
KwaZulu-Natal,KZN292 - KwaDukuza [Stanger],Ward 52902025,3319,39,2145,4,4,2011,64.62789996987044,True
KwaZulu-Natal,KZN292 - KwaDukuza [Stanger],Ward 52902026,2687,49,1819,2,2,2011,67.69631559359881,True
KwaZulu-Natal,KZN292 - KwaDukuza [Stanger],Ward 52902027,3370,36,2143,4,4,2011,63.590504451038576,True
KwaZulu-Natal,KZN293 - Ndwedwe [Ndwedwe],Ward 52903001,3118,51,1768,5,5,2011,56.70301475304682,True
KwaZulu-Natal,KZN293 - Ndwedwe [Ndwedwe],Ward 52903002,3340,37,2091,7,7,2011,62.60479041916168,True
KwaZulu-Natal,KZN293 - Ndwedwe [Ndwedwe],Ward 52903003,3134,15,1784,7,7,2011,56.924058710912576,True
KwaZulu-Natal,KZN293 - Ndwedwe [Ndwedwe],Ward 52903004,2973,25,1805,4,4,2011,60.71308442650521,True
KwaZulu-Natal,KZN293 - Ndwedwe [Ndwedwe],Ward 52903005,2882,33,1638,4,4,2011,56.83553088133241,True
KwaZulu-Natal,KZN293 - Ndwedwe [Ndwedwe],Ward 52903006,3609,27,2239,4,4,2011,62.03934607924633,True
KwaZulu-Natal,KZN293 - Ndwedwe [Ndwedwe],Ward 52903007,2953,39,1878,6,6,2011,63.59634270233661,True
KwaZulu-Natal,KZN293 - Ndwedwe [Ndwedwe],Ward 52903008,2944,42,1840,4,4,2011,62.5,True
KwaZulu-Natal,KZN293 - Ndwedwe [Ndwedwe],Ward 52903009,3539,42,2134,4,4,2011,60.299519638315914,True
KwaZulu-Natal,KZN293 - Ndwedwe [Ndwedwe],Ward 52903010,3309,57,2266,6,6,2011,68.47990329404654,True
KwaZulu-Natal,KZN293 - Ndwedwe [Ndwedwe],Ward 52903011,3983,78,2818,6,6,2011,70.75069043434597,True
KwaZulu-Natal,KZN293 - Ndwedwe [Ndwedwe],Ward 52903012,3941,36,2898,5,5,2011,73.53463587921847,True
KwaZulu-Natal,KZN293 - Ndwedwe [Ndwedwe],Ward 52903013,3394,57,2104,5,5,2011,61.991750147318804,True
KwaZulu-Natal,KZN293 - Ndwedwe [Ndwedwe],Ward 52903014,3428,36,2198,5,5,2011,64.11901983663944,True
KwaZulu-Natal,KZN293 - Ndwedwe [Ndwedwe],Ward 52903015,3443,75,1933,5,5,2011,56.14289863491141,True
KwaZulu-Natal,KZN293 - Ndwedwe [Ndwedwe],Ward 52903016,2844,65,2377,7,7,2011,83.57946554149086,True
KwaZulu-Natal,KZN293 - Ndwedwe [Ndwedwe],Ward 52903017,3668,54,2205,6,6,2011,60.1145038167939,True
KwaZulu-Natal,KZN293 - Ndwedwe [Ndwedwe],Ward 52903018,3424,52,1915,5,5,2011,55.92873831775701,True
KwaZulu-Natal,KZN293 - Ndwedwe [Ndwedwe],Ward 52903019,3963,61,2502,9,9,2011,63.13398940196821,True
KwaZulu-Natal,KZN294 - Maphumulo [Maphumulo],Ward 52904001,4161,47,2446,6,6,2011,58.783946166786826,True
KwaZulu-Natal,KZN294 - Maphumulo [Maphumulo],Ward 52904002,3751,31,2409,10,10,2011,64.22287390029325,True
KwaZulu-Natal,KZN294 - Maphumulo [Maphumulo],Ward 52904003,3473,110,2079,10,10,2011,59.861790958825225,True
KwaZulu-Natal,KZN294 - Maphumulo [Maphumulo],Ward 52904004,4523,70,3052,8,8,2011,67.47733804996685,True
KwaZulu-Natal,KZN294 - Maphumulo [Maphumulo],Ward 52904005,3739,23,2419,7,7,2011,64.6964428991709,True
KwaZulu-Natal,KZN294 - Maphumulo [Maphumulo],Ward 52904006,3579,41,2111,10,10,2011,58.98295613299804,True
KwaZulu-Natal,KZN294 - Maphumulo [Maphumulo],Ward 52904007,3403,39,2078,8,8,2011,61.06376726417867,True
KwaZulu-Natal,KZN294 - Maphumulo [Maphumulo],Ward 52904008,4618,47,2916,13,13,2011,63.14421827631009,True
KwaZulu-Natal,KZN294 - Maphumulo [Maphumulo],Ward 52904009,4320,34,2809,10,10,2011,65.02314814814815,True
KwaZulu-Natal,KZN294 - Maphumulo [Maphumulo],Ward 52904010,3746,47,2333,4,4,2011,62.279765082754935,True
KwaZulu-Natal,KZN294 - Maphumulo [Maphumulo],Ward 52904011,3710,44,2224,10,10,2011,59.94609164420485,True
KwaZulu-Natal,KZN431 - Ingwe [Creighton],Ward 54301001,3979,120,2441,5,5,2011,61.34707212867555,False
KwaZulu-Natal,KZN431 - Ingwe [Creighton],Ward 54301002,3980,26,2800,6,6,2011,70.35175879396985,False
KwaZulu-Natal,KZN431 - Ingwe [Creighton],Ward 54301003,4191,39,2781,6,6,2011,66.35647816750179,False
KwaZulu-Natal,KZN431 - Ingwe [Creighton],Ward 54301004,3879,72,2639,3,3,2011,68.03299819541118,False
KwaZulu-Natal,KZN431 - Ingwe [Creighton],Ward 54301005,4069,73,2518,5,5,2011,61.882526419267634,False
KwaZulu-Natal,KZN431 - Ingwe [Creighton],Ward 54301006,4322,120,2587,8,8,2011,59.856547894493296,False
KwaZulu-Natal,KZN431 - Ingwe [Creighton],Ward 54301007,3702,46,2383,7,7,2011,64.37061048082117,False
KwaZulu-Natal,KZN431 - Ingwe [Creighton],Ward 54301008,4142,59,2438,6,6,2011,58.86045388701111,False
KwaZulu-Natal,KZN431 - Ingwe [Creighton],Ward 54301009,4053,74,2288,6,6,2011,56.45201085615593,False
KwaZulu-Natal,KZN431 - Ingwe [Creighton],Ward 54301010,4064,57,2390,6,6,2011,58.80905511811023,False
KwaZulu-Natal,KZN431 - Ingwe [Creighton],Ward 54301011,3756,40,2395,7,7,2011,63.76464323748669,False
KwaZulu-Natal,KZN432 - Kwa Sani [Underberg],Ward 54302001,1747,27,1123,5,5,2011,64.28162564396106,False
KwaZulu-Natal,KZN432 - Kwa Sani [Underberg],Ward 54302002,1726,21,1070,2,2,2011,61.993047508690616,False
KwaZulu-Natal,KZN432 - Kwa Sani [Underberg],Ward 54302003,2494,59,1365,1,1,2011,54.73135525260625,False
KwaZulu-Natal,KZN432 - Kwa Sani [Underberg],Ward 54302004,992,9,559,4,4,2011,56.3508064516129,False
KwaZulu-Natal,KZN433 - Greater Kokstad [Kokstad],Ward 54303001,5900,36,3158,2,2,2011,53.52542372881356,True
KwaZulu-Natal,KZN433 - Greater Kokstad [Kokstad],Ward 54303002,3904,67,2270,7,7,2011,58.145491803278695,True
KwaZulu-Natal,KZN433 - Greater Kokstad [Kokstad],Ward 54303003,4418,31,2011,2,2,2011,45.518334087822545,True
KwaZulu-Natal,KZN433 - Greater Kokstad [Kokstad],Ward 54303004,5899,76,2880,2,2,2011,48.821834209188,True
KwaZulu-Natal,KZN433 - Greater Kokstad [Kokstad],Ward 54303005,3323,43,1709,2,2,2011,51.42943123683419,True
KwaZulu-Natal,KZN433 - Greater Kokstad [Kokstad],Ward 54303006,4406,64,2707,9,9,2011,61.43894689060372,True
KwaZulu-Natal,KZN433 - Greater Kokstad [Kokstad],Ward 54303007,4687,65,2518,2,2,2011,53.723063793471304,True
KwaZulu-Natal,KZN433 - Greater Kokstad [Kokstad],Ward 54303008,4312,53,2685,2,2,2011,62.268089053803344,True
KwaZulu-Natal,KZN434 - Ubuhlebezwe [Ixopo],Ward 54304001,3160,47,2086,4,4,2011,66.01265822784809,True
KwaZulu-Natal,KZN434 - Ubuhlebezwe [Ixopo],Ward 54304002,3203,19,1622,4,4,2011,50.64002497658445,True
KwaZulu-Natal,KZN434 - Ubuhlebezwe [Ixopo],Ward 54304003,4348,94,2673,6,6,2011,61.47654093836247,True
KwaZulu-Natal,KZN434 - Ubuhlebezwe [Ixopo],Ward 54304004,3758,43,2125,3,3,2011,56.54603512506653,True
KwaZulu-Natal,KZN434 - Ubuhlebezwe [Ixopo],Ward 54304005,3474,48,2150,9,9,2011,61.88831318364997,True
KwaZulu-Natal,KZN434 - Ubuhlebezwe [Ixopo],Ward 54304006,3714,31,2334,3,3,2011,62.84329563812601,True
KwaZulu-Natal,KZN434 - Ubuhlebezwe [Ixopo],Ward 54304007,3639,17,1971,4,4,2011,54.16323165704864,True
KwaZulu-Natal,KZN434 - Ubuhlebezwe [Ixopo],Ward 54304008,4154,65,2396,6,6,2011,57.67934520943668,True
KwaZulu-Natal,KZN434 - Ubuhlebezwe [Ixopo],Ward 54304009,3825,46,2256,8,8,2011,58.98039215686275,True
KwaZulu-Natal,KZN434 - Ubuhlebezwe [Ixopo],Ward 54304010,3657,37,2089,6,6,2011,57.12332512988788,True
KwaZulu-Natal,KZN434 - Ubuhlebezwe [Ixopo],Ward 54304011,3639,45,2331,7,7,2011,64.0560593569662,True
KwaZulu-Natal,KZN434 - Ubuhlebezwe [Ixopo],Ward 54304012,4645,65,2684,7,7,2011,57.78256189451023,True
KwaZulu-Natal,KZN435 - Umzimkhulu [Umzimkulu],Ward 54305001,3987,41,2551,7,7,2011,63.982944569852016,True
KwaZulu-Natal,KZN435 - Umzimkhulu [Umzimkulu],Ward 54305002,4104,68,2481,6,6,2011,60.453216374269005,True
KwaZulu-Natal,KZN435 - Umzimkhulu [Umzimkulu],Ward 54305003,3492,18,2027,7,7,2011,58.04696449026346,True
KwaZulu-Natal,KZN435 - Umzimkhulu [Umzimkulu],Ward 54305004,3874,140,2224,6,6,2011,57.4083634486319,True
KwaZulu-Natal,KZN435 - Umzimkhulu [Umzimkulu],Ward 54305005,4032,47,2698,8,8,2011,66.91468253968253,True
KwaZulu-Natal,KZN435 - Umzimkhulu [Umzimkulu],Ward 54305006,3825,19,2496,9,9,2011,65.25490196078432,True
KwaZulu-Natal,KZN435 - Umzimkhulu [Umzimkulu],Ward 54305007,3927,31,2359,7,7,2011,60.071301247771835,True
KwaZulu-Natal,KZN435 - Umzimkhulu [Umzimkulu],Ward 54305008,3521,149,2104,8,8,2011,59.75575120704345,True
KwaZulu-Natal,KZN435 - Umzimkhulu [Umzimkulu],Ward 54305009,3353,19,2081,7,7,2011,62.06382344169401,True
KwaZulu-Natal,KZN435 - Umzimkhulu [Umzimkulu],Ward 54305010,4269,49,2668,11,11,2011,62.49707191379714,True
KwaZulu-Natal,KZN435 - Umzimkhulu [Umzimkulu],Ward 54305011,3407,24,1972,5,5,2011,57.880833577927795,True
KwaZulu-Natal,KZN435 - Umzimkhulu [Umzimkulu],Ward 54305012,3535,30,2119,9,9,2011,59.94342291371994,True
KwaZulu-Natal,KZN435 - Umzimkhulu [Umzimkulu],Ward 54305013,4361,35,2705,9,9,2011,62.02705801421692,True
KwaZulu-Natal,KZN435 - Umzimkhulu [Umzimkulu],Ward 54305014,4437,55,2784,6,6,2011,62.745098039215684,True
KwaZulu-Natal,KZN435 - Umzimkhulu [Umzimkulu],Ward 54305015,3886,35,2465,7,7,2011,63.43283582089553,True
KwaZulu-Natal,KZN435 - Umzimkhulu [Umzimkulu],Ward 54305016,3848,38,1849,4,4,2011,48.050935550935556,True
KwaZulu-Natal,KZN435 - Umzimkhulu [Umzimkulu],Ward 54305017,3622,34,2233,6,6,2011,61.6510215350635,True
KwaZulu-Natal,KZN435 - Umzimkhulu [Umzimkulu],Ward 54305018,4178,135,2526,11,11,2011,60.459550023934895,True
KwaZulu-Natal,KZN435 - Umzimkhulu [Umzimkulu],Ward 54305019,3745,55,2250,8,8,2011,60.08010680907877,True
KwaZulu-Natal,KZN435 - Umzimkhulu [Umzimkulu],Ward 54305020,3889,61,2371,7,7,2011,60.9668295191566,True
KwaZulu-Natal,ETH - eThekwini,Ward 59500001,17187,329,12679,12,12,2016,73.770873334497,True
KwaZulu-Natal,ETH - eThekwini,Ward 59500002,15903,215,10087,19,19,2016,63.42828397157769,True
KwaZulu-Natal,ETH - eThekwini,Ward 59500003,15544,247,9609,13,13,2016,61.818064848172924,True
KwaZulu-Natal,ETH - eThekwini,Ward 59500004,19368,423,12565,10,10,2016,64.87505163155721,True
KwaZulu-Natal,ETH - eThekwini,Ward 59500005,15202,236,9914,5,5,2016,65.21510327588476,True
KwaZulu-Natal,ETH - eThekwini,Ward 59500006,18013,163,10619,8,8,2016,58.95186809526452,True
KwaZulu-Natal,ETH - eThekwini,Ward 59500007,16130,203,10564,6,6,2016,65.49287042777433,True
KwaZulu-Natal,ETH - eThekwini,Ward 59500008,21114,244,13138,13,13,2016,62.22411669982002,True
KwaZulu-Natal,ETH - eThekwini,Ward 59500009,20532,219,13918,11,11,2016,67.78686927722579,True
KwaZulu-Natal,ETH - eThekwini,Ward 59500010,16102,64,11332,7,7,2016,70.37635076388027,True
KwaZulu-Natal,ETH - eThekwini,Ward 59500011,18258,233,9789,7,7,2016,53.61485376273415,True
KwaZulu-Natal,ETH - eThekwini,Ward 59500012,17139,176,10421,7,7,2016,60.80284730731081,True
KwaZulu-Natal,ETH - eThekwini,Ward 59500013,15923,131,9293,6,6,2016,58.36211769138981,True
KwaZulu-Natal,ETH - eThekwini,Ward 59500014,19425,367,11702,8,8,2016,60.24195624195624,True
KwaZulu-Natal,ETH - eThekwini,Ward 59500015,19497,536,10627,7,7,2016,54.50582140842181,True
KwaZulu-Natal,ETH - eThekwini,Ward 59500016,19469,317,11998,7,7,2016,61.62617494478402,True
KwaZulu-Natal,ETH - eThekwini,Ward 59500017,17171,150,10173,7,7,2016,59.24523906586687,True
KwaZulu-Natal,ETH - eThekwini,Ward 59500018,19286,97,12200,5,5,2016,63.25832209893186,True
KwaZulu-Natal,ETH - eThekwini,Ward 59500019,19490,447,12014,8,8,2016,61.64186762442279,True
KwaZulu-Natal,ETH - eThekwini,Ward 59500020,16636,213,10548,7,7,2016,63.40466458283242,True
KwaZulu-Natal,ETH - eThekwini,Ward 59500021,18020,102,10797,6,6,2016,59.91675915649278,True
KwaZulu-Natal,ETH - eThekwini,Ward 59500022,17889,148,10534,6,6,2016,58.885348538207836,True
KwaZulu-Natal,ETH - eThekwini,Ward 59500023,20789,194,11771,8,8,2016,56.621290105344166,True
KwaZulu-Natal,ETH - eThekwini,Ward 59500024,19462,103,11783,6,6,2016,60.54362347138012,True
KwaZulu-Natal,ETH - eThekwini,Ward 59500025,20155,47,11084,9,9,2016,54.99379806499628,True
KwaZulu-Natal,ETH - eThekwini,Ward 59500026,15224,43,6150,5,5,2016,40.39674198633737,True
KwaZulu-Natal,ETH - eThekwini,Ward 59500027,14908,25,8582,7,7,2016,57.56640729809498,True
KwaZulu-Natal,ETH - eThekwini,Ward 59500028,16419,76,6366,5,5,2016,38.772154211584144,True
KwaZulu-Natal,ETH - eThekwini,Ward 59500029,18318,70,10247,5,5,2016,55.9395130472759,True
KwaZulu-Natal,ETH - eThekwini,Ward 59500030,19880,42,11375,8,8,2016,57.21830985915493,True
KwaZulu-Natal,ETH - eThekwini,Ward 59500031,19297,65,11215,8,8,2016,58.11784215162979,True
KwaZulu-Natal,ETH - eThekwini,Ward 59500032,17859,93,7255,5,5,2016,40.62377512738675,True
KwaZulu-Natal,ETH - eThekwini,Ward 59500033,18530,103,10160,8,8,2016,54.830005396654066,True
KwaZulu-Natal,ETH - eThekwini,Ward 59500034,18106,95,10953,7,7,2016,60.49375897492544,True
KwaZulu-Natal,ETH - eThekwini,Ward 59500035,18100,95,12430,6,6,2016,68.67403314917127,True
KwaZulu-Natal,ETH - eThekwini,Ward 59500036,17928,44,11661,5,5,2016,65.04350736278447,True
KwaZulu-Natal,ETH - eThekwini,Ward 59500037,19423,110,11014,7,7,2016,56.70596715234516,True
KwaZulu-Natal,ETH - eThekwini,Ward 59500038,17082,249,9670,8,8,2016,56.609296335323734,True
KwaZulu-Natal,ETH - eThekwini,Ward 59500039,19298,51,9098,5,5,2016,47.14478184267799,True
KwaZulu-Natal,ETH - eThekwini,Ward 59500040,18336,227,10980,7,7,2016,59.882198952879584,True
KwaZulu-Natal,ETH - eThekwini,Ward 59500041,14943,98,8357,5,5,2016,55.92585156929666,True
KwaZulu-Natal,ETH - eThekwini,Ward 59500042,14542,267,8862,7,7,2016,60.940723421812685,True
KwaZulu-Natal,ETH - eThekwini,Ward 59500043,14992,270,9163,7,7,2016,61.1192636072572,True
KwaZulu-Natal,ETH - eThekwini,Ward 59500044,15361,236,9308,7,7,2016,60.59501334548531,True
KwaZulu-Natal,ETH - eThekwini,Ward 59500045,15032,370,8939,7,7,2016,59.466471527408196,True
KwaZulu-Natal,ETH - eThekwini,Ward 59500046,13089,174,6005,6,6,2016,45.878218351287344,True
KwaZulu-Natal,ETH - eThekwini,Ward 59500047,14466,93,8620,7,7,2016,59.587999446979126,True
KwaZulu-Natal,ETH - eThekwini,Ward 59500048,18482,136,10538,8,8,2016,57.01763878368142,True
KwaZulu-Natal,ETH - eThekwini,Ward 59500049,19696,132,11309,9,9,2016,57.41774979691308,True
KwaZulu-Natal,ETH - eThekwini,Ward 59500050,17590,101,10598,9,9,2016,60.250142126208075,True
KwaZulu-Natal,ETH - eThekwini,Ward 59500051,20096,197,12151,9,9,2016,60.46476910828026,True
KwaZulu-Natal,ETH - eThekwini,Ward 59500052,18508,212,10630,8,8,2016,57.434622865787766,True
KwaZulu-Natal,ETH - eThekwini,Ward 59500053,17483,184,9688,5,5,2016,55.413830578276034,True
KwaZulu-Natal,ETH - eThekwini,Ward 59500054,14610,170,8501,6,6,2016,58.18617385352498,True
KwaZulu-Natal,ETH - eThekwini,Ward 59500055,16910,314,10169,8,8,2016,60.13601419278534,True
KwaZulu-Natal,ETH - eThekwini,Ward 59500056,15036,171,9570,9,9,2016,63.64724660814046,True
KwaZulu-Natal,ETH - eThekwini,Ward 59500057,18526,238,11187,7,7,2016,60.38540429666415,True
KwaZulu-Natal,ETH - eThekwini,Ward 59500058,17968,113,11321,12,12,2016,63.00645592163847,True
KwaZulu-Natal,ETH - eThekwini,Ward 59500059,16602,135,10482,10,10,2016,63.13697144922299,True
KwaZulu-Natal,ETH - eThekwini,Ward 59500060,16989,108,10029,5,5,2016,59.03231502737065,True
KwaZulu-Natal,ETH - eThekwini,Ward 59500061,17208,150,9349,10,10,2016,54.32938168293817,True
KwaZulu-Natal,ETH - eThekwini,Ward 59500062,16722,236,9266,8,8,2016,55.4120320535821,True
KwaZulu-Natal,ETH - eThekwini,Ward 59500063,18437,59,11735,7,7,2016,63.649183706676794,True
KwaZulu-Natal,ETH - eThekwini,Ward 59500064,19037,49,10901,8,8,2016,57.26217366181646,True
KwaZulu-Natal,ETH - eThekwini,Ward 59500065,19821,102,12271,7,7,2016,61.90908632258716,True
KwaZulu-Natal,ETH - eThekwini,Ward 59500066,17986,54,11070,7,7,2016,61.54787056599578,True
KwaZulu-Natal,ETH - eThekwini,Ward 59500067,15894,196,9425,9,9,2016,59.29910658109978,True
KwaZulu-Natal,ETH - eThekwini,Ward 59500068,19449,145,11488,9,9,2016,59.06730423158003,True
KwaZulu-Natal,ETH - eThekwini,Ward 59500069,17647,166,12016,8,8,2016,68.09089363631212,True
KwaZulu-Natal,ETH - eThekwini,Ward 59500070,19408,125,11474,12,12,2016,59.1199505358615,True
KwaZulu-Natal,ETH - eThekwini,Ward 59500071,21006,147,11342,6,6,2016,53.994096924688186,True
KwaZulu-Natal,ETH - eThekwini,Ward 59500072,17092,151,9731,6,6,2016,56.933068102036046,True
KwaZulu-Natal,ETH - eThekwini,Ward 59500073,19111,123,10806,10,10,2016,56.54335199623254,True
KwaZulu-Natal,ETH - eThekwini,Ward 59500074,15050,307,8252,6,6,2016,54.83056478405316,True
KwaZulu-Natal,ETH - eThekwini,Ward 59500075,15966,117,8697,5,5,2016,54.47200300638858,True
KwaZulu-Natal,ETH - eThekwini,Ward 59500076,14187,66,6367,5,5,2016,44.879114682455764,True
KwaZulu-Natal,ETH - eThekwini,Ward 59500077,16178,135,9490,7,7,2016,58.65990851774014,True
KwaZulu-Natal,ETH - eThekwini,Ward 59500078,18497,123,9757,7,7,2016,52.74909444774828,True
KwaZulu-Natal,ETH - eThekwini,Ward 59500079,20213,333,10766,6,6,2016,53.26275169445407,True
KwaZulu-Natal,ETH - eThekwini,Ward 59500080,15546,182,8857,6,6,2016,56.97285475363437,True
KwaZulu-Natal,ETH - eThekwini,Ward 59500081,15236,225,7933,8,8,2016,52.06747177736939,True
KwaZulu-Natal,ETH - eThekwini,Ward 59500082,18738,201,9765,8,8,2016,52.1133525456292,True
KwaZulu-Natal,ETH - eThekwini,Ward 59500083,17479,224,9556,8,8,2016,54.671319869557756,True
KwaZulu-Natal,ETH - eThekwini,Ward 59500084,18198,174,9402,9,9,2016,51.66501813386086,True
KwaZulu-Natal,ETH - eThekwini,Ward 59500085,16401,231,8763,7,7,2016,53.429668922626675,True
KwaZulu-Natal,ETH - eThekwini,Ward 59500086,16158,145,8947,6,6,2016,55.371951974254245,True
KwaZulu-Natal,ETH - eThekwini,Ward 59500087,14705,124,7323,5,5,2016,49.799387963277795,True
KwaZulu-Natal,ETH - eThekwini,Ward 59500088,17203,100,8290,7,7,2016,48.189269313491835,True
KwaZulu-Natal,ETH - eThekwini,Ward 59500089,15634,260,8255,4,4,2016,52.8015862862991,True
KwaZulu-Natal,ETH - eThekwini,Ward 59500090,18855,106,10578,8,8,2016,56.10182975338106,True
KwaZulu-Natal,ETH - eThekwini,Ward 59500091,15369,167,9575,9,9,2016,62.300735246274975,True
KwaZulu-Natal,ETH - eThekwini,Ward 59500092,18887,348,11184,7,7,2016,59.21533329803569,True
KwaZulu-Natal,ETH - eThekwini,Ward 59500093,16813,86,9910,7,7,2016,58.94248498185928,True
KwaZulu-Natal,ETH - eThekwini,Ward 59500094,17729,212,10664,9,9,2016,60.15003666309436,True
KwaZulu-Natal,ETH - eThekwini,Ward 59500095,19359,331,11772,6,6,2016,60.80892608089261,True
KwaZulu-Natal,ETH - eThekwini,Ward 59500096,17883,290,11181,17,17,2016,62.52306659956383,True
KwaZulu-Natal,ETH - eThekwini,Ward 59500097,15646,48,10036,4,4,2016,64.14419020835996,True
KwaZulu-Natal,ETH - eThekwini,Ward 59500098,17135,218,10614,9,9,2016,61.943390720747004,True
KwaZulu-Natal,ETH - eThekwini,Ward 59500099,15493,173,8175,10,10,2016,52.765765184276766,True
KwaZulu-Natal,ETH - eThekwini,Ward 59500100,19518,639,13162,21,21,2016,67.43518803156061,True
KwaZulu-Natal,ETH - eThekwini,Ward 59500101,16754,100,8568,5,5,2016,51.1400262623851,True
KwaZulu-Natal,ETH - eThekwini,Ward 59500102,17345,161,11142,7,7,2016,64.23753243009513,True
KwaZulu-Natal,ETH - eThekwini,Ward 59500103,16915,289,11137,11,11,2016,65.84096955365061,True
KwaZulu-Natal,ETH - eThekwini,Ward 59500104,15475,174,9132,7,7,2016,59.011308562197094,False
KwaZulu-Natal,ETH - eThekwini,Ward 59500105,16761,328,10025,28,28,2016,59.811467096235305,False
KwaZulu-Natal,ETH - eThekwini,Ward 59500106,16644,318,9853,8,8,2016,59.19850997356405,False
KwaZulu-Natal,ETH - eThekwini,Ward 59500107,15620,363,9660,6,6,2016,61.8437900128041,False
KwaZulu-Natal,ETH - eThekwini,Ward 59500108,15605,189,9843,8,8,2016,63.07593719961551,False
KwaZulu-Natal,ETH - eThekwini,Ward 59500109,19053,275,10430,8,8,2016,54.74203537500656,False
KwaZulu-Natal,ETH - eThekwini,Ward 59500110,19325,122,11376,5,5,2016,58.86675291073738,False
KwaZulu-Natal,KZN212 - Umdoni,Ward 52102001,4244,89,2627,11,11,2016,61.89915174363808,True
KwaZulu-Natal,KZN212 - Umdoni,Ward 52102002,3178,52,1794,8,8,2016,56.450597860289484,True
KwaZulu-Natal,KZN212 - Umdoni,Ward 52102003,4064,99,2456,5,5,2016,60.43307086614173,True
KwaZulu-Natal,KZN212 - Umdoni,Ward 52102004,3642,64,2181,7,7,2016,59.88467874794069,True
KwaZulu-Natal,KZN212 - Umdoni,Ward 52102005,4010,142,2441,5,5,2016,60.872817955112225,True
KwaZulu-Natal,KZN212 - Umdoni,Ward 52102006,4286,91,2374,7,7,2016,55.389640690620624,True
KwaZulu-Natal,KZN212 - Umdoni,Ward 52102007,4153,43,2547,4,4,2016,61.329159643631115,True
KwaZulu-Natal,KZN212 - Umdoni,Ward 52102008,5818,122,3142,4,4,2016,54.00481265039533,True
KwaZulu-Natal,KZN212 - Umdoni,Ward 52102009,2187,14,1257,2,2,2016,57.475994513031544,True
KwaZulu-Natal,KZN212 - Umdoni,Ward 52102010,2665,3,1816,1,1,2016,68.14258911819887,True
KwaZulu-Natal,KZN212 - Umdoni,Ward 52102011,3398,45,1788,4,4,2016,52.61918775750441,False
KwaZulu-Natal,KZN212 - Umdoni,Ward 52102012,3573,90,2281,3,3,2016,63.839910439406665,False
KwaZulu-Natal,KZN212 - Umdoni,Ward 52102013,3451,44,1729,1,1,2016,50.10141987829615,False
KwaZulu-Natal,KZN212 - Umdoni,Ward 52102014,4094,59,2288,3,3,2016,55.8866634098681,False
KwaZulu-Natal,KZN212 - Umdoni,Ward 52102015,4984,38,2968,2,2,2016,59.55056179775281,False
KwaZulu-Natal,KZN212 - Umdoni,Ward 52102016,3172,63,1731,3,3,2016,54.571248423707445,False
KwaZulu-Natal,KZN212 - Umdoni,Ward 52102017,3379,65,1852,2,2,2016,54.809115122817396,False
KwaZulu-Natal,KZN212 - Umdoni,Ward 52102018,3572,29,2277,7,7,2016,63.745800671892496,False
KwaZulu-Natal,KZN212 - Umdoni,Ward 52102019,4010,55,2497,7,7,2016,62.26932668329177,False
KwaZulu-Natal,KZN213 - Umzumbe,Ward 52103001,3565,34,2049,7,7,2016,57.47545582047686,True
KwaZulu-Natal,KZN213 - Umzumbe,Ward 52103002,3847,65,1828,6,6,2016,47.51754613984923,True
KwaZulu-Natal,KZN213 - Umzumbe,Ward 52103003,4389,78,2541,8,8,2016,57.89473684210527,True
KwaZulu-Natal,KZN213 - Umzumbe,Ward 52103004,3977,47,2323,7,7,2016,58.410862459140056,True
KwaZulu-Natal,KZN213 - Umzumbe,Ward 52103005,4380,93,2143,7,7,2016,48.926940639269404,True
KwaZulu-Natal,KZN213 - Umzumbe,Ward 52103006,3380,26,1960,7,7,2016,57.98816568047337,True
KwaZulu-Natal,KZN213 - Umzumbe,Ward 52103007,4297,88,2467,9,9,2016,57.412148010239704,True
KwaZulu-Natal,KZN213 - Umzumbe,Ward 52103008,4087,57,2406,5,5,2016,58.86958649376071,True
KwaZulu-Natal,KZN213 - Umzumbe,Ward 52103009,4072,82,1998,6,6,2016,49.06679764243615,True
KwaZulu-Natal,KZN213 - Umzumbe,Ward 52103010,3911,57,2056,2,2,2016,52.569675274865766,True
KwaZulu-Natal,KZN213 - Umzumbe,Ward 52103011,3617,48,2302,5,5,2016,63.643903787669345,True
KwaZulu-Natal,KZN213 - Umzumbe,Ward 52103012,3806,74,2127,8,8,2016,55.88544403573306,True
KwaZulu-Natal,KZN213 - Umzumbe,Ward 52103013,3761,40,2057,6,6,2016,54.692900824248866,True
KwaZulu-Natal,KZN213 - Umzumbe,Ward 52103014,3726,55,2133,6,6,2016,57.2463768115942,True
KwaZulu-Natal,KZN213 - Umzumbe,Ward 52103015,4565,72,2489,6,6,2016,54.5235487404162,True
KwaZulu-Natal,KZN213 - Umzumbe,Ward 52103016,4108,167,2347,8,8,2016,57.13242453748782,True
KwaZulu-Natal,KZN213 - Umzumbe,Ward 52103017,3486,23,1943,3,3,2016,55.73723465289731,True
KwaZulu-Natal,KZN213 - Umzumbe,Ward 52103018,3784,56,2293,4,4,2016,60.59725158562368,True
KwaZulu-Natal,KZN213 - Umzumbe,Ward 52103019,3834,58,2195,3,3,2016,57.250912884715696,True
KwaZulu-Natal,KZN213 - Umzumbe,Ward 52103020,3635,24,2175,5,5,2016,59.83493810178817,False
KwaZulu-Natal,KZN214 - UMuziwabantu,Ward 52104001,4198,56,2103,7,7,2016,50.09528346831824,True
KwaZulu-Natal,KZN214 - UMuziwabantu,Ward 52104002,5708,82,3675,10,10,2016,64.38332165381921,True
KwaZulu-Natal,KZN214 - UMuziwabantu,Ward 52104003,5484,64,2772,3,3,2016,50.54704595185996,True
KwaZulu-Natal,KZN214 - UMuziwabantu,Ward 52104004,3911,68,2503,4,4,2016,63.998977243671696,True
KwaZulu-Natal,KZN214 - UMuziwabantu,Ward 52104005,4801,125,2721,6,6,2016,56.67569256404915,True
KwaZulu-Natal,KZN214 - UMuziwabantu,Ward 52104006,4086,75,2635,3,3,2016,64.48849730788056,True
KwaZulu-Natal,KZN214 - UMuziwabantu,Ward 52104007,4501,7,2876,6,6,2016,63.896911797378365,True
KwaZulu-Natal,KZN214 - UMuziwabantu,Ward 52104008,4273,56,2679,4,4,2016,62.69599812777907,True
KwaZulu-Natal,KZN214 - UMuziwabantu,Ward 52104009,5361,60,3573,6,6,2016,66.64801343033017,True
KwaZulu-Natal,KZN214 - UMuziwabantu,Ward 52104010,3696,60,2373,7,7,2016,64.20454545454545,True
KwaZulu-Natal,KZN216 - Hibiscus Coast,Ward 52106001,5626,49,3334,5,5,2016,59.2605758976182,True
KwaZulu-Natal,KZN216 - Hibiscus Coast,Ward 52106002,3620,23,2106,2,2,2016,58.17679558011049,True
KwaZulu-Natal,KZN216 - Hibiscus Coast,Ward 52106003,4710,66,2739,3,3,2016,58.152866242038215,True
KwaZulu-Natal,KZN216 - Hibiscus Coast,Ward 52106004,5287,69,3086,4,4,2016,58.369585776432764,True
KwaZulu-Natal,KZN216 - Hibiscus Coast,Ward 52106005,5159,31,2918,3,3,2016,56.561349098662525,True
KwaZulu-Natal,KZN216 - Hibiscus Coast,Ward 52106006,5219,28,2832,2,2,2016,54.263268825445486,True
KwaZulu-Natal,KZN216 - Hibiscus Coast,Ward 52106007,5800,77,4021,5,5,2016,69.32758620689656,True
KwaZulu-Natal,KZN216 - Hibiscus Coast,Ward 52106008,4091,73,2644,5,5,2016,64.62967489611341,True
KwaZulu-Natal,KZN216 - Hibiscus Coast,Ward 52106009,6094,54,4044,4,4,2016,66.36035444699705,True
KwaZulu-Natal,KZN216 - Hibiscus Coast,Ward 52106010,5737,35,3317,5,5,2016,57.81767474289698,True
KwaZulu-Natal,KZN216 - Hibiscus Coast,Ward 52106011,3772,40,2292,4,4,2016,60.76352067868505,True
KwaZulu-Natal,KZN216 - Hibiscus Coast,Ward 52106012,4672,35,2771,2,2,2016,59.31078767123288,True
KwaZulu-Natal,KZN216 - Hibiscus Coast,Ward 52106013,3991,53,2378,5,5,2016,59.584064144324735,True
KwaZulu-Natal,KZN216 - Hibiscus Coast,Ward 52106014,5459,74,3491,6,6,2016,63.94944128961348,True
KwaZulu-Natal,KZN216 - Hibiscus Coast,Ward 52106015,4459,88,2592,6,6,2016,58.12962547656425,True
KwaZulu-Natal,KZN216 - Hibiscus Coast,Ward 52106016,4649,14,2907,3,3,2016,62.52957625295763,True
KwaZulu-Natal,KZN216 - Hibiscus Coast,Ward 52106017,4622,19,2822,4,4,2016,61.055819991345736,True
KwaZulu-Natal,KZN216 - Hibiscus Coast,Ward 52106018,4364,10,2308,2,2,2016,52.887259395050414,True
KwaZulu-Natal,KZN216 - Hibiscus Coast,Ward 52106019,4326,0,2798,1,1,2016,64.6786870087841,True
KwaZulu-Natal,KZN216 - Hibiscus Coast,Ward 52106020,6597,207,3373,7,7,2016,51.129301197514025,True
KwaZulu-Natal,KZN216 - Hibiscus Coast,Ward 52106021,4606,24,2776,5,5,2016,60.26921406860617,True
KwaZulu-Natal,KZN216 - Hibiscus Coast,Ward 52106022,4509,127,2602,5,5,2016,57.70680860501219,True
KwaZulu-Natal,KZN216 - Hibiscus Coast,Ward 52106023,4327,38,2346,4,4,2016,54.21770279639473,True
KwaZulu-Natal,KZN216 - Hibiscus Coast,Ward 52106024,5417,52,3270,6,6,2016,60.365515968248104,True
KwaZulu-Natal,KZN216 - Hibiscus Coast,Ward 52106025,4855,80,3125,5,5,2016,64.36663233779608,True
KwaZulu-Natal,KZN216 - Hibiscus Coast,Ward 52106026,3373,41,2297,2,2,2016,68.09961458642158,True
KwaZulu-Natal,KZN216 - Hibiscus Coast,Ward 52106027,4905,9,2609,2,2,2016,53.19062181447502,True
KwaZulu-Natal,KZN216 - Hibiscus Coast,Ward 52106028,3911,47,2508,4,4,2016,64.1268217847098,True
KwaZulu-Natal,KZN216 - Hibiscus Coast,Ward 52106029,5133,51,2945,6,6,2016,57.373855445158775,True
KwaZulu-Natal,KZN216 - Hibiscus Coast,Ward 52106030,4169,48,2699,7,7,2016,64.73974574238427,False
KwaZulu-Natal,KZN216 - Hibiscus Coast,Ward 52106031,4647,65,2886,4,4,2016,62.104583602324084,False
KwaZulu-Natal,KZN216 - Hibiscus Coast,Ward 52106032,4598,127,2694,6,6,2016,58.59069160504568,False
KwaZulu-Natal,KZN216 - Hibiscus Coast,Ward 52106033,4198,72,2624,5,5,2016,62.50595521676989,False
KwaZulu-Natal,KZN216 - Hibiscus Coast,Ward 52106034,4218,20,2534,8,8,2016,60.07586533902324,False
KwaZulu-Natal,KZN216 - Hibiscus Coast,Ward 52106035,5013,33,2994,7,7,2016,59.72471573907839,False
KwaZulu-Natal,KZN216 - Hibiscus Coast,Ward 52106036,4716,58,2796,7,7,2016,59.28753180661578,False
KwaZulu-Natal,KZN221 - uMshwathi,Ward 52201001,4463,71,3205,7,7,2016,71.8126820524311,True
KwaZulu-Natal,KZN221 - uMshwathi,Ward 52201002,3901,62,2316,3,3,2016,59.3693924634709,True
KwaZulu-Natal,KZN221 - uMshwathi,Ward 52201003,4848,70,3207,4,4,2016,66.1509900990099,True
KwaZulu-Natal,KZN221 - uMshwathi,Ward 52201004,3796,44,2471,6,6,2016,65.09483667017913,True
KwaZulu-Natal,KZN221 - uMshwathi,Ward 52201005,3615,25,2242,4,4,2016,62.01936376210235,True
KwaZulu-Natal,KZN221 - uMshwathi,Ward 52201006,4154,60,2787,6,6,2016,67.09195955705344,True
KwaZulu-Natal,KZN221 - uMshwathi,Ward 52201007,3962,22,2803,3,3,2016,70.74709742554266,True
KwaZulu-Natal,KZN221 - uMshwathi,Ward 52201008,4041,23,2675,4,4,2016,66.1964860183123,True
KwaZulu-Natal,KZN221 - uMshwathi,Ward 52201009,4094,61,2780,2,2,2016,67.90425012212995,True
KwaZulu-Natal,KZN221 - uMshwathi,Ward 52201010,4439,55,2844,5,5,2016,64.06848389276864,True
KwaZulu-Natal,KZN221 - uMshwathi,Ward 52201011,4173,79,2915,5,5,2016,69.85382219027079,True
KwaZulu-Natal,KZN221 - uMshwathi,Ward 52201012,3877,44,2663,5,5,2016,68.68712922362651,True
KwaZulu-Natal,KZN221 - uMshwathi,Ward 52201013,3649,46,2397,4,4,2016,65.68922992600712,True
KwaZulu-Natal,KZN221 - uMshwathi,Ward 52201014,2834,55,1782,4,4,2016,62.879322512350036,False
KwaZulu-Natal,KZN222 - uMngeni,Ward 52202001,3864,52,2282,2,2,2016,59.05797101449275,True
KwaZulu-Natal,KZN222 - uMngeni,Ward 52202002,3717,11,2419,2,2,2016,65.07936507936508,True
KwaZulu-Natal,KZN222 - uMngeni,Ward 52202003,3572,16,2221,6,6,2016,62.17805151175811,True
KwaZulu-Natal,KZN222 - uMngeni,Ward 52202004,3689,10,2261,3,3,2016,61.29032258064516,True
KwaZulu-Natal,KZN222 - uMngeni,Ward 52202005,3327,11,2621,3,3,2016,78.77968139464984,True
KwaZulu-Natal,KZN222 - uMngeni,Ward 52202006,5000,28,3796,4,4,2016,75.92,True
KwaZulu-Natal,KZN222 - uMngeni,Ward 52202007,4292,15,3152,3,3,2016,73.43895619757689,True
KwaZulu-Natal,KZN222 - uMngeni,Ward 52202008,5690,18,3724,3,3,2016,65.4481546572935,True
KwaZulu-Natal,KZN222 - uMngeni,Ward 52202009,5221,61,3400,6,6,2016,65.12162420992146,True
KwaZulu-Natal,KZN222 - uMngeni,Ward 52202010,3699,5,2546,2,2,2016,68.8294133549608,True
KwaZulu-Natal,KZN222 - uMngeni,Ward 52202011,4275,21,2879,3,3,2016,67.34502923976609,True
KwaZulu-Natal,KZN222 - uMngeni,Ward 52202012,5218,49,3449,3,3,2016,66.09812188577999,True
KwaZulu-Natal,KZN223 - Mooi Mpofana,Ward 52203001,2846,11,1811,4,4,2016,63.63316936050597,True
KwaZulu-Natal,KZN223 - Mooi Mpofana,Ward 52203002,2662,21,1563,7,7,2016,58.7152516904583,True
KwaZulu-Natal,KZN223 - Mooi Mpofana,Ward 52203003,3351,19,2184,3,3,2016,65.17457475380483,True
KwaZulu-Natal,KZN223 - Mooi Mpofana,Ward 52203004,3320,52,2156,7,7,2016,64.93975903614458,True
KwaZulu-Natal,KZN223 - Mooi Mpofana,Ward 52203005,3961,12,2443,4,4,2016,61.676344357485476,False
KwaZulu-Natal,KZN224 - Impendle,Ward 52204001,3895,55,2747,9,9,2016,70.52631578947368,True
KwaZulu-Natal,KZN224 - Impendle,Ward 52204002,4401,54,2897,7,7,2016,65.82594864803454,True
KwaZulu-Natal,KZN224 - Impendle,Ward 52204003,4059,43,2656,7,7,2016,65.43483616654349,True
KwaZulu-Natal,KZN224 - Impendle,Ward 52204004,4660,49,3178,8,8,2016,68.19742489270386,True
KwaZulu-Natal,KZN225 - Msunduzi,Ward 52205001,10643,108,7377,10,10,2016,69.31316358169688,True
KwaZulu-Natal,KZN225 - Msunduzi,Ward 52205002,9897,235,6846,12,12,2016,69.17247650803273,True
KwaZulu-Natal,KZN225 - Msunduzi,Ward 52205003,9795,168,7360,10,10,2016,75.14037774374681,True
KwaZulu-Natal,KZN225 - Msunduzi,Ward 52205004,9666,101,6902,9,9,2016,71.40492447755018,True
KwaZulu-Natal,KZN225 - Msunduzi,Ward 52205005,9297,137,6964,9,9,2016,74.90588361837152,True
KwaZulu-Natal,KZN225 - Msunduzi,Ward 52205006,8121,141,5803,9,9,2016,71.45671715305997,True
KwaZulu-Natal,KZN225 - Msunduzi,Ward 52205007,7778,155,5530,9,9,2016,71.09796862946773,True
KwaZulu-Natal,KZN225 - Msunduzi,Ward 52205008,7710,191,5330,8,8,2016,69.13099870298313,True
KwaZulu-Natal,KZN225 - Msunduzi,Ward 52205009,8373,159,5843,9,9,2016,69.78382897408336,True
KwaZulu-Natal,KZN225 - Msunduzi,Ward 52205010,7639,195,5328,6,6,2016,69.74734912946721,True
KwaZulu-Natal,KZN225 - Msunduzi,Ward 52205011,9330,302,6280,6,6,2016,67.30975348338693,True
KwaZulu-Natal,KZN225 - Msunduzi,Ward 52205012,7239,207,4610,5,5,2016,63.682829120044204,True
KwaZulu-Natal,KZN225 - Msunduzi,Ward 52205013,12067,181,7659,7,7,2016,63.47062235849839,True
KwaZulu-Natal,KZN225 - Msunduzi,Ward 52205014,8071,55,5811,4,4,2016,71.9985131953909,True
KwaZulu-Natal,KZN225 - Msunduzi,Ward 52205015,10693,171,7082,5,5,2016,66.23024408491537,True
KwaZulu-Natal,KZN225 - Msunduzi,Ward 52205016,8098,115,5333,5,5,2016,65.85576685601383,True
KwaZulu-Natal,KZN225 - Msunduzi,Ward 52205017,9877,140,6612,5,5,2016,66.94340386757112,True
KwaZulu-Natal,KZN225 - Msunduzi,Ward 52205018,8943,178,5980,4,4,2016,66.8679414066868,True
KwaZulu-Natal,KZN225 - Msunduzi,Ward 52205019,9257,56,5979,7,7,2016,64.5889597061683,True
KwaZulu-Natal,KZN225 - Msunduzi,Ward 52205020,7675,132,5144,4,4,2016,67.0228013029316,True
KwaZulu-Natal,KZN225 - Msunduzi,Ward 52205021,7931,59,5170,5,5,2016,65.18723994452151,True
KwaZulu-Natal,KZN225 - Msunduzi,Ward 52205022,8610,55,5874,5,5,2016,68.22299651567944,True
KwaZulu-Natal,KZN225 - Msunduzi,Ward 52205023,8189,91,4494,4,4,2016,54.87849554280132,True
KwaZulu-Natal,KZN225 - Msunduzi,Ward 52205024,9408,28,5397,5,5,2016,57.36607142857143,True
KwaZulu-Natal,KZN225 - Msunduzi,Ward 52205025,8037,16,5508,3,3,2016,68.53303471444569,True
KwaZulu-Natal,KZN225 - Msunduzi,Ward 52205026,8936,25,5878,6,6,2016,65.77887197851388,True
KwaZulu-Natal,KZN225 - Msunduzi,Ward 52205027,7300,23,3602,5,5,2016,49.342465753424655,True
KwaZulu-Natal,KZN225 - Msunduzi,Ward 52205028,9157,66,5397,5,5,2016,58.938516981544176,True
KwaZulu-Natal,KZN225 - Msunduzi,Ward 52205029,9721,147,5973,5,5,2016,61.44429585433598,True
KwaZulu-Natal,KZN225 - Msunduzi,Ward 52205030,10402,34,6734,5,5,2016,64.73755047106326,True
KwaZulu-Natal,KZN225 - Msunduzi,Ward 52205031,9128,57,5214,5,5,2016,57.12094653812445,True
KwaZulu-Natal,KZN225 - Msunduzi,Ward 52205032,9097,113,5675,5,5,2016,62.38320325381994,True
KwaZulu-Natal,KZN225 - Msunduzi,Ward 52205033,9125,57,4771,4,4,2016,52.28493150684932,True
KwaZulu-Natal,KZN225 - Msunduzi,Ward 52205034,6671,73,4203,4,4,2016,63.004047369210014,True
KwaZulu-Natal,KZN225 - Msunduzi,Ward 52205035,9479,94,6305,4,4,2016,66.51545521679502,True
KwaZulu-Natal,KZN225 - Msunduzi,Ward 52205036,7348,31,4570,4,4,2016,62.19379422972238,True
KwaZulu-Natal,KZN225 - Msunduzi,Ward 52205037,7801,49,4972,4,4,2016,63.73541853608512,True
KwaZulu-Natal,KZN225 - Msunduzi,Ward 52205038,6957,95,4523,5,5,2016,65.01365531119735,False
KwaZulu-Natal,KZN225 - Msunduzi,Ward 52205039,7532,159,5132,9,9,2016,68.13595326606479,False
KwaZulu-Natal,KZN226 - Mkhambathini,Ward 52206001,5786,54,3875,4,4,2016,66.97200138264778,True
KwaZulu-Natal,KZN226 - Mkhambathini,Ward 52206002,3762,47,2695,5,5,2016,71.6374269005848,True
KwaZulu-Natal,KZN226 - Mkhambathini,Ward 52206003,4527,75,2788,7,7,2016,61.586039319637734,True
KwaZulu-Natal,KZN226 - Mkhambathini,Ward 52206004,3550,37,2080,5,5,2016,58.59154929577465,True
KwaZulu-Natal,KZN226 - Mkhambathini,Ward 52206005,4003,46,2609,3,3,2016,65.17611791156632,True
KwaZulu-Natal,KZN226 - Mkhambathini,Ward 52206006,4659,37,2779,6,6,2016,59.647993131573294,True
KwaZulu-Natal,KZN226 - Mkhambathini,Ward 52206007,3602,28,1916,5,5,2016,53.19267073847862,True
KwaZulu-Natal,KZN227 - Richmond,Ward 52207001,4153,51,2401,5,5,2016,57.81362870214303,True
KwaZulu-Natal,KZN227 - Richmond,Ward 52207002,4884,62,2701,4,4,2016,55.3030303030303,True
KwaZulu-Natal,KZN227 - Richmond,Ward 52207003,3972,51,2610,4,4,2016,65.70996978851964,True
KwaZulu-Natal,KZN227 - Richmond,Ward 52207004,4423,46,2732,5,5,2016,61.768030748360836,True
KwaZulu-Natal,KZN227 - Richmond,Ward 52207005,4930,56,2801,11,11,2016,56.81541582150101,True
KwaZulu-Natal,KZN227 - Richmond,Ward 52207006,4235,29,2460,8,8,2016,58.087367178276274,True
KwaZulu-Natal,KZN227 - Richmond,Ward 52207007,5568,71,3183,4,4,2016,57.165948275862064,True
KwaZulu-Natal,KZN235 - Okhahlamba,Ward 52305001,3922,63,2254,2,2,2016,57.47067822539521,True
KwaZulu-Natal,KZN235 - Okhahlamba,Ward 52305002,4533,82,2540,5,5,2016,56.033531877343925,True
KwaZulu-Natal,KZN235 - Okhahlamba,Ward 52305003,3986,88,2336,8,8,2016,58.605117912694425,True
KwaZulu-Natal,KZN235 - Okhahlamba,Ward 52305004,3874,56,2270,6,6,2016,58.59576664945793,True
KwaZulu-Natal,KZN235 - Okhahlamba,Ward 52305005,4302,73,2319,6,6,2016,53.90516039051604,True
KwaZulu-Natal,KZN235 - Okhahlamba,Ward 52305006,4271,74,2496,6,6,2016,58.440646218684144,True
KwaZulu-Natal,KZN235 - Okhahlamba,Ward 52305007,4078,52,2330,6,6,2016,57.13585090730751,True
KwaZulu-Natal,KZN235 - Okhahlamba,Ward 52305008,4195,60,2392,6,6,2016,57.02026221692491,True
KwaZulu-Natal,KZN235 - Okhahlamba,Ward 52305009,4194,39,2393,5,5,2016,57.057701478302334,True
KwaZulu-Natal,KZN235 - Okhahlamba,Ward 52305010,3963,44,2258,6,6,2016,56.97703759777946,True
KwaZulu-Natal,KZN235 - Okhahlamba,Ward 52305011,3652,80,2164,5,5,2016,59.2552026286966,True
KwaZulu-Natal,KZN235 - Okhahlamba,Ward 52305012,4056,90,2538,7,7,2016,62.57396449704142,True
KwaZulu-Natal,KZN235 - Okhahlamba,Ward 52305013,3636,86,2140,8,8,2016,58.855885588558856,True
KwaZulu-Natal,KZN235 - Okhahlamba,Ward 52305014,4085,93,2510,7,7,2016,61.444308445532435,True
KwaZulu-Natal,KZN235 - Okhahlamba,Ward 52305015,3405,71,2058,4,4,2016,60.440528634361236,False
KwaZulu-Natal,KZN237 - Estcourt/Loskop,Ward 52307001,3862,40,2599,7,7,2016,67.29673744174004,False
KwaZulu-Natal,KZN237 - Estcourt/Loskop,Ward 52307002,4242,121,2576,4,4,2016,60.726072607260726,False
KwaZulu-Natal,KZN237 - Estcourt/Loskop,Ward 52307003,3841,92,2283,5,5,2016,59.437646446237956,False
KwaZulu-Natal,KZN237 - Estcourt/Loskop,Ward 52307004,4159,77,2745,3,3,2016,66.00144265448425,False
KwaZulu-Natal,KZN237 - Estcourt/Loskop,Ward 52307005,4055,47,2407,3,3,2016,59.35881627620222,False
KwaZulu-Natal,KZN237 - Estcourt/Loskop,Ward 52307006,4877,77,3390,4,4,2016,69.50994463809718,False
KwaZulu-Natal,KZN237 - Estcourt/Loskop,Ward 52307007,4511,24,2792,6,6,2016,61.893150077588125,False
KwaZulu-Natal,KZN237 - Estcourt/Loskop,Ward 52307008,4284,79,2808,4,4,2016,65.54621848739495,False
KwaZulu-Natal,KZN237 - Estcourt/Loskop,Ward 52307009,4537,39,3059,3,3,2016,67.42340753802071,False
KwaZulu-Natal,KZN237 - Estcourt/Loskop,Ward 52307010,4567,34,2495,3,3,2016,54.631048828552665,False
KwaZulu-Natal,KZN237 - Estcourt/Loskop,Ward 52307011,4710,62,2781,9,9,2016,59.044585987261144,False
KwaZulu-Natal,KZN237 - Estcourt/Loskop,Ward 52307012,3963,113,2339,7,7,2016,59.02094372949785,False
KwaZulu-Natal,KZN237 - Estcourt/Loskop,Ward 52307013,4529,47,3032,4,4,2016,66.94634577169353,False
KwaZulu-Natal,KZN237 - Estcourt/Loskop,Ward 52307014,3341,46,2140,4,4,2016,64.05267883867106,False
KwaZulu-Natal,KZN237 - Estcourt/Loskop,Ward 52307015,3950,59,2603,4,4,2016,65.89873417721519,False
KwaZulu-Natal,KZN237 - Estcourt/Loskop,Ward 52307016,4564,33,2833,5,5,2016,62.072743207712534,False
KwaZulu-Natal,KZN237 - Estcourt/Loskop,Ward 52307017,3887,23,2470,2,2,2016,63.54515050167224,False
KwaZulu-Natal,KZN237 - Estcourt/Loskop,Ward 52307018,4431,43,2820,6,6,2016,63.64251861882194,False
KwaZulu-Natal,KZN237 - Estcourt/Loskop,Ward 52307019,3732,43,2351,6,6,2016,62.9957127545552,False
KwaZulu-Natal,KZN237 - Estcourt/Loskop,Ward 52307020,3905,36,2556,7,7,2016,65.45454545454545,False
KwaZulu-Natal,KZN237 - Estcourt/Loskop,Ward 52307021,3984,27,2934,6,6,2016,73.64457831325302,False
KwaZulu-Natal,KZN237 - Estcourt/Loskop,Ward 52307022,4451,48,3252,10,10,2016,73.06223320602112,False
KwaZulu-Natal,KZN237 - Estcourt/Loskop,Ward 52307023,4651,26,2922,5,5,2016,62.825198881960866,False
KwaZulu-Natal,KZN238 - Ladysmith/Waaihoek,Ward 52308001,4412,48,2887,3,3,2016,65.43517679057118,False
KwaZulu-Natal,KZN238 - Ladysmith/Waaihoek,Ward 52308002,4222,34,2520,2,2,2016,59.687351965892944,False
KwaZulu-Natal,KZN238 - Ladysmith/Waaihoek,Ward 52308003,4977,46,3006,4,4,2016,60.397830018083184,False
KwaZulu-Natal,KZN238 - Ladysmith/Waaihoek,Ward 52308004,3672,36,2442,2,2,2016,66.50326797385621,False
KwaZulu-Natal,KZN238 - Ladysmith/Waaihoek,Ward 52308005,4321,11,3017,2,2,2016,69.82180050914141,False
KwaZulu-Natal,KZN238 - Ladysmith/Waaihoek,Ward 52308006,4527,41,2886,3,3,2016,63.75082836315441,False
KwaZulu-Natal,KZN238 - Ladysmith/Waaihoek,Ward 52308007,5314,98,3166,4,4,2016,59.57847196085812,False
KwaZulu-Natal,KZN238 - Ladysmith/Waaihoek,Ward 52308008,3704,6,2232,2,2,2016,60.259179265658744,False
KwaZulu-Natal,KZN238 - Ladysmith/Waaihoek,Ward 52308009,4909,46,3223,3,3,2016,65.65491953554695,False
KwaZulu-Natal,KZN238 - Ladysmith/Waaihoek,Ward 52308010,4259,17,2347,2,2,2016,55.10683258980982,False
KwaZulu-Natal,KZN238 - Ladysmith/Waaihoek,Ward 52308011,5043,7,3061,3,3,2016,60.69799722387468,False
KwaZulu-Natal,KZN238 - Ladysmith/Waaihoek,Ward 52308012,5716,13,2942,3,3,2016,51.46955913226032,False
KwaZulu-Natal,KZN238 - Ladysmith/Waaihoek,Ward 52308013,3995,12,2420,2,2,2016,60.575719649561954,False
KwaZulu-Natal,KZN238 - Ladysmith/Waaihoek,Ward 52308014,4526,45,2909,5,5,2016,64.27308882015025,False
KwaZulu-Natal,KZN238 - Ladysmith/Waaihoek,Ward 52308015,4242,33,2661,4,4,2016,62.72984441301273,False
KwaZulu-Natal,KZN238 - Ladysmith/Waaihoek,Ward 52308016,4059,38,2619,4,4,2016,64.52328159645234,False
KwaZulu-Natal,KZN238 - Ladysmith/Waaihoek,Ward 52308017,4188,35,2675,4,4,2016,63.87297039159503,False
KwaZulu-Natal,KZN238 - Ladysmith/Waaihoek,Ward 52308018,4583,74,2789,6,6,2016,60.8553349334497,False
KwaZulu-Natal,KZN238 - Ladysmith/Waaihoek,Ward 52308019,4444,60,2596,5,5,2016,58.415841584158414,False
KwaZulu-Natal,KZN238 - Ladysmith/Waaihoek,Ward 52308020,4732,24,3010,3,3,2016,63.609467455621306,False
KwaZulu-Natal,KZN238 - Ladysmith/Waaihoek,Ward 52308021,4508,47,2549,2,2,2016,56.54392191659272,False
KwaZulu-Natal,KZN238 - Ladysmith/Waaihoek,Ward 52308022,3144,16,1990,3,3,2016,63.295165394402034,False
KwaZulu-Natal,KZN238 - Ladysmith/Waaihoek,Ward 52308023,4059,45,2578,5,5,2016,63.51318058635131,False
KwaZulu-Natal,KZN238 - Ladysmith/Waaihoek,Ward 52308024,4593,77,2582,8,8,2016,56.215980840409316,False
KwaZulu-Natal,KZN238 - Ladysmith/Waaihoek,Ward 52308025,3893,29,2506,3,3,2016,64.37194965322374,False
KwaZulu-Natal,KZN238 - Ladysmith/Waaihoek,Ward 52308026,2879,50,1831,8,8,2016,63.59847169155957,False
KwaZulu-Natal,KZN238 - Ladysmith/Waaihoek,Ward 52308027,5387,70,3234,5,5,2016,60.033413773900136,False
KwaZulu-Natal,KZN238 - Ladysmith/Waaihoek,Ward 52308028,5426,42,3475,7,7,2016,64.04349428676741,False
KwaZulu-Natal,KZN238 - Ladysmith/Waaihoek,Ward 52308029,5050,26,3345,6,6,2016,66.23762376237624,False
KwaZulu-Natal,KZN238 - Ladysmith/Waaihoek,Ward 52308030,5428,35,3496,10,10,2016,64.40677966101694,False
KwaZulu-Natal,KZN238 - Ladysmith/Waaihoek,Ward 52308031,5060,41,2994,9,9,2016,59.169960474308304,False
KwaZulu-Natal,KZN238 - Ladysmith/Waaihoek,Ward 52308032,4994,46,2642,6,6,2016,52.90348418101723,False
KwaZulu-Natal,KZN238 - Ladysmith/Waaihoek,Ward 52308033,5496,45,3109,6,6,2016,56.56841339155749,False
KwaZulu-Natal,KZN238 - Ladysmith/Waaihoek,Ward 52308034,4609,29,2479,6,6,2016,53.78607073117813,False
KwaZulu-Natal,KZN238 - Ladysmith/Waaihoek,Ward 52308035,5340,40,3069,7,7,2016,57.471910112359545,False
KwaZulu-Natal,KZN238 - Ladysmith/Waaihoek,Ward 52308036,4646,34,2313,5,5,2016,49.78476108480413,False
KwaZulu-Natal,KZN241 - Endumeni,Ward 52401001,4232,43,2544,6,6,2016,60.113421550094515,True
KwaZulu-Natal,KZN241 - Endumeni,Ward 52401002,4083,27,2447,2,2,2016,59.93142297330394,True
KwaZulu-Natal,KZN241 - Endumeni,Ward 52401003,4259,49,2596,2,2,2016,60.9532754167645,True
KwaZulu-Natal,KZN241 - Endumeni,Ward 52401004,4099,20,2191,2,2,2016,53.45206147840936,True
KwaZulu-Natal,KZN241 - Endumeni,Ward 52401005,4466,50,2587,3,3,2016,57.92655620241827,True
KwaZulu-Natal,KZN241 - Endumeni,Ward 52401006,4388,47,2385,6,6,2016,54.352780309936186,True
KwaZulu-Natal,KZN241 - Endumeni,Ward 52401007,3534,40,1974,3,3,2016,55.85738539898133,False
KwaZulu-Natal,KZN242 - Nqutu,Ward 52402001,4803,49,2821,7,7,2016,58.734124505517386,True
KwaZulu-Natal,KZN242 - Nqutu,Ward 52402002,4988,80,3021,11,11,2016,60.56535685645549,True
KwaZulu-Natal,KZN242 - Nqutu,Ward 52402003,4204,59,2295,8,8,2016,54.59086584205518,True
KwaZulu-Natal,KZN242 - Nqutu,Ward 52402004,4249,38,2217,6,6,2016,52.17698281948694,True
KwaZulu-Natal,KZN242 - Nqutu,Ward 52402005,3948,46,2250,7,7,2016,56.99088145896657,True
KwaZulu-Natal,KZN242 - Nqutu,Ward 52402006,4430,35,2604,5,5,2016,58.78103837471783,True
KwaZulu-Natal,KZN242 - Nqutu,Ward 52402007,3900,56,2091,7,7,2016,53.61538461538462,True
KwaZulu-Natal,KZN242 - Nqutu,Ward 52402008,4269,50,2489,8,8,2016,58.30405247130476,True
KwaZulu-Natal,KZN242 - Nqutu,Ward 52402009,4581,49,2426,7,7,2016,52.95786946081642,True
KwaZulu-Natal,KZN242 - Nqutu,Ward 52402010,5048,113,3044,7,7,2016,60.30110935023772,True
KwaZulu-Natal,KZN242 - Nqutu,Ward 52402011,5081,39,3120,6,6,2016,61.405235189923246,True
KwaZulu-Natal,KZN242 - Nqutu,Ward 52402012,4822,89,2657,6,6,2016,55.10161758606388,True
KwaZulu-Natal,KZN242 - Nqutu,Ward 52402013,4789,31,2742,6,6,2016,57.25621215285028,True
KwaZulu-Natal,KZN242 - Nqutu,Ward 52402014,4849,29,2479,4,4,2016,51.12394308104764,True
KwaZulu-Natal,KZN242 - Nqutu,Ward 52402015,4980,20,2827,9,9,2016,56.76706827309237,True
KwaZulu-Natal,KZN242 - Nqutu,Ward 52402016,4032,36,2340,7,7,2016,58.03571428571429,True
KwaZulu-Natal,KZN242 - Nqutu,Ward 52402017,4124,59,2384,5,5,2016,57.807953443258974,True
KwaZulu-Natal,KZN244 - Msinga,Ward 52404001,5206,67,3084,10,10,2016,59.239339223972344,True
KwaZulu-Natal,KZN244 - Msinga,Ward 52404002,5090,70,3176,8,8,2016,62.39685658153241,True
KwaZulu-Natal,KZN244 - Msinga,Ward 52404003,4873,48,3336,7,7,2016,68.45885491483685,True
KwaZulu-Natal,KZN244 - Msinga,Ward 52404004,5438,30,3727,8,8,2016,68.5362265538801,True
KwaZulu-Natal,KZN244 - Msinga,Ward 52404005,5154,49,3508,6,6,2016,68.06363989134653,True
KwaZulu-Natal,KZN244 - Msinga,Ward 52404006,4893,40,3414,7,7,2016,69.77314530962599,True
KwaZulu-Natal,KZN244 - Msinga,Ward 52404007,4994,9,3390,7,7,2016,67.88145774929916,True
KwaZulu-Natal,KZN244 - Msinga,Ward 52404008,4643,45,3318,6,6,2016,71.46241654102951,True
KwaZulu-Natal,KZN244 - Msinga,Ward 52404009,4004,26,2637,8,8,2016,65.85914085914087,True
KwaZulu-Natal,KZN244 - Msinga,Ward 52404010,5235,44,3675,7,7,2016,70.20057306590259,True
KwaZulu-Natal,KZN244 - Msinga,Ward 52404011,4651,58,3082,6,6,2016,66.26531928617501,True
KwaZulu-Natal,KZN244 - Msinga,Ward 52404012,4466,38,2671,8,8,2016,59.807433945364984,True
KwaZulu-Natal,KZN244 - Msinga,Ward 52404013,4079,42,2908,11,11,2016,71.29198332924737,True
KwaZulu-Natal,KZN244 - Msinga,Ward 52404014,4966,39,3408,9,9,2016,68.62666129681837,True
KwaZulu-Natal,KZN244 - Msinga,Ward 52404015,4103,41,2711,8,8,2016,66.07360467950281,True
KwaZulu-Natal,KZN244 - Msinga,Ward 52404016,4119,23,2672,7,7,2016,64.87011410536539,True
KwaZulu-Natal,KZN244 - Msinga,Ward 52404017,5173,54,3290,6,6,2016,63.59945872801083,True
KwaZulu-Natal,KZN244 - Msinga,Ward 52404018,4281,53,2699,7,7,2016,63.04601728568091,True
KwaZulu-Natal,KZN245 - Umvoti,Ward 52405001,4624,82,2912,11,11,2016,62.9757785467128,True
KwaZulu-Natal,KZN245 - Umvoti,Ward 52405002,3815,35,2445,3,3,2016,64.08912188728702,True
KwaZulu-Natal,KZN245 - Umvoti,Ward 52405003,3674,51,2421,6,6,2016,65.89548176374524,True
KwaZulu-Natal,KZN245 - Umvoti,Ward 52405004,3920,26,2454,5,5,2016,62.60204081632653,True
KwaZulu-Natal,KZN245 - Umvoti,Ward 52405005,4733,22,2877,11,11,2016,60.78597084301711,True
KwaZulu-Natal,KZN245 - Umvoti,Ward 52405006,4458,47,2678,11,11,2016,60.07178106774338,True
KwaZulu-Natal,KZN245 - Umvoti,Ward 52405007,5185,60,3475,3,3,2016,67.02025072324011,True
KwaZulu-Natal,KZN245 - Umvoti,Ward 52405008,3520,43,2545,5,5,2016,72.30113636363636,True
KwaZulu-Natal,KZN245 - Umvoti,Ward 52405009,3742,51,2045,4,4,2016,54.649919828968464,True
KwaZulu-Natal,KZN245 - Umvoti,Ward 52405010,3853,40,2079,5,5,2016,53.95795484038411,True
KwaZulu-Natal,KZN245 - Umvoti,Ward 52405011,4698,82,3196,6,6,2016,68.0289484887186,True
KwaZulu-Natal,KZN245 - Umvoti,Ward 52405012,4700,71,2844,9,9,2016,60.51063829787234,False
KwaZulu-Natal,KZN245 - Umvoti,Ward 52405013,3479,34,2231,4,4,2016,64.12762288013796,False
KwaZulu-Natal,KZN245 - Umvoti,Ward 52405014,4149,34,2881,7,7,2016,69.43841889611954,False
KwaZulu-Natal,KZN252 - Newcastle,Ward 52502001,4733,121,2788,7,7,2016,58.90555672934714,True
KwaZulu-Natal,KZN252 - Newcastle,Ward 52502002,4827,18,3296,3,3,2016,68.28257717008493,True
KwaZulu-Natal,KZN252 - Newcastle,Ward 52502003,4721,22,2016,2,2,2016,42.702817199745816,True
KwaZulu-Natal,KZN252 - Newcastle,Ward 52502004,4671,9,2774,3,3,2016,59.3877114108328,True
KwaZulu-Natal,KZN252 - Newcastle,Ward 52502005,6313,20,2942,2,2,2016,46.602249326786,True
KwaZulu-Natal,KZN252 - Newcastle,Ward 52502006,4984,64,2995,4,4,2016,60.09229534510433,True
KwaZulu-Natal,KZN252 - Newcastle,Ward 52502007,5834,64,3453,3,3,2016,59.18752142612272,True
KwaZulu-Natal,KZN252 - Newcastle,Ward 52502008,4586,44,2888,2,2,2016,62.97426951591801,True
KwaZulu-Natal,KZN252 - Newcastle,Ward 52502009,5489,44,3464,3,3,2016,63.10803425031882,True
KwaZulu-Natal,KZN252 - Newcastle,Ward 52502010,4161,20,2479,2,2,2016,59.577024753664986,True
KwaZulu-Natal,KZN252 - Newcastle,Ward 52502011,4708,23,3032,3,3,2016,64.40101954120647,True
KwaZulu-Natal,KZN252 - Newcastle,Ward 52502012,5656,31,3433,3,3,2016,60.6966053748232,True
KwaZulu-Natal,KZN252 - Newcastle,Ward 52502013,4618,41,2881,2,2,2016,62.38631442182763,True
KwaZulu-Natal,KZN252 - Newcastle,Ward 52502014,6758,78,3449,4,4,2016,51.035809411068364,True
KwaZulu-Natal,KZN252 - Newcastle,Ward 52502015,5719,57,3446,3,3,2016,60.25528938625634,True
KwaZulu-Natal,KZN252 - Newcastle,Ward 52502016,6342,106,3874,3,3,2016,61.08483128350678,True
KwaZulu-Natal,KZN252 - Newcastle,Ward 52502017,5311,65,3391,3,3,2016,63.84861607983431,True
KwaZulu-Natal,KZN252 - Newcastle,Ward 52502018,5381,53,3217,4,4,2016,59.7844266864895,True
KwaZulu-Natal,KZN252 - Newcastle,Ward 52502019,5948,69,3538,3,3,2016,59.48217888365838,True
KwaZulu-Natal,KZN252 - Newcastle,Ward 52502020,4565,56,2677,3,3,2016,58.64184008762322,True
KwaZulu-Natal,KZN252 - Newcastle,Ward 52502021,4750,69,2818,5,5,2016,59.32631578947368,True
KwaZulu-Natal,KZN252 - Newcastle,Ward 52502022,5605,55,2395,3,3,2016,42.72970561998216,True
KwaZulu-Natal,KZN252 - Newcastle,Ward 52502023,5548,67,3233,4,4,2016,58.2732516222062,True
KwaZulu-Natal,KZN252 - Newcastle,Ward 52502024,5572,52,3156,4,4,2016,56.64034458004307,True
KwaZulu-Natal,KZN252 - Newcastle,Ward 52502025,4850,22,2668,2,2,2016,55.01030927835051,True
KwaZulu-Natal,KZN252 - Newcastle,Ward 52502026,6001,42,3255,4,4,2016,54.24095984002666,True
KwaZulu-Natal,KZN252 - Newcastle,Ward 52502027,6130,83,3508,3,3,2016,57.22675367047309,True
KwaZulu-Natal,KZN252 - Newcastle,Ward 52502028,5793,37,2972,3,3,2016,51.30329708268601,True
KwaZulu-Natal,KZN252 - Newcastle,Ward 52502029,5602,54,3345,2,2,2016,59.7108175651553,True
KwaZulu-Natal,KZN252 - Newcastle,Ward 52502030,4843,82,2926,4,4,2016,60.41709684080116,True
KwaZulu-Natal,KZN252 - Newcastle,Ward 52502031,5245,116,2912,2,2,2016,55.51954242135368,True
KwaZulu-Natal,KZN252 - Newcastle,Ward 52502032,6386,77,3844,3,3,2016,60.19417475728155,False
KwaZulu-Natal,KZN252 - Newcastle,Ward 52502033,6065,56,3346,3,3,2016,55.16900247320693,False
KwaZulu-Natal,KZN252 - Newcastle,Ward 52502034,5638,32,3397,3,3,2016,60.25186236253991,False
KwaZulu-Natal,KZN253 - eMadlangeni,Ward 52503001,2381,41,1438,8,8,2016,60.394792104157915,True
KwaZulu-Natal,KZN253 - eMadlangeni,Ward 52503002,3004,16,1706,2,2,2016,56.79094540612517,True
KwaZulu-Natal,KZN253 - eMadlangeni,Ward 52503003,2117,23,1328,8,8,2016,62.73027869626831,True
KwaZulu-Natal,KZN253 - eMadlangeni,Ward 52503004,2303,60,1579,5,5,2016,68.56274424663482,True
KwaZulu-Natal,KZN253 - eMadlangeni,Ward 52503005,2588,33,1666,5,5,2016,64.37403400309118,False
KwaZulu-Natal,KZN253 - eMadlangeni,Ward 52503006,1938,50,1226,7,7,2016,63.261093911248715,False
KwaZulu-Natal,KZN254 - Dannhauser,Ward 52504001,3889,51,2330,9,9,2016,59.912573926459245,True
KwaZulu-Natal,KZN254 - Dannhauser,Ward 52504002,4569,28,2738,4,4,2016,59.9255854672795,True
KwaZulu-Natal,KZN254 - Dannhauser,Ward 52504003,3648,11,2186,4,4,2016,59.92324561403509,True
KwaZulu-Natal,KZN254 - Dannhauser,Ward 52504004,3758,24,2039,5,5,2016,54.25758382118148,True
KwaZulu-Natal,KZN254 - Dannhauser,Ward 52504005,3470,39,2044,5,5,2016,58.90489913544668,True
KwaZulu-Natal,KZN254 - Dannhauser,Ward 52504006,3617,24,2050,4,4,2016,56.67680398119989,True
KwaZulu-Natal,KZN254 - Dannhauser,Ward 52504007,3943,78,2107,5,5,2016,53.436469693127066,True
KwaZulu-Natal,KZN254 - Dannhauser,Ward 52504008,4037,53,2381,6,6,2016,58.97944017835026,True
KwaZulu-Natal,KZN254 - Dannhauser,Ward 52504009,4225,24,2554,5,5,2016,60.44970414201184,True
KwaZulu-Natal,KZN254 - Dannhauser,Ward 52504010,4137,106,2445,4,4,2016,59.10079767947788,True
KwaZulu-Natal,KZN254 - Dannhauser,Ward 52504011,4077,51,2305,3,3,2016,56.53666911945058,True
KwaZulu-Natal,KZN254 - Dannhauser,Ward 52504012,3849,47,2233,4,4,2016,58.0150688490517,False
KwaZulu-Natal,KZN254 - Dannhauser,Ward 52504013,3615,30,2003,5,5,2016,55.40802213001383,False
KwaZulu-Natal,KZN261 - eDumbe,Ward 52601001,5005,75,3108,14,14,2016,62.0979020979021,True
KwaZulu-Natal,KZN261 - eDumbe,Ward 52601002,5000,32,2823,5,5,2016,56.46,True
KwaZulu-Natal,KZN261 - eDumbe,Ward 52601003,5292,24,3235,3,3,2016,61.13000755857899,True
KwaZulu-Natal,KZN261 - eDumbe,Ward 52601004,5451,38,3397,4,4,2016,62.31884057971014,True
KwaZulu-Natal,KZN261 - eDumbe,Ward 52601005,4160,41,2408,7,7,2016,57.88461538461539,True
KwaZulu-Natal,KZN261 - eDumbe,Ward 52601006,4211,34,2408,13,13,2016,57.18356684872952,True
KwaZulu-Natal,KZN261 - eDumbe,Ward 52601007,3840,42,2217,10,10,2016,57.73437500000001,True
KwaZulu-Natal,KZN261 - eDumbe,Ward 52601008,4821,42,2953,7,7,2016,61.25285210537233,True
KwaZulu-Natal,KZN262 - UPhongolo,Ward 52602001,3632,65,2273,9,9,2016,62.582599118942724,True
KwaZulu-Natal,KZN262 - UPhongolo,Ward 52602002,4112,26,2314,2,2,2016,56.27431906614786,True
KwaZulu-Natal,KZN262 - UPhongolo,Ward 52602003,4035,80,2256,6,6,2016,55.91078066914498,True
KwaZulu-Natal,KZN262 - UPhongolo,Ward 52602004,4429,15,2787,4,4,2016,62.92616843531271,True
KwaZulu-Natal,KZN262 - UPhongolo,Ward 52602005,3339,47,1837,2,2,2016,55.01647199760408,True
KwaZulu-Natal,KZN262 - UPhongolo,Ward 52602006,4389,37,2836,7,7,2016,64.61608566871725,True
KwaZulu-Natal,KZN262 - UPhongolo,Ward 52602007,3890,41,1780,4,4,2016,45.75835475578406,True
KwaZulu-Natal,KZN262 - UPhongolo,Ward 52602008,3706,20,2318,7,7,2016,62.54722072315164,True
KwaZulu-Natal,KZN262 - UPhongolo,Ward 52602009,4758,23,2603,4,4,2016,54.70786044556536,True
KwaZulu-Natal,KZN262 - UPhongolo,Ward 52602010,4704,48,2685,5,5,2016,57.079081632653065,True
KwaZulu-Natal,KZN262 - UPhongolo,Ward 52602011,4028,41,2368,5,5,2016,58.788480635551146,True
KwaZulu-Natal,KZN262 - UPhongolo,Ward 52602012,3814,68,2019,4,4,2016,52.936549554273725,True
KwaZulu-Natal,KZN262 - UPhongolo,Ward 52602013,3948,29,2474,3,3,2016,62.664640324214794,True
KwaZulu-Natal,KZN262 - UPhongolo,Ward 52602014,3909,69,2175,7,7,2016,55.64082885648504,True
KwaZulu-Natal,KZN262 - UPhongolo,Ward 52602015,3191,59,1901,5,5,2016,59.573801316201816,False
KwaZulu-Natal,KZN263 - Abaqulusi,Ward 52603001,4816,32,2571,6,6,2016,53.38455149501661,True
KwaZulu-Natal,KZN263 - Abaqulusi,Ward 52603002,4650,46,2625,9,9,2016,56.451612903225815,True
KwaZulu-Natal,KZN263 - Abaqulusi,Ward 52603003,4590,35,2594,7,7,2016,56.51416122004357,True
KwaZulu-Natal,KZN263 - Abaqulusi,Ward 52603004,4499,22,2884,7,7,2016,64.10313402978439,True
KwaZulu-Natal,KZN263 - Abaqulusi,Ward 52603005,5213,32,3172,6,6,2016,60.84788029925187,True
KwaZulu-Natal,KZN263 - Abaqulusi,Ward 52603006,5151,67,2848,7,7,2016,55.290234905843526,True
KwaZulu-Natal,KZN263 - Abaqulusi,Ward 52603007,4766,46,2727,6,6,2016,57.21779269827948,True
KwaZulu-Natal,KZN263 - Abaqulusi,Ward 52603008,5082,15,2746,6,6,2016,54.03384494293585,True
KwaZulu-Natal,KZN263 - Abaqulusi,Ward 52603009,4367,11,2415,4,4,2016,55.301122051751776,True
KwaZulu-Natal,KZN263 - Abaqulusi,Ward 52603010,4084,14,2095,3,3,2016,51.297747306562194,True
KwaZulu-Natal,KZN263 - Abaqulusi,Ward 52603011,3176,16,1488,2,2,2016,46.85138539042821,True
KwaZulu-Natal,KZN263 - Abaqulusi,Ward 52603012,4077,18,2332,6,6,2016,57.19892077507972,True
KwaZulu-Natal,KZN263 - Abaqulusi,Ward 52603013,4552,36,2452,6,6,2016,53.8664323374341,True
KwaZulu-Natal,KZN263 - Abaqulusi,Ward 52603014,4510,93,2522,5,5,2016,55.92017738359202,True
KwaZulu-Natal,KZN263 - Abaqulusi,Ward 52603015,4400,61,2363,6,6,2016,53.704545454545446,True
KwaZulu-Natal,KZN263 - Abaqulusi,Ward 52603016,3941,41,2127,2,2,2016,53.97107333164172,True
KwaZulu-Natal,KZN263 - Abaqulusi,Ward 52603017,4847,30,2862,4,4,2016,59.04683309263462,True
KwaZulu-Natal,KZN263 - Abaqulusi,Ward 52603018,3952,15,2230,3,3,2016,56.42712550607287,True
KwaZulu-Natal,KZN263 - Abaqulusi,Ward 52603019,4087,25,2307,3,3,2016,56.44727183753364,True
KwaZulu-Natal,KZN263 - Abaqulusi,Ward 52603020,4772,24,2375,3,3,2016,49.76948868398994,True
KwaZulu-Natal,KZN263 - Abaqulusi,Ward 52603021,3982,33,2193,4,4,2016,55.07282772476143,True
KwaZulu-Natal,KZN263 - Abaqulusi,Ward 52603022,4367,27,2279,3,3,2016,52.1868559651935,True
KwaZulu-Natal,KZN265 - Nongoma,Ward 52605001,4779,21,2639,6,6,2016,55.22075748064449,True
KwaZulu-Natal,KZN265 - Nongoma,Ward 52605002,4593,45,2803,8,8,2016,61.02765077291531,True
KwaZulu-Natal,KZN265 - Nongoma,Ward 52605003,5015,78,2958,7,7,2016,58.98305084745763,True
KwaZulu-Natal,KZN265 - Nongoma,Ward 52605004,5538,48,3138,7,7,2016,56.66305525460456,True
KwaZulu-Natal,KZN265 - Nongoma,Ward 52605005,4719,117,2528,6,6,2016,53.57067175248993,True
KwaZulu-Natal,KZN265 - Nongoma,Ward 52605006,4492,34,2505,5,5,2016,55.76580587711487,True
KwaZulu-Natal,KZN265 - Nongoma,Ward 52605007,4130,31,2466,8,8,2016,59.70944309927361,True
KwaZulu-Natal,KZN265 - Nongoma,Ward 52605008,4487,61,2552,4,4,2016,56.87541787385781,True
KwaZulu-Natal,KZN265 - Nongoma,Ward 52605009,5211,25,2648,3,3,2016,50.815582421800045,True
KwaZulu-Natal,KZN265 - Nongoma,Ward 52605010,4003,16,2484,6,6,2016,62.05345990507119,True
KwaZulu-Natal,KZN265 - Nongoma,Ward 52605011,4835,44,2879,6,6,2016,59.544984488107545,True
KwaZulu-Natal,KZN265 - Nongoma,Ward 52605012,4574,23,2736,6,6,2016,59.81635330126803,True
KwaZulu-Natal,KZN265 - Nongoma,Ward 52605013,4196,0,2451,4,4,2016,58.41277407054337,True
KwaZulu-Natal,KZN265 - Nongoma,Ward 52605014,4892,36,2954,6,6,2016,60.384300899427636,True
KwaZulu-Natal,KZN265 - Nongoma,Ward 52605015,4397,11,2723,5,5,2016,61.928587673413695,True
KwaZulu-Natal,KZN265 - Nongoma,Ward 52605016,4686,24,2464,3,3,2016,52.58215962441315,True
KwaZulu-Natal,KZN265 - Nongoma,Ward 52605017,4403,50,2583,5,5,2016,58.66454689984102,True
KwaZulu-Natal,KZN265 - Nongoma,Ward 52605018,5301,59,3162,6,6,2016,59.64912280701754,True
KwaZulu-Natal,KZN265 - Nongoma,Ward 52605019,3115,2,1145,2,2,2016,36.75762439807384,True
KwaZulu-Natal,KZN265 - Nongoma,Ward 52605020,4347,205,2210,6,6,2016,50.83965953531171,True
KwaZulu-Natal,KZN265 - Nongoma,Ward 52605021,4494,24,2686,5,5,2016,59.76858032932799,True
KwaZulu-Natal,KZN266 - Ulundi,Ward 52606001,3910,26,2285,7,7,2016,58.43989769820972,True
KwaZulu-Natal,KZN266 - Ulundi,Ward 52606002,4217,19,2599,5,5,2016,61.63149158169314,True
KwaZulu-Natal,KZN266 - Ulundi,Ward 52606003,3498,12,1988,5,5,2016,56.83247570040023,True
KwaZulu-Natal,KZN266 - Ulundi,Ward 52606004,4303,34,2588,7,7,2016,60.14408552172903,True
KwaZulu-Natal,KZN266 - Ulundi,Ward 52606005,3977,7,2536,6,6,2016,63.766658285139556,True
KwaZulu-Natal,KZN266 - Ulundi,Ward 52606006,4088,35,2371,5,5,2016,57.99902152641878,True
KwaZulu-Natal,KZN266 - Ulundi,Ward 52606007,3723,43,2231,6,6,2016,59.924791834542035,True
KwaZulu-Natal,KZN266 - Ulundi,Ward 52606008,3909,38,2218,8,8,2016,56.74085443847532,True
KwaZulu-Natal,KZN266 - Ulundi,Ward 52606009,4417,46,2717,6,6,2016,61.51233869141951,True
KwaZulu-Natal,KZN266 - Ulundi,Ward 52606010,4095,31,2314,8,8,2016,56.507936507936506,True
KwaZulu-Natal,KZN266 - Ulundi,Ward 52606011,3900,20,2168,5,5,2016,55.58974358974359,True
KwaZulu-Natal,KZN266 - Ulundi,Ward 52606012,3783,3,2088,5,5,2016,55.19429024583664,True
KwaZulu-Natal,KZN266 - Ulundi,Ward 52606013,4332,36,2510,8,8,2016,57.94090489381348,True
KwaZulu-Natal,KZN266 - Ulundi,Ward 52606014,4317,19,2637,8,8,2016,61.08408617095205,True
KwaZulu-Natal,KZN266 - Ulundi,Ward 52606015,4643,50,3015,6,6,2016,64.93646349343098,True
KwaZulu-Natal,KZN266 - Ulundi,Ward 52606016,3699,22,2165,7,7,2016,58.529332251959985,True
KwaZulu-Natal,KZN266 - Ulundi,Ward 52606017,4297,25,2568,7,7,2016,59.762625087270195,True
KwaZulu-Natal,KZN266 - Ulundi,Ward 52606018,3756,33,2113,4,4,2016,56.25665601703941,True
KwaZulu-Natal,KZN266 - Ulundi,Ward 52606019,3488,11,1835,4,4,2016,52.60894495412845,True
KwaZulu-Natal,KZN266 - Ulundi,Ward 52606020,3929,17,2206,7,7,2016,56.14660218885212,True
KwaZulu-Natal,KZN266 - Ulundi,Ward 52606021,4311,28,2581,6,6,2016,59.87009974483879,True
KwaZulu-Natal,KZN266 - Ulundi,Ward 52606022,3747,15,2080,2,2,2016,55.51107552708834,True
KwaZulu-Natal,KZN266 - Ulundi,Ward 52606023,3724,23,2041,5,5,2016,54.80665950590763,True
KwaZulu-Natal,KZN266 - Ulundi,Ward 52606024,3485,34,2066,6,6,2016,59.28263988522238,True
KwaZulu-Natal,KZN271 - Umhlabuyalingana,Ward 52701001,4045,69,2130,3,3,2016,52.65760197775031,True
KwaZulu-Natal,KZN271 - Umhlabuyalingana,Ward 52701002,4510,54,3185,5,5,2016,70.62084257206209,True
KwaZulu-Natal,KZN271 - Umhlabuyalingana,Ward 52701003,5234,59,3316,3,3,2016,63.35498662590753,True
KwaZulu-Natal,KZN271 - Umhlabuyalingana,Ward 52701004,4365,128,2585,5,5,2016,59.221076746849945,True
KwaZulu-Natal,KZN271 - Umhlabuyalingana,Ward 52701005,4814,105,2814,5,5,2016,58.45450768591608,True
KwaZulu-Natal,KZN271 - Umhlabuyalingana,Ward 52701006,4408,106,2864,3,3,2016,64.97277676950998,True
KwaZulu-Natal,KZN271 - Umhlabuyalingana,Ward 52701007,4086,76,2777,7,7,2016,67.96377875673029,True
KwaZulu-Natal,KZN271 - Umhlabuyalingana,Ward 52701008,4257,86,2699,8,8,2016,63.401456424712244,True
KwaZulu-Natal,KZN271 - Umhlabuyalingana,Ward 52701009,3670,94,2399,3,3,2016,65.36784741144415,True
KwaZulu-Natal,KZN271 - Umhlabuyalingana,Ward 52701010,3879,70,2276,6,6,2016,58.67491621551947,True
KwaZulu-Natal,KZN271 - Umhlabuyalingana,Ward 52701011,4444,67,2518,3,3,2016,56.66066606660666,True
KwaZulu-Natal,KZN271 - Umhlabuyalingana,Ward 52701012,4324,85,2641,5,5,2016,61.07770582793709,True
KwaZulu-Natal,KZN271 - Umhlabuyalingana,Ward 52701013,3922,51,2518,2,2,2016,64.20193778684344,True
KwaZulu-Natal,KZN271 - Umhlabuyalingana,Ward 52701014,5537,115,3545,5,5,2016,64.02383962434531,True
KwaZulu-Natal,KZN271 - Umhlabuyalingana,Ward 52701015,4342,60,2634,7,7,2016,60.66328880700138,True
KwaZulu-Natal,KZN271 - Umhlabuyalingana,Ward 52701016,4772,81,2971,6,6,2016,62.25901089689857,True
KwaZulu-Natal,KZN271 - Umhlabuyalingana,Ward 52701017,4601,84,2862,5,5,2016,62.20386872419039,True
KwaZulu-Natal,KZN271 - Umhlabuyalingana,Ward 52701018,4336,38,2597,6,6,2016,59.89391143911439,False
KwaZulu-Natal,KZN272 - Jozini,Ward 52702001,3915,42,2439,6,6,2016,62.29885057471264,True
KwaZulu-Natal,KZN272 - Jozini,Ward 52702002,3882,19,2351,6,6,2016,60.561566202988146,True
KwaZulu-Natal,KZN272 - Jozini,Ward 52702003,4971,57,3460,5,5,2016,69.6037014685174,True
KwaZulu-Natal,KZN272 - Jozini,Ward 52702004,4356,10,3122,6,6,2016,71.67125803489441,True
KwaZulu-Natal,KZN272 - Jozini,Ward 52702005,5395,77,3356,5,5,2016,62.205746061167744,True
KwaZulu-Natal,KZN272 - Jozini,Ward 52702006,4512,34,2858,4,4,2016,63.34219858156028,True
KwaZulu-Natal,KZN272 - Jozini,Ward 52702007,5481,36,3225,5,5,2016,58.83962780514504,True
KwaZulu-Natal,KZN272 - Jozini,Ward 52702008,5506,54,3754,5,5,2016,68.18016709044679,True
KwaZulu-Natal,KZN272 - Jozini,Ward 52702009,4798,38,2944,7,7,2016,61.35889954147562,True
KwaZulu-Natal,KZN272 - Jozini,Ward 52702010,5271,45,3363,6,6,2016,63.801935116676155,True
KwaZulu-Natal,KZN272 - Jozini,Ward 52702011,4126,43,2484,4,4,2016,60.20358700920989,True
KwaZulu-Natal,KZN272 - Jozini,Ward 52702012,5586,92,3843,5,5,2016,68.796992481203,True
KwaZulu-Natal,KZN272 - Jozini,Ward 52702013,5238,16,3392,3,3,2016,64.75754104620084,True
KwaZulu-Natal,KZN272 - Jozini,Ward 52702014,4722,37,2896,5,5,2016,61.32994493858534,True
KwaZulu-Natal,KZN272 - Jozini,Ward 52702015,4490,93,2708,4,4,2016,60.31180400890869,True
KwaZulu-Natal,KZN272 - Jozini,Ward 52702016,5213,63,3317,6,6,2016,63.629388068290815,True
KwaZulu-Natal,KZN272 - Jozini,Ward 52702017,4728,55,2867,7,7,2016,60.63874788494078,True
KwaZulu-Natal,KZN272 - Jozini,Ward 52702018,4213,55,2595,6,6,2016,61.595062900545926,True
KwaZulu-Natal,KZN272 - Jozini,Ward 52702019,4677,19,3138,5,5,2016,67.09429121231558,True
KwaZulu-Natal,KZN272 - Jozini,Ward 52702020,4365,35,2521,5,5,2016,57.75486827033218,True
KwaZulu-Natal,KZN275 - Mtubatuba,Ward 52705001,3725,15,1856,2,2,2016,49.8255033557047,True
KwaZulu-Natal,KZN275 - Mtubatuba,Ward 52705002,3799,68,2018,2,2,2016,53.11924190576468,True
KwaZulu-Natal,KZN275 - Mtubatuba,Ward 52705003,4832,61,2645,5,5,2016,54.73923841059602,True
KwaZulu-Natal,KZN275 - Mtubatuba,Ward 52705004,3897,102,2455,3,3,2016,62.99717731588401,True
KwaZulu-Natal,KZN275 - Mtubatuba,Ward 52705005,5699,77,2877,6,6,2016,50.48254079663099,True
KwaZulu-Natal,KZN275 - Mtubatuba,Ward 52705006,4790,66,2842,2,2,2016,59.33194154488518,True
KwaZulu-Natal,KZN275 - Mtubatuba,Ward 52705007,4173,57,2735,6,6,2016,65.54037862449077,True
KwaZulu-Natal,KZN275 - Mtubatuba,Ward 52705008,5179,126,3242,4,4,2016,62.59895732766944,True
KwaZulu-Natal,KZN275 - Mtubatuba,Ward 52705009,3359,76,2194,4,4,2016,65.31705864840727,True
KwaZulu-Natal,KZN275 - Mtubatuba,Ward 52705010,4586,96,2735,5,5,2016,59.63802878325338,True
KwaZulu-Natal,KZN275 - Mtubatuba,Ward 52705011,5226,78,3533,5,5,2016,67.60428626100267,True
KwaZulu-Natal,KZN275 - Mtubatuba,Ward 52705012,5080,53,3309,3,3,2016,65.13779527559055,True
KwaZulu-Natal,KZN275 - Mtubatuba,Ward 52705013,4681,54,2917,3,3,2016,62.31574449903867,True
KwaZulu-Natal,KZN275 - Mtubatuba,Ward 52705014,4103,61,2498,3,3,2016,60.88228125761638,True
KwaZulu-Natal,KZN275 - Mtubatuba,Ward 52705015,4573,75,2927,6,6,2016,64.00612289525476,True
KwaZulu-Natal,KZN275 - Mtubatuba,Ward 52705016,4370,53,2805,4,4,2016,64.18764302059496,True
KwaZulu-Natal,KZN275 - Mtubatuba,Ward 52705017,3949,72,2348,5,5,2016,59.458090655862236,True
KwaZulu-Natal,KZN275 - Mtubatuba,Ward 52705018,4898,66,3104,4,4,2016,63.37280522662311,True
KwaZulu-Natal,KZN275 - Mtubatuba,Ward 52705019,5171,53,3334,6,6,2016,64.47495648810676,True
KwaZulu-Natal,KZN275 - Mtubatuba,Ward 52705020,4628,59,2651,3,3,2016,57.28176318063959,False
KwaZulu-Natal,KZN276 - Hluhluwe/Somkele,Ward 52706001,3953,62,2406,5,5,2016,60.86516569693904,False
KwaZulu-Natal,KZN276 - Hluhluwe/Somkele,Ward 52706002,3518,25,2204,5,5,2016,62.6492325184764,False
KwaZulu-Natal,KZN276 - Hluhluwe/Somkele,Ward 52706003,4323,77,2805,6,6,2016,64.8854961832061,False
KwaZulu-Natal,KZN276 - Hluhluwe/Somkele,Ward 52706004,4005,50,2758,5,5,2016,68.86392009987516,False
KwaZulu-Natal,KZN276 - Hluhluwe/Somkele,Ward 52706005,3967,15,2228,5,5,2016,56.163347617847236,False
KwaZulu-Natal,KZN276 - Hluhluwe/Somkele,Ward 52706006,4990,61,3195,9,9,2016,64.02805611222445,False
KwaZulu-Natal,KZN276 - Hluhluwe/Somkele,Ward 52706007,4577,34,2905,7,7,2016,63.46952152064671,False
KwaZulu-Natal,KZN276 - Hluhluwe/Somkele,Ward 52706008,4257,56,2724,7,7,2016,63.98872445384073,False
KwaZulu-Natal,KZN276 - Hluhluwe/Somkele,Ward 52706009,3606,57,2259,6,6,2016,62.64559068219634,False
KwaZulu-Natal,KZN276 - Hluhluwe/Somkele,Ward 52706010,4452,30,2894,7,7,2016,65.00449236298293,False
KwaZulu-Natal,KZN276 - Hluhluwe/Somkele,Ward 52706011,4374,27,2793,7,7,2016,63.85459533607681,False
KwaZulu-Natal,KZN276 - Hluhluwe/Somkele,Ward 52706012,4219,32,2374,3,3,2016,56.26925811803745,False
KwaZulu-Natal,KZN276 - Hluhluwe/Somkele,Ward 52706013,4507,65,2758,5,5,2016,61.193698690925224,False
KwaZulu-Natal,KZN281 - Mfolozi,Ward 52801001,3567,35,2316,4,4,2016,64.92851135407905,True
KwaZulu-Natal,KZN281 - Mfolozi,Ward 52801002,4600,45,2604,5,5,2016,56.608695652173914,True
KwaZulu-Natal,KZN281 - Mfolozi,Ward 52801003,3720,72,2436,4,4,2016,65.48387096774194,True
KwaZulu-Natal,KZN281 - Mfolozi,Ward 52801004,4652,50,3182,6,6,2016,68.40068787618229,True
KwaZulu-Natal,KZN281 - Mfolozi,Ward 52801005,5077,62,3430,4,4,2016,67.55958243056924,True
KwaZulu-Natal,KZN281 - Mfolozi,Ward 52801006,4448,21,2700,2,2,2016,60.701438848920866,True
KwaZulu-Natal,KZN281 - Mfolozi,Ward 52801007,4362,48,2921,4,4,2016,66.96469509399357,True
KwaZulu-Natal,KZN281 - Mfolozi,Ward 52801008,4776,70,3297,4,4,2016,69.03266331658291,True
KwaZulu-Natal,KZN281 - Mfolozi,Ward 52801009,4822,54,3120,6,6,2016,64.70344255495645,True
KwaZulu-Natal,KZN281 - Mfolozi,Ward 52801010,4069,35,2510,7,7,2016,61.68591791594986,True
KwaZulu-Natal,KZN281 - Mfolozi,Ward 52801011,4532,59,2864,4,4,2016,63.195057369814656,True
KwaZulu-Natal,KZN281 - Mfolozi,Ward 52801012,4654,43,3244,4,4,2016,69.70348087666524,True
KwaZulu-Natal,KZN281 - Mfolozi,Ward 52801013,4026,37,2595,7,7,2016,64.45603576751118,True
KwaZulu-Natal,KZN281 - Mfolozi,Ward 52801014,4273,33,2764,3,3,2016,64.68523285747719,True
KwaZulu-Natal,KZN281 - Mfolozi,Ward 52801015,4489,62,2596,5,5,2016,57.83025172644242,True
KwaZulu-Natal,KZN281 - Mfolozi,Ward 52801016,3643,26,2092,2,2,2016,57.425199011803464,False
KwaZulu-Natal,KZN281 - Mfolozi,Ward 52801017,4631,45,2863,7,7,2016,61.822500539840206,False
KwaZulu-Natal,KZN282 - uMhlathuze,Ward 52802001,5369,46,3372,3,3,2016,62.80499161855094,True
KwaZulu-Natal,KZN282 - uMhlathuze,Ward 52802002,5970,7,3524,4,4,2016,59.0284757118928,True
KwaZulu-Natal,KZN282 - uMhlathuze,Ward 52802003,6606,14,3930,4,4,2016,59.491371480472296,True
KwaZulu-Natal,KZN282 - uMhlathuze,Ward 52802004,6731,53,4220,4,4,2016,62.69499331451493,True
KwaZulu-Natal,KZN282 - uMhlathuze,Ward 52802005,5756,98,3716,6,6,2016,64.5587213342599,True
KwaZulu-Natal,KZN282 - uMhlathuze,Ward 52802006,5529,33,3327,5,5,2016,60.173629951166575,True
KwaZulu-Natal,KZN282 - uMhlathuze,Ward 52802007,4498,26,2405,3,3,2016,53.46820809248555,True
KwaZulu-Natal,KZN282 - uMhlathuze,Ward 52802008,4274,37,2344,2,2,2016,54.84323818437061,True
KwaZulu-Natal,KZN282 - uMhlathuze,Ward 52802009,6175,13,3715,3,3,2016,60.16194331983805,True
KwaZulu-Natal,KZN282 - uMhlathuze,Ward 52802010,5657,32,3505,5,5,2016,61.95863531907372,True
KwaZulu-Natal,KZN282 - uMhlathuze,Ward 52802011,4955,47,3158,5,5,2016,63.733602421796164,True
KwaZulu-Natal,KZN282 - uMhlathuze,Ward 52802012,6584,48,3902,5,5,2016,59.264884568651276,True
KwaZulu-Natal,KZN282 - uMhlathuze,Ward 52802013,6588,47,4475,4,4,2016,67.92653309046752,True
KwaZulu-Natal,KZN282 - uMhlathuze,Ward 52802014,6334,140,3694,6,6,2016,58.32017682349226,True
KwaZulu-Natal,KZN282 - uMhlathuze,Ward 52802015,6376,50,3955,4,4,2016,62.02948557089084,True
KwaZulu-Natal,KZN282 - uMhlathuze,Ward 52802016,5474,31,3021,4,4,2016,55.18816222141031,True
KwaZulu-Natal,KZN282 - uMhlathuze,Ward 52802017,5021,13,2891,3,3,2016,57.57817167894842,True
KwaZulu-Natal,KZN282 - uMhlathuze,Ward 52802018,5148,22,3602,3,3,2016,69.96891996891998,True
KwaZulu-Natal,KZN282 - uMhlathuze,Ward 52802019,6111,34,3589,3,3,2016,58.730158730158735,True
KwaZulu-Natal,KZN282 - uMhlathuze,Ward 52802020,5771,46,3316,3,3,2016,57.45971235487784,True
KwaZulu-Natal,KZN282 - uMhlathuze,Ward 52802021,6110,26,3451,4,4,2016,56.48117839607202,True
KwaZulu-Natal,KZN282 - uMhlathuze,Ward 52802022,6121,76,3693,3,3,2016,60.33327887600065,True
KwaZulu-Natal,KZN282 - uMhlathuze,Ward 52802023,5290,15,3115,4,4,2016,58.884688090737235,True
KwaZulu-Natal,KZN282 - uMhlathuze,Ward 52802024,6069,27,3435,5,5,2016,56.59911023232822,True
KwaZulu-Natal,KZN282 - uMhlathuze,Ward 52802025,5160,41,2924,5,5,2016,56.666666666666664,True
KwaZulu-Natal,KZN282 - uMhlathuze,Ward 52802026,6067,30,3500,3,3,2016,57.68913795945277,True
KwaZulu-Natal,KZN282 - uMhlathuze,Ward 52802027,6072,46,3419,4,4,2016,56.307641633728586,True
KwaZulu-Natal,KZN282 - uMhlathuze,Ward 52802028,6091,27,3075,4,4,2016,50.48432112953538,True
KwaZulu-Natal,KZN282 - uMhlathuze,Ward 52802029,6824,49,4363,5,5,2016,63.93610785463072,True
KwaZulu-Natal,KZN282 - uMhlathuze,Ward 52802030,3578,18,1406,1,1,2016,39.295695919508105,True
KwaZulu-Natal,KZN282 - uMhlathuze,Ward 52802031,5387,43,3369,8,8,2016,62.53944681640987,False
KwaZulu-Natal,KZN282 - uMhlathuze,Ward 52802032,6344,72,4219,8,8,2016,66.50378310214376,False
KwaZulu-Natal,KZN282 - uMhlathuze,Ward 52802033,5430,8,3518,3,3,2016,64.78821362799263,False
KwaZulu-Natal,KZN282 - uMhlathuze,Ward 52802034,6106,40,2474,4,4,2016,40.517523747133964,False
KwaZulu-Natal,KZN284 - uMlalazi,Ward 52804001,3272,23,1996,6,6,2016,61.002444987775064,True
KwaZulu-Natal,KZN284 - uMlalazi,Ward 52804002,4349,27,2738,7,7,2016,62.957001609565424,True
KwaZulu-Natal,KZN284 - uMlalazi,Ward 52804003,3744,65,2340,8,8,2016,62.5,True
KwaZulu-Natal,KZN284 - uMlalazi,Ward 52804004,4292,47,2697,5,5,2016,62.83783783783784,True
KwaZulu-Natal,KZN284 - uMlalazi,Ward 52804005,3981,40,2439,7,7,2016,61.26601356443104,True
KwaZulu-Natal,KZN284 - uMlalazi,Ward 52804006,3837,18,2395,7,7,2016,62.418556163669535,True
KwaZulu-Natal,KZN284 - uMlalazi,Ward 52804007,3692,4,2322,6,6,2016,62.89274106175514,True
KwaZulu-Natal,KZN284 - uMlalazi,Ward 52804008,4785,44,2986,5,5,2016,62.40334378265413,True
KwaZulu-Natal,KZN284 - uMlalazi,Ward 52804009,3663,31,2301,5,5,2016,62.81736281736282,True
KwaZulu-Natal,KZN284 - uMlalazi,Ward 52804010,4561,28,2699,5,5,2016,59.17561938171454,True
KwaZulu-Natal,KZN284 - uMlalazi,Ward 52804011,4612,18,2614,5,5,2016,56.67823070251517,True
KwaZulu-Natal,KZN284 - uMlalazi,Ward 52804012,3592,16,1940,3,3,2016,54.00890868596881,True
KwaZulu-Natal,KZN284 - uMlalazi,Ward 52804013,4863,28,2829,6,6,2016,58.173966687230106,True
KwaZulu-Natal,KZN284 - uMlalazi,Ward 52804014,4525,51,2867,6,6,2016,63.35911602209945,True
KwaZulu-Natal,KZN284 - uMlalazi,Ward 52804015,4573,19,2969,6,6,2016,64.92455718346818,True
KwaZulu-Natal,KZN284 - uMlalazi,Ward 52804016,4575,40,2941,6,6,2016,64.28415300546449,True
KwaZulu-Natal,KZN284 - uMlalazi,Ward 52804017,4205,41,2569,6,6,2016,61.093935790725325,True
KwaZulu-Natal,KZN284 - uMlalazi,Ward 52804018,3477,39,1890,4,4,2016,54.3572044866264,True
KwaZulu-Natal,KZN284 - uMlalazi,Ward 52804019,3736,9,2398,4,4,2016,64.186295503212,True
KwaZulu-Natal,KZN284 - uMlalazi,Ward 52804020,4692,59,3053,6,6,2016,65.06820119352089,True
KwaZulu-Natal,KZN284 - uMlalazi,Ward 52804021,3493,59,2199,5,5,2016,62.95448038935013,True
KwaZulu-Natal,KZN284 - uMlalazi,Ward 52804022,3526,42,2232,6,6,2016,63.3011911514464,True
KwaZulu-Natal,KZN284 - uMlalazi,Ward 52804023,3583,24,2294,5,5,2016,64.02456042422551,True
KwaZulu-Natal,KZN284 - uMlalazi,Ward 52804024,3714,21,2347,4,4,2016,63.1933225632741,True
KwaZulu-Natal,KZN284 - uMlalazi,Ward 52804025,3575,36,2406,5,5,2016,67.30069930069929,True
KwaZulu-Natal,KZN284 - uMlalazi,Ward 52804026,4480,26,2871,6,6,2016,64.08482142857143,True
KwaZulu-Natal,KZN284 - uMlalazi,Ward 52804027,3103,12,2010,5,5,2016,64.7760232033516,False
KwaZulu-Natal,KZN285 - Mthonjaneni,Ward 52805001,3934,45,2568,9,9,2016,65.27707168276564,True
KwaZulu-Natal,KZN285 - Mthonjaneni,Ward 52805002,3288,26,2040,4,4,2016,62.04379562043796,True
KwaZulu-Natal,KZN285 - Mthonjaneni,Ward 52805003,3680,26,2095,6,6,2016,56.92934782608695,True
KwaZulu-Natal,KZN285 - Mthonjaneni,Ward 52805004,2955,43,1715,7,7,2016,58.03722504230119,True
KwaZulu-Natal,KZN285 - Mthonjaneni,Ward 52805005,3321,40,2096,7,7,2016,63.113520024089134,True
KwaZulu-Natal,KZN285 - Mthonjaneni,Ward 52805006,3068,35,1985,7,7,2016,64.70013037809647,True
KwaZulu-Natal,KZN285 - Mthonjaneni,Ward 52805007,3799,31,2387,6,6,2016,62.83232429586734,False
KwaZulu-Natal,KZN285 - Mthonjaneni,Ward 52805008,3525,43,2190,5,5,2016,62.12765957446808,False
KwaZulu-Natal,KZN285 - Mthonjaneni,Ward 52805009,3909,35,2420,7,7,2016,61.90841647480174,False
KwaZulu-Natal,KZN285 - Mthonjaneni,Ward 52805010,3854,54,2385,8,8,2016,61.883757135443695,False
KwaZulu-Natal,KZN285 - Mthonjaneni,Ward 52805011,3072,17,1995,5,5,2016,64.94140625,False
KwaZulu-Natal,KZN285 - Mthonjaneni,Ward 52805012,3069,34,1603,7,7,2016,52.23199739328772,False
KwaZulu-Natal,KZN285 - Mthonjaneni,Ward 52805013,3088,37,2002,4,4,2016,64.83160621761658,False
KwaZulu-Natal,KZN286 - Nkandla,Ward 52806001,4713,47,2995,9,9,2016,63.547634203267556,True
KwaZulu-Natal,KZN286 - Nkandla,Ward 52806002,3519,35,2181,5,5,2016,61.97783461210571,True
KwaZulu-Natal,KZN286 - Nkandla,Ward 52806003,3746,36,2372,6,6,2016,63.32087560064068,True
KwaZulu-Natal,KZN286 - Nkandla,Ward 52806004,3887,40,2400,5,5,2016,61.74427579109854,True
KwaZulu-Natal,KZN286 - Nkandla,Ward 52806005,4628,42,2945,7,7,2016,63.63439930855661,True
KwaZulu-Natal,KZN286 - Nkandla,Ward 52806006,4439,38,3043,6,6,2016,68.551475557558,True
KwaZulu-Natal,KZN286 - Nkandla,Ward 52806007,3788,37,2612,7,7,2016,68.95459345300951,True
KwaZulu-Natal,KZN286 - Nkandla,Ward 52806008,3613,26,2214,6,6,2016,61.27871574868531,True
KwaZulu-Natal,KZN286 - Nkandla,Ward 52806009,4281,18,2901,7,7,2016,67.7645409950946,True
KwaZulu-Natal,KZN286 - Nkandla,Ward 52806010,4090,23,2703,8,8,2016,66.0880195599022,True
KwaZulu-Natal,KZN286 - Nkandla,Ward 52806011,3716,65,2586,6,6,2016,69.59095801937568,True
KwaZulu-Natal,KZN286 - Nkandla,Ward 52806012,4259,27,2910,10,10,2016,68.3258980981451,True
KwaZulu-Natal,KZN286 - Nkandla,Ward 52806013,4586,43,2910,6,6,2016,63.4539904055822,True
KwaZulu-Natal,KZN286 - Nkandla,Ward 52806014,4441,56,2706,7,7,2016,60.93222247241612,True
KwaZulu-Natal,KZN291 - Mandeni,Ward 52901001,4403,91,2784,5,5,2016,63.229616170792646,True
KwaZulu-Natal,KZN291 - Mandeni,Ward 52901002,4291,90,2786,4,4,2016,64.92659053833604,True
KwaZulu-Natal,KZN291 - Mandeni,Ward 52901003,4532,45,2533,6,6,2016,55.891438658428946,True
KwaZulu-Natal,KZN291 - Mandeni,Ward 52901004,4267,54,2829,3,3,2016,66.29950785094914,True
KwaZulu-Natal,KZN291 - Mandeni,Ward 52901005,4309,61,2673,4,4,2016,62.0329542817359,True
KwaZulu-Natal,KZN291 - Mandeni,Ward 52901006,3835,81,2287,4,4,2016,59.63494132985658,True
KwaZulu-Natal,KZN291 - Mandeni,Ward 52901007,4618,124,2553,2,2,2016,55.28367258553486,True
KwaZulu-Natal,KZN291 - Mandeni,Ward 52901008,4489,100,2669,5,5,2016,59.456449097794604,True
KwaZulu-Natal,KZN291 - Mandeni,Ward 52901009,4748,46,3111,6,6,2016,65.5223251895535,True
KwaZulu-Natal,KZN291 - Mandeni,Ward 52901010,4131,46,2585,4,4,2016,62.57564754296781,True
KwaZulu-Natal,KZN291 - Mandeni,Ward 52901011,2349,41,1547,2,2,2016,65.85781183482334,True
KwaZulu-Natal,KZN291 - Mandeni,Ward 52901012,5455,74,3481,3,3,2016,63.81301558203483,True
KwaZulu-Natal,KZN291 - Mandeni,Ward 52901013,3126,26,1838,2,2,2016,58.79718490083173,True
KwaZulu-Natal,KZN291 - Mandeni,Ward 52901014,3875,45,2275,2,2,2016,58.70967741935483,True
KwaZulu-Natal,KZN291 - Mandeni,Ward 52901015,3146,15,1739,2,2,2016,55.276541640178,True
KwaZulu-Natal,KZN291 - Mandeni,Ward 52901016,3639,56,2076,4,4,2016,57.04863973619126,True
KwaZulu-Natal,KZN291 - Mandeni,Ward 52901017,3520,39,1903,2,2,2016,54.0625,True
KwaZulu-Natal,KZN291 - Mandeni,Ward 52901018,4370,54,2354,3,3,2016,53.86727688787185,False
KwaZulu-Natal,KZN292 - KwaDukuza,Ward 52902001,3831,67,2506,4,4,2016,65.41373009658052,True
KwaZulu-Natal,KZN292 - KwaDukuza,Ward 52902002,4405,59,3009,3,3,2016,68.30874006810443,True
KwaZulu-Natal,KZN292 - KwaDukuza,Ward 52902003,4847,80,2999,8,8,2016,61.87332370538478,True
KwaZulu-Natal,KZN292 - KwaDukuza,Ward 52902004,5778,82,3677,1,1,2016,63.63793700242299,True
KwaZulu-Natal,KZN292 - KwaDukuza,Ward 52902005,4276,37,3020,2,2,2016,70.6267539756782,True
KwaZulu-Natal,KZN292 - KwaDukuza,Ward 52902006,4055,13,2730,1,1,2016,67.32429099876695,True
KwaZulu-Natal,KZN292 - KwaDukuza,Ward 52902007,4010,129,2648,2,2,2016,66.03491271820448,True
KwaZulu-Natal,KZN292 - KwaDukuza,Ward 52902008,4147,19,2233,1,1,2016,53.84615384615385,True
KwaZulu-Natal,KZN292 - KwaDukuza,Ward 52902009,4101,78,2885,4,4,2016,70.34869544013655,True
KwaZulu-Natal,KZN292 - KwaDukuza,Ward 52902010,3395,35,2045,2,2,2016,60.23564064801178,True
KwaZulu-Natal,KZN292 - KwaDukuza,Ward 52902011,4633,102,3278,4,4,2016,70.7532916037125,True
KwaZulu-Natal,KZN292 - KwaDukuza,Ward 52902012,4083,24,2646,2,2,2016,64.8052902277737,True
KwaZulu-Natal,KZN292 - KwaDukuza,Ward 52902013,5269,61,2969,3,3,2016,56.34845321692921,True
KwaZulu-Natal,KZN292 - KwaDukuza,Ward 52902014,4244,61,2715,2,2,2016,63.97266729500471,True
KwaZulu-Natal,KZN292 - KwaDukuza,Ward 52902015,5547,79,3471,3,3,2016,62.5743645213629,True
KwaZulu-Natal,KZN292 - KwaDukuza,Ward 52902016,5688,50,3316,4,4,2016,58.29817158931083,True
KwaZulu-Natal,KZN292 - KwaDukuza,Ward 52902017,4415,18,2623,2,2,2016,59.41109852774632,True
KwaZulu-Natal,KZN292 - KwaDukuza,Ward 52902018,3982,95,2663,2,2,2016,66.87594173782018,True
KwaZulu-Natal,KZN292 - KwaDukuza,Ward 52902019,5000,39,2775,3,3,2016,55.50000000000001,True
KwaZulu-Natal,KZN292 - KwaDukuza,Ward 52902020,3892,36,2440,4,4,2016,62.69270298047277,True
KwaZulu-Natal,KZN292 - KwaDukuza,Ward 52902021,5086,94,3626,3,3,2016,71.2937475422729,True
KwaZulu-Natal,KZN292 - KwaDukuza,Ward 52902022,4679,17,3625,2,2,2016,77.47381919213507,True
KwaZulu-Natal,KZN292 - KwaDukuza,Ward 52902023,5424,93,3652,3,3,2016,67.33038348082596,True
KwaZulu-Natal,KZN292 - KwaDukuza,Ward 52902024,4643,76,3167,3,3,2016,68.21020891664872,True
KwaZulu-Natal,KZN292 - KwaDukuza,Ward 52902025,3939,76,2563,4,4,2016,65.06727595836507,True
KwaZulu-Natal,KZN292 - KwaDukuza,Ward 52902026,3245,46,2049,2,2,2016,63.143297380585516,True
KwaZulu-Natal,KZN292 - KwaDukuza,Ward 52902027,3690,63,2453,4,4,2016,66.4769647696477,True
KwaZulu-Natal,KZN292 - KwaDukuza,Ward 52902028,3664,47,2317,3,3,2016,63.23689956331878,False
KwaZulu-Natal,KZN292 - KwaDukuza,Ward 52902029,4506,60,3360,3,3,2016,74.56724367509987,False
KwaZulu-Natal,KZN293 - Ndwedwe,Ward 52903001,3415,51,2038,6,6,2016,59.6778916544656,True
KwaZulu-Natal,KZN293 - Ndwedwe,Ward 52903002,3329,49,2052,5,5,2016,61.64013217182337,True
KwaZulu-Natal,KZN293 - Ndwedwe,Ward 52903003,3532,26,2165,6,6,2016,61.296715741789356,True
KwaZulu-Natal,KZN293 - Ndwedwe,Ward 52903004,3292,21,2016,4,4,2016,61.23936816524909,True
KwaZulu-Natal,KZN293 - Ndwedwe,Ward 52903005,3900,31,2227,5,5,2016,57.1025641025641,True
KwaZulu-Natal,KZN293 - Ndwedwe,Ward 52903006,3494,21,2197,4,4,2016,62.87922152261019,True
KwaZulu-Natal,KZN293 - Ndwedwe,Ward 52903007,3033,38,1877,6,6,2016,61.88592152983844,True
KwaZulu-Natal,KZN293 - Ndwedwe,Ward 52903008,3772,49,2493,5,5,2016,66.09225874867445,True
KwaZulu-Natal,KZN293 - Ndwedwe,Ward 52903009,3977,70,2467,5,5,2016,62.031682172491834,True
KwaZulu-Natal,KZN293 - Ndwedwe,Ward 52903010,3441,71,2196,5,5,2016,63.818657367044466,True
KwaZulu-Natal,KZN293 - Ndwedwe,Ward 52903011,4234,45,3030,6,6,2016,71.56353330184223,True
KwaZulu-Natal,KZN293 - Ndwedwe,Ward 52903012,4568,42,3310,6,6,2016,72.46059544658495,True
KwaZulu-Natal,KZN293 - Ndwedwe,Ward 52903013,4478,68,2803,5,5,2016,62.59490844126843,True
KwaZulu-Natal,KZN293 - Ndwedwe,Ward 52903014,4392,99,2761,6,6,2016,62.86429872495446,True
KwaZulu-Natal,KZN293 - Ndwedwe,Ward 52903015,4251,61,2605,5,5,2016,61.2796988943778,True
KwaZulu-Natal,KZN293 - Ndwedwe,Ward 52903016,3604,30,2303,8,8,2016,63.90122086570478,True
KwaZulu-Natal,KZN293 - Ndwedwe,Ward 52903017,4002,45,2340,7,7,2016,58.47076461769115,True
KwaZulu-Natal,KZN293 - Ndwedwe,Ward 52903018,3811,70,2282,5,5,2016,59.87929677250066,True
KwaZulu-Natal,KZN293 - Ndwedwe,Ward 52903019,4326,80,2734,9,9,2016,63.199260286638925,True
KwaZulu-Natal,KZN294 - Maphumulo,Ward 52904001,4137,13,2456,5,5,2016,59.36669083877205,True
KwaZulu-Natal,KZN294 - Maphumulo,Ward 52904002,4633,32,2892,11,11,2016,62.42175696093244,True
KwaZulu-Natal,KZN294 - Maphumulo,Ward 52904003,3569,31,2166,10,10,2016,60.68926870271785,True
KwaZulu-Natal,KZN294 - Maphumulo,Ward 52904004,5168,84,3374,9,9,2016,65.28637770897832,True
KwaZulu-Natal,KZN294 - Maphumulo,Ward 52904005,5019,36,3341,8,8,2016,66.5670452281331,True
KwaZulu-Natal,KZN294 - Maphumulo,Ward 52904006,4723,41,2909,12,12,2016,61.59220834215541,True
KwaZulu-Natal,KZN294 - Maphumulo,Ward 52904007,3918,55,2282,9,9,2016,58.24400204185809,True
KwaZulu-Natal,KZN294 - Maphumulo,Ward 52904008,4656,30,2723,11,11,2016,58.48367697594502,True
KwaZulu-Natal,KZN294 - Maphumulo,Ward 52904009,4647,47,2850,10,10,2016,61.329890251775346,True
KwaZulu-Natal,KZN294 - Maphumulo,Ward 52904010,4811,59,2845,6,6,2016,59.135314903346504,True
KwaZulu-Natal,KZN294 - Maphumulo,Ward 52904011,4175,25,2582,10,10,2016,61.84431137724551,True
KwaZulu-Natal,KZN433 - Greater Kokstad,Ward 54303001,4229,89,2090,1,1,2016,49.42066682430835,True
KwaZulu-Natal,KZN433 - Greater Kokstad,Ward 54303002,3984,104,2311,8,8,2016,58.0070281124498,True
KwaZulu-Natal,KZN433 - Greater Kokstad,Ward 54303003,4639,41,2073,3,3,2016,44.686354817848674,True
KwaZulu-Natal,KZN433 - Greater Kokstad,Ward 54303004,3916,47,2007,1,1,2016,51.25127681307456,True
KwaZulu-Natal,KZN433 - Greater Kokstad,Ward 54303005,3441,25,1692,2,2,2016,49.17175239755885,True
KwaZulu-Natal,KZN433 - Greater Kokstad,Ward 54303006,3577,129,2135,9,9,2016,59.68688845401174,True
KwaZulu-Natal,KZN433 - Greater Kokstad,Ward 54303007,4516,102,2146,2,2,2016,47.519929140832595,True
KwaZulu-Natal,KZN433 - Greater Kokstad,Ward 54303008,3787,32,1957,2,2,2016,51.6767890150515,True
KwaZulu-Natal,KZN433 - Greater Kokstad,Ward 54303009,4795,137,2642,4,4,2016,55.09906152241919,False
KwaZulu-Natal,KZN433 - Greater Kokstad,Ward 54303010,5285,126,2890,2,2,2016,54.68306527909177,False
KwaZulu-Natal,KZN434 - Ubuhlebezwe,Ward 54304001,3528,40,2292,5,5,2016,64.96598639455783,True
KwaZulu-Natal,KZN434 - Ubuhlebezwe,Ward 54304002,4208,36,2374,5,5,2016,56.416349809885936,True
KwaZulu-Natal,KZN434 - Ubuhlebezwe,Ward 54304003,4937,122,3351,7,7,2016,67.87522787117682,True
KwaZulu-Natal,KZN434 - Ubuhlebezwe,Ward 54304004,4812,86,2900,4,4,2016,60.26600166251039,True
KwaZulu-Natal,KZN434 - Ubuhlebezwe,Ward 54304005,3683,90,2304,9,9,2016,62.55769752918816,True
KwaZulu-Natal,KZN434 - Ubuhlebezwe,Ward 54304006,4175,55,2554,3,3,2016,61.17365269461078,True
KwaZulu-Natal,KZN434 - Ubuhlebezwe,Ward 54304007,4335,77,2531,3,3,2016,58.385236447520185,True
KwaZulu-Natal,KZN434 - Ubuhlebezwe,Ward 54304008,4910,56,3063,5,5,2016,62.382892057026474,True
KwaZulu-Natal,KZN434 - Ubuhlebezwe,Ward 54304009,3453,48,2337,6,6,2016,67.68027801911381,True
KwaZulu-Natal,KZN434 - Ubuhlebezwe,Ward 54304010,3701,65,2224,5,5,2016,60.09186706295596,True
KwaZulu-Natal,KZN434 - Ubuhlebezwe,Ward 54304011,4282,100,2855,7,7,2016,66.67445119103222,True
KwaZulu-Natal,KZN434 - Ubuhlebezwe,Ward 54304012,4278,88,2770,5,5,2016,64.74988312295466,True
KwaZulu-Natal,KZN434 - Ubuhlebezwe,Ward 54304013,3449,50,2043,7,7,2016,59.23456074224413,False
KwaZulu-Natal,KZN434 - Ubuhlebezwe,Ward 54304014,3648,84,2174,5,5,2016,59.59429824561403,False
KwaZulu-Natal,KZN435 - Umzimkhulu,Ward 54305001,4733,72,2289,8,8,2016,48.36256074371435,True
KwaZulu-Natal,KZN435 - Umzimkhulu,Ward 54305002,4607,239,1858,6,6,2016,40.329932711091814,True
KwaZulu-Natal,KZN435 - Umzimkhulu,Ward 54305003,3885,41,2228,7,7,2016,57.34877734877735,True
KwaZulu-Natal,KZN435 - Umzimkhulu,Ward 54305004,4349,76,2303,7,7,2016,52.954702230397785,True
KwaZulu-Natal,KZN435 - Umzimkhulu,Ward 54305005,3686,49,2312,7,7,2016,62.723819858925665,True
KwaZulu-Natal,KZN435 - Umzimkhulu,Ward 54305006,3779,74,2121,8,8,2016,56.12595924847843,True
KwaZulu-Natal,KZN435 - Umzimkhulu,Ward 54305007,3857,32,2369,5,5,2016,61.42079336271714,True
KwaZulu-Natal,KZN435 - Umzimkhulu,Ward 54305008,4173,100,2485,9,9,2016,59.54948478312965,True
KwaZulu-Natal,KZN435 - Umzimkhulu,Ward 54305009,3646,39,2149,6,6,2016,58.941305540318154,True
KwaZulu-Natal,KZN435 - Umzimkhulu,Ward 54305010,4568,63,2686,10,10,2016,58.80035026269702,True
KwaZulu-Natal,KZN435 - Umzimkhulu,Ward 54305011,4093,59,2242,5,5,2016,54.77644759345224,True
KwaZulu-Natal,KZN435 - Umzimkhulu,Ward 54305012,3884,20,2245,7,7,2016,57.80123583934088,True
KwaZulu-Natal,KZN435 - Umzimkhulu,Ward 54305013,4315,46,2546,6,6,2016,59.003476245654696,True
KwaZulu-Natal,KZN435 - Umzimkhulu,Ward 54305014,4465,69,2669,7,7,2016,59.776035834266516,True
KwaZulu-Natal,KZN435 - Umzimkhulu,Ward 54305015,4357,54,2674,7,7,2016,61.372504016525134,True
KwaZulu-Natal,KZN435 - Umzimkhulu,Ward 54305016,5351,44,2712,4,4,2016,50.68211549243132,True
KwaZulu-Natal,KZN435 - Umzimkhulu,Ward 54305017,4882,60,2927,5,5,2016,59.95493650143384,True
KwaZulu-Natal,KZN435 - Umzimkhulu,Ward 54305018,3737,45,2242,9,9,2016,59.994648113459995,True
KwaZulu-Natal,KZN435 - Umzimkhulu,Ward 54305019,3748,64,2183,8,8,2016,58.24439701173959,True
KwaZulu-Natal,KZN435 - Umzimkhulu,Ward 54305020,4886,45,2967,8,8,2016,60.72451903397462,True
KwaZulu-Natal,KZN435 - Umzimkhulu,Ward 54305021,3776,41,2336,8,8,2016,61.86440677966102,False
KwaZulu-Natal,KZN435 - Umzimkhulu,Ward 54305022,3585,63,2248,9,9,2016,62.70571827057183,False
KwaZulu-Natal,KZN436 - Creighton/Underberg,Ward 54306001,3478,78,2299,9,9,2016,66.10120759056929,False
KwaZulu-Natal,KZN436 - Creighton/Underberg,Ward 54306002,3248,64,2075,5,5,2016,63.885467980295566,False
KwaZulu-Natal,KZN436 - Creighton/Underberg,Ward 54306003,3530,90,2073,4,4,2016,58.72521246458924,False
KwaZulu-Natal,KZN436 - Creighton/Underberg,Ward 54306004,4181,95,2749,5,5,2016,65.74982061707726,False
KwaZulu-Natal,KZN436 - Creighton/Underberg,Ward 54306005,3517,30,2219,5,5,2016,63.093545635484794,False
KwaZulu-Natal,KZN436 - Creighton/Underberg,Ward 54306006,4858,126,3250,7,7,2016,66.89995883079457,False
KwaZulu-Natal,KZN436 - Creighton/Underberg,Ward 54306007,3756,290,2420,4,4,2016,64.43024494142705,False
KwaZulu-Natal,KZN436 - Creighton/Underberg,Ward 54306008,4335,94,2759,4,4,2016,63.64475201845444,False
KwaZulu-Natal,KZN436 - Creighton/Underberg,Ward 54306009,3823,46,2522,4,4,2016,65.96913418781062,False
KwaZulu-Natal,KZN436 - Creighton/Underberg,Ward 54306010,3316,54,1913,5,5,2016,57.68998793727383,False
KwaZulu-Natal,KZN436 - Creighton/Underberg,Ward 54306011,4050,44,2412,6,6,2016,59.55555555555555,False
KwaZulu-Natal,KZN436 - Creighton/Underberg,Ward 54306012,3389,56,2114,5,5,2016,62.378282679256415,False
KwaZulu-Natal,KZN436 - Creighton/Underberg,Ward 54306013,3562,131,2217,4,4,2016,62.24031443009545,False
KwaZulu-Natal,KZN436 - Creighton/Underberg,Ward 54306014,3855,20,2472,7,7,2016,64.12451361867704,False
KwaZulu-Natal,KZN436 - Creighton/Underberg,Ward 54306015,3631,22,2328,7,7,2016,64.11456898925915,False
KwaZulu-Natal,ETH - eThekwini,Ward 59500001,18289,158,10381,12,12,2021,56.76089452676473,True
KwaZulu-Natal,ETH - eThekwini,Ward 59500002,18664,297,8836,22,22,2021,47.34247749678526,True
KwaZulu-Natal,ETH - eThekwini,Ward 59500003,15086,215,6462,13,13,2021,42.8344160148482,True
KwaZulu-Natal,ETH - eThekwini,Ward 59500004,19776,219,8560,10,10,2021,43.284789644012946,True
KwaZulu-Natal,ETH - eThekwini,Ward 59500005,14605,191,6359,5,5,2021,43.53988360150633,True
KwaZulu-Natal,ETH - eThekwini,Ward 59500006,18104,276,7775,8,8,2021,42.94631020768891,True
KwaZulu-Natal,ETH - eThekwini,Ward 59500007,16364,310,7793,7,7,2021,47.62283060376436,True
KwaZulu-Natal,ETH - eThekwini,Ward 59500008,19179,136,9683,12,12,2021,50.48751238333594,True
KwaZulu-Natal,ETH - eThekwini,Ward 59500009,18734,111,10043,10,10,2021,53.60841251201025,True
KwaZulu-Natal,ETH - eThekwini,Ward 59500010,19912,66,11380,9,9,2021,57.15146645239052,True
KwaZulu-Natal,ETH - eThekwini,Ward 59500011,19677,64,7541,8,8,2021,38.32393149362199,True
KwaZulu-Natal,ETH - eThekwini,Ward 59500012,16467,126,5913,7,7,2021,35.908179996356345,True
KwaZulu-Natal,ETH - eThekwini,Ward 59500013,15059,137,6032,6,6,2021,40.05578059632114,True
KwaZulu-Natal,ETH - eThekwini,Ward 59500014,18563,248,6758,8,8,2021,36.40575338038033,True
KwaZulu-Natal,ETH - eThekwini,Ward 59500015,19106,205,7144,7,7,2021,37.391395373181204,True
KwaZulu-Natal,ETH - eThekwini,Ward 59500016,19531,77,8101,7,7,2021,41.4776509139317,True
KwaZulu-Natal,ETH - eThekwini,Ward 59500017,18977,194,8101,8,8,2021,42.68851767929599,True
KwaZulu-Natal,ETH - eThekwini,Ward 59500018,19154,55,9058,5,5,2021,47.29038320977342,True
KwaZulu-Natal,ETH - eThekwini,Ward 59500019,18843,168,7853,7,7,2021,41.67595393514833,True
KwaZulu-Natal,ETH - eThekwini,Ward 59500020,15835,206,6523,7,7,2021,41.19355857278181,True
KwaZulu-Natal,ETH - eThekwini,Ward 59500021,17447,153,6957,6,6,2021,39.87505015188857,True
KwaZulu-Natal,ETH - eThekwini,Ward 59500022,17191,106,6407,6,6,2021,37.2695014833343,True
KwaZulu-Natal,ETH - eThekwini,Ward 59500023,19508,111,7797,8,8,2021,39.968218166905885,True
KwaZulu-Natal,ETH - eThekwini,Ward 59500024,19057,91,8329,6,6,2021,43.70572493047174,True
KwaZulu-Natal,ETH - eThekwini,Ward 59500025,16073,147,6145,6,6,2021,38.23181733341629,True
KwaZulu-Natal,ETH - eThekwini,Ward 59500026,14552,7,3846,5,5,2021,26.429356789444753,True
KwaZulu-Natal,ETH - eThekwini,Ward 59500027,18725,26,7945,9,9,2021,42.429906542056074,True
KwaZulu-Natal,ETH - eThekwini,Ward 59500028,16768,46,3452,5,5,2021,20.5868320610687,True
KwaZulu-Natal,ETH - eThekwini,Ward 59500029,22962,130,7057,6,6,2021,30.733385593589407,True
KwaZulu-Natal,ETH - eThekwini,Ward 59500030,15378,60,6870,7,7,2021,44.67420991026142,True
KwaZulu-Natal,ETH - eThekwini,Ward 59500031,19694,44,8215,9,9,2021,41.71321214583122,True
KwaZulu-Natal,ETH - eThekwini,Ward 59500032,17479,33,2963,5,5,2021,16.951770696264088,True
KwaZulu-Natal,ETH - eThekwini,Ward 59500033,17205,82,6164,8,8,2021,35.82679453647196,True
KwaZulu-Natal,ETH - eThekwini,Ward 59500034,16737,102,6899,6,6,2021,41.22005138316305,True
KwaZulu-Natal,ETH - eThekwini,Ward 59500035,17729,48,9698,5,5,2021,54.701336792825316,True
KwaZulu-Natal,ETH - eThekwini,Ward 59500036,18040,51,9349,5,5,2021,51.82372505543237,True
KwaZulu-Natal,ETH - eThekwini,Ward 59500037,19327,52,7266,7,7,2021,37.595074248460705,True
KwaZulu-Natal,ETH - eThekwini,Ward 59500038,16391,72,6097,8,8,2021,37.19724238911598,True
KwaZulu-Natal,ETH - eThekwini,Ward 59500039,16983,54,4542,5,5,2021,26.744391450273802,True
KwaZulu-Natal,ETH - eThekwini,Ward 59500040,17792,113,6628,7,7,2021,37.252697841726615,True
KwaZulu-Natal,ETH - eThekwini,Ward 59500041,14599,96,5120,5,5,2021,35.0708952667991,True
KwaZulu-Natal,ETH - eThekwini,Ward 59500042,14208,49,5016,7,7,2021,35.30405405405405,True
KwaZulu-Natal,ETH - eThekwini,Ward 59500043,14556,126,5330,7,7,2021,36.617202528167084,True
KwaZulu-Natal,ETH - eThekwini,Ward 59500044,15610,132,5789,7,7,2021,37.08520179372197,True
KwaZulu-Natal,ETH - eThekwini,Ward 59500045,18280,100,6960,9,9,2021,38.074398249452955,True
KwaZulu-Natal,ETH - eThekwini,Ward 59500046,12636,47,3867,6,6,2021,30.60303893637227,True
KwaZulu-Natal,ETH - eThekwini,Ward 59500047,18087,137,6120,9,9,2021,33.83645712390114,True
KwaZulu-Natal,ETH - eThekwini,Ward 59500048,16271,106,7500,7,7,2021,46.09427816360396,True
KwaZulu-Natal,ETH - eThekwini,Ward 59500049,19376,124,9274,9,9,2021,47.86333608587944,True
KwaZulu-Natal,ETH - eThekwini,Ward 59500050,18502,148,9350,9,9,2021,50.535077288941736,True
KwaZulu-Natal,ETH - eThekwini,Ward 59500051,17143,157,7913,9,9,2021,46.15878201014992,True
KwaZulu-Natal,ETH - eThekwini,Ward 59500052,16063,112,7477,7,7,2021,46.54796737844736,True
KwaZulu-Natal,ETH - eThekwini,Ward 59500053,18634,80,5881,5,5,2021,31.560588172158422,True
KwaZulu-Natal,ETH - eThekwini,Ward 59500054,16614,118,5527,6,6,2021,33.26712411219454,True
KwaZulu-Natal,ETH - eThekwini,Ward 59500055,16766,102,6310,8,8,2021,37.635691279971375,True
KwaZulu-Natal,ETH - eThekwini,Ward 59500056,19783,144,7217,10,10,2021,36.48081686296315,True
KwaZulu-Natal,ETH - eThekwini,Ward 59500057,15986,138,6918,7,7,2021,43.275365945202054,True
KwaZulu-Natal,ETH - eThekwini,Ward 59500058,17162,51,7695,12,12,2021,44.837431534786155,True
KwaZulu-Natal,ETH - eThekwini,Ward 59500059,19645,203,8328,9,9,2021,42.39246627640621,True
KwaZulu-Natal,ETH - eThekwini,Ward 59500060,19601,200,7738,7,7,2021,39.47757767460844,True
KwaZulu-Natal,ETH - eThekwini,Ward 59500061,14990,131,7030,9,9,2021,46.89793195463643,True
KwaZulu-Natal,ETH - eThekwini,Ward 59500062,18511,193,7533,9,9,2021,40.694722057155204,True
KwaZulu-Natal,ETH - eThekwini,Ward 59500063,19013,84,9170,7,7,2021,48.230158312733394,True
KwaZulu-Natal,ETH - eThekwini,Ward 59500064,18756,80,7541,8,8,2021,40.20580081040734,True
KwaZulu-Natal,ETH - eThekwini,Ward 59500065,20450,189,9230,7,7,2021,45.13447432762836,True
KwaZulu-Natal,ETH - eThekwini,Ward 59500066,17931,48,8193,7,7,2021,45.691818638112764,True
KwaZulu-Natal,ETH - eThekwini,Ward 59500067,16092,325,6377,9,9,2021,39.628386776037786,True
KwaZulu-Natal,ETH - eThekwini,Ward 59500068,18449,68,8637,9,9,2021,46.81554555802482,True
KwaZulu-Natal,ETH - eThekwini,Ward 59500069,16608,102,7637,8,8,2021,45.98386319845857,True
KwaZulu-Natal,ETH - eThekwini,Ward 59500070,17235,85,8331,11,11,2021,48.33768494342907,True
KwaZulu-Natal,ETH - eThekwini,Ward 59500071,18914,86,7680,5,5,2021,40.604842973458815,True
KwaZulu-Natal,ETH - eThekwini,Ward 59500072,18662,160,7293,8,8,2021,39.07941271032044,True
KwaZulu-Natal,ETH - eThekwini,Ward 59500073,16717,117,8009,9,9,2021,47.90931387210624,True
KwaZulu-Natal,ETH - eThekwini,Ward 59500074,16849,39,6283,7,7,2021,37.29004688705561,True
KwaZulu-Natal,ETH - eThekwini,Ward 59500075,15275,68,6083,5,5,2021,39.823240589198036,True
KwaZulu-Natal,ETH - eThekwini,Ward 59500076,13534,103,3714,5,5,2021,27.4419979311364,True
KwaZulu-Natal,ETH - eThekwini,Ward 59500077,18331,101,8204,8,8,2021,44.75478697288746,True
KwaZulu-Natal,ETH - eThekwini,Ward 59500078,16856,164,5849,7,7,2021,34.699810156620785,True
KwaZulu-Natal,ETH - eThekwini,Ward 59500079,16593,66,5123,6,6,2021,30.87446513590068,True
KwaZulu-Natal,ETH - eThekwini,Ward 59500080,14872,136,5379,6,6,2021,36.16863905325444,True
KwaZulu-Natal,ETH - eThekwini,Ward 59500081,14519,124,4526,8,8,2021,31.172945795164956,True
KwaZulu-Natal,ETH - eThekwini,Ward 59500082,15512,220,4875,7,7,2021,31.42728210417741,True
KwaZulu-Natal,ETH - eThekwini,Ward 59500083,13906,236,4859,7,7,2021,34.94175176182942,True
KwaZulu-Natal,ETH - eThekwini,Ward 59500084,15589,95,5742,8,8,2021,36.83366476361537,True
KwaZulu-Natal,ETH - eThekwini,Ward 59500085,14086,111,4615,6,6,2021,32.76302711912537,True
KwaZulu-Natal,ETH - eThekwini,Ward 59500086,15418,192,5255,6,6,2021,34.08353872097548,True
KwaZulu-Natal,ETH - eThekwini,Ward 59500087,14462,106,4724,5,5,2021,32.66491494952289,True
KwaZulu-Natal,ETH - eThekwini,Ward 59500088,16706,76,4904,7,7,2021,29.35472285406441,True
KwaZulu-Natal,ETH - eThekwini,Ward 59500089,16438,119,6530,5,5,2021,39.725027375593136,True
KwaZulu-Natal,ETH - eThekwini,Ward 59500090,18496,78,8320,8,8,2021,44.982698961937714,True
KwaZulu-Natal,ETH - eThekwini,Ward 59500091,14578,152,5939,9,9,2021,40.73947043490191,True
KwaZulu-Natal,ETH - eThekwini,Ward 59500092,18318,218,7301,7,7,2021,39.856971285074785,True
KwaZulu-Natal,ETH - eThekwini,Ward 59500093,16703,104,6958,7,7,2021,41.657187331617074,True
KwaZulu-Natal,ETH - eThekwini,Ward 59500094,17391,92,5926,9,9,2021,34.0750963141855,True
KwaZulu-Natal,ETH - eThekwini,Ward 59500095,19498,255,8439,7,7,2021,43.28136219099395,True
KwaZulu-Natal,ETH - eThekwini,Ward 59500096,18738,267,8120,18,18,2021,43.33440068310385,True
KwaZulu-Natal,ETH - eThekwini,Ward 59500097,15464,36,7362,4,4,2021,47.60734609415416,True
KwaZulu-Natal,ETH - eThekwini,Ward 59500098,17670,254,6922,9,9,2021,39.17374080362196,True
KwaZulu-Natal,ETH - eThekwini,Ward 59500099,15935,134,7789,10,10,2021,48.87982428616254,True
KwaZulu-Natal,ETH - eThekwini,Ward 59500100,17627,370,8842,19,19,2021,50.161683780563905,True
KwaZulu-Natal,ETH - eThekwini,Ward 59500101,16200,128,5112,5,5,2021,31.555555555555554,True
KwaZulu-Natal,ETH - eThekwini,Ward 59500102,15895,79,7650,6,6,2021,48.1283422459893,True
KwaZulu-Natal,ETH - eThekwini,Ward 59500103,17742,111,9251,11,11,2021,52.141810393416755,True
KwaZulu-Natal,ETH - eThekwini,Ward 59500104,15725,85,5357,6,6,2021,34.06677265500795,False
KwaZulu-Natal,ETH - eThekwini,Ward 59500105,16914,253,8958,28,28,2021,52.96204327775808,False
KwaZulu-Natal,ETH - eThekwini,Ward 59500106,18174,203,7790,8,8,2021,42.86343127544844,False
KwaZulu-Natal,ETH - eThekwini,Ward 59500107,15246,171,6042,5,5,2021,39.63006690279418,False
KwaZulu-Natal,ETH - eThekwini,Ward 59500108,13385,173,5957,9,9,2021,44.505042958535675,False
KwaZulu-Natal,ETH - eThekwini,Ward 59500109,19250,128,6634,8,8,2021,34.46233766233766,False
KwaZulu-Natal,ETH - eThekwini,Ward 59500110,17814,71,8108,5,5,2021,45.51476366902436,False
KwaZulu-Natal,ETH - eThekwini,Ward 59500111,16603,160,5660,6,6,2021,34.0902246581943,False
KwaZulu-Natal,KZN212 - uMdoni,Ward 52102001,3606,30,1705,9,9,2021,47.28230726566834,True
KwaZulu-Natal,KZN212 - uMdoni,Ward 52102002,3933,33,1909,10,10,2021,48.53801169590643,True
KwaZulu-Natal,KZN212 - uMdoni,Ward 52102003,4140,47,2295,6,6,2021,55.434782608695656,True
KwaZulu-Natal,KZN212 - uMdoni,Ward 52102004,3482,29,1875,7,7,2021,53.8483630097645,True
KwaZulu-Natal,KZN212 - uMdoni,Ward 52102005,3892,75,2124,5,5,2021,54.573484069886945,True
KwaZulu-Natal,KZN212 - uMdoni,Ward 52102006,3973,36,905,5,5,2021,22.77875660709791,True
KwaZulu-Natal,KZN212 - uMdoni,Ward 52102007,4475,31,2519,5,5,2021,56.29050279329609,True
KwaZulu-Natal,KZN212 - uMdoni,Ward 52102008,3824,40,1718,4,4,2021,44.92677824267782,True
KwaZulu-Natal,KZN212 - uMdoni,Ward 52102009,3804,28,1571,3,3,2021,41.29863301787592,True
KwaZulu-Natal,KZN212 - uMdoni,Ward 52102010,5029,27,2460,2,2,2021,48.916285543845696,True
KwaZulu-Natal,KZN212 - uMdoni,Ward 52102011,3758,35,1465,6,6,2021,38.98350186269292,False
KwaZulu-Natal,KZN212 - uMdoni,Ward 52102012,3933,32,2042,3,3,2021,51.919654207983726,False
KwaZulu-Natal,KZN212 - uMdoni,Ward 52102013,3380,35,1362,1,1,2021,40.29585798816568,False
KwaZulu-Natal,KZN212 - uMdoni,Ward 52102014,4023,31,1712,3,3,2021,42.55530698483719,False
KwaZulu-Natal,KZN212 - uMdoni,Ward 52102015,2887,4,1797,2,2,2021,62.24454450987184,False
KwaZulu-Natal,KZN212 - uMdoni,Ward 52102016,3097,0,1299,3,3,2021,41.94381659670649,False
KwaZulu-Natal,KZN212 - uMdoni,Ward 52102017,3394,39,1585,2,2,2021,46.70005892751915,False
KwaZulu-Natal,KZN212 - uMdoni,Ward 52102018,3707,19,2152,7,7,2021,58.0523334232533,False
KwaZulu-Natal,KZN212 - uMdoni,Ward 52102019,3494,35,1586,6,6,2021,45.392100744132804,False
KwaZulu-Natal,KZN213 - uMzumbe,Ward 52103001,3694,55,1966,7,7,2021,53.22144017325392,True
KwaZulu-Natal,KZN213 - uMzumbe,Ward 52103002,4213,22,1862,7,7,2021,44.196534535960126,True
KwaZulu-Natal,KZN213 - uMzumbe,Ward 52103003,4009,37,1816,8,8,2021,45.298079321526565,True
KwaZulu-Natal,KZN213 - uMzumbe,Ward 52103004,3962,31,1802,7,7,2021,45.48207975769813,True
KwaZulu-Natal,KZN213 - uMzumbe,Ward 52103005,3627,32,1702,6,6,2021,46.925834022608214,True
KwaZulu-Natal,KZN213 - uMzumbe,Ward 52103006,3840,42,1984,8,8,2021,51.66666666666667,True
KwaZulu-Natal,KZN213 - uMzumbe,Ward 52103007,3301,62,1656,7,7,2021,50.166616176916094,True
KwaZulu-Natal,KZN213 - uMzumbe,Ward 52103008,4341,39,2291,6,6,2021,52.77585809721263,True
KwaZulu-Natal,KZN213 - uMzumbe,Ward 52103009,4220,49,1589,7,7,2021,37.654028436018955,True
KwaZulu-Natal,KZN213 - uMzumbe,Ward 52103010,3906,38,1650,2,2,2021,42.242703533026116,True
KwaZulu-Natal,KZN213 - uMzumbe,Ward 52103011,3602,45,1835,5,5,2021,50.94392004441977,True
KwaZulu-Natal,KZN213 - uMzumbe,Ward 52103012,3224,49,1847,7,7,2021,57.28908188585608,True
KwaZulu-Natal,KZN213 - uMzumbe,Ward 52103013,3478,42,1715,6,6,2021,49.30994824611846,True
KwaZulu-Natal,KZN213 - uMzumbe,Ward 52103014,3722,19,2166,6,6,2021,58.19451907576572,True
KwaZulu-Natal,KZN213 - uMzumbe,Ward 52103015,4509,53,2044,6,6,2021,45.3315591040142,True
KwaZulu-Natal,KZN213 - uMzumbe,Ward 52103016,3938,46,2011,8,8,2021,51.066531234128995,True
KwaZulu-Natal,KZN213 - uMzumbe,Ward 52103017,3539,30,2062,3,3,2021,58.26504662333992,True
KwaZulu-Natal,KZN213 - uMzumbe,Ward 52103018,3849,83,2204,4,4,2021,57.26162639646661,True
KwaZulu-Natal,KZN213 - uMzumbe,Ward 52103019,3759,19,1921,3,3,2021,51.10401702580474,True
KwaZulu-Natal,KZN213 - uMzumbe,Ward 52103020,3973,22,2175,5,5,2021,54.74452554744526,False
KwaZulu-Natal,KZN214 - uMuziwabantu,Ward 52104001,4742,67,2650,7,7,2021,55.88359342049768,True
KwaZulu-Natal,KZN214 - uMuziwabantu,Ward 52104002,3883,92,2029,9,9,2021,52.253412310069535,True
KwaZulu-Natal,KZN214 - uMuziwabantu,Ward 52104003,4151,39,1575,4,4,2021,37.94266441821248,True
KwaZulu-Natal,KZN214 - uMuziwabantu,Ward 52104004,3743,60,2043,4,4,2021,54.58188618755009,True
KwaZulu-Natal,KZN214 - uMuziwabantu,Ward 52104005,4613,32,2300,6,6,2021,49.859093865163665,True
KwaZulu-Natal,KZN214 - uMuziwabantu,Ward 52104006,3958,136,2253,3,3,2021,56.92268822637696,True
KwaZulu-Natal,KZN214 - uMuziwabantu,Ward 52104007,4013,98,2208,6,6,2021,55.02118116122602,True
KwaZulu-Natal,KZN214 - uMuziwabantu,Ward 52104008,3730,73,1927,4,4,2021,51.66219839142091,True
KwaZulu-Natal,KZN214 - uMuziwabantu,Ward 52104009,5082,77,2899,6,6,2021,57.044470680834316,True
KwaZulu-Natal,KZN214 - uMuziwabantu,Ward 52104010,3674,44,2116,7,7,2021,57.593903102885136,True
KwaZulu-Natal,KZN214 - uMuziwabantu,Ward 52104011,3489,11,1818,2,2,2021,52.10662080825451,False
KwaZulu-Natal,KZN216 - Ray Nkonyeni,Ward 52106001,5843,38,2667,5,5,2021,45.644360773575215,True
KwaZulu-Natal,KZN216 - Ray Nkonyeni,Ward 52106002,4616,1,2446,3,3,2021,52.9896013864818,True
KwaZulu-Natal,KZN216 - Ray Nkonyeni,Ward 52106003,4903,26,2292,3,3,2021,46.74688965939221,True
KwaZulu-Natal,KZN216 - Ray Nkonyeni,Ward 52106004,4985,59,2141,4,4,2021,42.948846539618856,True
KwaZulu-Natal,KZN216 - Ray Nkonyeni,Ward 52106005,4937,41,2110,3,3,2021,42.73850516508001,True
KwaZulu-Natal,KZN216 - Ray Nkonyeni,Ward 52106006,4911,24,2104,2,2,2021,42.84259824882916,True
KwaZulu-Natal,KZN216 - Ray Nkonyeni,Ward 52106007,5058,40,2800,4,4,2021,55.357848952154995,True
KwaZulu-Natal,KZN216 - Ray Nkonyeni,Ward 52106008,5497,64,2573,6,6,2021,46.80734946334364,True
KwaZulu-Natal,KZN216 - Ray Nkonyeni,Ward 52106009,4514,27,2397,3,3,2021,53.10146211785556,True
KwaZulu-Natal,KZN216 - Ray Nkonyeni,Ward 52106010,4772,62,2213,4,4,2021,46.37468566638726,True
KwaZulu-Natal,KZN216 - Ray Nkonyeni,Ward 52106011,4902,21,2313,5,5,2021,47.184822521419825,True
KwaZulu-Natal,KZN216 - Ray Nkonyeni,Ward 52106012,4231,15,2022,2,2,2021,47.7901205388797,True
KwaZulu-Natal,KZN216 - Ray Nkonyeni,Ward 52106013,4162,38,2038,6,6,2021,48.96684286400769,True
KwaZulu-Natal,KZN216 - Ray Nkonyeni,Ward 52106014,4885,44,2324,4,4,2021,47.574206755373595,True
KwaZulu-Natal,KZN216 - Ray Nkonyeni,Ward 52106015,4655,54,2890,7,7,2021,62.08378088077337,True
KwaZulu-Natal,KZN216 - Ray Nkonyeni,Ward 52106016,5137,26,2724,3,3,2021,53.027058594510414,True
KwaZulu-Natal,KZN216 - Ray Nkonyeni,Ward 52106017,5193,30,2367,5,5,2021,45.58058925476603,True
KwaZulu-Natal,KZN216 - Ray Nkonyeni,Ward 52106018,4150,10,1702,2,2,2021,41.01204819277108,True
KwaZulu-Natal,KZN216 - Ray Nkonyeni,Ward 52106019,4646,6,2464,1,1,2021,53.034868704261726,True
KwaZulu-Natal,KZN216 - Ray Nkonyeni,Ward 52106020,5642,66,2590,5,5,2021,45.90570719602978,True
KwaZulu-Natal,KZN216 - Ray Nkonyeni,Ward 52106021,4632,55,1923,5,5,2021,41.515544041450774,True
KwaZulu-Natal,KZN216 - Ray Nkonyeni,Ward 52106022,4873,94,2096,6,6,2021,43.012517956084544,True
KwaZulu-Natal,KZN216 - Ray Nkonyeni,Ward 52106023,5306,32,2005,5,5,2021,37.78741047870335,True
KwaZulu-Natal,KZN216 - Ray Nkonyeni,Ward 52106024,5282,32,2176,6,6,2021,41.1965164710337,True
KwaZulu-Natal,KZN216 - Ray Nkonyeni,Ward 52106025,4924,49,2378,5,5,2021,48.294069861900894,True
KwaZulu-Natal,KZN216 - Ray Nkonyeni,Ward 52106026,3465,46,1609,2,2,2021,46.43578643578643,True
KwaZulu-Natal,KZN216 - Ray Nkonyeni,Ward 52106027,5103,37,1775,2,2,2021,34.78346070938664,True
KwaZulu-Natal,KZN216 - Ray Nkonyeni,Ward 52106028,4277,31,1945,4,4,2021,45.475800794949734,True
KwaZulu-Natal,KZN216 - Ray Nkonyeni,Ward 52106029,4934,68,2504,6,6,2021,50.74989866234293,True
KwaZulu-Natal,KZN216 - Ray Nkonyeni,Ward 52106030,4150,36,2296,8,8,2021,55.325301204819276,False
KwaZulu-Natal,KZN216 - Ray Nkonyeni,Ward 52106031,4528,23,2125,4,4,2021,46.93021201413428,False
KwaZulu-Natal,KZN216 - Ray Nkonyeni,Ward 52106032,4592,53,2064,6,6,2021,44.94773519163763,False
KwaZulu-Natal,KZN216 - Ray Nkonyeni,Ward 52106033,4034,36,1953,5,5,2021,48.41348537431829,False
KwaZulu-Natal,KZN216 - Ray Nkonyeni,Ward 52106034,4414,36,2073,8,8,2021,46.964204802899864,False
KwaZulu-Natal,KZN216 - Ray Nkonyeni,Ward 52106035,4382,38,1972,6,6,2021,45.00228206298494,False
KwaZulu-Natal,KZN216 - Ray Nkonyeni,Ward 52106036,4411,32,2164,7,7,2021,49.05917025617774,False
KwaZulu-Natal,KZN221 - uMshwathi,Ward 52201001,4729,59,2705,7,7,2021,57.20025375343625,True
KwaZulu-Natal,KZN221 - uMshwathi,Ward 52201002,3956,25,2019,3,3,2021,51.03640040444893,True
KwaZulu-Natal,KZN221 - uMshwathi,Ward 52201003,5085,56,2804,5,5,2021,55.14257620452311,True
KwaZulu-Natal,KZN221 - uMshwathi,Ward 52201004,4138,123,1851,6,6,2021,44.73175447075882,True
KwaZulu-Natal,KZN221 - uMshwathi,Ward 52201005,3657,7,1877,4,4,2021,51.32622368061253,True
KwaZulu-Natal,KZN221 - uMshwathi,Ward 52201006,4157,50,2238,6,6,2021,53.83690161173923,True
KwaZulu-Natal,KZN221 - uMshwathi,Ward 52201007,3514,69,1843,3,3,2021,52.44735344336938,True
KwaZulu-Natal,KZN221 - uMshwathi,Ward 52201008,3770,77,1956,4,4,2021,51.88328912466843,True
KwaZulu-Natal,KZN221 - uMshwathi,Ward 52201009,4405,2,1845,6,6,2021,41.88422247446084,True
KwaZulu-Natal,KZN221 - uMshwathi,Ward 52201010,5203,14,3007,3,3,2021,57.7935806265616,True
KwaZulu-Natal,KZN221 - uMshwathi,Ward 52201011,4176,151,2269,5,5,2021,54.33429118773946,True
KwaZulu-Natal,KZN221 - uMshwathi,Ward 52201012,3795,63,2048,5,5,2021,53.96574440052701,True
KwaZulu-Natal,KZN221 - uMshwathi,Ward 52201013,3501,58,1582,4,4,2021,45.187089403027706,True
KwaZulu-Natal,KZN221 - uMshwathi,Ward 52201014,2736,22,1174,5,5,2021,42.909356725146196,False
KwaZulu-Natal,KZN222 - uMngeni,Ward 52202001,3635,12,1888,2,2,2021,51.939477303989,True
KwaZulu-Natal,KZN222 - uMngeni,Ward 52202002,5066,15,3015,3,3,2021,59.514409790761945,True
KwaZulu-Natal,KZN222 - uMngeni,Ward 52202003,3951,41,1862,7,7,2021,47.12730954188813,True
KwaZulu-Natal,KZN222 - uMngeni,Ward 52202004,3606,47,1956,3,3,2021,54.24292845257903,True
KwaZulu-Natal,KZN222 - uMngeni,Ward 52202005,4689,43,3439,4,4,2021,73.34186393687354,True
KwaZulu-Natal,KZN222 - uMngeni,Ward 52202006,4631,9,2881,4,4,2021,62.211185489095236,True
KwaZulu-Natal,KZN222 - uMngeni,Ward 52202007,4796,27,2968,3,3,2021,61.88490408673894,True
KwaZulu-Natal,KZN222 - uMngeni,Ward 52202008,3910,109,2141,4,4,2021,54.75703324808185,True
KwaZulu-Natal,KZN222 - uMngeni,Ward 52202009,3568,25,1851,4,4,2021,51.87780269058296,True
KwaZulu-Natal,KZN222 - uMngeni,Ward 52202010,3601,34,1762,2,2,2021,48.93085254096084,True
KwaZulu-Natal,KZN222 - uMngeni,Ward 52202011,4152,24,2244,3,3,2021,54.04624277456648,True
KwaZulu-Natal,KZN222 - uMngeni,Ward 52202012,4400,267,2389,2,2,2021,54.29545454545455,True
KwaZulu-Natal,KZN222 - uMngeni,Ward 52202013,4058,7,1804,1,1,2021,44.45539674716609,False
KwaZulu-Natal,KZN223 - Mpofana,Ward 52203001,2833,15,1262,4,4,2021,44.54641722555594,True
KwaZulu-Natal,KZN223 - Mpofana,Ward 52203002,3183,23,1522,9,9,2021,47.81652529060635,True
KwaZulu-Natal,KZN223 - Mpofana,Ward 52203003,3374,33,1796,3,3,2021,53.23058684054535,True
KwaZulu-Natal,KZN223 - Mpofana,Ward 52203004,3796,33,1900,9,9,2021,50.05268703898841,True
KwaZulu-Natal,KZN223 - Mpofana,Ward 52203005,3582,26,1719,2,2,2021,47.98994974874372,False
KwaZulu-Natal,KZN224 - iMpendle,Ward 52204001,4055,48,2259,9,9,2021,55.70900123304562,True
KwaZulu-Natal,KZN224 - iMpendle,Ward 52204002,3441,47,1936,6,6,2021,56.262714327230455,True
KwaZulu-Natal,KZN224 - iMpendle,Ward 52204003,2929,32,1542,5,5,2021,52.64595425059747,True
KwaZulu-Natal,KZN224 - iMpendle,Ward 52204004,3425,46,1836,6,6,2021,53.6058394160584,True
KwaZulu-Natal,KZN224 - iMpendle,Ward 52204005,3449,40,1913,6,6,2021,55.46535227602204,False
KwaZulu-Natal,KZN225 - Msunduzi,Ward 52205001,8400,93,4682,7,7,2021,55.73809523809524,True
KwaZulu-Natal,KZN225 - Msunduzi,Ward 52205002,7243,86,3962,7,7,2021,54.70109070827005,True
KwaZulu-Natal,KZN225 - Msunduzi,Ward 52205003,7551,51,4413,7,7,2021,58.442590385379425,True
KwaZulu-Natal,KZN225 - Msunduzi,Ward 52205004,7315,147,3797,6,6,2021,51.907040328092954,True
KwaZulu-Natal,KZN225 - Msunduzi,Ward 52205005,9356,276,4848,9,9,2021,51.817015818725956,True
KwaZulu-Natal,KZN225 - Msunduzi,Ward 52205006,8171,85,4245,9,9,2021,51.95202545588056,True
KwaZulu-Natal,KZN225 - Msunduzi,Ward 52205007,7688,141,4557,9,9,2021,59.2741935483871,True
KwaZulu-Natal,KZN225 - Msunduzi,Ward 52205008,7447,121,3980,8,8,2021,53.44434000268564,True
KwaZulu-Natal,KZN225 - Msunduzi,Ward 52205009,8463,107,4375,9,9,2021,51.69561621174525,True
KwaZulu-Natal,KZN225 - Msunduzi,Ward 52205010,7391,75,3460,6,6,2021,46.81369232850764,True
KwaZulu-Natal,KZN225 - Msunduzi,Ward 52205011,9387,104,4661,6,6,2021,49.65377649941408,True
KwaZulu-Natal,KZN225 - Msunduzi,Ward 52205012,7481,75,3493,6,6,2021,46.69161876754445,True
KwaZulu-Natal,KZN225 - Msunduzi,Ward 52205013,9086,85,3858,6,6,2021,42.46092890160687,True
KwaZulu-Natal,KZN225 - Msunduzi,Ward 52205014,7882,89,3635,4,4,2021,46.11773661507232,True
KwaZulu-Natal,KZN225 - Msunduzi,Ward 52205015,8133,95,3363,4,4,2021,41.350055330136485,True
KwaZulu-Natal,KZN225 - Msunduzi,Ward 52205016,7891,112,3172,5,5,2021,40.19769357495881,True
KwaZulu-Natal,KZN225 - Msunduzi,Ward 52205017,8223,38,3300,4,4,2021,40.13133892739876,True
KwaZulu-Natal,KZN225 - Msunduzi,Ward 52205018,8192,74,3797,5,5,2021,46.35009765625,True
KwaZulu-Natal,KZN225 - Msunduzi,Ward 52205019,8792,98,3591,7,7,2021,40.84394904458598,True
KwaZulu-Natal,KZN225 - Msunduzi,Ward 52205020,7471,64,3446,4,4,2021,46.125016731361264,True
KwaZulu-Natal,KZN225 - Msunduzi,Ward 52205021,7767,136,3834,5,5,2021,49.362688296639625,True
KwaZulu-Natal,KZN225 - Msunduzi,Ward 52205022,8496,68,3628,5,5,2021,42.70244821092279,True
KwaZulu-Natal,KZN225 - Msunduzi,Ward 52205023,8213,71,3535,3,3,2021,43.041519542189214,True
KwaZulu-Natal,KZN225 - Msunduzi,Ward 52205024,8905,49,3215,5,5,2021,36.103312745648516,True
KwaZulu-Natal,KZN225 - Msunduzi,Ward 52205025,7674,18,4270,3,3,2021,55.64242898097472,True
KwaZulu-Natal,KZN225 - Msunduzi,Ward 52205026,9108,21,4710,6,6,2021,51.71277997364954,True
KwaZulu-Natal,KZN225 - Msunduzi,Ward 52205027,6988,29,2199,4,4,2021,31.46823125357756,True
KwaZulu-Natal,KZN225 - Msunduzi,Ward 52205028,8971,105,3922,5,5,2021,43.718648980046815,True
KwaZulu-Natal,KZN225 - Msunduzi,Ward 52205029,8566,195,3914,5,5,2021,45.692271772122346,True
KwaZulu-Natal,KZN225 - Msunduzi,Ward 52205030,9605,178,4690,4,4,2021,48.828735033836544,True
KwaZulu-Natal,KZN225 - Msunduzi,Ward 52205031,9393,43,3942,6,6,2021,41.96742254870649,True
KwaZulu-Natal,KZN225 - Msunduzi,Ward 52205032,8811,85,3668,5,5,2021,41.62978095562365,True
KwaZulu-Natal,KZN225 - Msunduzi,Ward 52205033,9207,19,3469,4,4,2021,37.67785380688606,True
KwaZulu-Natal,KZN225 - Msunduzi,Ward 52205034,9356,110,3578,5,5,2021,38.24283882000855,True
KwaZulu-Natal,KZN225 - Msunduzi,Ward 52205035,9249,68,4720,4,4,2021,51.032544058817166,True
KwaZulu-Natal,KZN225 - Msunduzi,Ward 52205036,7807,18,2918,4,4,2021,37.37671320609709,True
KwaZulu-Natal,KZN225 - Msunduzi,Ward 52205037,7803,37,3883,7,7,2021,49.76291170062797,True
KwaZulu-Natal,KZN225 - Msunduzi,Ward 52205038,7212,72,3391,4,4,2021,47.018857459789245,False
KwaZulu-Natal,KZN225 - Msunduzi,Ward 52205039,7262,56,3864,9,9,2021,53.208482511704766,False
KwaZulu-Natal,KZN225 - Msunduzi,Ward 52205040,8953,132,4790,13,13,2021,53.5016195688596,False
KwaZulu-Natal,KZN225 - Msunduzi,Ward 52205041,8348,44,2653,4,4,2021,31.78006708193579,False
KwaZulu-Natal,KZN226 - Mkhambathini,Ward 52206001,4943,37,2480,3,3,2021,50.171960347966824,True
KwaZulu-Natal,KZN226 - Mkhambathini,Ward 52206002,5060,9,854,6,6,2021,16.877470355731226,True
KwaZulu-Natal,KZN226 - Mkhambathini,Ward 52206003,4866,49,2166,6,6,2021,44.512946979038226,True
KwaZulu-Natal,KZN226 - Mkhambathini,Ward 52206004,3963,44,1894,6,6,2021,47.79207670956346,True
KwaZulu-Natal,KZN226 - Mkhambathini,Ward 52206005,4179,19,782,3,3,2021,18.712610672409667,True
KwaZulu-Natal,KZN226 - Mkhambathini,Ward 52206006,4433,40,2308,5,5,2021,52.06406496729077,True
KwaZulu-Natal,KZN226 - Mkhambathini,Ward 52206007,3789,84,1786,6,6,2021,47.136447611506995,True
KwaZulu-Natal,KZN227 - Richmond,Ward 52207001,4919,44,2209,5,5,2021,44.907501524700145,True
KwaZulu-Natal,KZN227 - Richmond,Ward 52207002,5171,62,2102,4,4,2021,40.64977760587894,True
KwaZulu-Natal,KZN227 - Richmond,Ward 52207003,4547,46,2347,6,6,2021,51.61645040686167,True
KwaZulu-Natal,KZN227 - Richmond,Ward 52207004,4528,18,2366,5,5,2021,52.25265017667845,True
KwaZulu-Natal,KZN227 - Richmond,Ward 52207005,4892,26,2593,11,11,2021,53.00490596892886,True
KwaZulu-Natal,KZN227 - Richmond,Ward 52207006,4238,96,2441,8,8,2021,57.5979235488438,True
KwaZulu-Natal,KZN227 - Richmond,Ward 52207007,4267,26,1997,3,3,2021,46.80103116943989,True
KwaZulu-Natal,KZN235 - Okhahlamba,Ward 52305001,3953,63,2136,3,3,2021,54.034910194788765,True
KwaZulu-Natal,KZN235 - Okhahlamba,Ward 52305002,4499,74,2634,5,5,2021,58.546343631918205,True
KwaZulu-Natal,KZN235 - Okhahlamba,Ward 52305003,4027,42,2370,7,7,2021,58.8527439781475,True
KwaZulu-Natal,KZN235 - Okhahlamba,Ward 52305004,4333,47,2512,6,6,2021,57.97369028386798,True
KwaZulu-Natal,KZN235 - Okhahlamba,Ward 52305005,4447,56,2335,8,8,2021,52.507308297728805,True
KwaZulu-Natal,KZN235 - Okhahlamba,Ward 52305006,4159,60,2085,6,6,2021,50.13224332772302,True
KwaZulu-Natal,KZN235 - Okhahlamba,Ward 52305007,3946,24,1790,6,6,2021,45.362392295995946,True
KwaZulu-Natal,KZN235 - Okhahlamba,Ward 52305008,4211,39,2229,6,6,2021,52.93279506055569,True
KwaZulu-Natal,KZN235 - Okhahlamba,Ward 52305009,4220,28,2254,5,5,2021,53.41232227488152,True
KwaZulu-Natal,KZN235 - Okhahlamba,Ward 52305010,4078,34,2178,7,7,2021,53.40853359489947,True
KwaZulu-Natal,KZN235 - Okhahlamba,Ward 52305011,3709,27,1954,4,4,2021,52.68266379077918,True
KwaZulu-Natal,KZN235 - Okhahlamba,Ward 52305012,4257,57,2378,7,7,2021,55.86093493070238,True
KwaZulu-Natal,KZN235 - Okhahlamba,Ward 52305013,3474,46,1886,7,7,2021,54.28900402993667,True
KwaZulu-Natal,KZN235 - Okhahlamba,Ward 52305014,4265,94,2529,6,6,2021,59.29660023446659,True
KwaZulu-Natal,KZN235 - Okhahlamba,Ward 52305015,3536,34,1960,4,4,2021,55.42986425339367,False
KwaZulu-Natal,KZN237 - iNkosi Langalibalele,Ward 52307001,3779,38,2081,6,6,2021,55.06747816882773,False
KwaZulu-Natal,KZN237 - iNkosi Langalibalele,Ward 52307002,4228,53,2070,4,4,2021,48.9593188268685,False
KwaZulu-Natal,KZN237 - iNkosi Langalibalele,Ward 52307003,3750,47,1879,5,5,2021,50.10666666666667,False
KwaZulu-Natal,KZN237 - iNkosi Langalibalele,Ward 52307004,4192,41,2250,3,3,2021,53.67366412213741,False
KwaZulu-Natal,KZN237 - iNkosi Langalibalele,Ward 52307005,3801,24,2025,3,3,2021,53.27545382794001,False
KwaZulu-Natal,KZN237 - iNkosi Langalibalele,Ward 52307006,4568,63,2728,4,4,2021,59.719789842381786,False
KwaZulu-Natal,KZN237 - iNkosi Langalibalele,Ward 52307007,4285,30,2013,6,6,2021,46.97782963827304,False
KwaZulu-Natal,KZN237 - iNkosi Langalibalele,Ward 52307008,4350,48,2428,4,4,2021,55.81609195402299,False
KwaZulu-Natal,KZN237 - iNkosi Langalibalele,Ward 52307009,4399,36,2346,3,3,2021,53.33030234144124,False
KwaZulu-Natal,KZN237 - iNkosi Langalibalele,Ward 52307010,4461,25,1923,3,3,2021,43.10692669804976,False
KwaZulu-Natal,KZN237 - iNkosi Langalibalele,Ward 52307011,4289,46,2088,8,8,2021,48.68267661459548,False
KwaZulu-Natal,KZN237 - iNkosi Langalibalele,Ward 52307012,3877,52,1940,6,6,2021,50.03868970853753,False
KwaZulu-Natal,KZN237 - iNkosi Langalibalele,Ward 52307013,4509,48,2573,4,4,2021,57.06365047682414,False
KwaZulu-Natal,KZN237 - iNkosi Langalibalele,Ward 52307014,3479,29,1921,5,5,2021,55.21701638401839,False
KwaZulu-Natal,KZN237 - iNkosi Langalibalele,Ward 52307015,4164,27,2478,4,4,2021,59.51008645533141,False
KwaZulu-Natal,KZN237 - iNkosi Langalibalele,Ward 52307016,4610,34,2328,6,6,2021,50.49891540130152,False
KwaZulu-Natal,KZN237 - iNkosi Langalibalele,Ward 52307017,4030,28,2114,2,2,2021,52.45657568238214,False
KwaZulu-Natal,KZN237 - iNkosi Langalibalele,Ward 52307018,3890,47,2028,5,5,2021,52.13367609254499,False
KwaZulu-Natal,KZN237 - iNkosi Langalibalele,Ward 52307019,4122,31,2060,7,7,2021,49.97573993207181,False
KwaZulu-Natal,KZN237 - iNkosi Langalibalele,Ward 52307020,3706,27,2291,6,6,2021,61.818672423097674,False
KwaZulu-Natal,KZN237 - iNkosi Langalibalele,Ward 52307021,4533,51,2869,7,7,2021,63.29141848665343,False
KwaZulu-Natal,KZN237 - iNkosi Langalibalele,Ward 52307022,4425,35,3068,11,11,2021,69.33333333333334,False
KwaZulu-Natal,KZN237 - iNkosi Langalibalele,Ward 52307023,4820,33,2760,6,6,2021,57.26141078838174,False
KwaZulu-Natal,KZN237 - iNkosi Langalibalele,Ward 52307024,2363,8,1305,6,6,2021,55.226407109606434,False
KwaZulu-Natal,KZN238 - Alfred Duma,Ward 52308001,4139,22,2277,3,3,2021,55.01328823387291,False
KwaZulu-Natal,KZN238 - Alfred Duma,Ward 52308002,4201,28,2024,2,2,2021,48.1790049988098,False
KwaZulu-Natal,KZN238 - Alfred Duma,Ward 52308003,4799,52,2220,4,4,2021,46.25963742446343,False
KwaZulu-Natal,KZN238 - Alfred Duma,Ward 52308004,3418,31,1827,2,2,2021,53.45231129315388,False
KwaZulu-Natal,KZN238 - Alfred Duma,Ward 52308005,4295,12,2446,3,3,2021,56.94994179278231,False
KwaZulu-Natal,KZN238 - Alfred Duma,Ward 52308006,4684,24,2324,4,4,2021,49.61571306575576,False
KwaZulu-Natal,KZN238 - Alfred Duma,Ward 52308007,5244,36,2652,5,5,2021,50.57208237986271,False
KwaZulu-Natal,KZN238 - Alfred Duma,Ward 52308008,4042,8,1923,3,3,2021,47.57545769421079,False
KwaZulu-Natal,KZN238 - Alfred Duma,Ward 52308009,4888,34,2397,3,3,2021,49.03846153846153,False
KwaZulu-Natal,KZN238 - Alfred Duma,Ward 52308010,3897,0,1516,2,2,2021,38.90171927123428,False
KwaZulu-Natal,KZN238 - Alfred Duma,Ward 52308011,5073,0,2631,2,2,2021,51.86280307510349,False
KwaZulu-Natal,KZN238 - Alfred Duma,Ward 52308012,3873,1,1941,3,3,2021,50.11618900077459,False
KwaZulu-Natal,KZN238 - Alfred Duma,Ward 52308013,3766,12,1831,3,3,2021,48.61922464152947,False
KwaZulu-Natal,KZN238 - Alfred Duma,Ward 52308014,4013,58,2407,4,4,2021,59.98006478943434,False
KwaZulu-Natal,KZN238 - Alfred Duma,Ward 52308015,4225,21,2701,4,4,2021,63.92899408284024,False
KwaZulu-Natal,KZN238 - Alfred Duma,Ward 52308016,4056,41,2265,4,4,2021,55.8431952662722,False
KwaZulu-Natal,KZN238 - Alfred Duma,Ward 52308017,4125,88,2400,4,4,2021,58.18181818181818,False
KwaZulu-Natal,KZN238 - Alfred Duma,Ward 52308018,3874,38,2065,5,5,2021,53.304078471863704,False
KwaZulu-Natal,KZN238 - Alfred Duma,Ward 52308019,4217,57,2101,5,5,2021,49.8221484467631,False
KwaZulu-Natal,KZN238 - Alfred Duma,Ward 52308020,4249,21,2188,2,2,2021,51.49446928689103,False
KwaZulu-Natal,KZN238 - Alfred Duma,Ward 52308021,4724,12,2023,3,3,2021,42.82387806943269,False
KwaZulu-Natal,KZN238 - Alfred Duma,Ward 52308022,4413,24,1787,4,4,2021,40.49399501472921,False
KwaZulu-Natal,KZN238 - Alfred Duma,Ward 52308023,4305,26,2612,5,5,2021,60.67363530778165,False
KwaZulu-Natal,KZN238 - Alfred Duma,Ward 52308024,4519,38,2371,8,8,2021,52.46736003540606,False
KwaZulu-Natal,KZN238 - Alfred Duma,Ward 52308025,4457,29,2356,4,4,2021,52.86066861117343,False
KwaZulu-Natal,KZN238 - Alfred Duma,Ward 52308026,4282,56,2248,9,9,2021,52.49883232134517,False
KwaZulu-Natal,KZN238 - Alfred Duma,Ward 52308027,5100,43,2835,5,5,2021,55.58823529411765,False
KwaZulu-Natal,KZN238 - Alfred Duma,Ward 52308028,4188,38,2403,6,6,2021,57.37822349570201,False
KwaZulu-Natal,KZN238 - Alfred Duma,Ward 52308029,4181,46,2729,8,8,2021,65.27146615642191,False
KwaZulu-Natal,KZN238 - Alfred Duma,Ward 52308030,4163,32,2356,6,6,2021,56.59380254624069,False
KwaZulu-Natal,KZN238 - Alfred Duma,Ward 52308031,3852,18,2202,8,8,2021,57.165109034267914,False
KwaZulu-Natal,KZN238 - Alfred Duma,Ward 52308032,4744,19,2330,6,6,2021,49.11467116357504,False
KwaZulu-Natal,KZN238 - Alfred Duma,Ward 52308033,4795,48,2855,5,5,2021,59.541188738269035,False
KwaZulu-Natal,KZN238 - Alfred Duma,Ward 52308034,4405,25,2299,6,6,2021,52.19069239500568,False
KwaZulu-Natal,KZN238 - Alfred Duma,Ward 52308035,5492,43,2813,7,7,2021,51.21995630007283,False
KwaZulu-Natal,KZN238 - Alfred Duma,Ward 52308036,4496,43,2217,5,5,2021,49.31049822064057,False
KwaZulu-Natal,KZN238 - Alfred Duma,Ward 52308037,4494,30,2795,5,5,2021,62.19403649310191,False
KwaZulu-Natal,KZN241 - eNdumeni,Ward 52401001,4221,52,2429,4,4,2021,57.54560530679934,True
KwaZulu-Natal,KZN241 - eNdumeni,Ward 52401002,4042,3,1846,2,2,2021,45.67046016823355,True
KwaZulu-Natal,KZN241 - eNdumeni,Ward 52401003,4618,18,2664,2,2,2021,57.687310524036384,True
KwaZulu-Natal,KZN241 - eNdumeni,Ward 52401004,3981,22,1837,2,2,2021,46.144184878171316,True
KwaZulu-Natal,KZN241 - eNdumeni,Ward 52401005,4785,13,2176,4,4,2021,45.47544409613375,True
KwaZulu-Natal,KZN241 - eNdumeni,Ward 52401006,4284,44,1911,6,6,2021,44.6078431372549,True
KwaZulu-Natal,KZN241 - eNdumeni,Ward 52401007,3794,39,1889,4,4,2021,49.789140748550345,False
KwaZulu-Natal,KZN242 - Nqutu,Ward 52402001,4145,23,2481,6,6,2021,59.85524728588661,True
KwaZulu-Natal,KZN242 - Nqutu,Ward 52402002,3711,41,2127,8,8,2021,57.31608730800324,True
KwaZulu-Natal,KZN242 - Nqutu,Ward 52402003,4781,30,2606,9,9,2021,54.50742522484836,True
KwaZulu-Natal,KZN242 - Nqutu,Ward 52402004,4104,49,1983,4,4,2021,48.3187134502924,True
KwaZulu-Natal,KZN242 - Nqutu,Ward 52402005,4205,34,1898,8,8,2021,45.136741973840664,True
KwaZulu-Natal,KZN242 - Nqutu,Ward 52402006,4622,23,2336,5,5,2021,50.54089138900909,True
KwaZulu-Natal,KZN242 - Nqutu,Ward 52402007,3983,48,2046,7,7,2021,51.368315340195835,True
KwaZulu-Natal,KZN242 - Nqutu,Ward 52402008,4148,28,2123,5,5,2021,51.181292189006754,True
KwaZulu-Natal,KZN242 - Nqutu,Ward 52402009,3711,14,1687,4,4,2021,45.459444893559684,True
KwaZulu-Natal,KZN242 - Nqutu,Ward 52402010,4199,33,2255,5,5,2021,53.70326268159086,True
KwaZulu-Natal,KZN242 - Nqutu,Ward 52402011,3953,45,2137,8,8,2021,54.06020743738933,True
KwaZulu-Natal,KZN242 - Nqutu,Ward 52402012,4411,29,2392,8,8,2021,54.228066198141015,True
KwaZulu-Natal,KZN242 - Nqutu,Ward 52402013,4787,48,2690,6,6,2021,56.193858366409025,True
KwaZulu-Natal,KZN242 - Nqutu,Ward 52402014,4193,24,2191,7,7,2021,52.25375626043406,True
KwaZulu-Natal,KZN242 - Nqutu,Ward 52402015,4123,21,2191,4,4,2021,53.140916808149406,True
KwaZulu-Natal,KZN242 - Nqutu,Ward 52402016,4651,28,2481,9,9,2021,53.34336701784562,True
KwaZulu-Natal,KZN242 - Nqutu,Ward 52402017,4060,26,2093,4,4,2021,51.55172413793103,True
KwaZulu-Natal,KZN242 - Nqutu,Ward 52402018,4248,35,2217,7,7,2021,52.18926553672316,False
KwaZulu-Natal,KZN242 - Nqutu,Ward 52402019,4289,14,2277,5,5,2021,53.08929820470972,False
KwaZulu-Natal,KZN244 - uMsinga,Ward 52404001,4089,15,2159,8,8,2021,52.80019564685742,True
KwaZulu-Natal,KZN244 - uMsinga,Ward 52404002,4399,23,2302,7,7,2021,52.330075017049325,True
KwaZulu-Natal,KZN244 - uMsinga,Ward 52404003,5023,28,3041,7,7,2021,60.54150905833168,True
KwaZulu-Natal,KZN244 - uMsinga,Ward 52404004,4546,35,2474,7,7,2021,54.42146942366916,True
KwaZulu-Natal,KZN244 - uMsinga,Ward 52404005,3785,25,2229,7,7,2021,58.89035667107001,True
KwaZulu-Natal,KZN244 - uMsinga,Ward 52404006,4034,43,2158,5,5,2021,53.495290034705015,True
KwaZulu-Natal,KZN244 - uMsinga,Ward 52404007,4523,56,2430,8,8,2021,53.725403493256685,True
KwaZulu-Natal,KZN244 - uMsinga,Ward 52404008,4394,38,2567,5,5,2021,58.42057350933091,True
KwaZulu-Natal,KZN244 - uMsinga,Ward 52404009,3948,21,2135,8,8,2021,54.07801418439716,True
KwaZulu-Natal,KZN244 - uMsinga,Ward 52404010,4075,70,2934,7,7,2021,72.0,True
KwaZulu-Natal,KZN244 - uMsinga,Ward 52404011,4287,53,2666,6,6,2021,62.18801026358759,True
KwaZulu-Natal,KZN244 - uMsinga,Ward 52404012,4230,58,2538,5,5,2021,60.0,True
KwaZulu-Natal,KZN244 - uMsinga,Ward 52404013,4183,31,2391,11,11,2021,57.15993306239541,True
KwaZulu-Natal,KZN244 - uMsinga,Ward 52404014,3687,14,2171,6,6,2021,58.882560347165715,True
KwaZulu-Natal,KZN244 - uMsinga,Ward 52404015,4067,50,2551,8,8,2021,62.72436685517581,True
KwaZulu-Natal,KZN244 - uMsinga,Ward 52404016,3790,42,1987,7,7,2021,52.42744063324538,True
KwaZulu-Natal,KZN244 - uMsinga,Ward 52404017,3513,17,1903,6,6,2021,54.17022487902078,True
KwaZulu-Natal,KZN244 - uMsinga,Ward 52404018,4173,58,2103,5,5,2021,50.39539899352984,True
KwaZulu-Natal,KZN244 - uMsinga,Ward 52404019,3731,73,1917,6,6,2021,51.38032699008309,False
KwaZulu-Natal,KZN244 - uMsinga,Ward 52404020,3831,29,1983,6,6,2021,51.76194205168363,False
KwaZulu-Natal,KZN244 - uMsinga,Ward 52404021,3799,41,2068,9,9,2021,54.43537773098184,False
KwaZulu-Natal,KZN245 - uMvoti,Ward 52405001,4782,45,2694,13,13,2021,56.33626097867002,True
KwaZulu-Natal,KZN245 - uMvoti,Ward 52405002,3758,0,1951,3,3,2021,51.91591271953166,True
KwaZulu-Natal,KZN245 - uMvoti,Ward 52405003,3635,19,2250,6,6,2021,61.898211829436036,True
KwaZulu-Natal,KZN245 - uMvoti,Ward 52405004,4537,16,2435,7,7,2021,53.66982587612961,True
KwaZulu-Natal,KZN245 - uMvoti,Ward 52405005,4449,70,2359,9,9,2021,53.0231512699483,True
KwaZulu-Natal,KZN245 - uMvoti,Ward 52405006,4399,43,2421,11,11,2021,55.03523528074562,True
KwaZulu-Natal,KZN245 - uMvoti,Ward 52405007,5885,33,3307,3,3,2021,56.19371282922685,True
KwaZulu-Natal,KZN245 - uMvoti,Ward 52405008,3510,41,2341,5,5,2021,66.6951566951567,True
KwaZulu-Natal,KZN245 - uMvoti,Ward 52405009,4202,39,2222,5,5,2021,52.879581151832454,True
KwaZulu-Natal,KZN245 - uMvoti,Ward 52405010,3317,23,1295,5,5,2021,39.041302381670185,True
KwaZulu-Natal,KZN245 - uMvoti,Ward 52405011,4548,69,2558,6,6,2021,56.24450307827617,True
KwaZulu-Natal,KZN245 - uMvoti,Ward 52405012,4424,36,2361,9,9,2021,53.36799276672694,False
KwaZulu-Natal,KZN245 - uMvoti,Ward 52405013,3597,30,2068,4,4,2021,57.49235474006116,False
KwaZulu-Natal,KZN245 - uMvoti,Ward 52405014,4458,37,2674,8,8,2021,59.982054733064146,False
KwaZulu-Natal,KZN252 - Newcastle,Ward 52502001,4913,63,2095,8,8,2021,42.641970282922856,True
KwaZulu-Natal,KZN252 - Newcastle,Ward 52502002,5015,18,2758,3,3,2021,54.99501495513459,True
KwaZulu-Natal,KZN252 - Newcastle,Ward 52502003,4485,98,1992,2,2,2021,44.414715719063544,True
KwaZulu-Natal,KZN252 - Newcastle,Ward 52502004,4547,5,2292,3,3,2021,50.40686166703321,True
KwaZulu-Natal,KZN252 - Newcastle,Ward 52502005,5874,14,1782,2,2,2021,30.337078651685395,True
KwaZulu-Natal,KZN252 - Newcastle,Ward 52502006,5617,73,2823,4,4,2021,50.258144917215596,True
KwaZulu-Natal,KZN252 - Newcastle,Ward 52502007,6261,46,2494,4,4,2021,39.833892349464946,True
KwaZulu-Natal,KZN252 - Newcastle,Ward 52502008,4431,61,2112,2,2,2021,47.66418415707515,True
KwaZulu-Natal,KZN252 - Newcastle,Ward 52502009,5519,36,2541,3,3,2021,46.04094944736366,True
KwaZulu-Natal,KZN252 - Newcastle,Ward 52502010,4224,15,1908,3,3,2021,45.17045454545455,True
KwaZulu-Natal,KZN252 - Newcastle,Ward 52502011,4633,11,2191,3,3,2021,47.291172026764514,True
KwaZulu-Natal,KZN252 - Newcastle,Ward 52502012,5738,59,2818,3,3,2021,49.111188567445105,True
KwaZulu-Natal,KZN252 - Newcastle,Ward 52502013,4308,129,1771,2,2,2021,41.10956360259981,True
KwaZulu-Natal,KZN252 - Newcastle,Ward 52502014,6010,170,2760,3,3,2021,45.92346089850249,True
KwaZulu-Natal,KZN252 - Newcastle,Ward 52502015,5739,66,2823,3,3,2021,49.18975431259802,True
KwaZulu-Natal,KZN252 - Newcastle,Ward 52502016,5487,38,2706,2,2,2021,49.316566429743034,True
KwaZulu-Natal,KZN252 - Newcastle,Ward 52502017,5838,42,2849,4,4,2021,48.80095923261391,True
KwaZulu-Natal,KZN252 - Newcastle,Ward 52502018,6025,69,3202,5,5,2021,53.14522821576764,True
KwaZulu-Natal,KZN252 - Newcastle,Ward 52502019,5866,30,2670,3,3,2021,45.51653596999659,True
KwaZulu-Natal,KZN252 - Newcastle,Ward 52502020,4488,51,2000,3,3,2021,44.563279857397504,True
KwaZulu-Natal,KZN252 - Newcastle,Ward 52502021,5054,77,2404,6,6,2021,47.56628413138109,True
KwaZulu-Natal,KZN252 - Newcastle,Ward 52502022,5201,16,1939,3,3,2021,37.28129205921938,True
KwaZulu-Natal,KZN252 - Newcastle,Ward 52502023,4929,30,2095,4,4,2021,42.50355041590586,True
KwaZulu-Natal,KZN252 - Newcastle,Ward 52502024,5885,28,2250,4,4,2021,38.23279524214104,True
KwaZulu-Natal,KZN252 - Newcastle,Ward 52502025,4366,102,1878,2,2,2021,43.014200641319285,True
KwaZulu-Natal,KZN252 - Newcastle,Ward 52502026,5957,42,2208,4,4,2021,37.06563706563706,True
KwaZulu-Natal,KZN252 - Newcastle,Ward 52502027,5919,33,2489,3,3,2021,42.05102213211691,True
KwaZulu-Natal,KZN252 - Newcastle,Ward 52502028,5368,33,2077,3,3,2021,38.69225037257824,True
KwaZulu-Natal,KZN252 - Newcastle,Ward 52502029,5380,50,2412,2,2,2021,44.83271375464684,True
KwaZulu-Natal,KZN252 - Newcastle,Ward 52502030,5069,49,2320,4,4,2021,45.76839613335964,True
KwaZulu-Natal,KZN252 - Newcastle,Ward 52502031,5189,45,2217,2,2,2021,42.72499518211602,True
KwaZulu-Natal,KZN252 - Newcastle,Ward 52502032,6056,64,2677,3,3,2021,44.20409511228534,False
KwaZulu-Natal,KZN252 - Newcastle,Ward 52502033,6377,42,2876,3,3,2021,45.099576603418534,False
KwaZulu-Natal,KZN252 - Newcastle,Ward 52502034,5795,35,2688,3,3,2021,46.38481449525453,False
KwaZulu-Natal,KZN253 - eMadlangeni,Ward 52503001,2484,30,1196,7,7,2021,48.148148148148145,True
KwaZulu-Natal,KZN253 - eMadlangeni,Ward 52503002,2676,39,1314,4,4,2021,49.10313901345291,True
KwaZulu-Natal,KZN253 - eMadlangeni,Ward 52503003,2732,29,1457,5,5,2021,53.33089311859444,True
KwaZulu-Natal,KZN253 - eMadlangeni,Ward 52503004,2543,58,1341,6,6,2021,52.732992528509634,True
KwaZulu-Natal,KZN253 - eMadlangeni,Ward 52503005,2411,34,1505,4,4,2021,62.42223143923683,False
KwaZulu-Natal,KZN253 - eMadlangeni,Ward 52503006,2173,51,1083,8,8,2021,49.838932351587665,False
KwaZulu-Natal,KZN254 - Dannhauser,Ward 52504001,4016,55,1597,9,9,2021,39.765936254980076,True
KwaZulu-Natal,KZN254 - Dannhauser,Ward 52504002,4502,33,2156,4,4,2021,47.88982674366948,True
KwaZulu-Natal,KZN254 - Dannhauser,Ward 52504003,3696,18,2001,4,4,2021,54.1396103896104,True
KwaZulu-Natal,KZN254 - Dannhauser,Ward 52504004,3478,41,1331,5,5,2021,38.2691201840138,True
KwaZulu-Natal,KZN254 - Dannhauser,Ward 52504005,3360,56,1731,5,5,2021,51.51785714285714,True
KwaZulu-Natal,KZN254 - Dannhauser,Ward 52504006,3709,71,1677,4,4,2021,45.214343488811,True
KwaZulu-Natal,KZN254 - Dannhauser,Ward 52504007,3880,56,1838,5,5,2021,47.371134020618555,True
KwaZulu-Natal,KZN254 - Dannhauser,Ward 52504008,3958,32,1902,6,6,2021,48.05457301667509,True
KwaZulu-Natal,KZN254 - Dannhauser,Ward 52504009,4422,52,2150,5,5,2021,48.62053369516056,True
KwaZulu-Natal,KZN254 - Dannhauser,Ward 52504010,4161,23,1756,4,4,2021,42.201393895698146,True
KwaZulu-Natal,KZN254 - Dannhauser,Ward 52504011,3986,43,1986,3,3,2021,49.824385348720526,True
KwaZulu-Natal,KZN254 - Dannhauser,Ward 52504012,3792,35,1823,4,4,2021,48.074894514767934,False
KwaZulu-Natal,KZN254 - Dannhauser,Ward 52504013,3520,49,1636,5,5,2021,46.47727272727273,False
KwaZulu-Natal,KZN261 - eDumbe,Ward 52601001,3424,38,2189,8,8,2021,63.931074766355145,True
KwaZulu-Natal,KZN261 - eDumbe,Ward 52601002,4367,45,2404,3,3,2021,55.04923288298603,True
KwaZulu-Natal,KZN261 - eDumbe,Ward 52601003,4216,42,2228,2,2,2021,52.84629981024668,True
KwaZulu-Natal,KZN261 - eDumbe,Ward 52601004,4239,10,2234,5,5,2021,52.701108752064165,True
KwaZulu-Natal,KZN261 - eDumbe,Ward 52601005,4715,31,2747,10,10,2021,58.26086956521739,True
KwaZulu-Natal,KZN261 - eDumbe,Ward 52601006,4269,26,2436,12,12,2021,57.06254392129304,True
KwaZulu-Natal,KZN261 - eDumbe,Ward 52601007,4100,41,2118,13,13,2021,51.65853658536585,True
KwaZulu-Natal,KZN261 - eDumbe,Ward 52601008,3586,23,2162,5,5,2021,60.29001673173452,True
KwaZulu-Natal,KZN261 - eDumbe,Ward 52601009,3938,34,2410,10,10,2021,61.19857795835449,False
KwaZulu-Natal,KZN261 - eDumbe,Ward 52601010,3564,27,2015,3,3,2021,56.537598204264874,False
KwaZulu-Natal,KZN262 - uPhongolo,Ward 52602001,3939,44,2155,11,11,2021,54.70931708555471,True
KwaZulu-Natal,KZN262 - uPhongolo,Ward 52602002,4335,27,2239,2,2,2021,51.649365628604386,True
KwaZulu-Natal,KZN262 - uPhongolo,Ward 52602003,4044,37,2261,6,6,2021,55.909990108803164,True
KwaZulu-Natal,KZN262 - uPhongolo,Ward 52602004,5038,48,2639,4,4,2021,52.38189757840412,True
KwaZulu-Natal,KZN262 - uPhongolo,Ward 52602005,3710,22,1982,4,4,2021,53.42318059299191,True
KwaZulu-Natal,KZN262 - uPhongolo,Ward 52602006,4585,40,2874,7,7,2021,62.68266085059978,True
KwaZulu-Natal,KZN262 - uPhongolo,Ward 52602007,4449,25,2199,5,5,2021,49.42683749157114,True
KwaZulu-Natal,KZN262 - uPhongolo,Ward 52602008,4001,25,2129,8,8,2021,53.21169707573107,True
KwaZulu-Natal,KZN262 - uPhongolo,Ward 52602009,5096,55,2532,5,5,2021,49.686028257456826,True
KwaZulu-Natal,KZN262 - uPhongolo,Ward 52602010,4700,26,2602,5,5,2021,55.361702127659576,True
KwaZulu-Natal,KZN262 - uPhongolo,Ward 52602011,4917,27,2875,6,6,2021,58.470612161887324,True
KwaZulu-Natal,KZN262 - uPhongolo,Ward 52602012,3920,27,1997,4,4,2021,50.943877551020414,True
KwaZulu-Natal,KZN262 - uPhongolo,Ward 52602013,3809,25,1858,4,4,2021,48.77920714098188,True
KwaZulu-Natal,KZN262 - uPhongolo,Ward 52602014,4214,17,2121,7,7,2021,50.332225913621265,True
KwaZulu-Natal,KZN262 - uPhongolo,Ward 52602015,3288,68,1825,5,5,2021,55.504866180048666,False
KwaZulu-Natal,KZN263 - AbaQulusi,Ward 52603001,4723,28,2191,6,6,2021,46.39000635189498,True
KwaZulu-Natal,KZN263 - AbaQulusi,Ward 52603002,4302,24,1994,9,9,2021,46.350534635053464,True
KwaZulu-Natal,KZN263 - AbaQulusi,Ward 52603003,4081,31,1919,6,6,2021,47.02278853222249,True
KwaZulu-Natal,KZN263 - AbaQulusi,Ward 52603004,4264,40,2217,7,7,2021,51.99343339587242,True
KwaZulu-Natal,KZN263 - AbaQulusi,Ward 52603005,4572,23,1985,6,6,2021,43.416447944007,True
KwaZulu-Natal,KZN263 - AbaQulusi,Ward 52603006,3743,20,2002,6,6,2021,53.486508148543955,True
KwaZulu-Natal,KZN263 - AbaQulusi,Ward 52603007,4340,21,1949,6,6,2021,44.90783410138249,True
KwaZulu-Natal,KZN263 - AbaQulusi,Ward 52603008,4368,21,1919,3,3,2021,43.93315018315018,True
KwaZulu-Natal,KZN263 - AbaQulusi,Ward 52603009,4209,10,1989,4,4,2021,47.25588025659302,True
KwaZulu-Natal,KZN263 - AbaQulusi,Ward 52603010,3601,14,1447,3,3,2021,40.18328242154957,True
KwaZulu-Natal,KZN263 - AbaQulusi,Ward 52603011,4521,47,1871,3,3,2021,41.38464941384649,True
KwaZulu-Natal,KZN263 - AbaQulusi,Ward 52603012,4142,23,2230,8,8,2021,53.83872525350072,True
KwaZulu-Natal,KZN263 - AbaQulusi,Ward 52603013,3661,36,1532,6,6,2021,41.84649003004643,True
KwaZulu-Natal,KZN263 - AbaQulusi,Ward 52603014,4379,57,2206,5,5,2021,50.376798355788985,True
KwaZulu-Natal,KZN263 - AbaQulusi,Ward 52603015,4169,46,2053,6,6,2021,49.24442312305109,True
KwaZulu-Natal,KZN263 - AbaQulusi,Ward 52603016,3815,23,1661,3,3,2021,43.53866317169069,True
KwaZulu-Natal,KZN263 - AbaQulusi,Ward 52603017,4920,43,2528,4,4,2021,51.38211382113821,True
KwaZulu-Natal,KZN263 - AbaQulusi,Ward 52603018,4056,18,1883,3,3,2021,46.42504930966469,True
KwaZulu-Natal,KZN263 - AbaQulusi,Ward 52603019,3896,16,1908,3,3,2021,48.97330595482546,True
KwaZulu-Natal,KZN263 - AbaQulusi,Ward 52603020,4500,6,1642,3,3,2021,36.48888888888889,True
KwaZulu-Natal,KZN263 - AbaQulusi,Ward 52603021,3999,53,2041,5,5,2021,51.03775943985996,True
KwaZulu-Natal,KZN263 - AbaQulusi,Ward 52603022,4205,25,1846,3,3,2021,43.900118906064215,True
KwaZulu-Natal,KZN263 - AbaQulusi,Ward 52603023,4253,25,2193,4,4,2021,51.563602163178935,False
KwaZulu-Natal,KZN265 - Nongoma,Ward 52605001,4391,24,2375,5,5,2021,54.0879070826691,True
KwaZulu-Natal,KZN265 - Nongoma,Ward 52605002,4567,54,2451,8,8,2021,53.66761550251806,True
KwaZulu-Natal,KZN265 - Nongoma,Ward 52605003,4302,34,2473,6,6,2021,57.48489074848907,True
KwaZulu-Natal,KZN265 - Nongoma,Ward 52605004,3813,22,1958,4,4,2021,51.35064253868345,True
KwaZulu-Natal,KZN265 - Nongoma,Ward 52605005,4186,13,2327,5,5,2021,55.590062111801245,True
KwaZulu-Natal,KZN265 - Nongoma,Ward 52605006,4629,44,2122,5,5,2021,45.84143443508317,True
KwaZulu-Natal,KZN265 - Nongoma,Ward 52605007,4297,44,2266,9,9,2021,52.73446590644636,True
KwaZulu-Natal,KZN265 - Nongoma,Ward 52605008,4399,16,2179,4,4,2021,49.533984996590135,True
KwaZulu-Natal,KZN265 - Nongoma,Ward 52605009,3750,21,1484,3,3,2021,39.57333333333333,True
KwaZulu-Natal,KZN265 - Nongoma,Ward 52605010,4363,25,2451,6,6,2021,56.17694247077699,True
KwaZulu-Natal,KZN265 - Nongoma,Ward 52605011,4529,36,2362,6,6,2021,52.152793111062046,True
KwaZulu-Natal,KZN265 - Nongoma,Ward 52605012,4486,21,2440,6,6,2021,54.39144003566652,True
KwaZulu-Natal,KZN265 - Nongoma,Ward 52605013,4209,20,2099,5,5,2021,49.86932763126634,True
KwaZulu-Natal,KZN265 - Nongoma,Ward 52605014,5040,37,2834,6,6,2021,56.23015873015873,True
KwaZulu-Natal,KZN265 - Nongoma,Ward 52605015,4359,44,2178,5,5,2021,49.96558843771508,True
KwaZulu-Natal,KZN265 - Nongoma,Ward 52605016,3074,8,1606,4,4,2021,52.244632400780745,True
KwaZulu-Natal,KZN265 - Nongoma,Ward 52605017,4274,66,2172,5,5,2021,50.81890500701919,True
KwaZulu-Natal,KZN265 - Nongoma,Ward 52605018,3760,2,2025,4,4,2021,53.8563829787234,True
KwaZulu-Natal,KZN265 - Nongoma,Ward 52605019,4587,12,1224,3,3,2021,26.68410725964683,True
KwaZulu-Natal,KZN265 - Nongoma,Ward 52605020,3847,26,1885,5,5,2021,48.99922017156226,True
KwaZulu-Natal,KZN265 - Nongoma,Ward 52605021,4571,34,2320,5,5,2021,50.75475825858674,True
KwaZulu-Natal,KZN265 - Nongoma,Ward 52605022,4302,45,2198,5,5,2021,51.092515109251515,False
KwaZulu-Natal,KZN265 - Nongoma,Ward 52605023,4402,36,2208,4,4,2021,50.159018627896415,False
KwaZulu-Natal,KZN266 - Ulundi,Ward 52606001,3774,20,1791,7,7,2021,47.45627980922099,True
KwaZulu-Natal,KZN266 - Ulundi,Ward 52606002,4236,52,2337,7,7,2021,55.169971671388105,True
KwaZulu-Natal,KZN266 - Ulundi,Ward 52606003,3449,30,1836,5,5,2021,53.23282110756741,True
KwaZulu-Natal,KZN266 - Ulundi,Ward 52606004,4142,9,2068,7,7,2021,49.927571221632064,True
KwaZulu-Natal,KZN266 - Ulundi,Ward 52606005,3898,36,2211,8,8,2021,56.721395587480764,True
KwaZulu-Natal,KZN266 - Ulundi,Ward 52606006,3840,19,1631,5,5,2021,42.473958333333336,True
KwaZulu-Natal,KZN266 - Ulundi,Ward 52606007,3850,24,1874,7,7,2021,48.675324675324674,True
KwaZulu-Natal,KZN266 - Ulundi,Ward 52606008,4233,42,2263,8,8,2021,53.46090243326246,True
KwaZulu-Natal,KZN266 - Ulundi,Ward 52606009,4297,31,2206,6,6,2021,51.33814289038864,True
KwaZulu-Natal,KZN266 - Ulundi,Ward 52606010,3455,28,1762,8,8,2021,50.9985528219971,True
KwaZulu-Natal,KZN266 - Ulundi,Ward 52606011,3658,19,1602,5,5,2021,43.79442318206671,True
KwaZulu-Natal,KZN266 - Ulundi,Ward 52606012,4197,21,1931,4,4,2021,46.009054086252085,True
KwaZulu-Natal,KZN266 - Ulundi,Ward 52606013,4003,70,1861,8,8,2021,46.49013240069947,True
KwaZulu-Natal,KZN266 - Ulundi,Ward 52606014,4357,20,2523,8,8,2021,57.90681661693826,True
KwaZulu-Natal,KZN266 - Ulundi,Ward 52606015,4530,61,2450,6,6,2021,54.083885209713024,True
KwaZulu-Natal,KZN266 - Ulundi,Ward 52606016,3605,52,1777,7,7,2021,49.29264909847434,True
KwaZulu-Natal,KZN266 - Ulundi,Ward 52606017,4187,20,2166,7,7,2021,51.731550035825165,True
KwaZulu-Natal,KZN266 - Ulundi,Ward 52606018,3827,19,1707,4,4,2021,44.604128560229945,True
KwaZulu-Natal,KZN266 - Ulundi,Ward 52606019,3397,23,1397,5,5,2021,41.1245216367383,True
KwaZulu-Natal,KZN266 - Ulundi,Ward 52606020,3877,16,1895,7,7,2021,48.87799845241166,True
KwaZulu-Natal,KZN266 - Ulundi,Ward 52606021,4384,28,2295,7,7,2021,52.34945255474452,True
KwaZulu-Natal,KZN266 - Ulundi,Ward 52606022,3799,7,1674,2,2,2021,44.0642274282706,True
KwaZulu-Natal,KZN266 - Ulundi,Ward 52606023,3642,10,1703,5,5,2021,46.760021965952774,True
KwaZulu-Natal,KZN266 - Ulundi,Ward 52606024,3382,14,1847,6,6,2021,54.61265523358959,True
KwaZulu-Natal,KZN271 - uMhlabuyalingana,Ward 52701001,4169,32,2113,3,3,2021,50.68361717438235,True
KwaZulu-Natal,KZN271 - uMhlabuyalingana,Ward 52701002,4986,59,3205,5,5,2021,64.2799839550742,True
KwaZulu-Natal,KZN271 - uMhlabuyalingana,Ward 52701003,5130,18,2811,3,3,2021,54.795321637426895,True
KwaZulu-Natal,KZN271 - uMhlabuyalingana,Ward 52701004,6053,95,3225,5,5,2021,53.27936560383281,True
KwaZulu-Natal,KZN271 - uMhlabuyalingana,Ward 52701005,3990,48,1854,5,5,2021,46.46616541353383,True
KwaZulu-Natal,KZN271 - uMhlabuyalingana,Ward 52701006,3791,71,2251,2,2,2021,59.377472962279086,True
KwaZulu-Natal,KZN271 - uMhlabuyalingana,Ward 52701007,4068,54,2393,6,6,2021,58.82497541789577,True
KwaZulu-Natal,KZN271 - uMhlabuyalingana,Ward 52701008,3865,51,2366,7,7,2021,61.216041397153944,True
KwaZulu-Natal,KZN271 - uMhlabuyalingana,Ward 52701009,3933,60,2509,3,3,2021,63.79354182557844,True
KwaZulu-Natal,KZN271 - uMhlabuyalingana,Ward 52701010,3998,69,2256,6,6,2021,56.428214107053535,True
KwaZulu-Natal,KZN271 - uMhlabuyalingana,Ward 52701011,3790,121,1789,2,2,2021,47.20316622691293,True
KwaZulu-Natal,KZN271 - uMhlabuyalingana,Ward 52701012,3846,56,2160,5,5,2021,56.16224648985959,True
KwaZulu-Natal,KZN271 - uMhlabuyalingana,Ward 52701013,4651,105,2638,3,3,2021,56.71898516448076,True
KwaZulu-Natal,KZN271 - uMhlabuyalingana,Ward 52701014,4555,48,2760,6,6,2021,60.5927552140505,True
KwaZulu-Natal,KZN271 - uMhlabuyalingana,Ward 52701015,3982,68,2102,5,5,2021,52.787543947764945,True
KwaZulu-Natal,KZN271 - uMhlabuyalingana,Ward 52701016,3783,45,2297,4,4,2021,60.71900607983082,True
KwaZulu-Natal,KZN271 - uMhlabuyalingana,Ward 52701017,4293,34,2291,4,4,2021,53.365944560913114,True
KwaZulu-Natal,KZN271 - uMhlabuyalingana,Ward 52701018,4647,96,2675,7,7,2021,57.564019797718956,False
KwaZulu-Natal,KZN271 - uMhlabuyalingana,Ward 52701019,4439,40,2431,7,7,2021,54.764586618607794,False
KwaZulu-Natal,KZN271 - uMhlabuyalingana,Ward 52701020,3462,42,1973,2,2,2021,56.99017908723282,False
KwaZulu-Natal,KZN272 - Jozini,Ward 52702001,4074,36,2379,6,6,2021,58.39469808541974,True
KwaZulu-Natal,KZN272 - Jozini,Ward 52702002,3716,28,2171,5,5,2021,58.42303552206673,True
KwaZulu-Natal,KZN272 - Jozini,Ward 52702003,6088,39,4012,6,6,2021,65.90013140604468,True
KwaZulu-Natal,KZN272 - Jozini,Ward 52702004,4257,22,2767,6,6,2021,64.99882546394174,True
KwaZulu-Natal,KZN272 - Jozini,Ward 52702005,5139,29,2869,4,4,2021,55.82798209768437,True
KwaZulu-Natal,KZN272 - Jozini,Ward 52702006,4908,80,3011,4,4,2021,61.348818255908725,True
KwaZulu-Natal,KZN272 - Jozini,Ward 52702007,3611,33,2025,3,3,2021,56.07864857380227,True
KwaZulu-Natal,KZN272 - Jozini,Ward 52702008,4954,32,2960,3,3,2021,59.74969721437222,True
KwaZulu-Natal,KZN272 - Jozini,Ward 52702009,4098,38,2352,5,5,2021,57.39385065885798,True
KwaZulu-Natal,KZN272 - Jozini,Ward 52702010,4670,13,2808,5,5,2021,60.12847965738758,True
KwaZulu-Natal,KZN272 - Jozini,Ward 52702011,4190,36,2359,4,4,2021,56.30071599045346,True
KwaZulu-Natal,KZN272 - Jozini,Ward 52702012,5485,74,3381,4,4,2021,61.640838650866,True
KwaZulu-Natal,KZN272 - Jozini,Ward 52702013,4879,66,2920,3,3,2021,59.84832957573273,True
KwaZulu-Natal,KZN272 - Jozini,Ward 52702014,4128,33,2145,6,6,2021,51.962209302325576,True
KwaZulu-Natal,KZN272 - Jozini,Ward 52702015,4582,41,2615,4,4,2021,57.071147970318634,True
KwaZulu-Natal,KZN272 - Jozini,Ward 52702016,4144,34,2938,3,3,2021,70.8976833976834,True
KwaZulu-Natal,KZN272 - Jozini,Ward 52702017,4568,16,2720,8,8,2021,59.54465849387041,True
KwaZulu-Natal,KZN272 - Jozini,Ward 52702018,4407,21,2583,6,6,2021,58.61130020422056,True
KwaZulu-Natal,KZN272 - Jozini,Ward 52702019,4837,19,2749,5,5,2021,56.83274757080835,True
KwaZulu-Natal,KZN272 - Jozini,Ward 52702020,4073,21,2153,6,6,2021,52.86029953351338,True
KwaZulu-Natal,KZN272 - Jozini,Ward 52702021,4410,40,2365,5,5,2021,53.6281179138322,False
KwaZulu-Natal,KZN272 - Jozini,Ward 52702022,4280,24,2463,6,6,2021,57.546728971962615,False
KwaZulu-Natal,KZN272 - Jozini,Ward 52702023,4214,9,2717,3,3,2021,64.47555766492643,False
KwaZulu-Natal,KZN275 - Mtubatuba,Ward 52705001,2755,21,1629,4,4,2021,59.12885662431941,True
KwaZulu-Natal,KZN275 - Mtubatuba,Ward 52705002,5338,75,3355,5,5,2021,62.85125515174222,True
KwaZulu-Natal,KZN275 - Mtubatuba,Ward 52705003,4914,43,2650,4,4,2021,53.92755392755393,True
KwaZulu-Natal,KZN275 - Mtubatuba,Ward 52705004,4260,7,1709,4,4,2021,40.117370892018776,True
KwaZulu-Natal,KZN275 - Mtubatuba,Ward 52705005,5099,61,2598,3,3,2021,50.951166895469704,True
KwaZulu-Natal,KZN275 - Mtubatuba,Ward 52705006,3858,22,1666,2,2,2021,43.18299637117677,True
KwaZulu-Natal,KZN275 - Mtubatuba,Ward 52705007,4287,51,1903,3,3,2021,44.3900163284348,True
KwaZulu-Natal,KZN275 - Mtubatuba,Ward 52705008,3517,61,2055,3,3,2021,58.43048052317316,True
KwaZulu-Natal,KZN275 - Mtubatuba,Ward 52705009,4407,28,2497,3,3,2021,56.65985931472657,True
KwaZulu-Natal,KZN275 - Mtubatuba,Ward 52705010,4847,47,2966,6,6,2021,61.192490200123785,True
KwaZulu-Natal,KZN275 - Mtubatuba,Ward 52705011,3832,42,2089,2,2,2021,54.51461377870564,True
KwaZulu-Natal,KZN275 - Mtubatuba,Ward 52705012,4129,61,2389,3,3,2021,57.8590457737951,True
KwaZulu-Natal,KZN275 - Mtubatuba,Ward 52705013,4811,54,2760,3,3,2021,57.36853045104968,True
KwaZulu-Natal,KZN275 - Mtubatuba,Ward 52705014,4603,44,2618,6,6,2021,56.875950467086675,True
KwaZulu-Natal,KZN275 - Mtubatuba,Ward 52705015,4644,82,2749,4,4,2021,59.194659776055126,True
KwaZulu-Natal,KZN275 - Mtubatuba,Ward 52705016,4665,45,2682,5,5,2021,57.49196141479099,True
KwaZulu-Natal,KZN275 - Mtubatuba,Ward 52705017,4097,43,2645,3,3,2021,64.55943373199902,True
KwaZulu-Natal,KZN275 - Mtubatuba,Ward 52705018,4253,58,2638,3,3,2021,62.02680460851164,True
KwaZulu-Natal,KZN275 - Mtubatuba,Ward 52705019,4322,41,2588,3,3,2021,59.87968533086534,True
KwaZulu-Natal,KZN275 - Mtubatuba,Ward 52705020,5077,56,3047,7,7,2021,60.015757337010044,False
KwaZulu-Natal,KZN275 - Mtubatuba,Ward 52705021,4944,65,2777,5,5,2021,56.169093851132686,False
KwaZulu-Natal,KZN275 - Mtubatuba,Ward 52705022,2895,48,1847,3,3,2021,63.799654576856646,False
KwaZulu-Natal,KZN275 - Mtubatuba,Ward 52705023,5454,63,2968,4,4,2021,54.41877521085442,False
KwaZulu-Natal,KZN276 - Big Five Hlabisa,Ward 52706001,3954,40,2091,6,6,2021,52.88315629742033,False
KwaZulu-Natal,KZN276 - Big Five Hlabisa,Ward 52706002,4524,29,2797,6,6,2021,61.82581786030062,False
KwaZulu-Natal,KZN276 - Big Five Hlabisa,Ward 52706003,4568,57,2482,5,5,2021,54.334500875656744,False
KwaZulu-Natal,KZN276 - Big Five Hlabisa,Ward 52706004,4003,21,2680,5,5,2021,66.94978765925555,False
KwaZulu-Natal,KZN276 - Big Five Hlabisa,Ward 52706005,3636,19,1583,4,4,2021,43.536853685368534,False
KwaZulu-Natal,KZN276 - Big Five Hlabisa,Ward 52706006,3544,34,2115,6,6,2021,59.67832957110609,False
KwaZulu-Natal,KZN276 - Big Five Hlabisa,Ward 52706007,4280,23,2597,6,6,2021,60.677570093457945,False
KwaZulu-Natal,KZN276 - Big Five Hlabisa,Ward 52706008,3435,26,2100,6,6,2021,61.135371179039296,False
KwaZulu-Natal,KZN276 - Big Five Hlabisa,Ward 52706009,4117,27,2325,6,6,2021,56.473160068010685,False
KwaZulu-Natal,KZN276 - Big Five Hlabisa,Ward 52706010,3949,34,2209,7,7,2021,55.938212205621674,False
KwaZulu-Natal,KZN276 - Big Five Hlabisa,Ward 52706011,4113,16,2353,6,6,2021,57.20884998784342,False
KwaZulu-Natal,KZN276 - Big Five Hlabisa,Ward 52706012,4184,19,1947,3,3,2021,46.53441682600382,False
KwaZulu-Natal,KZN276 - Big Five Hlabisa,Ward 52706013,3531,77,1942,4,4,2021,54.99858397054659,False
KwaZulu-Natal,KZN276 - Big Five Hlabisa,Ward 52706014,4374,53,2128,7,7,2021,48.651120256058526,False
KwaZulu-Natal,KZN281 - uMfolozi,Ward 52801001,3648,46,2169,4,4,2021,59.45723684210527,True
KwaZulu-Natal,KZN281 - uMfolozi,Ward 52801002,3493,33,1630,3,3,2021,46.66475808760378,True
KwaZulu-Natal,KZN281 - uMfolozi,Ward 52801003,4667,32,2713,5,5,2021,58.13156203128348,True
KwaZulu-Natal,KZN281 - uMfolozi,Ward 52801004,3858,34,2350,5,5,2021,60.91238983929497,True
KwaZulu-Natal,KZN281 - uMfolozi,Ward 52801005,4281,67,2326,3,3,2021,54.333099743050695,True
KwaZulu-Natal,KZN281 - uMfolozi,Ward 52801006,4516,29,2099,2,2,2021,46.479185119574844,True
KwaZulu-Natal,KZN281 - uMfolozi,Ward 52801007,4413,34,2307,4,4,2021,52.27736233854521,True
KwaZulu-Natal,KZN281 - uMfolozi,Ward 52801008,3453,19,1924,2,2,2021,55.71966406023747,True
KwaZulu-Natal,KZN281 - uMfolozi,Ward 52801009,4294,20,2494,5,5,2021,58.08104331625524,True
KwaZulu-Natal,KZN281 - uMfolozi,Ward 52801010,4490,39,2268,8,8,2021,50.512249443207125,True
KwaZulu-Natal,KZN281 - uMfolozi,Ward 52801011,4689,36,2660,5,5,2021,56.728513542333125,True
KwaZulu-Natal,KZN281 - uMfolozi,Ward 52801012,4497,36,2387,4,4,2021,53.07983099844341,True
KwaZulu-Natal,KZN281 - uMfolozi,Ward 52801013,3896,39,1912,7,7,2021,49.07597535934292,True
KwaZulu-Natal,KZN281 - uMfolozi,Ward 52801014,4208,28,1955,3,3,2021,46.45912547528518,True
KwaZulu-Natal,KZN281 - uMfolozi,Ward 52801015,3773,42,1913,4,4,2021,50.70235886562418,True
KwaZulu-Natal,KZN281 - uMfolozi,Ward 52801016,3554,16,1473,2,2,2021,41.44625773776027,False
KwaZulu-Natal,KZN281 - uMfolozi,Ward 52801017,4471,60,2061,7,7,2021,46.097070006709906,False
KwaZulu-Natal,KZN281 - uMfolozi,Ward 52801018,3880,37,2033,6,6,2021,52.396907216494846,False
KwaZulu-Natal,KZN282 - uMhlathuze,Ward 52802001,5656,33,2744,3,3,2021,48.51485148514851,True
KwaZulu-Natal,KZN282 - uMhlathuze,Ward 52802002,6544,17,3258,5,5,2021,49.786063569682156,True
KwaZulu-Natal,KZN282 - uMhlathuze,Ward 52802003,6302,4,3111,3,3,2021,49.365280863218025,True
KwaZulu-Natal,KZN282 - uMhlathuze,Ward 52802004,7006,18,3151,5,5,2021,44.97573508421353,True
KwaZulu-Natal,KZN282 - uMhlathuze,Ward 52802005,5251,54,2519,7,7,2021,47.97181489240145,True
KwaZulu-Natal,KZN282 - uMhlathuze,Ward 52802006,4764,28,2435,5,5,2021,51.11251049538203,True
KwaZulu-Natal,KZN282 - uMhlathuze,Ward 52802007,4932,44,2120,3,3,2021,42.9845904298459,True
KwaZulu-Natal,KZN282 - uMhlathuze,Ward 52802008,4792,31,1908,3,3,2021,39.81636060100167,True
KwaZulu-Natal,KZN282 - uMhlathuze,Ward 52802009,7538,24,3109,4,4,2021,41.244361899708146,True
KwaZulu-Natal,KZN282 - uMhlathuze,Ward 52802010,5373,56,2416,5,5,2021,44.965568583659035,True
KwaZulu-Natal,KZN282 - uMhlathuze,Ward 52802011,4973,34,2577,6,6,2021,51.81982706615725,True
KwaZulu-Natal,KZN282 - uMhlathuze,Ward 52802012,6236,41,2599,5,5,2021,41.677357280307895,True
KwaZulu-Natal,KZN282 - uMhlathuze,Ward 52802013,6697,52,3381,4,4,2021,50.485291921756016,True
KwaZulu-Natal,KZN282 - uMhlathuze,Ward 52802014,6262,25,2648,6,6,2021,42.2868093260939,True
KwaZulu-Natal,KZN282 - uMhlathuze,Ward 52802015,6545,53,2870,5,5,2021,43.85026737967914,True
KwaZulu-Natal,KZN282 - uMhlathuze,Ward 52802016,5052,40,1839,4,4,2021,36.40142517814727,True
KwaZulu-Natal,KZN282 - uMhlathuze,Ward 52802017,4771,18,1702,3,3,2021,35.67386292181933,True
KwaZulu-Natal,KZN282 - uMhlathuze,Ward 52802018,5384,32,2821,3,3,2021,52.39598811292719,True
KwaZulu-Natal,KZN282 - uMhlathuze,Ward 52802019,5771,37,2133,3,3,2021,36.96066539594524,True
KwaZulu-Natal,KZN282 - uMhlathuze,Ward 52802020,5343,19,2012,3,3,2021,37.65674714579824,True
KwaZulu-Natal,KZN282 - uMhlathuze,Ward 52802021,5735,18,2020,4,4,2021,35.222319093286835,True
KwaZulu-Natal,KZN282 - uMhlathuze,Ward 52802022,6818,42,3200,3,3,2021,46.93458492226459,True
KwaZulu-Natal,KZN282 - uMhlathuze,Ward 52802023,5128,5,2211,4,4,2021,43.116224648985956,True
KwaZulu-Natal,KZN282 - uMhlathuze,Ward 52802024,4844,52,1937,5,5,2021,39.98761354252684,True
KwaZulu-Natal,KZN282 - uMhlathuze,Ward 52802025,6291,26,2545,5,5,2021,40.45461770783659,True
KwaZulu-Natal,KZN282 - uMhlathuze,Ward 52802026,5950,13,2691,3,3,2021,45.226890756302524,True
KwaZulu-Natal,KZN282 - uMhlathuze,Ward 52802027,5850,38,2282,4,4,2021,39.008547008547005,True
KwaZulu-Natal,KZN282 - uMhlathuze,Ward 52802028,5881,12,2004,4,4,2021,34.0758374426118,True
KwaZulu-Natal,KZN282 - uMhlathuze,Ward 52802029,5620,29,2682,5,5,2021,47.72241992882562,True
KwaZulu-Natal,KZN282 - uMhlathuze,Ward 52802030,4910,19,1678,3,3,2021,34.175152749490834,True
KwaZulu-Natal,KZN282 - uMhlathuze,Ward 52802031,5140,91,2558,7,7,2021,49.766536964980546,False
KwaZulu-Natal,KZN282 - uMhlathuze,Ward 52802032,5943,41,3246,8,8,2021,54.61887935386168,False
KwaZulu-Natal,KZN282 - uMhlathuze,Ward 52802033,4903,31,2530,3,3,2021,51.601060575158066,False
KwaZulu-Natal,KZN282 - uMhlathuze,Ward 52802034,4711,15,945,3,3,2021,20.059435364041605,False
KwaZulu-Natal,KZN284 - uMlalazi,Ward 52804001,3357,23,1749,8,8,2021,52.10008936550492,True
KwaZulu-Natal,KZN284 - uMlalazi,Ward 52804002,4177,41,2097,7,7,2021,50.203495331577685,True
KwaZulu-Natal,KZN284 - uMlalazi,Ward 52804003,3569,23,1942,8,8,2021,54.41300084057159,True
KwaZulu-Natal,KZN284 - uMlalazi,Ward 52804004,4145,87,2063,5,5,2021,49.7708082026538,True
KwaZulu-Natal,KZN284 - uMlalazi,Ward 52804005,3916,34,1988,7,7,2021,50.76608784473953,True
KwaZulu-Natal,KZN284 - uMlalazi,Ward 52804006,3770,25,1896,7,7,2021,50.291777188328915,True
KwaZulu-Natal,KZN284 - uMlalazi,Ward 52804007,3668,29,1915,6,6,2021,52.208287895310804,True
KwaZulu-Natal,KZN284 - uMlalazi,Ward 52804008,4426,55,2054,5,5,2021,46.40759150474469,True
KwaZulu-Natal,KZN284 - uMlalazi,Ward 52804009,4129,27,1852,6,6,2021,44.8534754177767,True
KwaZulu-Natal,KZN284 - uMlalazi,Ward 52804010,3634,32,1690,4,4,2021,46.505228398458996,True
KwaZulu-Natal,KZN284 - uMlalazi,Ward 52804011,3775,18,1883,5,5,2021,49.88079470198675,True
KwaZulu-Natal,KZN284 - uMlalazi,Ward 52804012,3316,59,1389,3,3,2021,41.88781664656212,True
KwaZulu-Natal,KZN284 - uMlalazi,Ward 52804013,3534,15,1538,5,5,2021,43.52009054895303,True
KwaZulu-Natal,KZN284 - uMlalazi,Ward 52804014,4331,55,2164,6,6,2021,49.96536596628954,True
KwaZulu-Natal,KZN284 - uMlalazi,Ward 52804015,3672,32,2010,5,5,2021,54.738562091503276,True
KwaZulu-Natal,KZN284 - uMlalazi,Ward 52804016,4022,47,1945,5,5,2021,48.35902536051716,True
KwaZulu-Natal,KZN284 - uMlalazi,Ward 52804017,4007,40,1968,6,6,2021,49.11405041177939,True
KwaZulu-Natal,KZN284 - uMlalazi,Ward 52804018,3424,43,1491,4,4,2021,43.54556074766355,True
KwaZulu-Natal,KZN284 - uMlalazi,Ward 52804019,4160,30,2288,5,5,2021,55.00000000000001,True
KwaZulu-Natal,KZN284 - uMlalazi,Ward 52804020,4234,35,2035,6,6,2021,48.06329711856401,True
KwaZulu-Natal,KZN284 - uMlalazi,Ward 52804021,3718,44,1650,6,6,2021,44.37869822485207,True
KwaZulu-Natal,KZN284 - uMlalazi,Ward 52804022,3256,17,1797,6,6,2021,55.19041769041769,True
KwaZulu-Natal,KZN284 - uMlalazi,Ward 52804023,3290,95,1751,5,5,2021,53.22188449848024,True
KwaZulu-Natal,KZN284 - uMlalazi,Ward 52804024,3862,33,2173,4,4,2021,56.266183324702226,True
KwaZulu-Natal,KZN284 - uMlalazi,Ward 52804025,3687,42,2104,6,6,2021,57.06536479522647,True
KwaZulu-Natal,KZN284 - uMlalazi,Ward 52804026,4200,41,1931,6,6,2021,45.976190476190474,True
KwaZulu-Natal,KZN284 - uMlalazi,Ward 52804027,3549,30,1670,6,6,2021,47.05550859397013,False
KwaZulu-Natal,KZN284 - uMlalazi,Ward 52804028,3489,23,1201,4,4,2021,34.422470621954716,False
KwaZulu-Natal,KZN285 - Mthonjaneni,Ward 52805001,3521,27,1816,8,8,2021,51.57625674524283,True
KwaZulu-Natal,KZN285 - Mthonjaneni,Ward 52805002,3586,31,1581,4,4,2021,44.08812046848857,True
KwaZulu-Natal,KZN285 - Mthonjaneni,Ward 52805003,3545,15,1631,5,5,2021,46.00846262341326,True
KwaZulu-Natal,KZN285 - Mthonjaneni,Ward 52805004,2975,17,1488,7,7,2021,50.016806722689076,True
KwaZulu-Natal,KZN285 - Mthonjaneni,Ward 52805005,3368,16,1809,7,7,2021,53.71140142517815,True
KwaZulu-Natal,KZN285 - Mthonjaneni,Ward 52805006,3604,30,1935,8,8,2021,53.69034406215316,True
KwaZulu-Natal,KZN285 - Mthonjaneni,Ward 52805007,3647,33,1872,6,6,2021,51.32986015903482,False
KwaZulu-Natal,KZN285 - Mthonjaneni,Ward 52805008,3405,62,1633,5,5,2021,47.95888399412628,False
KwaZulu-Natal,KZN285 - Mthonjaneni,Ward 52805009,3478,16,1891,6,6,2021,54.370327774583096,False
KwaZulu-Natal,KZN285 - Mthonjaneni,Ward 52805010,4052,23,2084,8,8,2021,51.43139190523198,False
KwaZulu-Natal,KZN285 - Mthonjaneni,Ward 52805011,3208,25,1653,5,5,2021,51.52743142144638,False
KwaZulu-Natal,KZN285 - Mthonjaneni,Ward 52805012,3931,44,1931,9,9,2021,49.122360722462474,False
KwaZulu-Natal,KZN285 - Mthonjaneni,Ward 52805013,3088,27,1755,4,4,2021,56.832901554404145,False
KwaZulu-Natal,KZN286 - Nkandla,Ward 52806001,4772,42,2758,9,9,2021,57.79547359597653,True
KwaZulu-Natal,KZN286 - Nkandla,Ward 52806002,3641,8,1858,5,5,2021,51.029936830541054,True
KwaZulu-Natal,KZN286 - Nkandla,Ward 52806003,3628,14,1843,6,6,2021,50.79933847850056,True
KwaZulu-Natal,KZN286 - Nkandla,Ward 52806004,3786,63,1901,5,5,2021,50.21130480718436,True
KwaZulu-Natal,KZN286 - Nkandla,Ward 52806005,4917,47,2542,6,6,2021,51.698189953223505,True
KwaZulu-Natal,KZN286 - Nkandla,Ward 52806006,4624,40,2760,6,6,2021,59.688581314878896,True
KwaZulu-Natal,KZN286 - Nkandla,Ward 52806007,3845,30,2507,7,7,2021,65.20156046814044,True
KwaZulu-Natal,KZN286 - Nkandla,Ward 52806008,3967,37,1933,8,8,2021,48.726997731283085,True
KwaZulu-Natal,KZN286 - Nkandla,Ward 52806009,4609,28,2560,7,7,2021,55.543501844217836,True
KwaZulu-Natal,KZN286 - Nkandla,Ward 52806010,3566,28,2010,7,7,2021,56.365675827257434,True
KwaZulu-Natal,KZN286 - Nkandla,Ward 52806011,4569,13,2636,8,8,2021,57.693149485664264,True
KwaZulu-Natal,KZN286 - Nkandla,Ward 52806012,4205,27,2313,11,11,2021,55.00594530321047,True
KwaZulu-Natal,KZN286 - Nkandla,Ward 52806013,5007,16,2914,6,6,2021,58.198522069103255,True
KwaZulu-Natal,KZN286 - Nkandla,Ward 52806014,4701,20,2478,8,8,2021,52.71218889597959,True
KwaZulu-Natal,KZN291 - Mandeni,Ward 52901001,4634,55,2665,5,5,2021,57.50971083297367,True
KwaZulu-Natal,KZN291 - Mandeni,Ward 52901002,4714,65,2393,5,5,2021,50.76368264743317,True
KwaZulu-Natal,KZN291 - Mandeni,Ward 52901003,4465,25,1810,6,6,2021,40.537513997760364,True
KwaZulu-Natal,KZN291 - Mandeni,Ward 52901004,4574,67,2184,3,3,2021,47.74814167031045,True
KwaZulu-Natal,KZN291 - Mandeni,Ward 52901005,4486,50,2417,4,4,2021,53.87873383860901,True
KwaZulu-Natal,KZN291 - Mandeni,Ward 52901006,3761,54,1937,4,4,2021,51.50226003722415,True
KwaZulu-Natal,KZN291 - Mandeni,Ward 52901007,4556,32,1877,2,2,2021,41.198419666374015,True
KwaZulu-Natal,KZN291 - Mandeni,Ward 52901008,4470,61,2288,5,5,2021,51.18568232662193,True
KwaZulu-Natal,KZN291 - Mandeni,Ward 52901009,4596,26,1939,5,5,2021,42.188859878154915,True
KwaZulu-Natal,KZN291 - Mandeni,Ward 52901010,5008,65,2358,4,4,2021,47.084664536741215,True
KwaZulu-Natal,KZN291 - Mandeni,Ward 52901011,4174,77,1983,5,5,2021,47.508385241974125,True
KwaZulu-Natal,KZN291 - Mandeni,Ward 52901012,4027,63,1776,2,2,2021,44.10230941147256,True
KwaZulu-Natal,KZN291 - Mandeni,Ward 52901013,3205,23,1326,3,3,2021,41.372854914196566,True
KwaZulu-Natal,KZN291 - Mandeni,Ward 52901014,3744,29,1553,2,2,2021,41.47970085470086,True
KwaZulu-Natal,KZN291 - Mandeni,Ward 52901015,3311,23,1312,2,2,2021,39.62549078828149,True
KwaZulu-Natal,KZN291 - Mandeni,Ward 52901016,3440,53,1310,4,4,2021,38.08139534883721,True
KwaZulu-Natal,KZN291 - Mandeni,Ward 52901017,3691,43,1342,3,3,2021,36.35871037659171,True
KwaZulu-Natal,KZN291 - Mandeni,Ward 52901018,3838,49,1419,3,3,2021,36.97238144867118,False
KwaZulu-Natal,KZN292 - KwaDukuza,Ward 52902001,4425,70,2497,4,4,2021,56.429378531073446,True
KwaZulu-Natal,KZN292 - KwaDukuza,Ward 52902002,4416,52,2722,3,3,2021,61.639492753623195,True
KwaZulu-Natal,KZN292 - KwaDukuza,Ward 52902003,4672,62,2414,8,8,2021,51.669520547945204,True
KwaZulu-Natal,KZN292 - KwaDukuza,Ward 52902004,5931,16,2224,1,1,2021,37.49789242960715,True
KwaZulu-Natal,KZN292 - KwaDukuza,Ward 52902005,4776,40,2817,2,2,2021,58.982412060301506,True
KwaZulu-Natal,KZN292 - KwaDukuza,Ward 52902006,4370,13,2115,1,1,2021,48.39816933638444,True
KwaZulu-Natal,KZN292 - KwaDukuza,Ward 52902007,3750,34,2255,1,1,2021,60.13333333333334,True
KwaZulu-Natal,KZN292 - KwaDukuza,Ward 52902008,4193,90,2004,1,1,2021,47.79394228476031,True
KwaZulu-Natal,KZN292 - KwaDukuza,Ward 52902009,4385,65,2343,5,5,2021,53.4321550741163,True
KwaZulu-Natal,KZN292 - KwaDukuza,Ward 52902010,4801,93,2461,3,3,2021,51.2601541345553,True
KwaZulu-Natal,KZN292 - KwaDukuza,Ward 52902011,5021,80,2876,4,4,2021,57.27942640908186,True
KwaZulu-Natal,KZN292 - KwaDukuza,Ward 52902012,4227,54,1879,2,2,2021,44.452330257866095,True
KwaZulu-Natal,KZN292 - KwaDukuza,Ward 52902013,5343,45,2677,3,3,2021,50.102938424106306,True
KwaZulu-Natal,KZN292 - KwaDukuza,Ward 52902014,4348,86,2037,2,2,2021,46.8491260349586,True
KwaZulu-Natal,KZN292 - KwaDukuza,Ward 52902015,5691,40,2726,4,4,2021,47.90019328764716,True
KwaZulu-Natal,KZN292 - KwaDukuza,Ward 52902016,6026,37,3134,4,4,2021,52.0079654829074,True
KwaZulu-Natal,KZN292 - KwaDukuza,Ward 52902017,4192,25,2115,1,1,2021,50.45324427480916,True
KwaZulu-Natal,KZN292 - KwaDukuza,Ward 52902018,4231,61,2247,2,2,2021,53.10801229023872,True
KwaZulu-Natal,KZN292 - KwaDukuza,Ward 52902019,5159,34,2280,3,3,2021,44.19461135879047,True
KwaZulu-Natal,KZN292 - KwaDukuza,Ward 52902020,4456,75,2539,4,4,2021,56.979353680430876,True
KwaZulu-Natal,KZN292 - KwaDukuza,Ward 52902021,4031,65,2048,4,4,2021,50.80625155048375,True
KwaZulu-Natal,KZN292 - KwaDukuza,Ward 52902022,6010,17,3992,2,2,2021,66.42262895174709,True
KwaZulu-Natal,KZN292 - KwaDukuza,Ward 52902023,4604,110,2506,2,2,2021,54.43092962641182,True
KwaZulu-Natal,KZN292 - KwaDukuza,Ward 52902024,4525,44,2207,3,3,2021,48.773480662983424,True
KwaZulu-Natal,KZN292 - KwaDukuza,Ward 52902025,4186,87,2152,4,4,2021,51.40946010511228,True
KwaZulu-Natal,KZN292 - KwaDukuza,Ward 52902026,3474,12,1756,2,2,2021,50.54691997697179,True
KwaZulu-Natal,KZN292 - KwaDukuza,Ward 52902027,4134,60,2540,5,5,2021,61.44170295113691,True
KwaZulu-Natal,KZN292 - KwaDukuza,Ward 52902028,4130,44,2122,2,2,2021,51.380145278450364,False
KwaZulu-Natal,KZN292 - KwaDukuza,Ward 52902029,3542,72,1986,2,2,2021,56.07001693958216,False
KwaZulu-Natal,KZN292 - KwaDukuza,Ward 52902030,3732,23,2464,2,2,2021,66.02357984994642,False
KwaZulu-Natal,KZN293 - Ndwedwe,Ward 52903001,3369,124,1603,6,6,2021,47.58088453547046,True
KwaZulu-Natal,KZN293 - Ndwedwe,Ward 52903002,3486,108,1634,5,5,2021,46.87320711417097,True
KwaZulu-Natal,KZN293 - Ndwedwe,Ward 52903003,4185,57,2314,8,8,2021,55.292712066905615,True
KwaZulu-Natal,KZN293 - Ndwedwe,Ward 52903004,3231,25,1660,4,4,2021,51.37728257505416,True
KwaZulu-Natal,KZN293 - Ndwedwe,Ward 52903005,3888,61,2153,5,5,2021,55.37551440329218,True
KwaZulu-Natal,KZN293 - Ndwedwe,Ward 52903006,3220,22,1455,4,4,2021,45.18633540372671,True
KwaZulu-Natal,KZN293 - Ndwedwe,Ward 52903007,3079,40,1799,7,7,2021,58.42806105878532,True
KwaZulu-Natal,KZN293 - Ndwedwe,Ward 52903008,3849,82,2121,5,5,2021,55.10522213561965,True
KwaZulu-Natal,KZN293 - Ndwedwe,Ward 52903009,3985,30,1999,6,6,2021,50.16311166875784,True
KwaZulu-Natal,KZN293 - Ndwedwe,Ward 52903010,3478,62,2072,5,5,2021,59.57446808510638,True
KwaZulu-Natal,KZN293 - Ndwedwe,Ward 52903011,3428,48,2296,6,6,2021,66.97782963827305,True
KwaZulu-Natal,KZN293 - Ndwedwe,Ward 52903012,4980,51,2886,6,6,2021,57.95180722891566,True
KwaZulu-Natal,KZN293 - Ndwedwe,Ward 52903013,3841,52,1962,4,4,2021,51.08044780005206,True
KwaZulu-Natal,KZN293 - Ndwedwe,Ward 52903014,4288,195,1874,6,6,2021,43.70335820895522,True
KwaZulu-Natal,KZN293 - Ndwedwe,Ward 52903015,4376,78,2044,5,5,2021,46.70932358318099,True
KwaZulu-Natal,KZN293 - Ndwedwe,Ward 52903016,3750,24,2451,9,9,2021,65.36,True
KwaZulu-Natal,KZN293 - Ndwedwe,Ward 52903017,4082,272,1779,9,9,2021,43.58157765801078,True
KwaZulu-Natal,KZN293 - Ndwedwe,Ward 52903018,4578,429,1627,6,6,2021,35.539536915683705,True
KwaZulu-Natal,KZN293 - Ndwedwe,Ward 52903019,4275,53,2430,8,8,2021,56.84210526315789,True
KwaZulu-Natal,KZN294 - Maphumulo,Ward 52904001,4133,46,2106,6,6,2021,50.95572223566417,True
KwaZulu-Natal,KZN294 - Maphumulo,Ward 52904002,4706,28,2630,11,11,2021,55.88610284742881,True
KwaZulu-Natal,KZN294 - Maphumulo,Ward 52904003,3607,47,1947,11,11,2021,53.978375381203215,True
KwaZulu-Natal,KZN294 - Maphumulo,Ward 52904004,3863,66,2182,8,8,2021,56.48459746311158,True
KwaZulu-Natal,KZN294 - Maphumulo,Ward 52904005,4480,41,2328,7,7,2021,51.964285714285715,True
KwaZulu-Natal,KZN294 - Maphumulo,Ward 52904006,3696,52,2030,9,9,2021,54.92424242424242,True
KwaZulu-Natal,KZN294 - Maphumulo,Ward 52904007,4126,36,2121,9,9,2021,51.40571982549685,True
KwaZulu-Natal,KZN294 - Maphumulo,Ward 52904008,4581,50,2608,11,11,2021,56.93080113512333,True
KwaZulu-Natal,KZN294 - Maphumulo,Ward 52904009,4674,117,2539,10,10,2021,54.32178005990587,True
KwaZulu-Natal,KZN294 - Maphumulo,Ward 52904010,4282,29,2126,4,4,2021,49.64969640354974,True
KwaZulu-Natal,KZN294 - Maphumulo,Ward 52904011,3670,39,1917,10,10,2021,52.23433242506812,True
KwaZulu-Natal,KZN294 - Maphumulo,Ward 52904012,4160,87,2173,8,8,2021,52.23557692307692,False
KwaZulu-Natal,KZN433 - Greater Kokstad,Ward 54303001,4078,114,1780,1,1,2021,43.648847474252086,True
KwaZulu-Natal,KZN433 - Greater Kokstad,Ward 54303002,4306,66,2338,9,9,2021,54.29633070134696,True
KwaZulu-Natal,KZN433 - Greater Kokstad,Ward 54303003,4628,30,1811,3,3,2021,39.131374243733795,True
KwaZulu-Natal,KZN433 - Greater Kokstad,Ward 54303004,4061,52,1974,1,1,2021,48.608717064762374,True
KwaZulu-Natal,KZN433 - Greater Kokstad,Ward 54303005,3526,60,1585,3,3,2021,44.9517867271696,True
KwaZulu-Natal,KZN433 - Greater Kokstad,Ward 54303006,3782,56,1965,9,9,2021,51.95663670015864,True
KwaZulu-Natal,KZN433 - Greater Kokstad,Ward 54303007,6816,72,2444,3,3,2021,35.85680751173709,True
KwaZulu-Natal,KZN433 - Greater Kokstad,Ward 54303008,3756,15,1555,2,2,2021,41.40042598509052,True
KwaZulu-Natal,KZN433 - Greater Kokstad,Ward 54303009,5204,127,2617,4,4,2021,50.28823981552652,False
KwaZulu-Natal,KZN433 - Greater Kokstad,Ward 54303010,3534,37,1893,2,2,2021,53.565365025466896,False
KwaZulu-Natal,KZN434 - uBuhlebezwe,Ward 54304001,3689,47,2113,5,5,2021,57.27839522905936,True
KwaZulu-Natal,KZN434 - uBuhlebezwe,Ward 54304002,4152,101,1832,5,5,2021,44.1233140655106,True
KwaZulu-Natal,KZN434 - uBuhlebezwe,Ward 54304003,4824,91,2580,7,7,2021,53.482587064676615,True
KwaZulu-Natal,KZN434 - uBuhlebezwe,Ward 54304004,4725,104,2183,3,3,2021,46.2010582010582,True
KwaZulu-Natal,KZN434 - uBuhlebezwe,Ward 54304005,3874,70,2138,9,9,2021,55.18843572534847,True
KwaZulu-Natal,KZN434 - uBuhlebezwe,Ward 54304006,4065,81,1995,3,3,2021,49.07749077490775,True
KwaZulu-Natal,KZN434 - uBuhlebezwe,Ward 54304007,4288,65,1797,3,3,2021,41.90764925373134,True
KwaZulu-Natal,KZN434 - uBuhlebezwe,Ward 54304008,4449,77,1969,5,5,2021,44.25713643515397,True
KwaZulu-Natal,KZN434 - uBuhlebezwe,Ward 54304009,3731,119,2339,7,7,2021,62.69096756901635,True
KwaZulu-Natal,KZN434 - uBuhlebezwe,Ward 54304010,4247,125,2354,6,6,2021,55.42736048975747,True
KwaZulu-Natal,KZN434 - uBuhlebezwe,Ward 54304011,4289,85,2360,7,7,2021,55.024481231056185,True
KwaZulu-Natal,KZN434 - uBuhlebezwe,Ward 54304012,4568,91,2276,7,7,2021,49.82486865148862,True
KwaZulu-Natal,KZN434 - uBuhlebezwe,Ward 54304013,2537,63,1237,6,6,2021,48.75837603468664,False
KwaZulu-Natal,KZN434 - uBuhlebezwe,Ward 54304014,4113,35,2163,6,6,2021,52.589350838803796,False
KwaZulu-Natal,KZN435 - uMzimkhulu,Ward 54305001,4318,89,2459,7,7,2021,56.94766095414544,True
KwaZulu-Natal,KZN435 - uMzimkhulu,Ward 54305002,4474,24,1977,6,6,2021,44.18864550737595,True
KwaZulu-Natal,KZN435 - uMzimkhulu,Ward 54305003,4366,33,2162,9,9,2021,49.51901053595969,True
KwaZulu-Natal,KZN435 - uMzimkhulu,Ward 54305004,4308,82,2356,7,7,2021,54.68895078922934,True
KwaZulu-Natal,KZN435 - uMzimkhulu,Ward 54305005,3551,26,1916,7,7,2021,53.95663193466629,True
KwaZulu-Natal,KZN435 - uMzimkhulu,Ward 54305006,4035,30,2082,9,9,2021,51.59851301115241,True
KwaZulu-Natal,KZN435 - uMzimkhulu,Ward 54305007,3857,46,2110,5,5,2021,54.705729841845994,True
KwaZulu-Natal,KZN435 - uMzimkhulu,Ward 54305008,4144,57,1914,9,9,2021,46.187258687258684,True
KwaZulu-Natal,KZN435 - uMzimkhulu,Ward 54305009,3483,48,1630,6,6,2021,46.798736721217345,True
KwaZulu-Natal,KZN435 - uMzimkhulu,Ward 54305010,4382,35,2352,10,10,2021,53.674121405750796,True
KwaZulu-Natal,KZN435 - uMzimkhulu,Ward 54305011,3903,18,1685,5,5,2021,43.171919036638485,True
KwaZulu-Natal,KZN435 - uMzimkhulu,Ward 54305012,3747,21,1858,7,7,2021,49.58633573525487,True
KwaZulu-Natal,KZN435 - uMzimkhulu,Ward 54305013,4409,70,2026,6,6,2021,45.95146291676117,True
KwaZulu-Natal,KZN435 - uMzimkhulu,Ward 54305014,4191,60,2013,7,7,2021,48.031496062992126,True
KwaZulu-Natal,KZN435 - uMzimkhulu,Ward 54305015,4739,169,2370,8,8,2021,50.01055074910319,True
KwaZulu-Natal,KZN435 - uMzimkhulu,Ward 54305016,4932,26,1645,4,4,2021,33.35360908353609,True
KwaZulu-Natal,KZN435 - uMzimkhulu,Ward 54305017,4610,29,1982,5,5,2021,42.99349240780911,True
KwaZulu-Natal,KZN435 - uMzimkhulu,Ward 54305018,3655,33,1919,9,9,2021,52.503419972640216,True
KwaZulu-Natal,KZN435 - uMzimkhulu,Ward 54305019,2641,38,1364,6,6,2021,51.647103369935635,True
KwaZulu-Natal,KZN435 - uMzimkhulu,Ward 54305020,4583,35,2216,7,7,2021,48.35260746236089,True
KwaZulu-Natal,KZN435 - uMzimkhulu,Ward 54305021,4400,73,2096,9,9,2021,47.63636363636364,False
KwaZulu-Natal,KZN435 - uMzimkhulu,Ward 54305022,3587,24,1932,10,10,2021,53.86116531920825,False
KwaZulu-Natal,KZN436 - Dr. Nkosazana Dlamini Zuma,Ward 54306001,3628,78,2125,9,9,2021,58.57221609702316,False
KwaZulu-Natal,KZN436 - Dr. Nkosazana Dlamini Zuma,Ward 54306002,3300,41,1759,5,5,2021,53.303030303030305,False
KwaZulu-Natal,KZN436 - Dr. Nkosazana Dlamini Zuma,Ward 54306003,3393,36,1482,4,4,2021,43.67816091954023,False
KwaZulu-Natal,KZN436 - Dr. Nkosazana Dlamini Zuma,Ward 54306004,4334,61,2279,5,5,2021,52.584217812644205,False
KwaZulu-Natal,KZN436 - Dr. Nkosazana Dlamini Zuma,Ward 54306005,4395,41,2454,6,6,2021,55.836177474402724,False
KwaZulu-Natal,KZN436 - Dr. Nkosazana Dlamini Zuma,Ward 54306006,4306,82,2607,7,7,2021,60.5434277751974,False
KwaZulu-Natal,KZN436 - Dr. Nkosazana Dlamini Zuma,Ward 54306007,3851,82,2299,4,4,2021,59.6987795377824,False
KwaZulu-Natal,KZN436 - Dr. Nkosazana Dlamini Zuma,Ward 54306008,4360,54,2554,5,5,2021,58.57798165137614,False
KwaZulu-Natal,KZN436 - Dr. Nkosazana Dlamini Zuma,Ward 54306009,3930,84,2051,4,4,2021,52.18829516539441,False
KwaZulu-Natal,KZN436 - Dr. Nkosazana Dlamini Zuma,Ward 54306010,3495,36,1841,5,5,2021,52.675250357653795,False
KwaZulu-Natal,KZN436 - Dr. Nkosazana Dlamini Zuma,Ward 54306011,3865,34,2009,6,6,2021,51.97930142302717,False
KwaZulu-Natal,KZN436 - Dr. Nkosazana Dlamini Zuma,Ward 54306012,2938,37,1584,5,5,2021,53.9142273655548,False
KwaZulu-Natal,KZN436 - Dr. Nkosazana Dlamini Zuma,Ward 54306013,3586,57,1857,4,4,2021,51.78471834913553,False
KwaZulu-Natal,KZN436 - Dr. Nkosazana Dlamini Zuma,Ward 54306014,3855,38,2007,7,7,2021,52.06225680933853,False
KwaZulu-Natal,KZN436 - Dr. Nkosazana Dlamini Zuma,Ward 54306015,4100,56,2138,8,8,2021,52.146341463414636,False
