VotingDistrict,Ward2021Reference,Municipality2021
43400179,59500001,ETH - eThekwini
43400180,59500001,ETH - eThekwini
43400191,59500001,ETH - eThekwini
43400528,59500001,ETH - eThekwini
43400539,59500001,ETH - eThekwini
43400595,59500001,ETH - eThekwini
43400607,59500001,ETH - eThekwini
43400618,59500001,ETH - eThekwini
43400696,59500001,ETH - eThekwini
43400708,59500001,ETH - eThekwini
43400719,59500001,ETH - eThekwini
43400887,59500001,ETH - eThekwini
43580662,59500002,ETH - eThekwini
43580673,59500002,ETH - eThekwini
43580763,59500002,ETH - eThekwini
43580774,59500002,ETH - eThekwini
43580785,59500002,ETH - eThekwini
43581315,59500002,ETH - eThekwini
43581326,59500002,ETH - eThekwini
43581359,59500002,ETH - eThekwini
43581988,59500002,ETH - eThekwini
43582046,59500002,ETH - eThekwini
43582855,59500002,ETH - eThekwini
43582866,59500002,ETH - eThekwini
43583014,59500002,ETH - eThekwini
43583621,59500002,ETH - eThekwini
43583755,59500002,ETH - eThekwini
43583766,59500002,ETH - eThekwini
43584554,59500002,ETH - eThekwini
43584565,59500002,ETH - eThekwini
43584767,59500002,ETH - eThekwini
43772249,59500002,ETH - eThekwini
43772250,59500002,ETH - eThekwini
43775488,59500002,ETH - eThekwini
43361939,59500003,ETH - eThekwini
43362019,59500003,ETH - eThekwini
43580796,59500003,ETH - eThekwini
43582013,59500003,ETH - eThekwini
43582024,59500003,ETH - eThekwini
43582473,59500003,ETH - eThekwini
43582978,59500003,ETH - eThekwini
43582989,59500003,ETH - eThekwini
43583003,59500003,ETH - eThekwini
43583665,59500003,ETH - eThekwini
43584240,59500003,ETH - eThekwini
43584352,59500003,ETH - eThekwini
43584633,59500003,ETH - eThekwini
43400124,59500004,ETH - eThekwini
43400225,59500004,ETH - eThekwini
43400562,59500004,ETH - eThekwini
43400573,59500004,ETH - eThekwini
43400584,59500004,ETH - eThekwini
43400630,59500004,ETH - eThekwini
43400641,59500004,ETH - eThekwini
43400720,59500004,ETH - eThekwini
43400731,59500004,ETH - eThekwini
43400821,59500004,ETH - eThekwini
43400236,59500005,ETH - eThekwini
43400247,59500005,ETH - eThekwini
43400258,59500005,ETH - eThekwini
43400269,59500005,ETH - eThekwini
43400270,59500005,ETH - eThekwini
43400157,59500006,ETH - eThekwini
43400203,59500006,ETH - eThekwini
43400214,59500006,ETH - eThekwini
43400292,59500006,ETH - eThekwini
43400371,59500006,ETH - eThekwini
43400551,59500006,ETH - eThekwini
43400629,59500006,ETH - eThekwini
43400685,59500006,ETH - eThekwini
43400113,59500007,ETH - eThekwini
43400146,59500007,ETH - eThekwini
43400450,59500007,ETH - eThekwini
43400461,59500007,ETH - eThekwini
43400775,59500007,ETH - eThekwini
43400786,59500007,ETH - eThekwini
43400944,59500007,ETH - eThekwini
43400078,59500008,ETH - eThekwini
43580695,59500008,ETH - eThekwini
43580730,59500008,ETH - eThekwini
43580752,59500008,ETH - eThekwini
43582899,59500008,ETH - eThekwini
43582901,59500008,ETH - eThekwini
43582912,59500008,ETH - eThekwini
43582934,59500008,ETH - eThekwini
43582945,59500008,ETH - eThekwini
43582956,59500008,ETH - eThekwini
43584239,59500008,ETH - eThekwini
43584712,59500008,ETH - eThekwini
43400405,59500009,ETH - eThekwini
43400797,59500009,ETH - eThekwini
43400810,59500009,ETH - eThekwini
43400854,59500009,ETH - eThekwini
43400865,59500009,ETH - eThekwini
43400933,59500009,ETH - eThekwini
43583171,59500009,ETH - eThekwini
43583777,59500009,ETH - eThekwini
43584543,59500009,ETH - eThekwini
43584587,59500009,ETH - eThekwini
43400045,59500010,ETH - eThekwini
43400067,59500010,ETH - eThekwini
43400393,59500010,ETH - eThekwini
43400438,59500010,ETH - eThekwini
43400809,59500010,ETH - eThekwini
43400843,59500010,ETH - eThekwini
43400900,59500010,ETH - eThekwini
43400911,59500010,ETH - eThekwini
43400922,59500010,ETH - eThekwini
43360512,59500011,ETH - eThekwini
43360523,59500011,ETH - eThekwini
43360578,59500011,ETH - eThekwini
43360589,59500011,ETH - eThekwini
43360590,59500011,ETH - eThekwini
43360602,59500011,ETH - eThekwini
43360613,59500011,ETH - eThekwini
43362042,59500011,ETH - eThekwini
43390100,59500012,ETH - eThekwini
43390223,59500012,ETH - eThekwini
43390391,59500012,ETH - eThekwini
43390414,59500012,ETH - eThekwini
43390728,59500012,ETH - eThekwini
43390830,59500012,ETH - eThekwini
43391033,59500012,ETH - eThekwini
43390380,59500013,ETH - eThekwini
43390548,59500013,ETH - eThekwini
43390593,59500013,ETH - eThekwini
43390650,59500013,ETH - eThekwini
43390931,59500013,ETH - eThekwini
43390986,59500013,ETH - eThekwini
43390436,59500014,ETH - eThekwini
43390470,59500014,ETH - eThekwini
43390481,59500014,ETH - eThekwini
43390683,59500014,ETH - eThekwini
43390694,59500014,ETH - eThekwini
43390706,59500014,ETH - eThekwini
43391099,59500014,ETH - eThekwini
43391101,59500014,ETH - eThekwini
43390469,59500015,ETH - eThekwini
43390537,59500015,ETH - eThekwini
43390672,59500015,ETH - eThekwini
43390739,59500015,ETH - eThekwini
43390920,59500015,ETH - eThekwini
43390975,59500015,ETH - eThekwini
43391022,59500015,ETH - eThekwini
43390560,59500016,ETH - eThekwini
43390605,59500016,ETH - eThekwini
43390717,59500016,ETH - eThekwini
43390795,59500016,ETH - eThekwini
43390942,59500016,ETH - eThekwini
43390964,59500016,ETH - eThekwini
43391077,59500016,ETH - eThekwini
43370456,59500017,ETH - eThekwini
43390616,59500017,ETH - eThekwini
43390627,59500017,ETH - eThekwini
43390638,59500017,ETH - eThekwini
43390649,59500017,ETH - eThekwini
43390751,59500017,ETH - eThekwini
43390762,59500017,ETH - eThekwini
43391000,59500017,ETH - eThekwini
43390212,59500018,ETH - eThekwini
43390515,59500018,ETH - eThekwini
43390526,59500018,ETH - eThekwini
43390571,59500018,ETH - eThekwini
43390784,59500018,ETH - eThekwini
43390403,59500019,ETH - eThekwini
43390447,59500019,ETH - eThekwini
43390908,59500019,ETH - eThekwini
43390919,59500019,ETH - eThekwini
43391088,59500019,ETH - eThekwini
43400034,59500019,ETH - eThekwini
43400832,59500019,ETH - eThekwini
43390245,59500020,ETH - eThekwini
43390425,59500020,ETH - eThekwini
43390458,59500020,ETH - eThekwini
43390807,59500020,ETH - eThekwini
43390818,59500020,ETH - eThekwini
43391011,59500020,ETH - eThekwini
43391123,59500020,ETH - eThekwini
43390289,59500021,ETH - eThekwini
43390290,59500021,ETH - eThekwini
43390302,59500021,ETH - eThekwini
43390492,59500021,ETH - eThekwini
43390504,59500021,ETH - eThekwini
43390997,59500021,ETH - eThekwini
43390234,59500022,ETH - eThekwini
43390256,59500022,ETH - eThekwini
43390267,59500022,ETH - eThekwini
43390278,59500022,ETH - eThekwini
43390313,59500022,ETH - eThekwini
43390874,59500022,ETH - eThekwini
43360343,59500023,ETH - eThekwini
43360354,59500023,ETH - eThekwini
43362031,59500023,ETH - eThekwini
43390010,59500023,ETH - eThekwini
43390021,59500023,ETH - eThekwini
43390032,59500023,ETH - eThekwini
43390043,59500023,ETH - eThekwini
43390054,59500023,ETH - eThekwini
43370388,59500024,ETH - eThekwini
43370502,59500024,ETH - eThekwini
43371806,59500024,ETH - eThekwini
43372100,59500024,ETH - eThekwini
43390087,59500024,ETH - eThekwini
43390201,59500024,ETH - eThekwini
43360220,59500025,ETH - eThekwini
43360231,59500025,ETH - eThekwini
43360321,59500025,ETH - eThekwini
43360332,59500025,ETH - eThekwini
43360365,59500025,ETH - eThekwini
43362020,59500025,ETH - eThekwini
43360017,59500026,ETH - eThekwini
43360028,59500026,ETH - eThekwini
43360039,59500026,ETH - eThekwini
43360040,59500026,ETH - eThekwini
43360062,59500026,ETH - eThekwini
43360130,59500027,ETH - eThekwini
43360141,59500027,ETH - eThekwini
43360152,59500027,ETH - eThekwini
43360163,59500027,ETH - eThekwini
43360174,59500027,ETH - eThekwini
43360185,59500027,ETH - eThekwini
43360196,59500027,ETH - eThekwini
43360208,59500027,ETH - eThekwini
43360219,59500027,ETH - eThekwini
43360073,59500028,ETH - eThekwini
43360084,59500028,ETH - eThekwini
43371255,59500028,ETH - eThekwini
43371288,59500028,ETH - eThekwini
43371299,59500028,ETH - eThekwini
43371413,59500029,ETH - eThekwini
43371480,59500029,ETH - eThekwini
43371491,59500029,ETH - eThekwini
43371817,59500029,ETH - eThekwini
43371828,59500029,ETH - eThekwini
43371839,59500029,ETH - eThekwini
43360310,59500030,ETH - eThekwini
43362255,59500030,ETH - eThekwini
43371424,59500030,ETH - eThekwini
43371435,59500030,ETH - eThekwini
43371840,59500030,ETH - eThekwini
43390076,59500030,ETH - eThekwini
43390098,59500030,ETH - eThekwini
43360095,59500031,ETH - eThekwini
43360107,59500031,ETH - eThekwini
43360118,59500031,ETH - eThekwini
43360242,59500031,ETH - eThekwini
43360264,59500031,ETH - eThekwini
43360275,59500031,ETH - eThekwini
43360286,59500031,ETH - eThekwini
43360297,59500031,ETH - eThekwini
43360309,59500031,ETH - eThekwini
43370197,59500032,ETH - eThekwini
43371244,59500032,ETH - eThekwini
43371301,59500032,ETH - eThekwini
43371974,59500032,ETH - eThekwini
43371985,59500032,ETH - eThekwini
43371200,59500033,ETH - eThekwini
43371211,59500033,ETH - eThekwini
43371222,59500033,ETH - eThekwini
43371233,59500033,ETH - eThekwini
43371323,59500033,ETH - eThekwini
43371345,59500033,ETH - eThekwini
43371356,59500033,ETH - eThekwini
43371367,59500033,ETH - eThekwini
43360398,59500034,ETH - eThekwini
43360455,59500034,ETH - eThekwini
43360466,59500034,ETH - eThekwini
43360477,59500034,ETH - eThekwini
43360488,59500034,ETH - eThekwini
43360499,59500034,ETH - eThekwini
43350027,59500035,ETH - eThekwini
43350038,59500035,ETH - eThekwini
43350050,59500035,ETH - eThekwini
43350500,59500035,ETH - eThekwini
43362323,59500035,ETH - eThekwini
43360376,59500036,ETH - eThekwini
43360387,59500036,ETH - eThekwini
43360400,59500036,ETH - eThekwini
43360411,59500036,ETH - eThekwini
43360433,59500036,ETH - eThekwini
43360501,59500037,ETH - eThekwini
43360534,59500037,ETH - eThekwini
43360545,59500037,ETH - eThekwini
43360556,59500037,ETH - eThekwini
43360567,59500037,ETH - eThekwini
43362053,59500037,ETH - eThekwini
43362312,59500037,ETH - eThekwini
43360804,59500038,ETH - eThekwini
43360860,59500038,ETH - eThekwini
43360871,59500038,ETH - eThekwini
43360882,59500038,ETH - eThekwini
43360893,59500038,ETH - eThekwini
43360905,59500038,ETH - eThekwini
43361063,59500038,ETH - eThekwini
43362334,59500038,ETH - eThekwini
43360624,59500039,ETH - eThekwini
43360635,59500039,ETH - eThekwini
43360646,59500039,ETH - eThekwini
43360668,59500039,ETH - eThekwini
43360691,59500039,ETH - eThekwini
43360725,59500040,ETH - eThekwini
43360736,59500040,ETH - eThekwini
43360747,59500040,ETH - eThekwini
43360758,59500040,ETH - eThekwini
43360769,59500040,ETH - eThekwini
43360770,59500040,ETH - eThekwini
43362211,59500040,ETH - eThekwini
43360781,59500041,ETH - eThekwini
43360815,59500041,ETH - eThekwini
43360826,59500041,ETH - eThekwini
43360837,59500041,ETH - eThekwini
43362086,59500041,ETH - eThekwini
43361120,59500042,ETH - eThekwini
43361322,59500042,ETH - eThekwini
43361333,59500042,ETH - eThekwini
43361377,59500042,ETH - eThekwini
43361399,59500042,ETH - eThekwini
43362064,59500042,ETH - eThekwini
43362345,59500042,ETH - eThekwini
43361085,59500043,ETH - eThekwini
43361096,59500043,ETH - eThekwini
43361108,59500043,ETH - eThekwini
43361119,59500043,ETH - eThekwini
43362075,59500043,ETH - eThekwini
43362266,59500043,ETH - eThekwini
43362277,59500043,ETH - eThekwini
43361298,59500044,ETH - eThekwini
43361300,59500044,ETH - eThekwini
43361311,59500044,ETH - eThekwini
43583058,59500044,ETH - eThekwini
43583070,59500044,ETH - eThekwini
43583531,59500044,ETH - eThekwini
43584598,59500044,ETH - eThekwini
43360848,59500045,ETH - eThekwini
43360859,59500045,ETH - eThekwini
43360916,59500045,ETH - eThekwini
43361029,59500045,ETH - eThekwini
43361041,59500045,ETH - eThekwini
43361052,59500045,ETH - eThekwini
43362097,59500045,ETH - eThekwini
43362299,59500045,ETH - eThekwini
43362301,59500045,ETH - eThekwini
43360657,59500046,ETH - eThekwini
43360679,59500046,ETH - eThekwini
43360949,59500046,ETH - eThekwini
43360950,59500046,ETH - eThekwini
43360961,59500046,ETH - eThekwini
43361984,59500046,ETH - eThekwini
43360972,59500047,ETH - eThekwini
43361007,59500047,ETH - eThekwini
43361018,59500047,ETH - eThekwini
43361131,59500047,ETH - eThekwini
43361153,59500047,ETH - eThekwini
43361164,59500047,ETH - eThekwini
43361434,59500047,ETH - eThekwini
43362109,59500047,ETH - eThekwini
43362233,59500047,ETH - eThekwini
43361210,59500048,ETH - eThekwini
43361221,59500048,ETH - eThekwini
43361232,59500048,ETH - eThekwini
43361243,59500048,ETH - eThekwini
43361254,59500048,ETH - eThekwini
43361265,59500048,ETH - eThekwini
43361276,59500048,ETH - eThekwini
43361546,59500049,ETH - eThekwini
43361568,59500049,ETH - eThekwini
43361579,59500049,ETH - eThekwini
43361580,59500049,ETH - eThekwini
43361591,59500049,ETH - eThekwini
43361816,59500049,ETH - eThekwini
43361827,59500049,ETH - eThekwini
43361838,59500049,ETH - eThekwini
43362121,59500049,ETH - eThekwini
43361603,59500050,ETH - eThekwini
43361614,59500050,ETH - eThekwini
43361625,59500050,ETH - eThekwini
43361692,59500050,ETH - eThekwini
43361704,59500050,ETH - eThekwini
43361715,59500050,ETH - eThekwini
43361748,59500050,ETH - eThekwini
43361759,59500050,ETH - eThekwini
43362132,59500050,ETH - eThekwini
43361726,59500051,ETH - eThekwini
43361737,59500051,ETH - eThekwini
43361760,59500051,ETH - eThekwini
43361771,59500051,ETH - eThekwini
43361782,59500051,ETH - eThekwini
43361793,59500051,ETH - eThekwini
43361805,59500051,ETH - eThekwini
43361883,59500051,ETH - eThekwini
43361894,59500051,ETH - eThekwini
43361502,59500052,ETH - eThekwini
43361524,59500052,ETH - eThekwini
43361535,59500052,ETH - eThekwini
43361849,59500052,ETH - eThekwini
43361850,59500052,ETH - eThekwini
43361861,59500052,ETH - eThekwini
43361872,59500052,ETH - eThekwini
43360051,59500053,ETH - eThekwini
43360129,59500053,ETH - eThekwini
43360253,59500053,ETH - eThekwini
43360927,59500053,ETH - eThekwini
43361287,59500053,ETH - eThekwini
43361423,59500054,ETH - eThekwini
43361456,59500054,ETH - eThekwini
43361513,59500054,ETH - eThekwini
43361557,59500054,ETH - eThekwini
43362165,59500054,ETH - eThekwini
43362198,59500054,ETH - eThekwini
43360792,59500055,ETH - eThekwini
43361366,59500055,ETH - eThekwini
43361401,59500055,ETH - eThekwini
43361489,59500055,ETH - eThekwini
43361647,59500055,ETH - eThekwini
43361669,59500055,ETH - eThekwini
43362008,59500055,ETH - eThekwini
43362154,59500055,ETH - eThekwini
43361388,59500056,ETH - eThekwini
43361412,59500056,ETH - eThekwini
43361490,59500056,ETH - eThekwini
43361636,59500056,ETH - eThekwini
43361658,59500056,ETH - eThekwini
43361906,59500056,ETH - eThekwini
43361917,59500056,ETH - eThekwini
43361928,59500056,ETH - eThekwini
43362143,59500056,ETH - eThekwini
43362367,59500056,ETH - eThekwini
43361670,59500057,ETH - eThekwini
43361681,59500057,ETH - eThekwini
43361940,59500057,ETH - eThekwini
43361951,59500057,ETH - eThekwini
43362176,59500057,ETH - eThekwini
43362187,59500057,ETH - eThekwini
43362244,59500057,ETH - eThekwini
43350061,59500058,ETH - eThekwini
43350195,59500058,ETH - eThekwini
43350207,59500058,ETH - eThekwini
43350252,59500058,ETH - eThekwini
43350331,59500058,ETH - eThekwini
43350342,59500058,ETH - eThekwini
43350364,59500058,ETH - eThekwini
43350410,59500058,ETH - eThekwini
43350421,59500058,ETH - eThekwini
43350432,59500058,ETH - eThekwini
43350522,59500058,ETH - eThekwini
43350544,59500058,ETH - eThekwini
43350072,59500059,ETH - eThekwini
43350083,59500059,ETH - eThekwini
43350094,59500059,ETH - eThekwini
43350106,59500059,ETH - eThekwini
43350128,59500059,ETH - eThekwini
43580831,59500059,ETH - eThekwini
43582596,59500059,ETH - eThekwini
43582608,59500059,ETH - eThekwini
43584015,59500059,ETH - eThekwini
43350173,59500060,ETH - eThekwini
43350184,59500060,ETH - eThekwini
43350397,59500060,ETH - eThekwini
43580819,59500060,ETH - eThekwini
43580820,59500060,ETH - eThekwini
43584026,59500060,ETH - eThekwini
43584037,59500060,ETH - eThekwini
43350218,59500061,ETH - eThekwini
43350229,59500061,ETH - eThekwini
43350230,59500061,ETH - eThekwini
43350241,59500061,ETH - eThekwini
43350320,59500061,ETH - eThekwini
43350409,59500061,ETH - eThekwini
43350533,59500061,ETH - eThekwini
43582776,59500061,ETH - eThekwini
43584048,59500061,ETH - eThekwini
43350117,59500062,ETH - eThekwini
43350263,59500062,ETH - eThekwini
43350285,59500062,ETH - eThekwini
43350296,59500062,ETH - eThekwini
43350308,59500062,ETH - eThekwini
43350443,59500062,ETH - eThekwini
43350454,59500062,ETH - eThekwini
43350498,59500062,ETH - eThekwini
43582800,59500062,ETH - eThekwini
43390111,59500063,ETH - eThekwini
43390122,59500063,ETH - eThekwini
43390155,59500063,ETH - eThekwini
43390188,59500063,ETH - eThekwini
43390199,59500063,ETH - eThekwini
43390582,59500063,ETH - eThekwini
43391066,59500063,ETH - eThekwini
43371132,59500064,ETH - eThekwini
43371143,59500064,ETH - eThekwini
43371154,59500064,ETH - eThekwini
43371165,59500064,ETH - eThekwini
43371176,59500064,ETH - eThekwini
43372010,59500064,ETH - eThekwini
43372021,59500064,ETH - eThekwini
43372098,59500064,ETH - eThekwini
43371187,59500065,ETH - eThekwini
43371514,59500065,ETH - eThekwini
43371547,59500065,ETH - eThekwini
43371558,59500065,ETH - eThekwini
43371727,59500065,ETH - eThekwini
43390133,59500065,ETH - eThekwini
43390144,59500065,ETH - eThekwini
43370030,59500066,ETH - eThekwini
43370131,59500066,ETH - eThekwini
43370142,59500066,ETH - eThekwini
43370153,59500066,ETH - eThekwini
43370164,59500066,ETH - eThekwini
43370175,59500066,ETH - eThekwini
43370186,59500066,ETH - eThekwini
43580370,59500067,ETH - eThekwini
43580381,59500067,ETH - eThekwini
43580392,59500067,ETH - eThekwini
43580404,59500067,ETH - eThekwini
43583205,59500067,ETH - eThekwini
43583463,59500067,ETH - eThekwini
43583597,59500067,ETH - eThekwini
43584576,59500067,ETH - eThekwini
43584600,59500067,ETH - eThekwini
43370018,59500068,ETH - eThekwini
43370029,59500068,ETH - eThekwini
43370041,59500068,ETH - eThekwini
43370052,59500068,ETH - eThekwini
43370085,59500068,ETH - eThekwini
43370096,59500068,ETH - eThekwini
43370108,59500068,ETH - eThekwini
43370119,59500068,ETH - eThekwini
43370120,59500068,ETH - eThekwini
43371109,59500069,ETH - eThekwini
43371110,59500069,ETH - eThekwini
43371581,59500069,ETH - eThekwini
43371592,59500069,ETH - eThekwini
43371604,59500069,ETH - eThekwini
43371615,59500069,ETH - eThekwini
43371626,59500069,ETH - eThekwini
43371637,59500069,ETH - eThekwini
43371569,59500070,ETH - eThekwini
43371570,59500070,ETH - eThekwini
43371648,59500070,ETH - eThekwini
43371659,59500070,ETH - eThekwini
43371660,59500070,ETH - eThekwini
43371671,59500070,ETH - eThekwini
43371682,59500070,ETH - eThekwini
43371705,59500070,ETH - eThekwini
43371851,59500070,ETH - eThekwini
43371873,59500070,ETH - eThekwini
43372076,59500070,ETH - eThekwini
43370513,59500071,ETH - eThekwini
43371794,59500071,ETH - eThekwini
43371862,59500071,ETH - eThekwini
43390166,59500071,ETH - eThekwini
43390177,59500071,ETH - eThekwini
43370928,59500072,ETH - eThekwini
43371963,59500072,ETH - eThekwini
43390661,59500072,ETH - eThekwini
43391044,59500072,ETH - eThekwini
43391134,59500072,ETH - eThekwini
43391145,59500072,ETH - eThekwini
43391156,59500072,ETH - eThekwini
43580550,59500072,ETH - eThekwini
43370209,59500073,ETH - eThekwini
43370254,59500073,ETH - eThekwini
43370467,59500073,ETH - eThekwini
43370603,59500073,ETH - eThekwini
43370715,59500073,ETH - eThekwini
43371121,59500073,ETH - eThekwini
43371312,59500073,ETH - eThekwini
43371389,59500073,ETH - eThekwini
43371693,59500073,ETH - eThekwini
43370489,59500074,ETH - eThekwini
43371019,59500074,ETH - eThekwini
43371042,59500074,ETH - eThekwini
43371053,59500074,ETH - eThekwini
43371064,59500074,ETH - eThekwini
43371097,59500074,ETH - eThekwini
43371884,59500074,ETH - eThekwini
43370063,59500075,ETH - eThekwini
43370074,59500075,ETH - eThekwini
43371031,59500075,ETH - eThekwini
43371075,59500075,ETH - eThekwini
43371402,59500075,ETH - eThekwini
43370995,59500076,ETH - eThekwini
43371020,59500076,ETH - eThekwini
43371749,59500076,ETH - eThekwini
43372009,59500076,ETH - eThekwini
43380356,59500076,ETH - eThekwini
43370366,59500077,ETH - eThekwini
43370434,59500077,ETH - eThekwini
43371446,59500077,ETH - eThekwini
43371479,59500077,ETH - eThekwini
43371525,59500077,ETH - eThekwini
43371536,59500077,ETH - eThekwini
43372043,59500077,ETH - eThekwini
43372054,59500077,ETH - eThekwini
43370355,59500078,ETH - eThekwini
43370377,59500078,ETH - eThekwini
43370401,59500078,ETH - eThekwini
43370412,59500078,ETH - eThekwini
43371503,59500078,ETH - eThekwini
43371895,59500078,ETH - eThekwini
43371941,59500078,ETH - eThekwini
43370647,59500079,ETH - eThekwini
43370658,59500079,ETH - eThekwini
43370669,59500079,ETH - eThekwini
43370670,59500079,ETH - eThekwini
43370681,59500079,ETH - eThekwini
43371952,59500079,ETH - eThekwini
43370906,59500080,ETH - eThekwini
43370939,59500080,ETH - eThekwini
43370940,59500080,ETH - eThekwini
43370951,59500080,ETH - eThekwini
43371008,59500080,ETH - eThekwini
43371907,59500080,ETH - eThekwini
43370490,59500081,ETH - eThekwini
43370692,59500081,ETH - eThekwini
43370704,59500081,ETH - eThekwini
43370726,59500081,ETH - eThekwini
43370737,59500081,ETH - eThekwini
43370872,59500081,ETH - eThekwini
43370883,59500081,ETH - eThekwini
43370894,59500081,ETH - eThekwini
43370579,59500082,ETH - eThekwini
43370580,59500082,ETH - eThekwini
43370748,59500082,ETH - eThekwini
43370759,59500082,ETH - eThekwini
43371716,59500082,ETH - eThekwini
43371918,59500082,ETH - eThekwini
43371929,59500082,ETH - eThekwini
43370399,59500083,ETH - eThekwini
43370423,59500083,ETH - eThekwini
43370524,59500083,ETH - eThekwini
43370535,59500083,ETH - eThekwini
43370557,59500083,ETH - eThekwini
43370568,59500083,ETH - eThekwini
43370591,59500083,ETH - eThekwini
43370287,59500084,ETH - eThekwini
43370298,59500084,ETH - eThekwini
43370300,59500084,ETH - eThekwini
43370311,59500084,ETH - eThekwini
43370322,59500084,ETH - eThekwini
43370333,59500084,ETH - eThekwini
43372087,59500084,ETH - eThekwini
43583609,59500084,ETH - eThekwini
43370232,59500085,ETH - eThekwini
43370243,59500085,ETH - eThekwini
43370760,59500085,ETH - eThekwini
43370771,59500085,ETH - eThekwini
43370793,59500085,ETH - eThekwini
43371761,59500085,ETH - eThekwini
43370210,59500086,ETH - eThekwini
43370221,59500086,ETH - eThekwini
43370265,59500086,ETH - eThekwini
43370478,59500086,ETH - eThekwini
43371772,59500086,ETH - eThekwini
43372065,59500086,ETH - eThekwini
43370276,59500087,ETH - eThekwini
43370782,59500087,ETH - eThekwini
43370805,59500087,ETH - eThekwini
43370816,59500087,ETH - eThekwini
43370849,59500087,ETH - eThekwini
43370838,59500088,ETH - eThekwini
43370850,59500088,ETH - eThekwini
43370861,59500088,ETH - eThekwini
43370962,59500088,ETH - eThekwini
43370973,59500088,ETH - eThekwini
43370984,59500088,ETH - eThekwini
43371930,59500088,ETH - eThekwini
43370827,59500089,ETH - eThekwini
43371457,59500089,ETH - eThekwini
43371996,59500089,ETH - eThekwini
43380233,59500089,ETH - eThekwini
43380367,59500089,ETH - eThekwini
43380031,59500090,ETH - eThekwini
43380211,59500090,ETH - eThekwini
43380222,59500090,ETH - eThekwini
43380244,59500090,ETH - eThekwini
43380255,59500090,ETH - eThekwini
43380266,59500090,ETH - eThekwini
43380277,59500090,ETH - eThekwini
43380288,59500090,ETH - eThekwini
43400304,59500091,ETH - eThekwini
43400315,59500091,ETH - eThekwini
43400326,59500091,ETH - eThekwini
43400337,59500091,ETH - eThekwini
43400348,59500091,ETH - eThekwini
43400540,59500091,ETH - eThekwini
43400674,59500091,ETH - eThekwini
43400753,59500091,ETH - eThekwini
43400898,59500091,ETH - eThekwini
43390065,59500092,ETH - eThekwini
43390324,59500092,ETH - eThekwini
43390335,59500092,ETH - eThekwini
43390357,59500092,ETH - eThekwini
43390368,59500092,ETH - eThekwini
43390379,59500092,ETH - eThekwini
43390885,59500092,ETH - eThekwini
43380086,59500093,ETH - eThekwini
43380097,59500093,ETH - eThekwini
43380154,59500093,ETH - eThekwini
43380198,59500093,ETH - eThekwini
43380200,59500093,ETH - eThekwini
43583575,59500093,ETH - eThekwini
43584093,59500093,ETH - eThekwini
43380109,59500094,ETH - eThekwini
43380110,59500094,ETH - eThekwini
43380121,59500094,ETH - eThekwini
43380132,59500094,ETH - eThekwini
43580369,59500094,ETH - eThekwini
43580482,59500094,ETH - eThekwini
43580493,59500094,ETH - eThekwini
43582002,59500094,ETH - eThekwini
43584611,59500094,ETH - eThekwini
43380143,59500095,ETH - eThekwini
43380165,59500095,ETH - eThekwini
43380176,59500095,ETH - eThekwini
43380299,59500095,ETH - eThekwini
43380334,59500095,ETH - eThekwini
43380378,59500095,ETH - eThekwini
43580347,59500095,ETH - eThekwini
43580437,59500096,ETH - eThekwini
43580448,59500096,ETH - eThekwini
43580459,59500096,ETH - eThekwini
43580471,59500096,ETH - eThekwini
43580516,59500096,ETH - eThekwini
43580527,59500096,ETH - eThekwini
43580606,59500096,ETH - eThekwini
43583081,59500096,ETH - eThekwini
43583137,59500096,ETH - eThekwini
43583216,59500096,ETH - eThekwini
43583272,59500096,ETH - eThekwini
43583654,59500096,ETH - eThekwini
43584059,59500096,ETH - eThekwini
43584060,59500096,ETH - eThekwini
43584071,59500096,ETH - eThekwini
43584082,59500096,ETH - eThekwini
43584655,59500096,ETH - eThekwini
43584666,59500096,ETH - eThekwini
43380020,59500097,ETH - eThekwini
43380042,59500097,ETH - eThekwini
43380053,59500097,ETH - eThekwini
43380064,59500097,ETH - eThekwini
43580167,59500098,ETH - eThekwini
43580178,59500098,ETH - eThekwini
43580189,59500098,ETH - eThekwini
43580235,59500098,ETH - eThekwini
43580291,59500098,ETH - eThekwini
43580314,59500098,ETH - eThekwini
43583283,59500098,ETH - eThekwini
43583294,59500098,ETH - eThekwini
43583317,59500098,ETH - eThekwini
43380312,59500099,ETH - eThekwini
43380389,59500099,ETH - eThekwini
43580808,59500099,ETH - eThekwini
43583328,59500099,ETH - eThekwini
43990454,59500099,ETH - eThekwini
44070038,59500099,ETH - eThekwini
44070049,59500099,ETH - eThekwini
44070050,59500099,ETH - eThekwini
44070061,59500099,ETH - eThekwini
44070072,59500099,ETH - eThekwini
43580460,59500100,ETH - eThekwini
43580538,59500100,ETH - eThekwini
43580549,59500100,ETH - eThekwini
43580561,59500100,ETH - eThekwini
43580572,59500100,ETH - eThekwini
43580583,59500100,ETH - eThekwini
43580594,59500100,ETH - eThekwini
43580617,59500100,ETH - eThekwini
43583092,59500100,ETH - eThekwini
43583115,59500100,ETH - eThekwini
43583126,59500100,ETH - eThekwini
43583148,59500100,ETH - eThekwini
43583159,59500100,ETH - eThekwini
43583160,59500100,ETH - eThekwini
43583182,59500100,ETH - eThekwini
43583610,59500100,ETH - eThekwini
43583676,59500100,ETH - eThekwini
43583823,59500100,ETH - eThekwini
43772597,59500100,ETH - eThekwini
43371378,59500101,ETH - eThekwini
43371390,59500101,ETH - eThekwini
43371468,59500101,ETH - eThekwini
43371738,59500101,ETH - eThekwini
43372032,59500101,ETH - eThekwini
43350049,59500102,ETH - eThekwini
43350386,59500102,ETH - eThekwini
43350465,59500102,ETH - eThekwini
43350476,59500102,ETH - eThekwini
43350487,59500102,ETH - eThekwini
43350555,59500102,ETH - eThekwini
43400102,59500103,ETH - eThekwini
43400472,59500103,ETH - eThekwini
43400494,59500103,ETH - eThekwini
43400506,59500103,ETH - eThekwini
43400652,59500103,ETH - eThekwini
43400663,59500103,ETH - eThekwini
43580651,59500103,ETH - eThekwini
43582877,59500103,ETH - eThekwini
43582888,59500103,ETH - eThekwini
43583744,59500103,ETH - eThekwini
43583980,59500103,ETH - eThekwini
43360680,59500104,ETH - eThekwini
43360703,59500104,ETH - eThekwini
43360938,59500104,ETH - eThekwini
43360983,59500104,ETH - eThekwini
43360994,59500104,ETH - eThekwini
43361995,59500104,ETH - eThekwini
43580112,59500105,ETH - eThekwini
43580123,59500105,ETH - eThekwini
43580134,59500105,ETH - eThekwini
43580145,59500105,ETH - eThekwini
43580156,59500105,ETH - eThekwini
43580246,59500105,ETH - eThekwini
43580257,59500105,ETH - eThekwini
43580268,59500105,ETH - eThekwini
43580280,59500105,ETH - eThekwini
43580415,59500105,ETH - eThekwini
43580426,59500105,ETH - eThekwini
43583306,59500105,ETH - eThekwini
43583339,59500105,ETH - eThekwini
43583351,59500105,ETH - eThekwini
43583362,59500105,ETH - eThekwini
43583384,59500105,ETH - eThekwini
43583395,59500105,ETH - eThekwini
43583485,59500105,ETH - eThekwini
43583496,59500105,ETH - eThekwini
43583508,59500105,ETH - eThekwini
43583564,59500105,ETH - eThekwini
43583845,59500105,ETH - eThekwini
43584105,59500105,ETH - eThekwini
43584116,59500105,ETH - eThekwini
43584138,59500105,ETH - eThekwini
43584183,59500105,ETH - eThekwini
43584194,59500105,ETH - eThekwini
43584251,59500105,ETH - eThekwini
43350139,59500106,ETH - eThekwini
43350140,59500106,ETH - eThekwini
43350151,59500106,ETH - eThekwini
43350162,59500106,ETH - eThekwini
43350353,59500106,ETH - eThekwini
43350511,59500106,ETH - eThekwini
43400764,59500106,ETH - eThekwini
43400876,59500106,ETH - eThekwini
43361186,59500107,ETH - eThekwini
43361197,59500107,ETH - eThekwini
43361344,59500107,ETH - eThekwini
43361355,59500107,ETH - eThekwini
43361467,59500107,ETH - eThekwini
43580684,59500108,ETH - eThekwini
43582967,59500108,ETH - eThekwini
43583047,59500108,ETH - eThekwini
43583069,59500108,ETH - eThekwini
43583979,59500108,ETH - eThekwini
43583991,59500108,ETH - eThekwini
43584004,59500108,ETH - eThekwini
43584532,59500108,ETH - eThekwini
43584644,59500108,ETH - eThekwini
43380301,59500109,ETH - eThekwini
43380323,59500109,ETH - eThekwini
43380345,59500109,ETH - eThekwini
43580279,59500109,ETH - eThekwini
43580303,59500109,ETH - eThekwini
43581685,59500109,ETH - eThekwini
43583452,59500109,ETH - eThekwini
43583586,59500109,ETH - eThekwini
43350016,59500110,ETH - eThekwini
43360444,59500110,ETH - eThekwini
43362110,59500110,ETH - eThekwini
43362222,59500110,ETH - eThekwini
43362288,59500110,ETH - eThekwini
43370445,59500111,ETH - eThekwini
43370614,59500111,ETH - eThekwini
43370625,59500111,ETH - eThekwini
43370636,59500111,ETH - eThekwini
43583227,59500111,ETH - eThekwini
43583698,59500111,ETH - eThekwini
43990061,52102001,KZN212 - uMdoni
43990072,52102001,KZN212 - uMdoni
43990083,52102001,KZN212 - uMdoni
43990117,52102001,KZN212 - uMdoni
43990128,52102001,KZN212 - uMdoni
43990139,52102001,KZN212 - uMdoni
43993299,52102001,KZN212 - uMdoni
43993581,52102001,KZN212 - uMdoni
43994267,52102001,KZN212 - uMdoni
43990094,52102002,KZN212 - uMdoni
43990106,52102002,KZN212 - uMdoni
43990274,52102002,KZN212 - uMdoni
43992928,52102002,KZN212 - uMdoni
43992939,52102002,KZN212 - uMdoni
43993288,52102002,KZN212 - uMdoni
43993592,52102002,KZN212 - uMdoni
43993705,52102002,KZN212 - uMdoni
43994357,52102002,KZN212 - uMdoni
43994368,52102002,KZN212 - uMdoni
43990331,52102003,KZN212 - uMdoni
43992838,52102003,KZN212 - uMdoni
43992849,52102003,KZN212 - uMdoni
43994504,52102003,KZN212 - uMdoni
43994515,52102003,KZN212 - uMdoni
43994931,52102003,KZN212 - uMdoni
43990140,52102004,KZN212 - uMdoni
43990173,52102004,KZN212 - uMdoni
43990229,52102004,KZN212 - uMdoni
43990241,52102004,KZN212 - uMdoni
43990296,52102004,KZN212 - uMdoni
43990308,52102004,KZN212 - uMdoni
43993828,52102004,KZN212 - uMdoni
43990184,52102005,KZN212 - uMdoni
43990207,52102005,KZN212 - uMdoni
43990218,52102005,KZN212 - uMdoni
43990678,52102005,KZN212 - uMdoni
43993109,52102005,KZN212 - uMdoni
43990285,52102006,KZN212 - uMdoni
43990320,52102006,KZN212 - uMdoni
43992771,52102006,KZN212 - uMdoni
43993165,52102006,KZN212 - uMdoni
43993840,52102006,KZN212 - uMdoni
43990915,52102007,KZN212 - uMdoni
43993277,52102007,KZN212 - uMdoni
43994942,52102007,KZN212 - uMdoni
44010010,52102007,KZN212 - uMdoni
44040024,52102007,KZN212 - uMdoni
43990601,52102008,KZN212 - uMdoni
43990612,52102008,KZN212 - uMdoni
43990634,52102008,KZN212 - uMdoni
43994953,52102008,KZN212 - uMdoni
43990588,52102009,KZN212 - uMdoni
43990599,52102009,KZN212 - uMdoni
43994188,52102009,KZN212 - uMdoni
44040013,52102010,KZN212 - uMdoni
44060015,52102010,KZN212 - uMdoni
43990623,52102011,KZN212 - uMdoni
43993817,52102011,KZN212 - uMdoni
43994166,52102011,KZN212 - uMdoni
44060037,52102011,KZN212 - uMdoni
44060060,52102011,KZN212 - uMdoni
44060082,52102011,KZN212 - uMdoni
43994830,52102012,KZN212 - uMdoni
44060059,52102012,KZN212 - uMdoni
44060071,52102012,KZN212 - uMdoni
44060048,52102013,KZN212 - uMdoni
43990511,52102014,KZN212 - uMdoni
43990667,52102014,KZN212 - uMdoni
43994638,52102014,KZN212 - uMdoni
44060026,52102015,KZN212 - uMdoni
44060105,52102015,KZN212 - uMdoni
43990522,52102016,KZN212 - uMdoni
43990533,52102016,KZN212 - uMdoni
43994649,52102016,KZN212 - uMdoni
43990421,52102017,KZN212 - uMdoni
43994177,52102017,KZN212 - uMdoni
43990443,52102018,KZN212 - uMdoni
43990465,52102018,KZN212 - uMdoni
43990476,52102018,KZN212 - uMdoni
43990487,52102018,KZN212 - uMdoni
43990555,52102018,KZN212 - uMdoni
43992940,52102018,KZN212 - uMdoni
43994627,52102018,KZN212 - uMdoni
43990432,52102019,KZN212 - uMdoni
43992760,52102019,KZN212 - uMdoni
43993176,52102019,KZN212 - uMdoni
43994021,52102019,KZN212 - uMdoni
43994199,52102019,KZN212 - uMdoni
43994829,52102019,KZN212 - uMdoni
43991488,52103001,KZN213 - uMzumbe
43991501,52103001,KZN213 - uMzumbe
43991635,52103001,KZN213 - uMzumbe
43991657,52103001,KZN213 - uMzumbe
43991668,52103001,KZN213 - uMzumbe
43993918,52103001,KZN213 - uMzumbe
43994290,52103001,KZN213 - uMzumbe
43991444,52103002,KZN213 - uMzumbe
43991477,52103002,KZN213 - uMzumbe
43991499,52103002,KZN213 - uMzumbe
43991679,52103002,KZN213 - uMzumbe
43993479,52103002,KZN213 - uMzumbe
43993693,52103002,KZN213 - uMzumbe
43993930,52103002,KZN213 - uMzumbe
43991466,52103003,KZN213 - uMzumbe
43992254,52103003,KZN213 - uMzumbe
43992344,52103003,KZN213 - uMzumbe
43992355,52103003,KZN213 - uMzumbe
43992704,52103003,KZN213 - uMzumbe
43992883,52103003,KZN213 - uMzumbe
43992906,52103003,KZN213 - uMzumbe
43993390,52103003,KZN213 - uMzumbe
43992142,52103004,KZN213 - uMzumbe
43992153,52103004,KZN213 - uMzumbe
43992164,52103004,KZN213 - uMzumbe
43992243,52103004,KZN213 - uMzumbe
43992333,52103004,KZN213 - uMzumbe
43992861,52103004,KZN213 - uMzumbe
43994694,52103004,KZN213 - uMzumbe
43991556,52103005,KZN213 - uMzumbe
43991567,52103005,KZN213 - uMzumbe
43991578,52103005,KZN213 - uMzumbe
43994302,52103005,KZN213 - uMzumbe
43994728,52103005,KZN213 - uMzumbe
43994739,52103005,KZN213 - uMzumbe
43991028,52103006,KZN213 - uMzumbe
43992265,52103006,KZN213 - uMzumbe
43992366,52103006,KZN213 - uMzumbe
43992423,52103006,KZN213 - uMzumbe
43992445,52103006,KZN213 - uMzumbe
43992793,52103006,KZN213 - uMzumbe
43992917,52103006,KZN213 - uMzumbe
43994740,52103006,KZN213 - uMzumbe
43990690,52103007,KZN213 - uMzumbe
43990702,52103007,KZN213 - uMzumbe
43990735,52103007,KZN213 - uMzumbe
43992276,52103007,KZN213 - uMzumbe
43993097,52103007,KZN213 - uMzumbe
43993637,52103007,KZN213 - uMzumbe
43994751,52103007,KZN213 - uMzumbe
43990746,52103008,KZN213 - uMzumbe
43990993,52103008,KZN213 - uMzumbe
43993110,52103008,KZN213 - uMzumbe
43993266,52103008,KZN213 - uMzumbe
43993558,52103008,KZN213 - uMzumbe
43994289,52103008,KZN213 - uMzumbe
43990724,52103009,KZN213 - uMzumbe
43990870,52103009,KZN213 - uMzumbe
43990892,52103009,KZN213 - uMzumbe
43990904,52103009,KZN213 - uMzumbe
43990937,52103009,KZN213 - uMzumbe
43992669,52103009,KZN213 - uMzumbe
43992827,52103009,KZN213 - uMzumbe
43990836,52103010,KZN213 - uMzumbe
43990960,52103010,KZN213 - uMzumbe
43990948,52103011,KZN213 - uMzumbe
43990959,52103011,KZN213 - uMzumbe
43993941,52103011,KZN213 - uMzumbe
43993974,52103011,KZN213 - uMzumbe
43994773,52103011,KZN213 - uMzumbe
43990689,52103012,KZN213 - uMzumbe
43991017,52103012,KZN213 - uMzumbe
43992434,52103012,KZN213 - uMzumbe
43993378,52103012,KZN213 - uMzumbe
43993626,52103012,KZN213 - uMzumbe
43993929,52103012,KZN213 - uMzumbe
43994403,52103012,KZN213 - uMzumbe
43991039,52103013,KZN213 - uMzumbe
43991073,52103013,KZN213 - uMzumbe
43991455,52103013,KZN213 - uMzumbe
43992715,52103013,KZN213 - uMzumbe
43993536,52103013,KZN213 - uMzumbe
43993659,52103013,KZN213 - uMzumbe
43991040,52103014,KZN213 - uMzumbe
43991051,52103014,KZN213 - uMzumbe
43991062,52103014,KZN213 - uMzumbe
43991095,52103014,KZN213 - uMzumbe
43991107,52103014,KZN213 - uMzumbe
43993648,52103014,KZN213 - uMzumbe
43990847,52103015,KZN213 - uMzumbe
43990858,52103015,KZN213 - uMzumbe
43990869,52103015,KZN213 - uMzumbe
43992805,52103015,KZN213 - uMzumbe
43992816,52103015,KZN213 - uMzumbe
43994784,52103015,KZN213 - uMzumbe
43990926,52103016,KZN213 - uMzumbe
43990971,52103016,KZN213 - uMzumbe
43991006,52103016,KZN213 - uMzumbe
43993255,52103016,KZN213 - uMzumbe
43993525,52103016,KZN213 - uMzumbe
43993547,52103016,KZN213 - uMzumbe
43993615,52103016,KZN213 - uMzumbe
43993952,52103016,KZN213 - uMzumbe
43990757,52103017,KZN213 - uMzumbe
43990779,52103017,KZN213 - uMzumbe
43994795,52103017,KZN213 - uMzumbe
43990713,52103018,KZN213 - uMzumbe
43993963,52103018,KZN213 - uMzumbe
43994391,52103018,KZN213 - uMzumbe
43994414,52103018,KZN213 - uMzumbe
43990803,52103019,KZN213 - uMzumbe
43990814,52103019,KZN213 - uMzumbe
43990825,52103019,KZN213 - uMzumbe
43990768,52103020,KZN213 - uMzumbe
43990780,52103020,KZN213 - uMzumbe
43994278,52103020,KZN213 - uMzumbe
43994762,52103020,KZN213 - uMzumbe
43994807,52103020,KZN213 - uMzumbe
43991310,52104001,KZN214 - uMuziwabantu
43992412,52104001,KZN214 - uMuziwabantu
43992467,52104001,KZN214 - uMuziwabantu
43992490,52104001,KZN214 - uMuziwabantu
43993086,52104001,KZN214 - uMuziwabantu
43993491,52104001,KZN214 - uMuziwabantu
43994650,52104001,KZN214 - uMuziwabantu
43991321,52104002,KZN214 - uMuziwabantu
43991332,52104002,KZN214 - uMuziwabantu
43991343,52104002,KZN214 - uMuziwabantu
43991354,52104002,KZN214 - uMuziwabantu
43991859,52104002,KZN214 - uMuziwabantu
43991860,52104002,KZN214 - uMuziwabantu
43992489,52104002,KZN214 - uMuziwabantu
43992513,52104002,KZN214 - uMuziwabantu
43993806,52104002,KZN214 - uMuziwabantu
43991163,52104003,KZN214 - uMuziwabantu
43993503,52104003,KZN214 - uMuziwabantu
44000019,52104003,KZN214 - uMuziwabantu
44000031,52104003,KZN214 - uMuziwabantu
43991231,52104004,KZN214 - uMuziwabantu
43991242,52104004,KZN214 - uMuziwabantu
43991253,52104004,KZN214 - uMuziwabantu
43993794,52104004,KZN214 - uMuziwabantu
43991174,52104005,KZN214 - uMuziwabantu
43991185,52104005,KZN214 - uMuziwabantu
43993851,52104005,KZN214 - uMuziwabantu
43994470,52104005,KZN214 - uMuziwabantu
43994481,52104005,KZN214 - uMuziwabantu
43994661,52104005,KZN214 - uMuziwabantu
43991196,52104006,KZN214 - uMuziwabantu
43991219,52104006,KZN214 - uMuziwabantu
43992614,52104006,KZN214 - uMuziwabantu
43991141,52104007,KZN214 - uMuziwabantu
43991309,52104007,KZN214 - uMuziwabantu
43992995,52104007,KZN214 - uMuziwabantu
43994672,52104007,KZN214 - uMuziwabantu
43994683,52104007,KZN214 - uMuziwabantu
43994919,52104007,KZN214 - uMuziwabantu
43991118,52104008,KZN214 - uMuziwabantu
43991286,52104008,KZN214 - uMuziwabantu
43992984,52104008,KZN214 - uMuziwabantu
43994920,52104008,KZN214 - uMuziwabantu
43991129,52104009,KZN214 - uMuziwabantu
43991130,52104009,KZN214 - uMuziwabantu
43991264,52104009,KZN214 - uMuziwabantu
43991275,52104009,KZN214 - uMuziwabantu
43991297,52104009,KZN214 - uMuziwabantu
43993312,52104009,KZN214 - uMuziwabantu
43991400,52104010,KZN214 - uMuziwabantu
43991411,52104010,KZN214 - uMuziwabantu
43991422,52104010,KZN214 - uMuziwabantu
43993053,52104010,KZN214 - uMuziwabantu
43993727,52104010,KZN214 - uMuziwabantu
43994447,52104010,KZN214 - uMuziwabantu
43994458,52104010,KZN214 - uMuziwabantu
43993480,52104011,KZN214 - uMuziwabantu
44000020,52104011,KZN214 - uMuziwabantu
43992041,52106001,KZN216 - Ray Nkonyeni
43992131,52106001,KZN216 - Ray Nkonyeni
43992524,52106001,KZN216 - Ray Nkonyeni
43994380,52106001,KZN216 - Ray Nkonyeni
44080017,52106001,KZN216 - Ray Nkonyeni
43992052,52106002,KZN216 - Ray Nkonyeni
44030067,52106002,KZN216 - Ray Nkonyeni
44030102,52106002,KZN216 - Ray Nkonyeni
43991680,52106003,KZN216 - Ray Nkonyeni
44030023,52106003,KZN216 - Ray Nkonyeni
44030089,52106003,KZN216 - Ray Nkonyeni
43991589,52106004,KZN216 - Ray Nkonyeni
43991613,52106004,KZN216 - Ray Nkonyeni
43991624,52106004,KZN216 - Ray Nkonyeni
43993468,52106004,KZN216 - Ray Nkonyeni
44030034,52106005,KZN216 - Ray Nkonyeni
44030045,52106005,KZN216 - Ray Nkonyeni
44030113,52106005,KZN216 - Ray Nkonyeni
44030078,52106006,KZN216 - Ray Nkonyeni
44030090,52106006,KZN216 - Ray Nkonyeni
43992636,52106007,KZN216 - Ray Nkonyeni
43992748,52106007,KZN216 - Ray Nkonyeni
43993211,52106007,KZN216 - Ray Nkonyeni
43994155,52106007,KZN216 - Ray Nkonyeni
43992030,52106008,KZN216 - Ray Nkonyeni
43992119,52106008,KZN216 - Ray Nkonyeni
43992120,52106008,KZN216 - Ray Nkonyeni
43992759,52106008,KZN216 - Ray Nkonyeni
43993682,52106008,KZN216 - Ray Nkonyeni
43994346,52106008,KZN216 - Ray Nkonyeni
43992074,52106009,KZN216 - Ray Nkonyeni
43992647,52106009,KZN216 - Ray Nkonyeni
44020011,52106009,KZN216 - Ray Nkonyeni
43992063,52106010,KZN216 - Ray Nkonyeni
43992085,52106010,KZN216 - Ray Nkonyeni
43992096,52106010,KZN216 - Ray Nkonyeni
43993222,52106010,KZN216 - Ray Nkonyeni
43992108,52106011,KZN216 - Ray Nkonyeni
43993402,52106011,KZN216 - Ray Nkonyeni
43993716,52106011,KZN216 - Ray Nkonyeni
43994065,52106011,KZN216 - Ray Nkonyeni
44080028,52106011,KZN216 - Ray Nkonyeni
44050014,52106012,KZN216 - Ray Nkonyeni
44050058,52106012,KZN216 - Ray Nkonyeni
43991084,52106013,KZN216 - Ray Nkonyeni
43992221,52106013,KZN216 - Ray Nkonyeni
44010032,52106013,KZN216 - Ray Nkonyeni
44010043,52106013,KZN216 - Ray Nkonyeni
44010054,52106013,KZN216 - Ray Nkonyeni
44010065,52106013,KZN216 - Ray Nkonyeni
43991545,52106014,KZN216 - Ray Nkonyeni
43991837,52106014,KZN216 - Ray Nkonyeni
43992210,52106014,KZN216 - Ray Nkonyeni
43994492,52106014,KZN216 - Ray Nkonyeni
43991512,52106015,KZN216 - Ray Nkonyeni
43991523,52106015,KZN216 - Ray Nkonyeni
43991534,52106015,KZN216 - Ray Nkonyeni
43993660,52106015,KZN216 - Ray Nkonyeni
43994076,52106015,KZN216 - Ray Nkonyeni
43994087,52106015,KZN216 - Ray Nkonyeni
43994379,52106015,KZN216 - Ray Nkonyeni
44010021,52106016,KZN216 - Ray Nkonyeni
44050047,52106016,KZN216 - Ray Nkonyeni
44050070,52106016,KZN216 - Ray Nkonyeni
43994245,52106017,KZN216 - Ray Nkonyeni
43994537,52106017,KZN216 - Ray Nkonyeni
43994841,52106017,KZN216 - Ray Nkonyeni
44050036,52106017,KZN216 - Ray Nkonyeni
44050081,52106017,KZN216 - Ray Nkonyeni
44050025,52106018,KZN216 - Ray Nkonyeni
44050069,52106018,KZN216 - Ray Nkonyeni
44030012,52106019,KZN216 - Ray Nkonyeni
43991747,52106020,KZN216 - Ray Nkonyeni
43991758,52106020,KZN216 - Ray Nkonyeni
43994098,52106020,KZN216 - Ray Nkonyeni
43994526,52106020,KZN216 - Ray Nkonyeni
43994863,52106020,KZN216 - Ray Nkonyeni
43991792,52106021,KZN216 - Ray Nkonyeni
43991804,52106021,KZN216 - Ray Nkonyeni
43994100,52106021,KZN216 - Ray Nkonyeni
43994111,52106021,KZN216 - Ray Nkonyeni
43994548,52106021,KZN216 - Ray Nkonyeni
43991714,52106022,KZN216 - Ray Nkonyeni
43991725,52106022,KZN216 - Ray Nkonyeni
43991769,52106022,KZN216 - Ray Nkonyeni
43992692,52106022,KZN216 - Ray Nkonyeni
43994133,52106022,KZN216 - Ray Nkonyeni
43994559,52106022,KZN216 - Ray Nkonyeni
43991781,52106023,KZN216 - Ray Nkonyeni
43993424,52106023,KZN216 - Ray Nkonyeni
43994122,52106023,KZN216 - Ray Nkonyeni
43994560,52106023,KZN216 - Ray Nkonyeni
44050092,52106023,KZN216 - Ray Nkonyeni
43991691,52106024,KZN216 - Ray Nkonyeni
43991736,52106024,KZN216 - Ray Nkonyeni
43993435,52106024,KZN216 - Ray Nkonyeni
43993446,52106024,KZN216 - Ray Nkonyeni
43993457,52106024,KZN216 - Ray Nkonyeni
43994144,52106024,KZN216 - Ray Nkonyeni
43992018,52106025,KZN216 - Ray Nkonyeni
43993031,52106025,KZN216 - Ray Nkonyeni
43993042,52106025,KZN216 - Ray Nkonyeni
43993143,52106025,KZN216 - Ray Nkonyeni
43994852,52106025,KZN216 - Ray Nkonyeni
43993750,52106026,KZN216 - Ray Nkonyeni
44030124,52106026,KZN216 - Ray Nkonyeni
43991983,52106027,KZN216 - Ray Nkonyeni
43991994,52106027,KZN216 - Ray Nkonyeni
43994571,52106028,KZN216 - Ray Nkonyeni
44030056,52106028,KZN216 - Ray Nkonyeni
44030135,52106028,KZN216 - Ray Nkonyeni
44030146,52106028,KZN216 - Ray Nkonyeni
43992670,52106029,KZN216 - Ray Nkonyeni
43992681,52106029,KZN216 - Ray Nkonyeni
43992850,52106029,KZN216 - Ray Nkonyeni
43993008,52106029,KZN216 - Ray Nkonyeni
43993749,52106029,KZN216 - Ray Nkonyeni
43994032,52106029,KZN216 - Ray Nkonyeni
43992568,52106030,KZN216 - Ray Nkonyeni
43992579,52106030,KZN216 - Ray Nkonyeni
43992591,52106030,KZN216 - Ray Nkonyeni
43993761,52106030,KZN216 - Ray Nkonyeni
43993884,52106030,KZN216 - Ray Nkonyeni
43994436,52106030,KZN216 - Ray Nkonyeni
43994616,52106030,KZN216 - Ray Nkonyeni
43994908,52106030,KZN216 - Ray Nkonyeni
43991893,52106031,KZN216 - Ray Nkonyeni
43991905,52106031,KZN216 - Ray Nkonyeni
43991927,52106031,KZN216 - Ray Nkonyeni
43991949,52106031,KZN216 - Ray Nkonyeni
43991848,52106032,KZN216 - Ray Nkonyeni
43991916,52106032,KZN216 - Ray Nkonyeni
43991950,52106032,KZN216 - Ray Nkonyeni
43991961,52106032,KZN216 - Ray Nkonyeni
43992658,52106032,KZN216 - Ray Nkonyeni
43993413,52106032,KZN216 - Ray Nkonyeni
43992535,52106033,KZN216 - Ray Nkonyeni
43993862,52106033,KZN216 - Ray Nkonyeni
43993873,52106033,KZN216 - Ray Nkonyeni
43993895,52106033,KZN216 - Ray Nkonyeni
43993907,52106033,KZN216 - Ray Nkonyeni
43991365,52106034,KZN216 - Ray Nkonyeni
43991826,52106034,KZN216 - Ray Nkonyeni
43991871,52106034,KZN216 - Ray Nkonyeni
43991882,52106034,KZN216 - Ray Nkonyeni
43992502,52106034,KZN216 - Ray Nkonyeni
43993187,52106034,KZN216 - Ray Nkonyeni
43993323,52106034,KZN216 - Ray Nkonyeni
43993738,52106034,KZN216 - Ray Nkonyeni
43991220,52106035,KZN216 - Ray Nkonyeni
43991387,52106035,KZN216 - Ray Nkonyeni
43991398,52106035,KZN216 - Ray Nkonyeni
43991433,52106035,KZN216 - Ray Nkonyeni
43994593,52106035,KZN216 - Ray Nkonyeni
43994605,52106035,KZN216 - Ray Nkonyeni
43991376,52106036,KZN216 - Ray Nkonyeni
43991938,52106036,KZN216 - Ray Nkonyeni
43992546,52106036,KZN216 - Ray Nkonyeni
43992557,52106036,KZN216 - Ray Nkonyeni
43992603,52106036,KZN216 - Ray Nkonyeni
43992625,52106036,KZN216 - Ray Nkonyeni
43994582,52106036,KZN216 - Ray Nkonyeni
43773295,52201001,KZN221 - uMshwathi
43773307,52201001,KZN221 - uMshwathi
43773374,52201001,KZN221 - uMshwathi
43773868,52201001,KZN221 - uMshwathi
43774555,52201001,KZN221 - uMshwathi
43775141,52201001,KZN221 - uMshwathi
43775152,52201001,KZN221 - uMshwathi
43772519,52201002,KZN221 - uMshwathi
43940011,52201002,KZN221 - uMshwathi
43980015,52201002,KZN221 - uMshwathi
43770595,52201003,KZN221 - uMshwathi
43770797,52201003,KZN221 - uMshwathi
43773587,52201003,KZN221 - uMshwathi
43774139,52201003,KZN221 - uMshwathi
43775590,52201003,KZN221 - uMshwathi
43770584,52201004,KZN221 - uMshwathi
43770708,52201004,KZN221 - uMshwathi
43770719,52201004,KZN221 - uMshwathi
43770720,52201004,KZN221 - uMshwathi
43772238,52201004,KZN221 - uMshwathi
43775163,52201004,KZN221 - uMshwathi
43772193,52201005,KZN221 - uMshwathi
43772205,52201005,KZN221 - uMshwathi
43772216,52201005,KZN221 - uMshwathi
43775174,52201005,KZN221 - uMshwathi
43772182,52201006,KZN221 - uMshwathi
43772272,52201006,KZN221 - uMshwathi
43772294,52201006,KZN221 - uMshwathi
43772384,52201006,KZN221 - uMshwathi
43772395,52201006,KZN221 - uMshwathi
43775185,52201006,KZN221 - uMshwathi
43774128,52201007,KZN221 - uMshwathi
43810017,52201007,KZN221 - uMshwathi
43830019,52201007,KZN221 - uMshwathi
43772283,52201008,KZN221 - uMshwathi
43772306,52201008,KZN221 - uMshwathi
43773532,52201008,KZN221 - uMshwathi
43774588,52201008,KZN221 - uMshwathi
43773688,52201009,KZN221 - uMshwathi
43774207,52201009,KZN221 - uMshwathi
43774566,52201009,KZN221 - uMshwathi
43774656,52201009,KZN221 - uMshwathi
43775602,52201009,KZN221 - uMshwathi
43775703,52201009,KZN221 - uMshwathi
43773497,52201010,KZN221 - uMshwathi
43774577,52201010,KZN221 - uMshwathi
43774667,52201010,KZN221 - uMshwathi
43772317,52201011,KZN221 - uMshwathi
43772328,52201011,KZN221 - uMshwathi
43772339,52201011,KZN221 - uMshwathi
43775196,52201011,KZN221 - uMshwathi
43775208,52201011,KZN221 - uMshwathi
43772351,52201012,KZN221 - uMshwathi
43772362,52201012,KZN221 - uMshwathi
43773475,52201012,KZN221 - uMshwathi
43775219,52201012,KZN221 - uMshwathi
43775545,52201012,KZN221 - uMshwathi
43772340,52201013,KZN221 - uMshwathi
43772373,52201013,KZN221 - uMshwathi
43775220,52201013,KZN221 - uMshwathi
43775556,52201013,KZN221 - uMshwathi
43772227,52201014,KZN221 - uMshwathi
43773408,52201014,KZN221 - uMshwathi
43773419,52201014,KZN221 - uMshwathi
43773509,52201014,KZN221 - uMshwathi
43775691,52201014,KZN221 - uMshwathi
43870024,52202001,KZN222 - uMngeni
43870169,52202001,KZN222 - uMngeni
43870013,52202002,KZN222 - uMngeni
43870091,52202002,KZN222 - uMngeni
43870114,52202002,KZN222 - uMngeni
43773150,52202003,KZN222 - uMngeni
43773161,52202003,KZN222 - uMngeni
43773172,52202003,KZN222 - uMngeni
43773183,52202003,KZN222 - uMngeni
43773666,52202003,KZN222 - uMngeni
43773677,52202003,KZN222 - uMngeni
43774421,52202003,KZN222 - uMngeni
43773251,52202004,KZN222 - uMngeni
43773329,52202004,KZN222 - uMngeni
43774432,52202004,KZN222 - uMngeni
43773262,52202005,KZN222 - uMngeni
43773273,52202005,KZN222 - uMngeni
43774443,52202005,KZN222 - uMngeni
43870192,52202005,KZN222 - uMngeni
43773363,52202006,KZN222 - uMngeni
43774140,52202006,KZN222 - uMngeni
43775039,52202006,KZN222 - uMngeni
43870035,52202006,KZN222 - uMngeni
43773756,52202007,KZN222 - uMngeni
43850011,52202007,KZN222 - uMngeni
43850022,52202007,KZN222 - uMngeni
43770966,52202008,KZN222 - uMngeni
43770977,52202008,KZN222 - uMngeni
43870158,52202008,KZN222 - uMngeni
43870181,52202008,KZN222 - uMngeni
43773149,52202009,KZN222 - uMngeni
43773723,52202009,KZN222 - uMngeni
43773745,52202009,KZN222 - uMngeni
43775040,52202009,KZN222 - uMngeni
43870079,52202010,KZN222 - uMngeni
43870147,52202010,KZN222 - uMngeni
43870057,52202011,KZN222 - uMngeni
43870080,52202011,KZN222 - uMngeni
43870170,52202011,KZN222 - uMngeni
43870125,52202012,KZN222 - uMngeni
43870136,52202012,KZN222 - uMngeni
43870068,52202013,KZN222 - uMngeni
43773240,52203001,KZN223 - Mpofana
43773341,52203001,KZN223 - Mpofana
43773352,52203001,KZN223 - Mpofana
43930021,52203001,KZN223 - Mpofana
43773138,52203002,KZN223 - Mpofana
43773217,52203002,KZN223 - Mpofana
43773228,52203002,KZN223 - Mpofana
43773239,52203002,KZN223 - Mpofana
43773655,52203002,KZN223 - Mpofana
43774094,52203002,KZN223 - Mpofana
43774151,52203002,KZN223 - Mpofana
43774926,52203002,KZN223 - Mpofana
43930032,52203002,KZN223 - Mpofana
43930010,52203003,KZN223 - Mpofana
43930054,52203003,KZN223 - Mpofana
43930076,52203003,KZN223 - Mpofana
43773420,52203004,KZN223 - Mpofana
43773431,52203004,KZN223 - Mpofana
43773442,52203004,KZN223 - Mpofana
43774117,52203004,KZN223 - Mpofana
43774487,52203004,KZN223 - Mpofana
43774993,52203004,KZN223 - Mpofana
43775006,52203004,KZN223 - Mpofana
43775613,52203004,KZN223 - Mpofana
43775624,52203004,KZN223 - Mpofana
43930043,52203005,KZN223 - Mpofana
43930065,52203005,KZN223 - Mpofana
43772890,52204001,KZN224 - iMpendle
43772902,52204001,KZN224 - iMpendle
43773071,52204001,KZN224 - iMpendle
43773082,52204001,KZN224 - iMpendle
43773093,52204001,KZN224 - iMpendle
43773598,52204001,KZN224 - iMpendle
43774050,52204001,KZN224 - iMpendle
43774296,52204001,KZN224 - iMpendle
43774544,52204001,KZN224 - iMpendle
43773026,52204002,KZN224 - iMpendle
43773037,52204002,KZN224 - iMpendle
43773048,52204002,KZN224 - iMpendle
43773059,52204002,KZN224 - iMpendle
43773891,52204002,KZN224 - iMpendle
43774195,52204002,KZN224 - iMpendle
43772980,52204003,KZN224 - iMpendle
43773004,52204003,KZN224 - iMpendle
43773015,52204003,KZN224 - iMpendle
43774533,52204003,KZN224 - iMpendle
43774982,52204003,KZN224 - iMpendle
43772913,52204004,KZN224 - iMpendle
43772935,52204004,KZN224 - iMpendle
43772946,52204004,KZN224 - iMpendle
43772979,52204004,KZN224 - iMpendle
43772991,52204004,KZN224 - iMpendle
43880014,52204004,KZN224 - iMpendle
43772070,52204005,KZN224 - iMpendle
43772924,52204005,KZN224 - iMpendle
43772957,52204005,KZN224 - iMpendle
43772968,52204005,KZN224 - iMpendle
43775499,52204005,KZN224 - iMpendle
43775635,52204005,KZN224 - iMpendle
43770832,52205001,KZN225 - Msunduzi
43770854,52205001,KZN225 - Msunduzi
43772575,52205001,KZN225 - Msunduzi
43773622,52205001,KZN225 - Msunduzi
43774645,52205001,KZN225 - Msunduzi
43775275,52205001,KZN225 - Msunduzi
43775286,52205001,KZN225 - Msunduzi
43770843,52205002,KZN225 - Msunduzi
43770876,52205002,KZN225 - Msunduzi
43770922,52205002,KZN225 - Msunduzi
43771226,52205002,KZN225 - Msunduzi
43771237,52205002,KZN225 - Msunduzi
43773712,52205002,KZN225 - Msunduzi
43775321,52205002,KZN225 - Msunduzi
43770955,52205003,KZN225 - Msunduzi
43771248,52205003,KZN225 - Msunduzi
43771259,52205003,KZN225 - Msunduzi
43771260,52205003,KZN225 - Msunduzi
43771305,52205003,KZN225 - Msunduzi
43774308,52205003,KZN225 - Msunduzi
43775343,52205003,KZN225 - Msunduzi
43771024,52205004,KZN225 - Msunduzi
43771046,52205004,KZN225 - Msunduzi
43771316,52205004,KZN225 - Msunduzi
43773611,52205004,KZN225 - Msunduzi
43774274,52205004,KZN225 - Msunduzi
43775534,52205004,KZN225 - Msunduzi
43771035,52205005,KZN225 - Msunduzi
43771057,52205005,KZN225 - Msunduzi
43771068,52205005,KZN225 - Msunduzi
43771079,52205005,KZN225 - Msunduzi
43771080,52205005,KZN225 - Msunduzi
43771091,52205005,KZN225 - Msunduzi
43771103,52205005,KZN225 - Msunduzi
43771271,52205005,KZN225 - Msunduzi
43775354,52205005,KZN225 - Msunduzi
43770900,52205006,KZN225 - Msunduzi
43771114,52205006,KZN225 - Msunduzi
43771158,52205006,KZN225 - Msunduzi
43771181,52205006,KZN225 - Msunduzi
43771192,52205006,KZN225 - Msunduzi
43771204,52205006,KZN225 - Msunduzi
43771327,52205006,KZN225 - Msunduzi
43771338,52205006,KZN225 - Msunduzi
43775365,52205006,KZN225 - Msunduzi
43771169,52205007,KZN225 - Msunduzi
43771215,52205007,KZN225 - Msunduzi
43771349,52205007,KZN225 - Msunduzi
43771350,52205007,KZN225 - Msunduzi
43771361,52205007,KZN225 - Msunduzi
43771372,52205007,KZN225 - Msunduzi
43775376,52205007,KZN225 - Msunduzi
43775387,52205007,KZN225 - Msunduzi
43775398,52205007,KZN225 - Msunduzi
43771406,52205008,KZN225 - Msunduzi
43771417,52205008,KZN225 - Msunduzi
43771428,52205008,KZN225 - Msunduzi
43771439,52205008,KZN225 - Msunduzi
43771462,52205008,KZN225 - Msunduzi
43774285,52205008,KZN225 - Msunduzi
43774320,52205008,KZN225 - Msunduzi
43774454,52205008,KZN225 - Msunduzi
43770999,52205009,KZN225 - Msunduzi
43771002,52205009,KZN225 - Msunduzi
43771013,52205009,KZN225 - Msunduzi
43771282,52205009,KZN225 - Msunduzi
43771293,52205009,KZN225 - Msunduzi
43771440,52205009,KZN225 - Msunduzi
43771451,52205009,KZN225 - Msunduzi
43775400,52205009,KZN225 - Msunduzi
43775411,52205009,KZN225 - Msunduzi
43950641,52205010,KZN225 - Msunduzi
43950922,52205010,KZN225 - Msunduzi
43950933,52205010,KZN225 - Msunduzi
43950944,52205010,KZN225 - Msunduzi
43951091,52205010,KZN225 - Msunduzi
43951215,52205010,KZN225 - Msunduzi
43950663,52205011,KZN225 - Msunduzi
43950674,52205011,KZN225 - Msunduzi
43950775,52205011,KZN225 - Msunduzi
43950887,52205011,KZN225 - Msunduzi
43951147,52205011,KZN225 - Msunduzi
43951226,52205011,KZN225 - Msunduzi
43770933,52205012,KZN225 - Msunduzi
43950742,52205012,KZN225 - Msunduzi
43950753,52205012,KZN225 - Msunduzi
43950786,52205012,KZN225 - Msunduzi
43950898,52205012,KZN225 - Msunduzi
43950988,52205012,KZN225 - Msunduzi
43950865,52205013,KZN225 - Msunduzi
43951002,52205013,KZN225 - Msunduzi
43951079,52205013,KZN225 - Msunduzi
43951169,52205013,KZN225 - Msunduzi
43951237,52205013,KZN225 - Msunduzi
43951428,52205013,KZN225 - Msunduzi
43950955,52205014,KZN225 - Msunduzi
43950999,52205014,KZN225 - Msunduzi
43951035,52205014,KZN225 - Msunduzi
43951248,52205014,KZN225 - Msunduzi
43950540,52205015,KZN225 - Msunduzi
43950584,52205015,KZN225 - Msunduzi
43951103,52205015,KZN225 - Msunduzi
43951259,52205015,KZN225 - Msunduzi
43950573,52205016,KZN225 - Msunduzi
43950821,52205016,KZN225 - Msunduzi
43951158,52205016,KZN225 - Msunduzi
43951260,52205016,KZN225 - Msunduzi
43951271,52205016,KZN225 - Msunduzi
43950595,52205017,KZN225 - Msunduzi
43950607,52205017,KZN225 - Msunduzi
43951114,52205017,KZN225 - Msunduzi
43951282,52205017,KZN225 - Msunduzi
43950977,52205018,KZN225 - Msunduzi
43951046,52205018,KZN225 - Msunduzi
43951204,52205018,KZN225 - Msunduzi
43951439,52205018,KZN225 - Msunduzi
43951451,52205018,KZN225 - Msunduzi
43950506,52205019,KZN225 - Msunduzi
43950517,52205019,KZN225 - Msunduzi
43950539,52205019,KZN225 - Msunduzi
43950696,52205019,KZN225 - Msunduzi
43950843,52205019,KZN225 - Msunduzi
43950854,52205019,KZN225 - Msunduzi
43951417,52205019,KZN225 - Msunduzi
43950652,52205020,KZN225 - Msunduzi
43950719,52205020,KZN225 - Msunduzi
43950720,52205020,KZN225 - Msunduzi
43950731,52205020,KZN225 - Msunduzi
43950797,52205021,KZN225 - Msunduzi
43950809,52205021,KZN225 - Msunduzi
43950810,52205021,KZN225 - Msunduzi
43951057,52205021,KZN225 - Msunduzi
43951136,52205021,KZN225 - Msunduzi
43950528,52205022,KZN225 - Msunduzi
43950764,52205022,KZN225 - Msunduzi
43950832,52205022,KZN225 - Msunduzi
43951068,52205022,KZN225 - Msunduzi
43951293,52205022,KZN225 - Msunduzi
43950494,52205023,KZN225 - Msunduzi
43950618,52205023,KZN225 - Msunduzi
43950630,52205023,KZN225 - Msunduzi
43950461,52205024,KZN225 - Msunduzi
43950472,52205024,KZN225 - Msunduzi
43950483,52205024,KZN225 - Msunduzi
43951305,52205024,KZN225 - Msunduzi
43951316,52205024,KZN225 - Msunduzi
43950281,52205025,KZN225 - Msunduzi
43950292,52205025,KZN225 - Msunduzi
43950304,52205025,KZN225 - Msunduzi
43950315,52205026,KZN225 - Msunduzi
43950326,52205026,KZN225 - Msunduzi
43950337,52205026,KZN225 - Msunduzi
43951170,52205026,KZN225 - Msunduzi
43951181,52205026,KZN225 - Msunduzi
43951327,52205026,KZN225 - Msunduzi
43950360,52205027,KZN225 - Msunduzi
43950393,52205027,KZN225 - Msunduzi
43950708,52205027,KZN225 - Msunduzi
43951338,52205027,KZN225 - Msunduzi
43950056,52205028,KZN225 - Msunduzi
43950067,52205028,KZN225 - Msunduzi
43950078,52205028,KZN225 - Msunduzi
43950089,52205028,KZN225 - Msunduzi
43950090,52205028,KZN225 - Msunduzi
43950012,52205029,KZN225 - Msunduzi
43950034,52205029,KZN225 - Msunduzi
43951080,52205029,KZN225 - Msunduzi
43951350,52205029,KZN225 - Msunduzi
43951361,52205029,KZN225 - Msunduzi
43950045,52205030,KZN225 - Msunduzi
43950102,52205030,KZN225 - Msunduzi
43950113,52205030,KZN225 - Msunduzi
43951192,52205030,KZN225 - Msunduzi
43950124,52205031,KZN225 - Msunduzi
43950135,52205031,KZN225 - Msunduzi
43950146,52205031,KZN225 - Msunduzi
43950157,52205031,KZN225 - Msunduzi
43951349,52205031,KZN225 - Msunduzi
43951372,52205031,KZN225 - Msunduzi
43950168,52205032,KZN225 - Msunduzi
43950179,52205032,KZN225 - Msunduzi
43950270,52205032,KZN225 - Msunduzi
43950359,52205032,KZN225 - Msunduzi
43951440,52205032,KZN225 - Msunduzi
43950348,52205033,KZN225 - Msunduzi
43950371,52205033,KZN225 - Msunduzi
43950427,52205033,KZN225 - Msunduzi
43951383,52205033,KZN225 - Msunduzi
43950023,52205034,KZN225 - Msunduzi
43950180,52205034,KZN225 - Msunduzi
43950191,52205034,KZN225 - Msunduzi
43950203,52205034,KZN225 - Msunduzi
43951394,52205034,KZN225 - Msunduzi
43950247,52205035,KZN225 - Msunduzi
43950258,52205035,KZN225 - Msunduzi
43950269,52205035,KZN225 - Msunduzi
43950438,52205035,KZN225 - Msunduzi
43950405,52205036,KZN225 - Msunduzi
43950416,52205036,KZN225 - Msunduzi
43950966,52205036,KZN225 - Msunduzi
43951406,52205036,KZN225 - Msunduzi
43780013,52205037,KZN225 - Msunduzi
43780024,52205037,KZN225 - Msunduzi
43780035,52205037,KZN225 - Msunduzi
43780046,52205037,KZN225 - Msunduzi
43950449,52205037,KZN225 - Msunduzi
43950450,52205037,KZN225 - Msunduzi
43951462,52205037,KZN225 - Msunduzi
43773701,52205038,KZN225 - Msunduzi
43950214,52205038,KZN225 - Msunduzi
43950225,52205038,KZN225 - Msunduzi
43950236,52205038,KZN225 - Msunduzi
43771125,52205039,KZN225 - Msunduzi
43771136,52205039,KZN225 - Msunduzi
43771147,52205039,KZN225 - Msunduzi
43771383,52205039,KZN225 - Msunduzi
43771394,52205039,KZN225 - Msunduzi
43772148,52205039,KZN225 - Msunduzi
43772159,52205039,KZN225 - Msunduzi
43772160,52205039,KZN225 - Msunduzi
43772171,52205039,KZN225 - Msunduzi
43770865,52205040,KZN225 - Msunduzi
43770887,52205040,KZN225 - Msunduzi
43770898,52205040,KZN225 - Msunduzi
43770911,52205040,KZN225 - Msunduzi
43770944,52205040,KZN225 - Msunduzi
43770988,52205040,KZN225 - Msunduzi
43773600,52205040,KZN225 - Msunduzi
43774735,52205040,KZN225 - Msunduzi
43774746,52205040,KZN225 - Msunduzi
43775297,52205040,KZN225 - Msunduzi
43775309,52205040,KZN225 - Msunduzi
43775310,52205040,KZN225 - Msunduzi
43775332,52205040,KZN225 - Msunduzi
43950562,52205041,KZN225 - Msunduzi
43950685,52205041,KZN225 - Msunduzi
43951013,52205041,KZN225 - Msunduzi
43951125,52205041,KZN225 - Msunduzi
43772485,52206001,KZN226 - Mkhambathini
43773699,52206001,KZN226 - Mkhambathini
43774690,52206001,KZN226 - Mkhambathini
43771529,52206002,KZN226 - Mkhambathini
43772407,52206002,KZN226 - Mkhambathini
43772429,52206002,KZN226 - Mkhambathini
43772441,52206002,KZN226 - Mkhambathini
43772463,52206002,KZN226 - Mkhambathini
43775512,52206002,KZN226 - Mkhambathini
43772474,52206003,KZN226 - Mkhambathini
43772520,52206003,KZN226 - Mkhambathini
43774162,52206003,KZN226 - Mkhambathini
43775028,52206003,KZN226 - Mkhambathini
43775523,52206003,KZN226 - Mkhambathini
43790014,52206003,KZN226 - Mkhambathini
43772553,52206004,KZN226 - Mkhambathini
43772643,52206004,KZN226 - Mkhambathini
43773767,52206004,KZN226 - Mkhambathini
43773789,52206004,KZN226 - Mkhambathini
43774061,52206004,KZN226 - Mkhambathini
43774689,52206004,KZN226 - Mkhambathini
43772418,52206005,KZN226 - Mkhambathini
43772430,52206005,KZN226 - Mkhambathini
43772452,52206005,KZN226 - Mkhambathini
43580088,52206006,KZN226 - Mkhambathini
43582114,52206006,KZN226 - Mkhambathini
43583250,52206006,KZN226 - Mkhambathini
43772508,52206006,KZN226 - Mkhambathini
43772632,52206006,KZN226 - Mkhambathini
43580055,52206007,KZN226 - Mkhambathini
43580066,52206007,KZN226 - Mkhambathini
43580077,52206007,KZN226 - Mkhambathini
43580099,52206007,KZN226 - Mkhambathini
43583193,52206007,KZN226 - Mkhambathini
43583700,52206007,KZN226 - Mkhambathini
43960024,52207001,KZN227 - Richmond
43960057,52207001,KZN227 - Richmond
43960080,52207001,KZN227 - Richmond
43960103,52207001,KZN227 - Richmond
43960136,52207001,KZN227 - Richmond
43960046,52207002,KZN227 - Richmond
43960079,52207002,KZN227 - Richmond
43960091,52207002,KZN227 - Richmond
43960114,52207002,KZN227 - Richmond
43770045,52207003,KZN227 - Richmond
43772542,52207003,KZN227 - Richmond
43773510,52207003,KZN227 - Richmond
43773521,52207003,KZN227 - Richmond
43774599,52207003,KZN227 - Richmond
43775714,52207003,KZN227 - Richmond
43772531,52207004,KZN227 - Richmond
43772654,52207004,KZN227 - Richmond
43772665,52207004,KZN227 - Richmond
43772687,52207004,KZN227 - Richmond
43774702,52207004,KZN227 - Richmond
43580011,52207005,KZN227 - Richmond
43580022,52207005,KZN227 - Richmond
43580033,52207005,KZN227 - Richmond
43580044,52207005,KZN227 - Richmond
43583249,52207005,KZN227 - Richmond
43583261,52207005,KZN227 - Richmond
43584206,52207005,KZN227 - Richmond
43584217,52207005,KZN227 - Richmond
43584228,52207005,KZN227 - Richmond
43584318,52207005,KZN227 - Richmond
43774409,52207005,KZN227 - Richmond
43771945,52207006,KZN227 - Richmond
43772609,52207006,KZN227 - Richmond
43772676,52207006,KZN227 - Richmond
43772698,52207006,KZN227 - Richmond
43774397,52207006,KZN227 - Richmond
43774601,52207006,KZN227 - Richmond
43775017,52207006,KZN227 - Richmond
43960035,52207006,KZN227 - Richmond
43960013,52207007,KZN227 - Richmond
43960068,52207007,KZN227 - Richmond
43960125,52207007,KZN227 - Richmond
43691115,52305001,KZN235 - Okhahlamba
43693139,52305001,KZN235 - Okhahlamba
43693476,52305001,KZN235 - Okhahlamba
43691698,52305002,KZN235 - Okhahlamba
43691700,52305002,KZN235 - Okhahlamba
43691722,52305002,KZN235 - Okhahlamba
43691777,52305002,KZN235 - Okhahlamba
43693184,52305002,KZN235 - Okhahlamba
43691676,52305003,KZN235 - Okhahlamba
43691711,52305003,KZN235 - Okhahlamba
43691766,52305003,KZN235 - Okhahlamba
43691788,52305003,KZN235 - Okhahlamba
43691812,52305003,KZN235 - Okhahlamba
43691823,52305003,KZN235 - Okhahlamba
43692587,52305003,KZN235 - Okhahlamba
43691519,52305004,KZN235 - Okhahlamba
43691520,52305004,KZN235 - Okhahlamba
43691542,52305004,KZN235 - Okhahlamba
43691564,52305004,KZN235 - Okhahlamba
43691586,52305004,KZN235 - Okhahlamba
43691597,52305004,KZN235 - Okhahlamba
43691553,52305005,KZN235 - Okhahlamba
43691575,52305005,KZN235 - Okhahlamba
43691609,52305005,KZN235 - Okhahlamba
43691643,52305005,KZN235 - Okhahlamba
43691654,52305005,KZN235 - Okhahlamba
43693005,52305005,KZN235 - Okhahlamba
43693421,52305005,KZN235 - Okhahlamba
43693432,52305005,KZN235 - Okhahlamba
43691193,52305006,KZN235 - Okhahlamba
43691250,52305006,KZN235 - Okhahlamba
43691306,52305006,KZN235 - Okhahlamba
43691317,52305006,KZN235 - Okhahlamba
43691429,52305006,KZN235 - Okhahlamba
43693195,52305006,KZN235 - Okhahlamba
43691159,52305007,KZN235 - Okhahlamba
43691171,52305007,KZN235 - Okhahlamba
43691238,52305007,KZN235 - Okhahlamba
43691283,52305007,KZN235 - Okhahlamba
43691328,52305007,KZN235 - Okhahlamba
43691395,52305007,KZN235 - Okhahlamba
43691272,52305008,KZN235 - Okhahlamba
43691340,52305008,KZN235 - Okhahlamba
43691418,52305008,KZN235 - Okhahlamba
43691430,52305008,KZN235 - Okhahlamba
43691474,52305008,KZN235 - Okhahlamba
43691485,52305008,KZN235 - Okhahlamba
43691058,52305009,KZN235 - Okhahlamba
43691104,52305009,KZN235 - Okhahlamba
43691126,52305009,KZN235 - Okhahlamba
43691148,52305009,KZN235 - Okhahlamba
43691249,52305009,KZN235 - Okhahlamba
43690776,52305010,KZN235 - Okhahlamba
43690800,52305010,KZN235 - Okhahlamba
43691182,52305010,KZN235 - Okhahlamba
43691373,52305010,KZN235 - Okhahlamba
43691441,52305010,KZN235 - Okhahlamba
43692891,52305010,KZN235 - Okhahlamba
43693050,52305010,KZN235 - Okhahlamba
43690642,52305011,KZN235 - Okhahlamba
43690710,52305011,KZN235 - Okhahlamba
43690989,52305011,KZN235 - Okhahlamba
43700015,52305011,KZN235 - Okhahlamba
43691216,52305012,KZN235 - Okhahlamba
43691227,52305012,KZN235 - Okhahlamba
43691339,52305012,KZN235 - Okhahlamba
43691351,52305012,KZN235 - Okhahlamba
43691621,52305012,KZN235 - Okhahlamba
43691687,52305012,KZN235 - Okhahlamba
43693375,52305012,KZN235 - Okhahlamba
43690305,52305013,KZN235 - Okhahlamba
43690417,52305013,KZN235 - Okhahlamba
43690787,52305013,KZN235 - Okhahlamba
43690798,52305013,KZN235 - Okhahlamba
43690822,52305013,KZN235 - Okhahlamba
43692532,52305013,KZN235 - Okhahlamba
43692903,52305013,KZN235 - Okhahlamba
43691610,52305014,KZN235 - Okhahlamba
43691799,52305014,KZN235 - Okhahlamba
43691801,52305014,KZN235 - Okhahlamba
43692576,52305014,KZN235 - Okhahlamba
43692644,52305014,KZN235 - Okhahlamba
43710016,52305014,KZN235 - Okhahlamba
43691137,52305015,KZN235 - Okhahlamba
43691160,52305015,KZN235 - Okhahlamba
43691205,52305015,KZN235 - Okhahlamba
43691261,52305015,KZN235 - Okhahlamba
43692026,52307001,KZN237 - iNkosi Langalibalele
43692048,52307001,KZN237 - iNkosi Langalibalele
43692059,52307001,KZN237 - iNkosi Langalibalele
43692060,52307001,KZN237 - iNkosi Langalibalele
43692105,52307001,KZN237 - iNkosi Langalibalele
43693342,52307001,KZN237 - iNkosi Langalibalele
43691935,52307002,KZN237 - iNkosi Langalibalele
43691979,52307002,KZN237 - iNkosi Langalibalele
43692004,52307002,KZN237 - iNkosi Langalibalele
43692846,52307002,KZN237 - iNkosi Langalibalele
43691924,52307003,KZN237 - iNkosi Langalibalele
43691957,52307003,KZN237 - iNkosi Langalibalele
43691980,52307003,KZN237 - iNkosi Langalibalele
43692015,52307003,KZN237 - iNkosi Langalibalele
43693331,52307003,KZN237 - iNkosi Langalibalele
43691834,52307004,KZN237 - iNkosi Langalibalele
43691856,52307004,KZN237 - iNkosi Langalibalele
43691867,52307004,KZN237 - iNkosi Langalibalele
43691878,52307005,KZN237 - iNkosi Langalibalele
43691946,52307005,KZN237 - iNkosi Langalibalele
43693386,52307005,KZN237 - iNkosi Langalibalele
43691889,52307006,KZN237 - iNkosi Langalibalele
43691968,52307006,KZN237 - iNkosi Langalibalele
43692857,52307006,KZN237 - iNkosi Langalibalele
43693397,52307006,KZN237 - iNkosi Langalibalele
43691991,52307007,KZN237 - iNkosi Langalibalele
43692149,52307007,KZN237 - iNkosi Langalibalele
43692161,52307007,KZN237 - iNkosi Langalibalele
43692183,52307007,KZN237 - iNkosi Langalibalele
43692206,52307007,KZN237 - iNkosi Langalibalele
43692789,52307007,KZN237 - iNkosi Langalibalele
43730029,52307008,KZN237 - iNkosi Langalibalele
43730085,52307008,KZN237 - iNkosi Langalibalele
43730142,52307008,KZN237 - iNkosi Langalibalele
43730186,52307008,KZN237 - iNkosi Langalibalele
43730030,52307009,KZN237 - iNkosi Langalibalele
43730108,52307009,KZN237 - iNkosi Langalibalele
43730131,52307009,KZN237 - iNkosi Langalibalele
43730052,52307010,KZN237 - iNkosi Langalibalele
43730063,52307010,KZN237 - iNkosi Langalibalele
43730175,52307010,KZN237 - iNkosi Langalibalele
43692037,52307011,KZN237 - iNkosi Langalibalele
43692127,52307011,KZN237 - iNkosi Langalibalele
43692273,52307011,KZN237 - iNkosi Langalibalele
43692284,52307011,KZN237 - iNkosi Langalibalele
43692307,52307011,KZN237 - iNkosi Langalibalele
43692329,52307011,KZN237 - iNkosi Langalibalele
43692958,52307011,KZN237 - iNkosi Langalibalele
43692970,52307011,KZN237 - iNkosi Langalibalele
43692228,52307012,KZN237 - iNkosi Langalibalele
43692240,52307012,KZN237 - iNkosi Langalibalele
43692262,52307012,KZN237 - iNkosi Langalibalele
43692295,52307012,KZN237 - iNkosi Langalibalele
43692318,52307012,KZN237 - iNkosi Langalibalele
43692790,52307012,KZN237 - iNkosi Langalibalele
43692194,52307013,KZN237 - iNkosi Langalibalele
43692217,52307013,KZN237 - iNkosi Langalibalele
43692239,52307013,KZN237 - iNkosi Langalibalele
43692420,52307013,KZN237 - iNkosi Langalibalele
43692071,52307014,KZN237 - iNkosi Langalibalele
43692116,52307014,KZN237 - iNkosi Langalibalele
43692802,52307014,KZN237 - iNkosi Langalibalele
43693364,52307014,KZN237 - iNkosi Langalibalele
43693500,52307014,KZN237 - iNkosi Langalibalele
43692082,52307015,KZN237 - iNkosi Langalibalele
43692093,52307015,KZN237 - iNkosi Langalibalele
43692655,52307015,KZN237 - iNkosi Langalibalele
43692813,52307015,KZN237 - iNkosi Langalibalele
43692138,52307016,KZN237 - iNkosi Langalibalele
43692150,52307016,KZN237 - iNkosi Langalibalele
43692172,52307016,KZN237 - iNkosi Langalibalele
43692824,52307016,KZN237 - iNkosi Langalibalele
43692835,52307016,KZN237 - iNkosi Langalibalele
43693151,52307016,KZN237 - iNkosi Langalibalele
43730018,52307017,KZN237 - iNkosi Langalibalele
43730041,52307017,KZN237 - iNkosi Langalibalele
43691665,52307018,KZN237 - iNkosi Langalibalele
43692947,52307018,KZN237 - iNkosi Langalibalele
43692981,52307018,KZN237 - iNkosi Langalibalele
43693409,52307018,KZN237 - iNkosi Langalibalele
43730120,52307018,KZN237 - iNkosi Langalibalele
43691362,52307019,KZN237 - iNkosi Langalibalele
43691733,52307019,KZN237 - iNkosi Langalibalele
43691755,52307019,KZN237 - iNkosi Langalibalele
43692374,52307019,KZN237 - iNkosi Langalibalele
43692767,52307019,KZN237 - iNkosi Langalibalele
43693061,52307019,KZN237 - iNkosi Langalibalele
43693094,52307019,KZN237 - iNkosi Langalibalele
43691036,52307020,KZN237 - iNkosi Langalibalele
43691531,52307020,KZN237 - iNkosi Langalibalele
43692756,52307020,KZN237 - iNkosi Langalibalele
43692936,52307020,KZN237 - iNkosi Langalibalele
43750010,52307020,KZN237 - iNkosi Langalibalele
43750032,52307020,KZN237 - iNkosi Langalibalele
43691744,52307021,KZN237 - iNkosi Langalibalele
43691845,52307021,KZN237 - iNkosi Langalibalele
43691913,52307021,KZN237 - iNkosi Langalibalele
43692701,52307021,KZN237 - iNkosi Langalibalele
43693241,52307021,KZN237 - iNkosi Langalibalele
43750021,52307021,KZN237 - iNkosi Langalibalele
43750043,52307021,KZN237 - iNkosi Langalibalele
43691463,52307022,KZN237 - iNkosi Langalibalele
43691496,52307022,KZN237 - iNkosi Langalibalele
43691632,52307022,KZN237 - iNkosi Langalibalele
43692699,52307022,KZN237 - iNkosi Langalibalele
43692778,52307022,KZN237 - iNkosi Langalibalele
43692925,52307022,KZN237 - iNkosi Langalibalele
43693083,52307022,KZN237 - iNkosi Langalibalele
43693106,52307022,KZN237 - iNkosi Langalibalele
43693353,52307022,KZN237 - iNkosi Langalibalele
43693410,52307022,KZN237 - iNkosi Langalibalele
43693511,52307022,KZN237 - iNkosi Langalibalele
43692543,52307023,KZN237 - iNkosi Langalibalele
43692712,52307023,KZN237 - iNkosi Langalibalele
43692969,52307023,KZN237 - iNkosi Langalibalele
43730119,52307023,KZN237 - iNkosi Langalibalele
43730164,52307023,KZN237 - iNkosi Langalibalele
43730197,52307023,KZN237 - iNkosi Langalibalele
43691890,52307024,KZN237 - iNkosi Langalibalele
43692554,52307024,KZN237 - iNkosi Langalibalele
43693072,52307024,KZN237 - iNkosi Langalibalele
43693162,52307024,KZN237 - iNkosi Langalibalele
43693487,52307024,KZN237 - iNkosi Langalibalele
43693498,52307024,KZN237 - iNkosi Langalibalele
43740187,52308001,KZN238 - Alfred Duma
43740211,52308001,KZN238 - Alfred Duma
43740288,52308001,KZN238 - Alfred Duma
43740222,52308002,KZN238 - Alfred Duma
43740233,52308002,KZN238 - Alfred Duma
43690899,52308003,KZN238 - Alfred Duma
43740042,52308003,KZN238 - Alfred Duma
43740198,52308003,KZN238 - Alfred Duma
43740244,52308003,KZN238 - Alfred Duma
43691003,52308004,KZN238 - Alfred Duma
43740200,52308004,KZN238 - Alfred Duma
43740165,52308005,KZN238 - Alfred Duma
43740176,52308005,KZN238 - Alfred Duma
43740356,52308005,KZN238 - Alfred Duma
43693117,52308006,KZN238 - Alfred Duma
43740109,52308006,KZN238 - Alfred Duma
43740154,52308006,KZN238 - Alfred Duma
43740367,52308006,KZN238 - Alfred Duma
43690721,52308007,KZN238 - Alfred Duma
43690833,52308007,KZN238 - Alfred Duma
43690912,52308007,KZN238 - Alfred Duma
43693218,52308007,KZN238 - Alfred Duma
43693443,52308007,KZN238 - Alfred Duma
43691014,52308008,KZN238 - Alfred Duma
43740110,52308008,KZN238 - Alfred Duma
43740301,52308008,KZN238 - Alfred Duma
43740121,52308009,KZN238 - Alfred Duma
43740277,52308009,KZN238 - Alfred Duma
43740312,52308009,KZN238 - Alfred Duma
43740064,52308010,KZN238 - Alfred Duma
43740097,52308010,KZN238 - Alfred Duma
43690877,52308011,KZN238 - Alfred Duma
43690956,52308011,KZN238 - Alfred Duma
43740132,52308012,KZN238 - Alfred Duma
43740143,52308012,KZN238 - Alfred Duma
43740323,52308012,KZN238 - Alfred Duma
43692992,52308013,KZN238 - Alfred Duma
43740019,52308013,KZN238 - Alfred Duma
43740031,52308013,KZN238 - Alfred Duma
43690248,52308014,KZN238 - Alfred Duma
43690383,52308014,KZN238 - Alfred Duma
43690473,52308014,KZN238 - Alfred Duma
43693049,52308014,KZN238 - Alfred Duma
43690440,52308015,KZN238 - Alfred Duma
43690462,52308015,KZN238 - Alfred Duma
43690518,52308015,KZN238 - Alfred Duma
43690529,52308015,KZN238 - Alfred Duma
43690349,52308016,KZN238 - Alfred Duma
43690361,52308016,KZN238 - Alfred Duma
43690406,52308016,KZN238 - Alfred Duma
43693230,52308016,KZN238 - Alfred Duma
43690080,52308017,KZN238 - Alfred Duma
43690114,52308017,KZN238 - Alfred Duma
43690136,52308017,KZN238 - Alfred Duma
43690226,52308017,KZN238 - Alfred Duma
43690181,52308018,KZN238 - Alfred Duma
43690271,52308018,KZN238 - Alfred Duma
43690282,52308018,KZN238 - Alfred Duma
43690293,52308018,KZN238 - Alfred Duma
43690327,52308018,KZN238 - Alfred Duma
43690068,52308019,KZN238 - Alfred Duma
43690091,52308019,KZN238 - Alfred Duma
43690125,52308019,KZN238 - Alfred Duma
43690158,52308019,KZN238 - Alfred Duma
43690215,52308019,KZN238 - Alfred Duma
43740075,52308020,KZN238 - Alfred Duma
43740299,52308020,KZN238 - Alfred Duma
43740086,52308021,KZN238 - Alfred Duma
43740266,52308021,KZN238 - Alfred Duma
43740345,52308021,KZN238 - Alfred Duma
43693128,52308022,KZN238 - Alfred Duma
43693229,52308022,KZN238 - Alfred Duma
43740020,52308022,KZN238 - Alfred Duma
43740053,52308022,KZN238 - Alfred Duma
43690170,52308023,KZN238 - Alfred Duma
43690192,52308023,KZN238 - Alfred Duma
43690204,52308023,KZN238 - Alfred Duma
43690237,52308023,KZN238 - Alfred Duma
43690260,52308023,KZN238 - Alfred Duma
43690013,52308024,KZN238 - Alfred Duma
43690035,52308024,KZN238 - Alfred Duma
43690057,52308024,KZN238 - Alfred Duma
43690079,52308024,KZN238 - Alfred Duma
43690103,52308024,KZN238 - Alfred Duma
43690169,52308024,KZN238 - Alfred Duma
43692677,52308024,KZN238 - Alfred Duma
43692914,52308024,KZN238 - Alfred Duma
43692745,52308025,KZN238 - Alfred Duma
43693454,52308025,KZN238 - Alfred Duma
43720017,52308025,KZN238 - Alfred Duma
43720028,52308025,KZN238 - Alfred Duma
43690046,52308026,KZN238 - Alfred Duma
43690147,52308026,KZN238 - Alfred Duma
43690259,52308026,KZN238 - Alfred Duma
43690316,52308026,KZN238 - Alfred Duma
43690541,52308026,KZN238 - Alfred Duma
43692688,52308026,KZN238 - Alfred Duma
43692734,52308026,KZN238 - Alfred Duma
43693140,52308026,KZN238 - Alfred Duma
43740334,52308026,KZN238 - Alfred Duma
43690855,52308027,KZN238 - Alfred Duma
43690888,52308027,KZN238 - Alfred Duma
43693016,52308027,KZN238 - Alfred Duma
43693465,52308027,KZN238 - Alfred Duma
43740255,52308027,KZN238 - Alfred Duma
43690811,52308028,KZN238 - Alfred Duma
43690901,52308028,KZN238 - Alfred Duma
43690923,52308028,KZN238 - Alfred Duma
43690978,52308028,KZN238 - Alfred Duma
43690990,52308028,KZN238 - Alfred Duma
43691092,52308028,KZN238 - Alfred Duma
43690934,52308029,KZN238 - Alfred Duma
43690945,52308029,KZN238 - Alfred Duma
43690967,52308029,KZN238 - Alfred Duma
43691047,52308029,KZN238 - Alfred Duma
43691069,52308029,KZN238 - Alfred Duma
43691070,52308029,KZN238 - Alfred Duma
43691294,52308029,KZN238 - Alfred Duma
43692565,52308029,KZN238 - Alfred Duma
43690686,52308030,KZN238 - Alfred Duma
43690743,52308030,KZN238 - Alfred Duma
43690765,52308030,KZN238 - Alfred Duma
43690844,52308030,KZN238 - Alfred Duma
43690866,52308030,KZN238 - Alfred Duma
43693320,52308030,KZN238 - Alfred Duma
43690428,52308031,KZN238 - Alfred Duma
43690451,52308031,KZN238 - Alfred Duma
43690574,52308031,KZN238 - Alfred Duma
43690608,52308031,KZN238 - Alfred Duma
43690697,52308031,KZN238 - Alfred Duma
43690754,52308031,KZN238 - Alfred Duma
43692666,52308031,KZN238 - Alfred Duma
43692723,52308031,KZN238 - Alfred Duma
43690495,52308032,KZN238 - Alfred Duma
43690552,52308032,KZN238 - Alfred Duma
43690631,52308032,KZN238 - Alfred Duma
43690664,52308032,KZN238 - Alfred Duma
43693285,52308032,KZN238 - Alfred Duma
43693296,52308032,KZN238 - Alfred Duma
43690585,52308033,KZN238 - Alfred Duma
43690596,52308033,KZN238 - Alfred Duma
43690620,52308033,KZN238 - Alfred Duma
43693038,52308033,KZN238 - Alfred Duma
43693319,52308033,KZN238 - Alfred Duma
43690338,52308034,KZN238 - Alfred Duma
43690350,52308034,KZN238 - Alfred Duma
43690372,52308034,KZN238 - Alfred Duma
43690394,52308034,KZN238 - Alfred Duma
43690484,52308034,KZN238 - Alfred Duma
43693274,52308034,KZN238 - Alfred Duma
43690439,52308035,KZN238 - Alfred Duma
43690507,52308035,KZN238 - Alfred Duma
43690530,52308035,KZN238 - Alfred Duma
43690563,52308035,KZN238 - Alfred Duma
43693027,52308035,KZN238 - Alfred Duma
43693252,52308035,KZN238 - Alfred Duma
43693263,52308035,KZN238 - Alfred Duma
43690619,52308036,KZN238 - Alfred Duma
43690653,52308036,KZN238 - Alfred Duma
43690675,52308036,KZN238 - Alfred Duma
43690709,52308036,KZN238 - Alfred Duma
43692330,52308036,KZN238 - Alfred Duma
43691081,52308037,KZN238 - Alfred Duma
43691384,52308037,KZN238 - Alfred Duma
43691407,52308037,KZN238 - Alfred Duma
43691452,52308037,KZN238 - Alfred Duma
43691508,52308037,KZN238 - Alfred Duma
43622007,52401001,KZN241 - eNdumeni
43622849,52401001,KZN241 - eNdumeni
43625909,52401001,KZN241 - eNdumeni
43625987,52401001,KZN241 - eNdumeni
43640052,52401002,KZN241 - eNdumeni
43640074,52401002,KZN241 - eNdumeni
43650020,52401003,KZN241 - eNdumeni
43650042,52401003,KZN241 - eNdumeni
43640029,52401004,KZN241 - eNdumeni
43640030,52401004,KZN241 - eNdumeni
43621545,52401005,KZN241 - eNdumeni
43622120,52401005,KZN241 - eNdumeni
43640041,52401005,KZN241 - eNdumeni
43640063,52401005,KZN241 - eNdumeni
43621994,52401006,KZN241 - eNdumeni
43622119,52401006,KZN241 - eNdumeni
43622131,52401006,KZN241 - eNdumeni
43625325,52401006,KZN241 - eNdumeni
43640018,52401006,KZN241 - eNdumeni
43640085,52401006,KZN241 - eNdumeni
43621859,52401007,KZN241 - eNdumeni
43625314,52401007,KZN241 - eNdumeni
43650019,52401007,KZN241 - eNdumeni
43650031,52401007,KZN241 - eNdumeni
43620858,52402001,KZN242 - Nqutu
43620869,52402001,KZN242 - Nqutu
43621006,52402001,KZN242 - Nqutu
43621017,52402001,KZN242 - Nqutu
43621084,52402001,KZN242 - Nqutu
43624885,52402001,KZN242 - Nqutu
43621051,52402002,KZN242 - Nqutu
43621073,52402002,KZN242 - Nqutu
43621141,52402002,KZN242 - Nqutu
43622692,52402002,KZN242 - Nqutu
43622883,52402002,KZN242 - Nqutu
43625392,52402002,KZN242 - Nqutu
43625448,52402002,KZN242 - Nqutu
43625752,52402002,KZN242 - Nqutu
43503577,52402003,KZN242 - Nqutu
43503588,52402003,KZN242 - Nqutu
43504196,52402003,KZN242 - Nqutu
43621062,52402003,KZN242 - Nqutu
43621174,52402003,KZN242 - Nqutu
43621185,52402003,KZN242 - Nqutu
43622872,52402003,KZN242 - Nqutu
43625213,52402003,KZN242 - Nqutu
43625415,52402003,KZN242 - Nqutu
43501070,52402004,KZN242 - Nqutu
43621163,52402004,KZN242 - Nqutu
43621523,52402004,KZN242 - Nqutu
43624920,52402004,KZN242 - Nqutu
43500080,52402005,KZN242 - Nqutu
43501069,52402005,KZN242 - Nqutu
43621309,52402005,KZN242 - Nqutu
43622850,52402005,KZN242 - Nqutu
43624784,52402005,KZN242 - Nqutu
43625471,52402005,KZN242 - Nqutu
43625651,52402005,KZN242 - Nqutu
43625921,52402005,KZN242 - Nqutu
43621512,52402006,KZN242 - Nqutu
43624795,52402006,KZN242 - Nqutu
43624919,52402006,KZN242 - Nqutu
43625268,52402006,KZN242 - Nqutu
43625279,52402006,KZN242 - Nqutu
43621422,52402007,KZN242 - Nqutu
43621455,52402007,KZN242 - Nqutu
43621466,52402007,KZN242 - Nqutu
43621501,52402007,KZN242 - Nqutu
43625617,52402007,KZN242 - Nqutu
43625741,52402007,KZN242 - Nqutu
43625763,52402007,KZN242 - Nqutu
43621354,52402008,KZN242 - Nqutu
43621365,52402008,KZN242 - Nqutu
43621488,52402008,KZN242 - Nqutu
43621534,52402008,KZN242 - Nqutu
43625730,52402008,KZN242 - Nqutu
43624908,52402009,KZN242 - Nqutu
43625257,52402009,KZN242 - Nqutu
43626056,52402009,KZN242 - Nqutu
43626292,52402009,KZN242 - Nqutu
43621444,52402010,KZN242 - Nqutu
43622579,52402010,KZN242 - Nqutu
43625246,52402010,KZN242 - Nqutu
43625404,52402010,KZN242 - Nqutu
43625459,52402010,KZN242 - Nqutu
43621219,52402011,KZN242 - Nqutu
43621231,52402011,KZN242 - Nqutu
43621242,52402011,KZN242 - Nqutu
43621310,52402011,KZN242 - Nqutu
43621332,52402011,KZN242 - Nqutu
43621376,52402011,KZN242 - Nqutu
43621499,52402011,KZN242 - Nqutu
43626045,52402011,KZN242 - Nqutu
43621107,52402012,KZN242 - Nqutu
43621253,52402012,KZN242 - Nqutu
43621264,52402012,KZN242 - Nqutu
43621275,52402012,KZN242 - Nqutu
43625202,52402012,KZN242 - Nqutu
43625235,52402012,KZN242 - Nqutu
43625437,52402012,KZN242 - Nqutu
43625460,52402012,KZN242 - Nqutu
43621343,52402013,KZN242 - Nqutu
43621400,52402013,KZN242 - Nqutu
43621433,52402013,KZN242 - Nqutu
43622580,52402013,KZN242 - Nqutu
43625066,52402013,KZN242 - Nqutu
43626168,52402013,KZN242 - Nqutu
43621118,52402014,KZN242 - Nqutu
43621196,52402014,KZN242 - Nqutu
43621398,52402014,KZN242 - Nqutu
43622524,52402014,KZN242 - Nqutu
43625190,52402014,KZN242 - Nqutu
43625628,52402014,KZN242 - Nqutu
43626179,52402014,KZN242 - Nqutu
43621208,52402015,KZN242 - Nqutu
43621321,52402015,KZN242 - Nqutu
43621411,52402015,KZN242 - Nqutu
43625785,52402015,KZN242 - Nqutu
43621624,52402016,KZN242 - Nqutu
43621635,52402016,KZN242 - Nqutu
43621646,52402016,KZN242 - Nqutu
43622591,52402016,KZN242 - Nqutu
43625178,52402016,KZN242 - Nqutu
43625640,52402016,KZN242 - Nqutu
43625774,52402016,KZN242 - Nqutu
43625796,52402016,KZN242 - Nqutu
43626067,52402016,KZN242 - Nqutu
43621387,52402017,KZN242 - Nqutu
43621477,52402017,KZN242 - Nqutu
43625189,52402017,KZN242 - Nqutu
43625639,52402017,KZN242 - Nqutu
43621567,52402018,KZN242 - Nqutu
43621602,52402018,KZN242 - Nqutu
43621613,52402018,KZN242 - Nqutu
43621770,52402018,KZN242 - Nqutu
43625426,52402018,KZN242 - Nqutu
43625527,52402018,KZN242 - Nqutu
43626078,52402018,KZN242 - Nqutu
43621589,52402019,KZN242 - Nqutu
43621590,52402019,KZN242 - Nqutu
43622603,52402019,KZN242 - Nqutu
43625224,52402019,KZN242 - Nqutu
43625516,52402019,KZN242 - Nqutu
43620735,52404001,KZN244 - uMsinga
43620881,52404001,KZN244 - uMsinga
43620892,52404001,KZN244 - uMsinga
43620959,52404001,KZN244 - uMsinga
43620960,52404001,KZN244 - uMsinga
43624942,52404001,KZN244 - uMsinga
43625022,52404001,KZN244 - uMsinga
43626157,52404001,KZN244 - uMsinga
43620702,52404002,KZN244 - uMsinga
43620757,52404002,KZN244 - uMsinga
43620768,52404002,KZN244 - uMsinga
43620814,52404002,KZN244 - uMsinga
43620825,52404002,KZN244 - uMsinga
43620836,52404002,KZN244 - uMsinga
43624931,52404002,KZN244 - uMsinga
43620577,52404003,KZN244 - uMsinga
43620645,52404003,KZN244 - uMsinga
43620667,52404003,KZN244 - uMsinga
43620713,52404003,KZN244 - uMsinga
43620724,52404003,KZN244 - uMsinga
43625291,52404003,KZN244 - uMsinga
43625695,52404003,KZN244 - uMsinga
43620500,52404004,KZN244 - uMsinga
43620601,52404004,KZN244 - uMsinga
43620612,52404004,KZN244 - uMsinga
43620803,52404004,KZN244 - uMsinga
43622502,52404004,KZN244 - uMsinga
43625864,52404004,KZN244 - uMsinga
43625932,52404004,KZN244 - uMsinga
43620397,52404005,KZN244 - uMsinga
43620409,52404005,KZN244 - uMsinga
43624986,52404005,KZN244 - uMsinga
43624997,52404005,KZN244 - uMsinga
43625088,52404005,KZN244 - uMsinga
43626191,52404005,KZN244 - uMsinga
43626214,52404005,KZN244 - uMsinga
43620410,52404006,KZN244 - uMsinga
43620454,52404006,KZN244 - uMsinga
43620555,52404006,KZN244 - uMsinga
43620678,52404006,KZN244 - uMsinga
43625707,52404006,KZN244 - uMsinga
43620375,52404007,KZN244 - uMsinga
43620498,52404007,KZN244 - uMsinga
43620511,52404007,KZN244 - uMsinga
43620566,52404007,KZN244 - uMsinga
43620623,52404007,KZN244 - uMsinga
43620634,52404007,KZN244 - uMsinga
43625011,52404007,KZN244 - uMsinga
43625886,52404007,KZN244 - uMsinga
43620353,52404008,KZN244 - uMsinga
43620432,52404008,KZN244 - uMsinga
43620588,52404008,KZN244 - uMsinga
43625280,52404008,KZN244 - uMsinga
43625853,52404008,KZN244 - uMsinga
43620364,52404009,KZN244 - uMsinga
43620386,52404009,KZN244 - uMsinga
43620476,52404009,KZN244 - uMsinga
43620487,52404009,KZN244 - uMsinga
43620522,52404009,KZN244 - uMsinga
43620533,52404009,KZN244 - uMsinga
43620544,52404009,KZN244 - uMsinga
43626090,52404009,KZN244 - uMsinga
43620195,52404010,KZN244 - uMsinga
43620421,52404010,KZN244 - uMsinga
43620465,52404010,KZN244 - uMsinga
43625729,52404010,KZN244 - uMsinga
43626089,52404010,KZN244 - uMsinga
43626225,52404010,KZN244 - uMsinga
43626236,52404010,KZN244 - uMsinga
43620106,52404011,KZN244 - uMsinga
43620207,52404011,KZN244 - uMsinga
43620218,52404011,KZN244 - uMsinga
43620229,52404011,KZN244 - uMsinga
43620342,52404011,KZN244 - uMsinga
43626102,52404011,KZN244 - uMsinga
43620016,52404012,KZN244 - uMsinga
43620027,52404012,KZN244 - uMsinga
43620049,52404012,KZN244 - uMsinga
43620117,52404012,KZN244 - uMsinga
43625684,52404012,KZN244 - uMsinga
43620083,52404013,KZN244 - uMsinga
43620162,52404013,KZN244 - uMsinga
43620184,52404013,KZN244 - uMsinga
43620230,52404013,KZN244 - uMsinga
43620274,52404013,KZN244 - uMsinga
43622636,52404013,KZN244 - uMsinga
43622669,52404013,KZN244 - uMsinga
43624964,52404013,KZN244 - uMsinga
43625662,52404013,KZN244 - uMsinga
43625673,52404013,KZN244 - uMsinga
43625820,52404013,KZN244 - uMsinga
43620252,52404014,KZN244 - uMsinga
43620263,52404014,KZN244 - uMsinga
43620285,52404014,KZN244 - uMsinga
43622478,52404014,KZN244 - uMsinga
43625000,52404014,KZN244 - uMsinga
43626203,52404014,KZN244 - uMsinga
43620296,52404015,KZN244 - uMsinga
43620656,52404015,KZN244 - uMsinga
43620690,52404015,KZN244 - uMsinga
43620791,52404015,KZN244 - uMsinga
43620847,52404015,KZN244 - uMsinga
43625077,52404015,KZN244 - uMsinga
43625303,52404015,KZN244 - uMsinga
43625808,52404015,KZN244 - uMsinga
43620319,52404016,KZN244 - uMsinga
43620331,52404016,KZN244 - uMsinga
43620599,52404016,KZN244 - uMsinga
43620689,52404016,KZN244 - uMsinga
43622489,52404016,KZN244 - uMsinga
43622490,52404016,KZN244 - uMsinga
43625875,52404016,KZN244 - uMsinga
43620746,52404017,KZN244 - uMsinga
43620870,52404017,KZN244 - uMsinga
43620937,52404017,KZN244 - uMsinga
43620948,52404017,KZN244 - uMsinga
43620993,52404017,KZN244 - uMsinga
43626180,52404017,KZN244 - uMsinga
43620779,52404018,KZN244 - uMsinga
43620926,52404018,KZN244 - uMsinga
43622827,52404018,KZN244 - uMsinga
43625718,52404018,KZN244 - uMsinga
43626247,52404018,KZN244 - uMsinga
43620780,52404019,KZN244 - uMsinga
43620915,52404019,KZN244 - uMsinga
43622715,52404019,KZN244 - uMsinga
43622726,52404019,KZN244 - uMsinga
43622748,52404019,KZN244 - uMsinga
43625819,52404019,KZN244 - uMsinga
43620971,52404020,KZN244 - uMsinga
43622254,52404020,KZN244 - uMsinga
43622759,52404020,KZN244 - uMsinga
43622760,52404020,KZN244 - uMsinga
43624762,52404020,KZN244 - uMsinga
43626113,52404020,KZN244 - uMsinga
43620904,52404021,KZN244 - uMsinga
43620982,52404021,KZN244 - uMsinga
43621028,52404021,KZN244 - uMsinga
43621039,52404021,KZN244 - uMsinga
43621040,52404021,KZN244 - uMsinga
43625033,52404021,KZN244 - uMsinga
43625099,52404021,KZN244 - uMsinga
43626124,52404021,KZN244 - uMsinga
43626258,52404021,KZN244 - uMsinga
43770461,52405001,KZN245 - uMvoti
43770483,52405001,KZN245 - uMvoti
43770506,52405001,KZN245 - uMvoti
43770517,52405001,KZN245 - uMvoti
43770562,52405001,KZN245 - uMvoti
43770573,52405001,KZN245 - uMvoti
43770629,52405001,KZN245 - uMvoti
43770630,52405001,KZN245 - uMvoti
43774780,52405001,KZN245 - uMvoti
43775422,52405001,KZN245 - uMvoti
43775433,52405001,KZN245 - uMvoti
43775679,52405001,KZN245 - uMvoti
43775680,52405001,KZN245 - uMvoti
43770449,52405002,KZN245 - uMvoti
43770450,52405002,KZN245 - uMvoti
43774623,52405002,KZN245 - uMvoti
43770405,52405003,KZN245 - uMvoti
43770416,52405003,KZN245 - uMvoti
43770607,52405003,KZN245 - uMvoti
43774892,52405003,KZN245 - uMvoti
43774904,52405003,KZN245 - uMvoti
43775455,52405003,KZN245 - uMvoti
43770135,52405004,KZN245 - uMvoti
43770225,52405004,KZN245 - uMvoti
43770359,52405004,KZN245 - uMvoti
43770360,52405004,KZN245 - uMvoti
43773992,52405004,KZN245 - uMvoti
43774342,52405004,KZN245 - uMvoti
43775466,52405004,KZN245 - uMvoti
43770203,52405005,KZN245 - uMvoti
43770214,52405005,KZN245 - uMvoti
43770247,52405005,KZN245 - uMvoti
43770258,52405005,KZN245 - uMvoti
43774870,52405005,KZN245 - uMvoti
43774915,52405005,KZN245 - uMvoti
43774960,52405005,KZN245 - uMvoti
43910018,52405005,KZN245 - uMvoti
43910029,52405005,KZN245 - uMvoti
43410934,52405006,KZN245 - uMvoti
43410967,52405006,KZN245 - uMvoti
43410978,52405006,KZN245 - uMvoti
43410989,52405006,KZN245 - uMvoti
43415906,52405006,KZN245 - uMvoti
43416222,52405006,KZN245 - uMvoti
43417313,52405006,KZN245 - uMvoti
43417324,52405006,KZN245 - uMvoti
43417863,52405006,KZN245 - uMvoti
43417997,52405006,KZN245 - uMvoti
43418774,52405006,KZN245 - uMvoti
43840021,52405007,KZN245 - uMvoti
43840043,52405007,KZN245 - uMvoti
43840065,52405007,KZN245 - uMvoti
43770270,52405008,KZN245 - uMvoti
43774252,52405008,KZN245 - uMvoti
43774331,52405008,KZN245 - uMvoti
43774386,52405008,KZN245 - uMvoti
43774858,52405008,KZN245 - uMvoti
43840032,52405009,KZN245 - uMvoti
43840076,52405009,KZN245 - uMvoti
43840087,52405009,KZN245 - uMvoti
43840098,52405009,KZN245 - uMvoti
43840100,52405009,KZN245 - uMvoti
43773105,52405010,KZN245 - uMvoti
43773453,52405010,KZN245 - uMvoti
43773464,52405010,KZN245 - uMvoti
43774612,52405010,KZN245 - uMvoti
43840010,52405010,KZN245 - uMvoti
43770269,52405011,KZN245 - uMvoti
43773318,52405011,KZN245 - uMvoti
43774106,52405011,KZN245 - uMvoti
43774476,52405011,KZN245 - uMvoti
43774869,52405011,KZN245 - uMvoti
43840054,52405011,KZN245 - uMvoti
43410877,52405012,KZN245 - uMvoti
43416233,52405012,KZN245 - uMvoti
43620050,52405012,KZN245 - uMvoti
43620128,52405012,KZN245 - uMvoti
43620139,52405012,KZN245 - uMvoti
43620151,52405012,KZN245 - uMvoti
43620173,52405012,KZN245 - uMvoti
43625831,52405012,KZN245 - uMvoti
43625842,52405012,KZN245 - uMvoti
43770382,52405013,KZN245 - uMvoti
43770393,52405013,KZN245 - uMvoti
43774959,52405013,KZN245 - uMvoti
43775444,52405013,KZN245 - uMvoti
43620061,52405014,KZN245 - uMvoti
43620140,52405014,KZN245 - uMvoti
43770236,52405014,KZN245 - uMvoti
43774634,52405014,KZN245 - uMvoti
43774791,52405014,KZN245 - uMvoti
43774881,52405014,KZN245 - uMvoti
43775477,52405014,KZN245 - uMvoti
43775668,52405014,KZN245 - uMvoti
43621769,52502001,KZN252 - Newcastle
43621837,52502001,KZN252 - Newcastle
43621927,52502001,KZN252 - Newcastle
43622029,52502001,KZN252 - Newcastle
43625370,52502001,KZN252 - Newcastle
43625381,52502001,KZN252 - Newcastle
43626012,52502001,KZN252 - Newcastle
43626269,52502001,KZN252 - Newcastle
43670099,52502002,KZN252 - Newcastle
43670729,52502002,KZN252 - Newcastle
43670730,52502002,KZN252 - Newcastle
43670011,52502003,KZN252 - Newcastle
43670022,52502003,KZN252 - Newcastle
43670088,52502004,KZN252 - Newcastle
43670101,52502004,KZN252 - Newcastle
43670673,52502004,KZN252 - Newcastle
43670066,52502005,KZN252 - Newcastle
43670077,52502005,KZN252 - Newcastle
43622096,52502006,KZN252 - Newcastle
43625101,52502006,KZN252 - Newcastle
43625538,52502006,KZN252 - Newcastle
43625965,52502006,KZN252 - Newcastle
43622647,52502007,KZN252 - Newcastle
43625954,52502007,KZN252 - Newcastle
43670572,52502007,KZN252 - Newcastle
43670853,52502007,KZN252 - Newcastle
43670505,52502008,KZN252 - Newcastle
43670538,52502008,KZN252 - Newcastle
43622074,52502009,KZN252 - Newcastle
43670550,52502009,KZN252 - Newcastle
43670741,52502009,KZN252 - Newcastle
43670516,52502010,KZN252 - Newcastle
43670561,52502010,KZN252 - Newcastle
43670864,52502010,KZN252 - Newcastle
43670448,52502011,KZN252 - Newcastle
43670460,52502011,KZN252 - Newcastle
43670752,52502011,KZN252 - Newcastle
43670404,52502012,KZN252 - Newcastle
43670415,52502012,KZN252 - Newcastle
43670594,52502012,KZN252 - Newcastle
43670437,52502013,KZN252 - Newcastle
43670471,52502013,KZN252 - Newcastle
43670325,52502014,KZN252 - Newcastle
43670336,52502014,KZN252 - Newcastle
43670763,52502014,KZN252 - Newcastle
43670370,52502015,KZN252 - Newcastle
43670381,52502015,KZN252 - Newcastle
43670628,52502015,KZN252 - Newcastle
43670358,52502016,KZN252 - Newcastle
43670369,52502016,KZN252 - Newcastle
43670426,52502017,KZN252 - Newcastle
43670459,52502017,KZN252 - Newcastle
43670774,52502017,KZN252 - Newcastle
43670831,52502017,KZN252 - Newcastle
43670347,52502018,KZN252 - Newcastle
43670392,52502018,KZN252 - Newcastle
43670785,52502018,KZN252 - Newcastle
43670796,52502018,KZN252 - Newcastle
43670820,52502018,KZN252 - Newcastle
43670303,52502019,KZN252 - Newcastle
43670314,52502019,KZN252 - Newcastle
43670684,52502019,KZN252 - Newcastle
43670123,52502020,KZN252 - Newcastle
43670202,52502020,KZN252 - Newcastle
43670639,52502020,KZN252 - Newcastle
43621679,52502021,KZN252 - Newcastle
43621680,52502021,KZN252 - Newcastle
43621792,52502021,KZN252 - Newcastle
43621826,52502021,KZN252 - Newcastle
43625112,52502021,KZN252 - Newcastle
43626281,52502021,KZN252 - Newcastle
43670112,52502022,KZN252 - Newcastle
43670134,52502022,KZN252 - Newcastle
43670695,52502022,KZN252 - Newcastle
43670190,52502023,KZN252 - Newcastle
43670213,52502023,KZN252 - Newcastle
43670617,52502023,KZN252 - Newcastle
43670808,52502023,KZN252 - Newcastle
43670145,52502024,KZN252 - Newcastle
43670189,52502024,KZN252 - Newcastle
43670707,52502024,KZN252 - Newcastle
43670842,52502024,KZN252 - Newcastle
43670033,52502025,KZN252 - Newcastle
43670044,52502025,KZN252 - Newcastle
43670224,52502026,KZN252 - Newcastle
43670235,52502026,KZN252 - Newcastle
43670583,52502026,KZN252 - Newcastle
43670718,52502026,KZN252 - Newcastle
43670257,52502027,KZN252 - Newcastle
43670268,52502027,KZN252 - Newcastle
43670651,52502027,KZN252 - Newcastle
43670156,52502028,KZN252 - Newcastle
43670167,52502028,KZN252 - Newcastle
43670178,52502028,KZN252 - Newcastle
43670279,52502029,KZN252 - Newcastle
43670291,52502029,KZN252 - Newcastle
43622658,52502030,KZN252 - Newcastle
43626034,52502030,KZN252 - Newcastle
43670482,52502030,KZN252 - Newcastle
43670640,52502030,KZN252 - Newcastle
43622108,52502031,KZN252 - Newcastle
43670280,52502031,KZN252 - Newcastle
43670493,52502032,KZN252 - Newcastle
43670527,52502032,KZN252 - Newcastle
43670549,52502032,KZN252 - Newcastle
43622085,52502033,KZN252 - Newcastle
43625055,52502033,KZN252 - Newcastle
43626023,52502033,KZN252 - Newcastle
43670055,52502034,KZN252 - Newcastle
43670606,52502034,KZN252 - Newcastle
43670819,52502034,KZN252 - Newcastle
43621657,52503001,KZN253 - eMadlangeni
43621668,52503001,KZN253 - eMadlangeni
43621747,52503001,KZN253 - eMadlangeni
43622557,52503001,KZN253 - eMadlangeni
43622670,52503001,KZN253 - eMadlangeni
43625134,52503001,KZN253 - eMadlangeni
43625482,52503001,KZN253 - eMadlangeni
43680012,52503002,KZN253 - eMadlangeni
43680023,52503002,KZN253 - eMadlangeni
43680034,52503002,KZN253 - eMadlangeni
43680045,52503002,KZN253 - eMadlangeni
43621815,52503003,KZN253 - eMadlangeni
43621949,52503003,KZN253 - eMadlangeni
43622546,52503003,KZN253 - eMadlangeni
43625505,52503003,KZN253 - eMadlangeni
43625976,52503003,KZN253 - eMadlangeni
43621714,52503004,KZN253 - eMadlangeni
43621725,52503004,KZN253 - eMadlangeni
43621758,52503004,KZN253 - eMadlangeni
43621972,52503004,KZN253 - eMadlangeni
43622568,52503004,KZN253 - eMadlangeni
43626270,52503004,KZN253 - eMadlangeni
43621983,52503005,KZN253 - eMadlangeni
43622614,52503005,KZN253 - eMadlangeni
43626146,52503005,KZN253 - eMadlangeni
43680056,52503005,KZN253 - eMadlangeni
43621804,52503006,KZN253 - eMadlangeni
43621916,52503006,KZN253 - eMadlangeni
43621938,52503006,KZN253 - eMadlangeni
43621961,52503006,KZN253 - eMadlangeni
43622018,52503006,KZN253 - eMadlangeni
43622681,52503006,KZN253 - eMadlangeni
43625897,52503006,KZN253 - eMadlangeni
43626135,52503006,KZN253 - eMadlangeni
43621871,52504001,KZN254 - Dannhauser
43621882,52504001,KZN254 - Dannhauser
43621893,52504001,KZN254 - Dannhauser
43622142,52504001,KZN254 - Dannhauser
43622377,52504001,KZN254 - Dannhauser
43624829,52504001,KZN254 - Dannhauser
43625336,52504001,KZN254 - Dannhauser
43625347,52504001,KZN254 - Dannhauser
43690024,52504001,KZN254 - Dannhauser
43622805,52504002,KZN254 - Dannhauser
43630017,52504002,KZN254 - Dannhauser
43630028,52504002,KZN254 - Dannhauser
43630039,52504002,KZN254 - Dannhauser
43621781,52504003,KZN254 - Dannhauser
43622388,52504003,KZN254 - Dannhauser
43625549,52504003,KZN254 - Dannhauser
43625998,52504003,KZN254 - Dannhauser
43621736,52504004,KZN254 - Dannhauser
43622276,52504004,KZN254 - Dannhauser
43622412,52504004,KZN254 - Dannhauser
43624773,52504004,KZN254 - Dannhauser
43625167,52504004,KZN254 - Dannhauser
43622210,52504005,KZN254 - Dannhauser
43622243,52504005,KZN254 - Dannhauser
43622366,52504005,KZN254 - Dannhauser
43624863,52504005,KZN254 - Dannhauser
43625583,52504005,KZN254 - Dannhauser
43622399,52504006,KZN254 - Dannhauser
43622423,52504006,KZN254 - Dannhauser
43622445,52504006,KZN254 - Dannhauser
43622467,52504006,KZN254 - Dannhauser
43622300,52504007,KZN254 - Dannhauser
43622535,52504007,KZN254 - Dannhauser
43624841,52504007,KZN254 - Dannhauser
43625123,52504007,KZN254 - Dannhauser
43625156,52504007,KZN254 - Dannhauser
43622153,52504008,KZN254 - Dannhauser
43622164,52504008,KZN254 - Dannhauser
43622175,52504008,KZN254 - Dannhauser
43622355,52504008,KZN254 - Dannhauser
43625358,52504008,KZN254 - Dannhauser
43626001,52504008,KZN254 - Dannhauser
43622030,52504009,KZN254 - Dannhauser
43622052,52504009,KZN254 - Dannhauser
43624852,52504009,KZN254 - Dannhauser
43625561,52504009,KZN254 - Dannhauser
43625572,52504009,KZN254 - Dannhauser
43622041,52504010,KZN254 - Dannhauser
43622063,52504010,KZN254 - Dannhauser
43622186,52504010,KZN254 - Dannhauser
43625369,52504010,KZN254 - Dannhauser
43622265,52504011,KZN254 - Dannhauser
43622322,52504011,KZN254 - Dannhauser
43622333,52504011,KZN254 - Dannhauser
43620308,52504012,KZN254 - Dannhauser
43622221,52504012,KZN254 - Dannhauser
43624830,52504012,KZN254 - Dannhauser
43625594,52504012,KZN254 - Dannhauser
43622197,52504013,KZN254 - Dannhauser
43622209,52504013,KZN254 - Dannhauser
43622434,52504013,KZN254 - Dannhauser
43625550,52504013,KZN254 - Dannhauser
43625606,52504013,KZN254 - Dannhauser
43501609,52601001,KZN261 - eDumbe
43501610,52601001,KZN261 - eDumbe
43501621,52601001,KZN261 - eDumbe
43501632,52601001,KZN261 - eDumbe
43504118,52601001,KZN261 - eDumbe
43504343,52601001,KZN261 - eDumbe
43504354,52601001,KZN261 - eDumbe
43504387,52601001,KZN261 - eDumbe
43501722,52601002,KZN261 - eDumbe
43501744,52601002,KZN261 - eDumbe
43504938,52601002,KZN261 - eDumbe
43540028,52601003,KZN261 - eDumbe
43540039,52601003,KZN261 - eDumbe
43501711,52601004,KZN261 - eDumbe
43501733,52601004,KZN261 - eDumbe
43504051,52601004,KZN261 - eDumbe
43504129,52601004,KZN261 - eDumbe
43505232,52601004,KZN261 - eDumbe
43501799,52601005,KZN261 - eDumbe
43501823,52601005,KZN261 - eDumbe
43501834,52601005,KZN261 - eDumbe
43502789,52601005,KZN261 - eDumbe
43503780,52601005,KZN261 - eDumbe
43504253,52601005,KZN261 - eDumbe
43504792,52601005,KZN261 - eDumbe
43504950,52601005,KZN261 - eDumbe
43505243,52601005,KZN261 - eDumbe
43505254,52601005,KZN261 - eDumbe
43501801,52601006,KZN261 - eDumbe
43501856,52601006,KZN261 - eDumbe
43501867,52601006,KZN261 - eDumbe
43501878,52601006,KZN261 - eDumbe
43501889,52601006,KZN261 - eDumbe
43501890,52601006,KZN261 - eDumbe
43502790,52601006,KZN261 - eDumbe
43504062,52601006,KZN261 - eDumbe
43504264,52601006,KZN261 - eDumbe
43504275,52601006,KZN261 - eDumbe
43504770,52601006,KZN261 - eDumbe
43504781,52601006,KZN261 - eDumbe
43501553,52601007,KZN261 - eDumbe
43501665,52601007,KZN261 - eDumbe
43501676,52601007,KZN261 - eDumbe
43501687,52601007,KZN261 - eDumbe
43501845,52601007,KZN261 - eDumbe
43503779,52601007,KZN261 - eDumbe
43503836,52601007,KZN261 - eDumbe
43504040,52601007,KZN261 - eDumbe
43504376,52601007,KZN261 - eDumbe
43504804,52601007,KZN261 - eDumbe
43505265,52601007,KZN261 - eDumbe
43505276,52601007,KZN261 - eDumbe
43505287,52601007,KZN261 - eDumbe
43501643,52601008,KZN261 - eDumbe
43501777,52601008,KZN261 - eDumbe
43501788,52601008,KZN261 - eDumbe
43503791,52601008,KZN261 - eDumbe
43504815,52601008,KZN261 - eDumbe
43501542,52601009,KZN261 - eDumbe
43501586,52601009,KZN261 - eDumbe
43501597,52601009,KZN261 - eDumbe
43501654,52601009,KZN261 - eDumbe
43502666,52601009,KZN261 - eDumbe
43503814,52601009,KZN261 - eDumbe
43504365,52601009,KZN261 - eDumbe
43505221,52601009,KZN261 - eDumbe
43540017,52601009,KZN261 - eDumbe
43540040,52601009,KZN261 - eDumbe
43501766,52601010,KZN261 - eDumbe
43504073,52601010,KZN261 - eDumbe
43504949,52601010,KZN261 - eDumbe
43501485,52602001,KZN262 - uPhongolo
43502161,52602001,KZN262 - uPhongolo
43502172,52602001,KZN262 - uPhongolo
43502183,52602001,KZN262 - uPhongolo
43502194,52602001,KZN262 - uPhongolo
43502295,52602001,KZN262 - uPhongolo
43502925,52602001,KZN262 - uPhongolo
43504017,52602001,KZN262 - uPhongolo
43504994,52602001,KZN262 - uPhongolo
43505175,52602001,KZN262 - uPhongolo
43505298,52602001,KZN262 - uPhongolo
43550030,52602002,KZN262 - uPhongolo
43550085,52602002,KZN262 - uPhongolo
43501902,52602003,KZN262 - uPhongolo
43501924,52602003,KZN262 - uPhongolo
43501935,52602003,KZN262 - uPhongolo
43502802,52602003,KZN262 - uPhongolo
43503016,52602003,KZN262 - uPhongolo
43503656,52602003,KZN262 - uPhongolo
43502026,52602004,KZN262 - uPhongolo
43502037,52602004,KZN262 - uPhongolo
43503948,52602004,KZN262 - uPhongolo
43503993,52602004,KZN262 - uPhongolo
43501979,52602005,KZN262 - uPhongolo
43503645,52602005,KZN262 - uPhongolo
43505186,52602005,KZN262 - uPhongolo
43505209,52602005,KZN262 - uPhongolo
43501913,52602006,KZN262 - uPhongolo
43501946,52602006,KZN262 - uPhongolo
43501957,52602006,KZN262 - uPhongolo
43502015,52602006,KZN262 - uPhongolo
43502408,52602006,KZN262 - uPhongolo
43503971,52602006,KZN262 - uPhongolo
43503982,52602006,KZN262 - uPhongolo
43502071,52602007,KZN262 - uPhongolo
43502082,52602007,KZN262 - uPhongolo
43503959,52602007,KZN262 - uPhongolo
43505007,52602007,KZN262 - uPhongolo
43505030,52602007,KZN262 - uPhongolo
43502059,52602008,KZN262 - uPhongolo
43502060,52602008,KZN262 - uPhongolo
43502093,52602008,KZN262 - uPhongolo
43503038,52602008,KZN262 - uPhongolo
43503960,52602008,KZN262 - uPhongolo
43504286,52602008,KZN262 - uPhongolo
43504297,52602008,KZN262 - uPhongolo
43505197,52602008,KZN262 - uPhongolo
43502206,52602009,KZN262 - uPhongolo
43502824,52602009,KZN262 - uPhongolo
43503678,52602009,KZN262 - uPhongolo
43503937,52602009,KZN262 - uPhongolo
43505300,52602009,KZN262 - uPhongolo
43503049,52602010,KZN262 - uPhongolo
43550018,52602010,KZN262 - uPhongolo
43550063,52602010,KZN262 - uPhongolo
43550074,52602010,KZN262 - uPhongolo
43550108,52602010,KZN262 - uPhongolo
43502228,52602011,KZN262 - uPhongolo
43502240,52602011,KZN262 - uPhongolo
43502677,52602011,KZN262 - uPhongolo
43503050,52602011,KZN262 - uPhongolo
43550041,52602011,KZN262 - uPhongolo
43550096,52602011,KZN262 - uPhongolo
43501980,52602012,KZN262 - uPhongolo
43501991,52602012,KZN262 - uPhongolo
43502004,52602012,KZN262 - uPhongolo
43502048,52602012,KZN262 - uPhongolo
43502138,52602013,KZN262 - uPhongolo
43502150,52602013,KZN262 - uPhongolo
43503926,52602013,KZN262 - uPhongolo
43505210,52602013,KZN262 - uPhongolo
43502262,52602014,KZN262 - uPhongolo
43502273,52602014,KZN262 - uPhongolo
43502284,52602014,KZN262 - uPhongolo
43502307,52602014,KZN262 - uPhongolo
43502699,52602014,KZN262 - uPhongolo
43504028,52602014,KZN262 - uPhongolo
43550052,52602014,KZN262 - uPhongolo
43502105,52602015,KZN262 - uPhongolo
43502116,52602015,KZN262 - uPhongolo
43502217,52602015,KZN262 - uPhongolo
43503027,52602015,KZN262 - uPhongolo
43503667,52602015,KZN262 - uPhongolo
43500181,52603001,KZN263 - AbaQulusi
43501698,52603001,KZN263 - AbaQulusi
43501700,52603001,KZN263 - AbaQulusi
43502510,52603001,KZN263 - AbaQulusi
43503296,52603001,KZN263 - AbaQulusi
43510014,52603001,KZN263 - AbaQulusi
43501441,52603002,KZN263 - AbaQulusi
43501520,52603002,KZN263 - AbaQulusi
43501564,52603002,KZN263 - AbaQulusi
43501575,52603002,KZN263 - AbaQulusi
43502330,52603002,KZN263 - AbaQulusi
43503308,52603002,KZN263 - AbaQulusi
43503319,52603002,KZN263 - AbaQulusi
43503555,52603002,KZN263 - AbaQulusi
43505018,52603002,KZN263 - AbaQulusi
43501463,52603003,KZN263 - AbaQulusi
43501812,52603003,KZN263 - AbaQulusi
43502127,52603003,KZN263 - AbaQulusi
43502543,52603003,KZN263 - AbaQulusi
43503320,52603003,KZN263 - AbaQulusi
43505029,52603003,KZN263 - AbaQulusi
43501317,52603004,KZN263 - AbaQulusi
43501328,52603004,KZN263 - AbaQulusi
43501373,52603004,KZN263 - AbaQulusi
43502891,52603004,KZN263 - AbaQulusi
43502936,52603004,KZN263 - AbaQulusi
43503331,52603004,KZN263 - AbaQulusi
43504826,52603004,KZN263 - AbaQulusi
43501384,52603005,KZN263 - AbaQulusi
43501430,52603005,KZN263 - AbaQulusi
43503342,52603005,KZN263 - AbaQulusi
43504141,52603005,KZN263 - AbaQulusi
43504837,52603005,KZN263 - AbaQulusi
43505041,52603005,KZN263 - AbaQulusi
43501519,52603006,KZN263 - AbaQulusi
43502341,52603006,KZN263 - AbaQulusi
43502521,52603006,KZN263 - AbaQulusi
43503522,52603006,KZN263 - AbaQulusi
43504859,52603006,KZN263 - AbaQulusi
43504860,52603006,KZN263 - AbaQulusi
43502149,52603007,KZN263 - AbaQulusi
43502318,52603007,KZN263 - AbaQulusi
43502903,52603007,KZN263 - AbaQulusi
43503566,52603007,KZN263 - AbaQulusi
43504905,52603007,KZN263 - AbaQulusi
43570054,52603007,KZN263 - AbaQulusi
43570021,52603008,KZN263 - AbaQulusi
43570144,52603008,KZN263 - AbaQulusi
43570212,52603008,KZN263 - AbaQulusi
43501418,52603009,KZN263 - AbaQulusi
43570032,52603009,KZN263 - AbaQulusi
43570155,52603009,KZN263 - AbaQulusi
43570188,52603009,KZN263 - AbaQulusi
43570043,52603010,KZN263 - AbaQulusi
43570133,52603010,KZN263 - AbaQulusi
43570199,52603010,KZN263 - AbaQulusi
43570065,52603011,KZN263 - AbaQulusi
43570111,52603011,KZN263 - AbaQulusi
43570201,52603011,KZN263 - AbaQulusi
43501272,52603012,KZN263 - AbaQulusi
43501340,52603012,KZN263 - AbaQulusi
43501362,52603012,KZN263 - AbaQulusi
43502329,52603012,KZN263 - AbaQulusi
43503386,52603012,KZN263 - AbaQulusi
43504501,52603012,KZN263 - AbaQulusi
43505063,52603012,KZN263 - AbaQulusi
43505074,52603012,KZN263 - AbaQulusi
43501339,52603013,KZN263 - AbaQulusi
43501351,52603013,KZN263 - AbaQulusi
43501395,52603013,KZN263 - AbaQulusi
43501429,52603013,KZN263 - AbaQulusi
43501531,52603013,KZN263 - AbaQulusi
43570223,52603013,KZN263 - AbaQulusi
43501092,52603014,KZN263 - AbaQulusi
43501104,52603014,KZN263 - AbaQulusi
43501137,52603014,KZN263 - AbaQulusi
43501148,52603014,KZN263 - AbaQulusi
43501216,52603014,KZN263 - AbaQulusi
43501115,52603015,KZN263 - AbaQulusi
43501126,52603015,KZN263 - AbaQulusi
43501160,52603015,KZN263 - AbaQulusi
43501182,52603015,KZN263 - AbaQulusi
43503375,52603015,KZN263 - AbaQulusi
43504871,52603015,KZN263 - AbaQulusi
43501238,52603016,KZN263 - AbaQulusi
43503869,52603016,KZN263 - AbaQulusi
43505085,52603016,KZN263 - AbaQulusi
43501193,52603017,KZN263 - AbaQulusi
43501205,52603017,KZN263 - AbaQulusi
43501249,52603017,KZN263 - AbaQulusi
43503881,52603017,KZN263 - AbaQulusi
43504882,52603018,KZN263 - AbaQulusi
43570100,52603018,KZN263 - AbaQulusi
43570177,52603018,KZN263 - AbaQulusi
43501261,52603019,KZN263 - AbaQulusi
43503397,52603019,KZN263 - AbaQulusi
43503533,52603019,KZN263 - AbaQulusi
43501250,52603020,KZN263 - AbaQulusi
43503364,52603020,KZN263 - AbaQulusi
43570098,52603020,KZN263 - AbaQulusi
43501159,52603021,KZN263 - AbaQulusi
43501227,52603021,KZN263 - AbaQulusi
43503353,52603021,KZN263 - AbaQulusi
43503858,52603021,KZN263 - AbaQulusi
43505096,52603021,KZN263 - AbaQulusi
43501407,52603022,KZN263 - AbaQulusi
43570076,52603022,KZN263 - AbaQulusi
43570122,52603022,KZN263 - AbaQulusi
43501496,52603023,KZN263 - AbaQulusi
43501508,52603023,KZN263 - AbaQulusi
43505052,52603023,KZN263 - AbaQulusi
43570166,52603023,KZN263 - AbaQulusi
43500901,52605001,KZN265 - Nongoma
43500967,52605001,KZN265 - Nongoma
43500978,52605001,KZN265 - Nongoma
43501025,52605001,KZN265 - Nongoma
43503915,52605001,KZN265 - Nongoma
43500798,52605002,KZN265 - Nongoma
43500800,52605002,KZN265 - Nongoma
43500899,52605002,KZN265 - Nongoma
43500945,52605002,KZN265 - Nongoma
43502486,52605002,KZN265 - Nongoma
43503904,52605002,KZN265 - Nongoma
43504185,52605002,KZN265 - Nongoma
43504208,52605002,KZN265 - Nongoma
43500989,52605003,KZN265 - Nongoma
43500990,52605003,KZN265 - Nongoma
43501003,52605003,KZN265 - Nongoma
43501014,52605003,KZN265 - Nongoma
43503409,52605003,KZN265 - Nongoma
43504534,52605003,KZN265 - Nongoma
43500776,52605004,KZN265 - Nongoma
43502385,52605004,KZN265 - Nongoma
43502644,52605004,KZN265 - Nongoma
43504398,52605004,KZN265 - Nongoma
43500923,52605005,KZN265 - Nongoma
43500934,52605005,KZN265 - Nongoma
43503421,52605005,KZN265 - Nongoma
43504422,52605005,KZN265 - Nongoma
43504433,52605005,KZN265 - Nongoma
43500473,52605006,KZN265 - Nongoma
43500754,52605006,KZN265 - Nongoma
43502239,52605006,KZN265 - Nongoma
43502396,52605006,KZN265 - Nongoma
43502633,52605006,KZN265 - Nongoma
43500787,52605007,KZN265 - Nongoma
43500866,52605007,KZN265 - Nongoma
43502251,52605007,KZN265 - Nongoma
43503454,52605007,KZN265 - Nongoma
43503689,52605007,KZN265 - Nongoma
43503702,52605007,KZN265 - Nongoma
43504219,52605007,KZN265 - Nongoma
43504444,52605007,KZN265 - Nongoma
43505108,52605007,KZN265 - Nongoma
43500765,52605008,KZN265 - Nongoma
43500877,52605008,KZN265 - Nongoma
43502767,52605008,KZN265 - Nongoma
43504220,52605008,KZN265 - Nongoma
43503465,52605009,KZN265 - Nongoma
43504231,52605009,KZN265 - Nongoma
43504400,52605009,KZN265 - Nongoma
43500574,52605010,KZN265 - Nongoma
43500743,52605010,KZN265 - Nongoma
43502352,52605010,KZN265 - Nongoma
43504039,52605010,KZN265 - Nongoma
43504174,52605010,KZN265 - Nongoma
43504961,52605010,KZN265 - Nongoma
43500440,52605011,KZN265 - Nongoma
43500541,52605011,KZN265 - Nongoma
43500552,52605011,KZN265 - Nongoma
43500563,52605011,KZN265 - Nongoma
43500585,52605011,KZN265 - Nongoma
43504455,52605011,KZN265 - Nongoma
43500529,52605012,KZN265 - Nongoma
43500596,52605012,KZN265 - Nongoma
43502475,52605012,KZN265 - Nongoma
43502655,52605012,KZN265 - Nongoma
43502723,52605012,KZN265 - Nongoma
43504983,52605012,KZN265 - Nongoma
43500608,52605013,KZN265 - Nongoma
43502554,52605013,KZN265 - Nongoma
43502734,52605013,KZN265 - Nongoma
43502868,52605013,KZN265 - Nongoma
43505119,52605013,KZN265 - Nongoma
43500518,52605014,KZN265 - Nongoma
43502363,52605014,KZN265 - Nongoma
43502835,52605014,KZN265 - Nongoma
43503690,52605014,KZN265 - Nongoma
43503713,52605014,KZN265 - Nongoma
43504972,52605014,KZN265 - Nongoma
43500664,52605015,KZN265 - Nongoma
43500697,52605015,KZN265 - Nongoma
43502756,52605015,KZN265 - Nongoma
43503544,52605015,KZN265 - Nongoma
43504477,52605015,KZN265 - Nongoma
43500833,52605016,KZN265 - Nongoma
43503498,52605016,KZN265 - Nongoma
43530049,52605016,KZN265 - Nongoma
43530050,52605016,KZN265 - Nongoma
43500888,52605017,KZN265 - Nongoma
43502846,52605017,KZN265 - Nongoma
43503500,52605017,KZN265 - Nongoma
43503724,52605017,KZN265 - Nongoma
43504242,52605017,KZN265 - Nongoma
43501474,52605018,KZN265 - Nongoma
43502532,52605018,KZN265 - Nongoma
43503511,52605018,KZN265 - Nongoma
43504488,52605018,KZN265 - Nongoma
43530016,52605019,KZN265 - Nongoma
43530027,52605019,KZN265 - Nongoma
43530038,52605019,KZN265 - Nongoma
43500844,52605020,KZN265 - Nongoma
43500855,52605020,KZN265 - Nongoma
43502778,52605020,KZN265 - Nongoma
43503432,52605020,KZN265 - Nongoma
43503443,52605020,KZN265 - Nongoma
43500125,52605021,KZN265 - Nongoma
43500811,52605021,KZN265 - Nongoma
43500822,52605021,KZN265 - Nongoma
43501452,52605021,KZN265 - Nongoma
43504499,52605021,KZN265 - Nongoma
43500912,52605022,KZN265 - Nongoma
43500956,52605022,KZN265 - Nongoma
43501968,52605022,KZN265 - Nongoma
43502497,52605022,KZN265 - Nongoma
43503410,52605022,KZN265 - Nongoma
43500721,52605023,KZN265 - Nongoma
43500732,52605023,KZN265 - Nongoma
43503476,52605023,KZN265 - Nongoma
43504411,52605023,KZN265 - Nongoma
43500620,52606001,KZN266 - Ulundi
43500642,52606001,KZN266 - Ulundi
43500675,52606001,KZN266 - Ulundi
43500709,52606001,KZN266 - Ulundi
43500710,52606001,KZN266 - Ulundi
43502688,52606001,KZN266 - Ulundi
43503072,52606001,KZN266 - Ulundi
43500631,52606002,KZN266 - Ulundi
43500653,52606002,KZN266 - Ulundi
43503094,52606002,KZN266 - Ulundi
43503106,52606002,KZN266 - Ulundi
43504567,52606002,KZN266 - Ulundi
43505120,52606002,KZN266 - Ulundi
43505142,52606002,KZN266 - Ulundi
43500686,52606003,KZN266 - Ulundi
43502745,52606003,KZN266 - Ulundi
43503083,52606003,KZN266 - Ulundi
43503117,52606003,KZN266 - Ulundi
43504578,52606003,KZN266 - Ulundi
43500462,52606004,KZN266 - Ulundi
43500484,52606004,KZN266 - Ulundi
43500619,52606004,KZN266 - Ulundi
43501294,52606004,KZN266 - Ulundi
43502509,52606004,KZN266 - Ulundi
43504332,52606004,KZN266 - Ulundi
43504589,52606004,KZN266 - Ulundi
43500451,52606005,KZN266 - Ulundi
43500507,52606005,KZN266 - Ulundi
43502712,52606005,KZN266 - Ulundi
43503757,52606005,KZN266 - Ulundi
43504590,52606005,KZN266 - Ulundi
43504602,52606005,KZN266 - Ulundi
43505164,52606005,KZN266 - Ulundi
43505311,52606005,KZN266 - Ulundi
43500428,52606006,KZN266 - Ulundi
43500439,52606006,KZN266 - Ulundi
43500495,52606006,KZN266 - Ulundi
43502701,52606006,KZN266 - Ulundi
43503623,52606006,KZN266 - Ulundi
43500305,52606007,KZN266 - Ulundi
43500372,52606007,KZN266 - Ulundi
43500383,52606007,KZN266 - Ulundi
43500394,52606007,KZN266 - Ulundi
43502420,52606007,KZN266 - Ulundi
43503128,52606007,KZN266 - Ulundi
43503599,52606007,KZN266 - Ulundi
43500349,52606008,KZN266 - Ulundi
43500350,52606008,KZN266 - Ulundi
43500361,52606008,KZN266 - Ulundi
43503139,52606008,KZN266 - Ulundi
43503140,52606008,KZN266 - Ulundi
43504309,52606008,KZN266 - Ulundi
43504613,52606008,KZN266 - Ulundi
43504624,52606008,KZN266 - Ulundi
43500282,52606009,KZN266 - Ulundi
43500338,52606009,KZN266 - Ulundi
43503151,52606009,KZN266 - Ulundi
43503162,52606009,KZN266 - Ulundi
43504635,52606009,KZN266 - Ulundi
43504646,52606009,KZN266 - Ulundi
43500327,52606010,KZN266 - Ulundi
43500406,52606010,KZN266 - Ulundi
43500417,52606010,KZN266 - Ulundi
43502442,52606010,KZN266 - Ulundi
43503173,52606010,KZN266 - Ulundi
43503184,52606010,KZN266 - Ulundi
43503634,52606010,KZN266 - Ulundi
43505322,52606010,KZN266 - Ulundi
43500260,52606011,KZN266 - Ulundi
43500293,52606011,KZN266 - Ulundi
43503768,52606011,KZN266 - Ulundi
43504310,52606011,KZN266 - Ulundi
43504657,52606011,KZN266 - Ulundi
43504321,52606012,KZN266 - Ulundi
43560042,52606012,KZN266 - Ulundi
43560086,52606012,KZN266 - Ulundi
43560109,52606012,KZN266 - Ulundi
43500248,52606013,KZN266 - Ulundi
43501036,52606013,KZN266 - Ulundi
43501047,52606013,KZN266 - Ulundi
43501058,52606013,KZN266 - Ulundi
43504668,52606013,KZN266 - Ulundi
43504679,52606013,KZN266 - Ulundi
43504680,52606013,KZN266 - Ulundi
43624818,52606013,KZN266 - Ulundi
43500147,52606014,KZN266 - Ulundi
43502464,52606014,KZN266 - Ulundi
43502622,52606014,KZN266 - Ulundi
43503218,52606014,KZN266 - Ulundi
43503229,52606014,KZN266 - Ulundi
43503612,52606014,KZN266 - Ulundi
43504758,52606014,KZN266 - Ulundi
43504769,52606014,KZN266 - Ulundi
43500136,52606015,KZN266 - Ulundi
43500158,52606015,KZN266 - Ulundi
43500530,52606015,KZN266 - Ulundi
43503230,52606015,KZN266 - Ulundi
43503746,52606015,KZN266 - Ulundi
43504163,52606015,KZN266 - Ulundi
43500079,52606016,KZN266 - Ulundi
43500192,52606016,KZN266 - Ulundi
43502419,52606016,KZN266 - Ulundi
43503005,52606016,KZN266 - Ulundi
43503252,52606016,KZN266 - Ulundi
43503285,52606016,KZN266 - Ulundi
43504084,52606016,KZN266 - Ulundi
43500215,52606017,KZN266 - Ulundi
43500226,52606017,KZN266 - Ulundi
43500259,52606017,KZN266 - Ulundi
43500271,52606017,KZN266 - Ulundi
43502611,52606017,KZN266 - Ulundi
43503195,52606017,KZN266 - Ulundi
43503241,52606017,KZN266 - Ulundi
43502598,52606018,KZN266 - Ulundi
43504725,52606018,KZN266 - Ulundi
43504736,52606018,KZN266 - Ulundi
43560019,52606018,KZN266 - Ulundi
43502587,52606019,KZN266 - Ulundi
43504691,52606019,KZN266 - Ulundi
43504714,52606019,KZN266 - Ulundi
43560053,52606019,KZN266 - Ulundi
43560110,52606019,KZN266 - Ulundi
43500114,52606020,KZN266 - Ulundi
43500169,52606020,KZN266 - Ulundi
43502453,52606020,KZN266 - Ulundi
43504095,52606020,KZN266 - Ulundi
43504107,52606020,KZN266 - Ulundi
43504703,52606020,KZN266 - Ulundi
43560064,52606020,KZN266 - Ulundi
43502600,52606021,KZN266 - Ulundi
43502970,52606021,KZN266 - Ulundi
43503207,52606021,KZN266 - Ulundi
43503601,52606021,KZN266 - Ulundi
43504006,52606021,KZN266 - Ulundi
43504152,52606021,KZN266 - Ulundi
43505153,52606021,KZN266 - Ulundi
43560031,52606022,KZN266 - Ulundi
43560097,52606022,KZN266 - Ulundi
43500170,52606023,KZN266 - Ulundi
43500204,52606023,KZN266 - Ulundi
43500237,52606023,KZN266 - Ulundi
43502431,52606023,KZN266 - Ulundi
43503274,52606023,KZN266 - Ulundi
43500091,52606024,KZN266 - Ulundi
43500103,52606024,KZN266 - Ulundi
43502576,52606024,KZN266 - Ulundi
43502857,52606024,KZN266 - Ulundi
43503735,52606024,KZN266 - Ulundi
43504747,52606024,KZN266 - Ulundi
43410383,52701001,KZN271 - uMhlabuyalingana
43417672,52701001,KZN271 - uMhlabuyalingana
43418673,52701001,KZN271 - uMhlabuyalingana
43410529,52701002,KZN271 - uMhlabuyalingana
43410541,52701002,KZN271 - uMhlabuyalingana
43410686,52701002,KZN271 - uMhlabuyalingana
43416468,52701002,KZN271 - uMhlabuyalingana
43418684,52701002,KZN271 - uMhlabuyalingana
43410495,52701003,KZN271 - uMhlabuyalingana
43410530,52701003,KZN271 - uMhlabuyalingana
43410697,52701003,KZN271 - uMhlabuyalingana
43410170,52701004,KZN271 - uMhlabuyalingana
43410406,52701004,KZN271 - uMhlabuyalingana
43410417,52701004,KZN271 - uMhlabuyalingana
43415478,52701004,KZN271 - uMhlabuyalingana
43418730,52701004,KZN271 - uMhlabuyalingana
43410484,52701005,KZN271 - uMhlabuyalingana
43410585,52701005,KZN271 - uMhlabuyalingana
43411889,52701005,KZN271 - uMhlabuyalingana
43412497,52701005,KZN271 - uMhlabuyalingana
43417098,52701005,KZN271 - uMhlabuyalingana
43410169,52701006,KZN271 - uMhlabuyalingana
43414433,52701006,KZN271 - uMhlabuyalingana
43410518,52701007,KZN271 - uMhlabuyalingana
43410631,52701007,KZN271 - uMhlabuyalingana
43415838,52701007,KZN271 - uMhlabuyalingana
43415861,52701007,KZN271 - uMhlabuyalingana
43416457,52701007,KZN271 - uMhlabuyalingana
43417087,52701007,KZN271 - uMhlabuyalingana
43410428,52701008,KZN271 - uMhlabuyalingana
43410439,52701008,KZN271 - uMhlabuyalingana
43411902,52701008,KZN271 - uMhlabuyalingana
43414927,52701008,KZN271 - uMhlabuyalingana
43415366,52701008,KZN271 - uMhlabuyalingana
43415423,52701008,KZN271 - uMhlabuyalingana
43415434,52701008,KZN271 - uMhlabuyalingana
43410125,52701009,KZN271 - uMhlabuyalingana
43414444,52701009,KZN271 - uMhlabuyalingana
43418718,52701009,KZN271 - uMhlabuyalingana
43410372,52701010,KZN271 - uMhlabuyalingana
43414916,52701010,KZN271 - uMhlabuyalingana
43415445,52701010,KZN271 - uMhlabuyalingana
43415456,52701010,KZN271 - uMhlabuyalingana
43416480,52701010,KZN271 - uMhlabuyalingana
43418729,52701010,KZN271 - uMhlabuyalingana
43410181,52701011,KZN271 - uMhlabuyalingana
43418741,52701011,KZN271 - uMhlabuyalingana
43410046,52701012,KZN271 - uMhlabuyalingana
43410338,52701012,KZN271 - uMhlabuyalingana
43415894,52701012,KZN271 - uMhlabuyalingana
43419416,52701012,KZN271 - uMhlabuyalingana
44420071,52701012,KZN271 - uMhlabuyalingana
43414590,52701013,KZN271 - uMhlabuyalingana
43414624,52701013,KZN271 - uMhlabuyalingana
43415142,52701013,KZN271 - uMhlabuyalingana
43414613,52701014,KZN271 - uMhlabuyalingana
43414635,52701014,KZN271 - uMhlabuyalingana
43414657,52701014,KZN271 - uMhlabuyalingana
43414714,52701014,KZN271 - uMhlabuyalingana
43415850,52701014,KZN271 - uMhlabuyalingana
43417100,52701014,KZN271 - uMhlabuyalingana
43410013,52701015,KZN271 - uMhlabuyalingana
43411812,52701015,KZN271 - uMhlabuyalingana
43415254,52701015,KZN271 - uMhlabuyalingana
43416008,52701015,KZN271 - uMhlabuyalingana
43418707,52701015,KZN271 - uMhlabuyalingana
43414703,52701016,KZN271 - uMhlabuyalingana
43414871,52701016,KZN271 - uMhlabuyalingana
43415872,52701016,KZN271 - uMhlabuyalingana
44420037,52701016,KZN271 - uMhlabuyalingana
43410091,52701017,KZN271 - uMhlabuyalingana
43410394,52701017,KZN271 - uMhlabuyalingana
43418695,52701017,KZN271 - uMhlabuyalingana
43418763,52701017,KZN271 - uMhlabuyalingana
43410158,52701018,KZN271 - uMhlabuyalingana
43410361,52701018,KZN271 - uMhlabuyalingana
43414905,52701018,KZN271 - uMhlabuyalingana
43415883,52701018,KZN271 - uMhlabuyalingana
43416019,52701018,KZN271 - uMhlabuyalingana
43416479,52701018,KZN271 - uMhlabuyalingana
43416491,52701018,KZN271 - uMhlabuyalingana
43410642,52701019,KZN271 - uMhlabuyalingana
43412846,52701019,KZN271 - uMhlabuyalingana
43413634,52701019,KZN271 - uMhlabuyalingana
43415827,52701019,KZN271 - uMhlabuyalingana
43415849,52701019,KZN271 - uMhlabuyalingana
43417111,52701019,KZN271 - uMhlabuyalingana
44420048,52701019,KZN271 - uMhlabuyalingana
43414477,52701020,KZN271 - uMhlabuyalingana
43414499,52701020,KZN271 - uMhlabuyalingana
43410473,52702001,KZN272 - Jozini
43410709,52702001,KZN272 - Jozini
43414174,52702001,KZN272 - Jozini
43414185,52702001,KZN272 - Jozini
43416198,52702001,KZN272 - Jozini
43417245,52702001,KZN272 - Jozini
43410620,52702002,KZN272 - Jozini
43412554,52702002,KZN272 - Jozini
43415669,52702002,KZN272 - Jozini
43416727,52702002,KZN272 - Jozini
43419315,52702002,KZN272 - Jozini
43410664,52702003,KZN272 - Jozini
43410675,52702003,KZN272 - Jozini
43412576,52702003,KZN272 - Jozini
43417526,52702003,KZN272 - Jozini
43417773,52702003,KZN272 - Jozini
43419089,52702003,KZN272 - Jozini
43410619,52702004,KZN272 - Jozini
43416200,52702004,KZN272 - Jozini
43416716,52702004,KZN272 - Jozini
43418842,52702004,KZN272 - Jozini
43418853,52702004,KZN272 - Jozini
44430353,52702004,KZN272 - Jozini
43412385,52702005,KZN272 - Jozini
43417155,52702005,KZN272 - Jozini
43417166,52702005,KZN272 - Jozini
43419090,52702005,KZN272 - Jozini
43410574,52702006,KZN272 - Jozini
43412510,52702006,KZN272 - Jozini
43412532,52702006,KZN272 - Jozini
43419102,52702006,KZN272 - Jozini
43410596,52702007,KZN272 - Jozini
43415670,52702007,KZN272 - Jozini
43417751,52702007,KZN272 - Jozini
43410563,52702008,KZN272 - Jozini
43417177,52702008,KZN272 - Jozini
43419258,52702008,KZN272 - Jozini
43414578,52702009,KZN272 - Jozini
43414680,52702009,KZN272 - Jozini
43417234,52702009,KZN272 - Jozini
43417740,52702009,KZN272 - Jozini
43419337,52702009,KZN272 - Jozini
43414589,52702010,KZN272 - Jozini
43414602,52702010,KZN272 - Jozini
43414646,52702010,KZN272 - Jozini
43417717,52702010,KZN272 - Jozini
43417728,52702010,KZN272 - Jozini
43410271,52702011,KZN272 - Jozini
43410462,52702011,KZN272 - Jozini
43410507,52702011,KZN272 - Jozini
43414534,52702011,KZN272 - Jozini
43410147,52702012,KZN272 - Jozini
43410440,52702012,KZN272 - Jozini
43417706,52702012,KZN272 - Jozini
43419269,52702012,KZN272 - Jozini
43414411,52702013,KZN272 - Jozini
43414422,52702013,KZN272 - Jozini
43414455,52702013,KZN272 - Jozini
43410136,52702014,KZN272 - Jozini
43414501,52702014,KZN272 - Jozini
43414512,52702014,KZN272 - Jozini
43415692,52702014,KZN272 - Jozini
44430375,52702014,KZN272 - Jozini
44430397,52702014,KZN272 - Jozini
43410024,52702015,KZN272 - Jozini
43410080,52702015,KZN272 - Jozini
43410215,52702015,KZN272 - Jozini
43414826,52702015,KZN272 - Jozini
43414387,52702016,KZN272 - Jozini
43414400,52702016,KZN272 - Jozini
43416738,52702016,KZN272 - Jozini
43410035,52702017,KZN272 - Jozini
43410057,52702017,KZN272 - Jozini
43410192,52702017,KZN272 - Jozini
43410204,52702017,KZN272 - Jozini
43416705,52702017,KZN272 - Jozini
43417199,52702017,KZN272 - Jozini
43417346,52702017,KZN272 - Jozini
43417694,52702017,KZN272 - Jozini
43410068,52702018,KZN272 - Jozini
43410079,52702018,KZN272 - Jozini
43410103,52702018,KZN272 - Jozini
43410114,52702018,KZN272 - Jozini
43414815,52702018,KZN272 - Jozini
43419348,52702018,KZN272 - Jozini
43410327,52702019,KZN272 - Jozini
43414668,52702019,KZN272 - Jozini
43414679,52702019,KZN272 - Jozini
43417201,52702019,KZN272 - Jozini
43417739,52702019,KZN272 - Jozini
43412521,52702020,KZN272 - Jozini
43415311,52702020,KZN272 - Jozini
43417144,52702020,KZN272 - Jozini
43417212,52702020,KZN272 - Jozini
43419427,52702020,KZN272 - Jozini
43419438,52702020,KZN272 - Jozini
43412565,52702021,KZN272 - Jozini
43413869,52702021,KZN272 - Jozini
43414084,52702021,KZN272 - Jozini
43417223,52702021,KZN272 - Jozini
43417762,52702021,KZN272 - Jozini
43410552,52702022,KZN272 - Jozini
43414523,52702022,KZN272 - Jozini
43414556,52702022,KZN272 - Jozini
43414691,52702022,KZN272 - Jozini
43416211,52702022,KZN272 - Jozini
43417188,52702022,KZN272 - Jozini
43414466,52702023,KZN272 - Jozini
43414488,52702023,KZN272 - Jozini
43414545,52702023,KZN272 - Jozini
43415490,52705001,KZN275 - Mtubatuba
43417032,52705001,KZN275 - Mtubatuba
43490011,52705001,KZN275 - Mtubatuba
44460031,52705001,KZN275 - Mtubatuba
43413825,52705002,KZN275 - Mtubatuba
43418077,52705002,KZN275 - Mtubatuba
44460019,52705002,KZN275 - Mtubatuba
44460020,52705002,KZN275 - Mtubatuba
44460053,52705002,KZN275 - Mtubatuba
43413836,52705003,KZN275 - Mtubatuba
43413847,52705003,KZN275 - Mtubatuba
43414725,52705003,KZN275 - Mtubatuba
43418303,52705003,KZN275 - Mtubatuba
43413612,52705004,KZN275 - Mtubatuba
43413623,52705004,KZN275 - Mtubatuba
43415489,52705004,KZN275 - Mtubatuba
43417021,52705004,KZN275 - Mtubatuba
43413690,52705005,KZN275 - Mtubatuba
43417380,52705005,KZN275 - Mtubatuba
43418314,52705005,KZN275 - Mtubatuba
43450017,52705006,KZN275 - Mtubatuba
43450062,52705006,KZN275 - Mtubatuba
43450040,52705007,KZN275 - Mtubatuba
43450051,52705007,KZN275 - Mtubatuba
43450084,52705007,KZN275 - Mtubatuba
43413724,52705008,KZN275 - Mtubatuba
43418088,52705008,KZN275 - Mtubatuba
43419450,52705008,KZN275 - Mtubatuba
43413702,52705009,KZN275 - Mtubatuba
43413713,52705009,KZN275 - Mtubatuba
43413779,52705009,KZN275 - Mtubatuba
43413757,52705010,KZN275 - Mtubatuba
43413768,52705010,KZN275 - Mtubatuba
43413791,52705010,KZN275 - Mtubatuba
43413803,52705010,KZN275 - Mtubatuba
43416154,52705010,KZN275 - Mtubatuba
43418370,52705010,KZN275 - Mtubatuba
43413735,52705011,KZN275 - Mtubatuba
43419494,52705011,KZN275 - Mtubatuba
43413780,52705012,KZN275 - Mtubatuba
43418123,52705012,KZN275 - Mtubatuba
43418381,52705012,KZN275 - Mtubatuba
43413892,52705013,KZN275 - Mtubatuba
43413904,52705013,KZN275 - Mtubatuba
43416132,52705013,KZN275 - Mtubatuba
43413915,52705014,KZN275 - Mtubatuba
43413937,52705014,KZN275 - Mtubatuba
43413948,52705014,KZN275 - Mtubatuba
43413971,52705014,KZN275 - Mtubatuba
43417784,52705014,KZN275 - Mtubatuba
43418392,52705014,KZN275 - Mtubatuba
43413746,52705015,KZN275 - Mtubatuba
43413881,52705015,KZN275 - Mtubatuba
43416143,52705015,KZN275 - Mtubatuba
43419461,52705015,KZN275 - Mtubatuba
43413814,52705016,KZN275 - Mtubatuba
43413926,52705016,KZN275 - Mtubatuba
43413959,52705016,KZN275 - Mtubatuba
43416109,52705016,KZN275 - Mtubatuba
43418134,52705016,KZN275 - Mtubatuba
43413960,52705017,KZN275 - Mtubatuba
43413982,52705017,KZN275 - Mtubatuba
44460042,52705017,KZN275 - Mtubatuba
43413993,52705018,KZN275 - Mtubatuba
43414006,52705018,KZN275 - Mtubatuba
43418369,52705018,KZN275 - Mtubatuba
43414253,52705019,KZN275 - Mtubatuba
43414264,52705019,KZN275 - Mtubatuba
43417841,52705019,KZN275 - Mtubatuba
43414275,52705020,KZN275 - Mtubatuba
43414286,52705020,KZN275 - Mtubatuba
43416165,52705020,KZN275 - Mtubatuba
43417537,52705020,KZN275 - Mtubatuba
43417548,52705020,KZN275 - Mtubatuba
43418336,52705020,KZN275 - Mtubatuba
43418347,52705020,KZN275 - Mtubatuba
43414220,52705021,KZN275 - Mtubatuba
43414242,52705021,KZN275 - Mtubatuba
43418101,52705021,KZN275 - Mtubatuba
43418112,52705021,KZN275 - Mtubatuba
43418358,52705021,KZN275 - Mtubatuba
43413858,52705022,KZN275 - Mtubatuba
43414231,52705022,KZN275 - Mtubatuba
43417133,52705022,KZN275 - Mtubatuba
43414208,52705023,KZN275 - Mtubatuba
43414219,52705023,KZN275 - Mtubatuba
43417122,52705023,KZN275 - Mtubatuba
43418145,52705023,KZN275 - Mtubatuba
43414297,52706001,KZN276 - Big Five Hlabisa
43415300,52706001,KZN276 - Big Five Hlabisa
43416334,52706001,KZN276 - Big Five Hlabisa
43416367,52706001,KZN276 - Big Five Hlabisa
43416378,52706001,KZN276 - Big Five Hlabisa
43417683,52706001,KZN276 - Big Five Hlabisa
43414118,52706002,KZN276 - Big Five Hlabisa
43414129,52706002,KZN276 - Big Five Hlabisa
43414130,52706002,KZN276 - Big Five Hlabisa
43416389,52706002,KZN276 - Big Five Hlabisa
43418527,52706002,KZN276 - Big Five Hlabisa
43418538,52706002,KZN276 - Big Five Hlabisa
43414141,52706003,KZN276 - Big Five Hlabisa
43414152,52706003,KZN276 - Big Five Hlabisa
43414163,52706003,KZN276 - Big Five Hlabisa
43416345,52706003,KZN276 - Big Five Hlabisa
43417357,52706003,KZN276 - Big Five Hlabisa
43414095,52706004,KZN276 - Big Five Hlabisa
43414107,52706004,KZN276 - Big Five Hlabisa
43416176,52706004,KZN276 - Big Five Hlabisa
43416187,52706004,KZN276 - Big Five Hlabisa
43416356,52706004,KZN276 - Big Five Hlabisa
43414196,52706005,KZN276 - Big Five Hlabisa
43415221,52706005,KZN276 - Big Five Hlabisa
43415502,52706005,KZN276 - Big Five Hlabisa
43417256,52706005,KZN276 - Big Five Hlabisa
43410305,52706006,KZN276 - Big Five Hlabisa
43414354,52706006,KZN276 - Big Five Hlabisa
43414365,52706006,KZN276 - Big Five Hlabisa
43414792,52706006,KZN276 - Big Five Hlabisa
43419023,52706006,KZN276 - Big Five Hlabisa
43419034,52706006,KZN276 - Big Five Hlabisa
43410316,52706007,KZN276 - Big Five Hlabisa
43414332,52706007,KZN276 - Big Five Hlabisa
43414343,52706007,KZN276 - Big Five Hlabisa
43417335,52706007,KZN276 - Big Five Hlabisa
43419067,52706007,KZN276 - Big Five Hlabisa
43419078,52706007,KZN276 - Big Five Hlabisa
43413870,52706008,KZN276 - Big Five Hlabisa
43414310,52706008,KZN276 - Big Five Hlabisa
43414321,52706008,KZN276 - Big Five Hlabisa
43415120,52706008,KZN276 - Big Five Hlabisa
43416121,52706008,KZN276 - Big Five Hlabisa
43419326,52706008,KZN276 - Big Five Hlabisa
43410293,52706009,KZN276 - Big Five Hlabisa
43410451,52706009,KZN276 - Big Five Hlabisa
43414893,52706009,KZN276 - Big Five Hlabisa
43415917,52706009,KZN276 - Big Five Hlabisa
43418998,52706009,KZN276 - Big Five Hlabisa
43419270,52706009,KZN276 - Big Five Hlabisa
43410226,52706010,KZN276 - Big Five Hlabisa
43410237,52706010,KZN276 - Big Five Hlabisa
43414882,52706010,KZN276 - Big Five Hlabisa
43415131,52706010,KZN276 - Big Five Hlabisa
43416110,52706010,KZN276 - Big Five Hlabisa
43416301,52706010,KZN276 - Big Five Hlabisa
43419012,52706010,KZN276 - Big Five Hlabisa
43410259,52706011,KZN276 - Big Five Hlabisa
43410260,52706011,KZN276 - Big Five Hlabisa
43410282,52706011,KZN276 - Big Five Hlabisa
43417852,52706011,KZN276 - Big Five Hlabisa
43417975,52706011,KZN276 - Big Five Hlabisa
43418976,52706011,KZN276 - Big Five Hlabisa
43414039,52706012,KZN276 - Big Five Hlabisa
43450039,52706012,KZN276 - Big Five Hlabisa
43450073,52706012,KZN276 - Big Five Hlabisa
43414017,52706013,KZN276 - Big Five Hlabisa
43414028,52706013,KZN276 - Big Five Hlabisa
43414073,52706013,KZN276 - Big Five Hlabisa
43419045,52706013,KZN276 - Big Five Hlabisa
43410248,52706014,KZN276 - Big Five Hlabisa
43414040,52706014,KZN276 - Big Five Hlabisa
43414051,52706014,KZN276 - Big Five Hlabisa
43414062,52706014,KZN276 - Big Five Hlabisa
43417986,52706014,KZN276 - Big Five Hlabisa
43418987,52706014,KZN276 - Big Five Hlabisa
43419001,52706014,KZN276 - Big Five Hlabisa
43413588,52801001,KZN281 - uMfolozi
43413599,52801001,KZN281 - uMfolozi
43418864,52801001,KZN281 - uMfolozi
43418875,52801001,KZN281 - uMfolozi
43413511,52801002,KZN281 - uMfolozi
43415614,52801002,KZN281 - uMfolozi
43416075,52801002,KZN281 - uMfolozi
43413533,52801003,KZN281 - uMfolozi
43413555,52801003,KZN281 - uMfolozi
43413566,52801003,KZN281 - uMfolozi
43415625,52801003,KZN281 - uMfolozi
43418886,52801003,KZN281 - uMfolozi
43413577,52801004,KZN281 - uMfolozi
43413601,52801004,KZN281 - uMfolozi
43416424,52801004,KZN281 - uMfolozi
43417571,52801004,KZN281 - uMfolozi
43417818,52801004,KZN281 - uMfolozi
43416996,52801005,KZN281 - uMfolozi
43418000,52801005,KZN281 - uMfolozi
43418897,52801005,KZN281 - uMfolozi
43413522,52801006,KZN281 - uMfolozi
43418909,52801006,KZN281 - uMfolozi
43413432,52801007,KZN281 - uMfolozi
43413454,52801007,KZN281 - uMfolozi
43416682,52801007,KZN281 - uMfolozi
43416693,52801007,KZN281 - uMfolozi
43413465,52801008,KZN281 - uMfolozi
43417616,52801008,KZN281 - uMfolozi
43413241,52801009,KZN281 - uMfolozi
43413443,52801009,KZN281 - uMfolozi
43415636,52801009,KZN281 - uMfolozi
43417605,52801009,KZN281 - uMfolozi
43417829,52801009,KZN281 - uMfolozi
43413252,52801010,KZN281 - uMfolozi
43413285,52801010,KZN281 - uMfolozi
43413296,52801010,KZN281 - uMfolozi
43413308,52801010,KZN281 - uMfolozi
43416086,52801010,KZN281 - uMfolozi
43416097,52801010,KZN281 - uMfolozi
43416402,52801010,KZN281 - uMfolozi
43418011,52801010,KZN281 - uMfolozi
43413689,52801011,KZN281 - uMfolozi
43416985,52801011,KZN281 - uMfolozi
43417582,52801011,KZN281 - uMfolozi
43417830,52801011,KZN281 - uMfolozi
44490012,52801011,KZN281 - uMfolozi
43413218,52801012,KZN281 - uMfolozi
43413230,52801012,KZN281 - uMfolozi
43416244,52801012,KZN281 - uMfolozi
43416390,52801012,KZN281 - uMfolozi
43413263,52801013,KZN281 - uMfolozi
43413274,52801013,KZN281 - uMfolozi
43414837,52801013,KZN281 - uMfolozi
43415096,52801013,KZN281 - uMfolozi
43416413,52801013,KZN281 - uMfolozi
43417436,52801013,KZN281 - uMfolozi
43418965,52801013,KZN281 - uMfolozi
43417414,52801014,KZN281 - uMfolozi
43417593,52801014,KZN281 - uMfolozi
43418943,52801014,KZN281 - uMfolozi
43413645,52801015,KZN281 - uMfolozi
43413667,52801015,KZN281 - uMfolozi
43415647,52801015,KZN281 - uMfolozi
43418932,52801015,KZN281 - uMfolozi
43413544,52801016,KZN281 - uMfolozi
43418954,52801016,KZN281 - uMfolozi
43413173,52801017,KZN281 - uMfolozi
43413184,52801017,KZN281 - uMfolozi
43413207,52801017,KZN281 - uMfolozi
43413229,52801017,KZN281 - uMfolozi
43416895,52801017,KZN281 - uMfolozi
43416907,52801017,KZN281 - uMfolozi
43417391,52801017,KZN281 - uMfolozi
43413319,52801018,KZN281 - uMfolozi
43413656,52801018,KZN281 - uMfolozi
43415119,52801018,KZN281 - uMfolozi
43416435,52801018,KZN281 - uMfolozi
43417627,52801018,KZN281 - uMfolozi
43418921,52801018,KZN281 - uMfolozi
43480144,52802001,KZN282 - uMhlathuze
43480234,52802001,KZN282 - uMhlathuze
43480403,52802001,KZN282 - uMhlathuze
43480043,52802002,KZN282 - uMhlathuze
43480133,52802002,KZN282 - uMhlathuze
43480302,52802002,KZN282 - uMhlathuze
43480335,52802002,KZN282 - uMhlathuze
43480346,52802002,KZN282 - uMhlathuze
43480199,52802003,KZN282 - uMhlathuze
43480201,52802003,KZN282 - uMhlathuze
43480313,52802003,KZN282 - uMhlathuze
43480021,52802004,KZN282 - uMhlathuze
43480223,52802004,KZN282 - uMhlathuze
43480289,52802004,KZN282 - uMhlathuze
43480357,52802004,KZN282 - uMhlathuze
43480425,52802004,KZN282 - uMhlathuze
43413397,52802005,KZN282 - uMhlathuze
43413476,52802005,KZN282 - uMhlathuze
43413487,52802005,KZN282 - uMhlathuze
43415715,52802005,KZN282 - uMhlathuze
43417874,52802005,KZN282 - uMhlathuze
43480212,52802005,KZN282 - uMhlathuze
44500036,52802005,KZN282 - uMhlathuze
43413410,52802006,KZN282 - uMhlathuze
43413421,52802006,KZN282 - uMhlathuze
43413500,52802006,KZN282 - uMhlathuze
43418404,52802006,KZN282 - uMhlathuze
43419449,52802006,KZN282 - uMhlathuze
43480076,52802007,KZN282 - uMhlathuze
43480245,52802007,KZN282 - uMhlathuze
43480368,52802007,KZN282 - uMhlathuze
43413498,52802008,KZN282 - uMhlathuze
43415704,52802008,KZN282 - uMhlathuze
43480065,52802008,KZN282 - uMhlathuze
43420047,52802009,KZN282 - uMhlathuze
43420081,52802009,KZN282 - uMhlathuze
43420126,52802009,KZN282 - uMhlathuze
43420137,52802009,KZN282 - uMhlathuze
43412789,52802010,KZN282 - uMhlathuze
43412790,52802010,KZN282 - uMhlathuze
43412802,52802010,KZN282 - uMhlathuze
43412813,52802010,KZN282 - uMhlathuze
43415816,52802010,KZN282 - uMhlathuze
43412318,52802011,KZN282 - uMhlathuze
43412442,52802011,KZN282 - uMhlathuze
43415726,52802011,KZN282 - uMhlathuze
43416031,52802011,KZN282 - uMhlathuze
43417076,52802011,KZN282 - uMhlathuze
44500025,52802011,KZN282 - uMhlathuze
43412745,52802012,KZN282 - uMhlathuze
43412756,52802012,KZN282 - uMhlathuze
43418415,52802012,KZN282 - uMhlathuze
43418437,52802012,KZN282 - uMhlathuze
43480155,52802012,KZN282 - uMhlathuze
43412701,52802013,KZN282 - uMhlathuze
43412723,52802013,KZN282 - uMhlathuze
43417043,52802013,KZN282 - uMhlathuze
43418426,52802013,KZN282 - uMhlathuze
43412464,52802014,KZN282 - uMhlathuze
43412767,52802014,KZN282 - uMhlathuze
43415759,52802014,KZN282 - uMhlathuze
43416042,52802014,KZN282 - uMhlathuze
43416053,52802014,KZN282 - uMhlathuze
43418448,52802014,KZN282 - uMhlathuze
43412734,52802015,KZN282 - uMhlathuze
43415748,52802015,KZN282 - uMhlathuze
43415771,52802015,KZN282 - uMhlathuze
43418459,52802015,KZN282 - uMhlathuze
44500047,52802015,KZN282 - uMhlathuze
43412712,52802016,KZN282 - uMhlathuze
43415760,52802016,KZN282 - uMhlathuze
43417065,52802016,KZN282 - uMhlathuze
43418460,52802016,KZN282 - uMhlathuze
43417054,52802017,KZN282 - uMhlathuze
43480032,52802017,KZN282 - uMhlathuze
43480111,52802017,KZN282 - uMhlathuze
43412453,52802018,KZN282 - uMhlathuze
43412475,52802018,KZN282 - uMhlathuze
43412677,52802018,KZN282 - uMhlathuze
43415737,52802019,KZN282 - uMhlathuze
43480098,52802019,KZN282 - uMhlathuze
43480100,52802019,KZN282 - uMhlathuze
43415243,52802020,KZN282 - uMhlathuze
43480122,52802020,KZN282 - uMhlathuze
43480290,52802020,KZN282 - uMhlathuze
43480087,52802021,KZN282 - uMhlathuze
43480256,52802021,KZN282 - uMhlathuze
43480267,52802021,KZN282 - uMhlathuze
43480379,52802021,KZN282 - uMhlathuze
43412688,52802022,KZN282 - uMhlathuze
43412699,52802022,KZN282 - uMhlathuze
43418471,52802022,KZN282 - uMhlathuze
43420014,52802023,KZN282 - uMhlathuze
43420036,52802023,KZN282 - uMhlathuze
43420115,52802023,KZN282 - uMhlathuze
43420159,52802023,KZN282 - uMhlathuze
43415793,52802024,KZN282 - uMhlathuze
43418482,52802024,KZN282 - uMhlathuze
43420058,52802024,KZN282 - uMhlathuze
43420070,52802024,KZN282 - uMhlathuze
43420160,52802024,KZN282 - uMhlathuze
43412880,52802025,KZN282 - uMhlathuze
43413353,52802025,KZN282 - uMhlathuze
43415782,52802025,KZN282 - uMhlathuze
43415805,52802025,KZN282 - uMhlathuze
43418493,52802025,KZN282 - uMhlathuze
43480166,52802026,KZN282 - uMhlathuze
43480177,52802026,KZN282 - uMhlathuze
43480380,52802026,KZN282 - uMhlathuze
43412868,52802027,KZN282 - uMhlathuze
43420069,52802027,KZN282 - uMhlathuze
43420092,52802027,KZN282 - uMhlathuze
43420148,52802027,KZN282 - uMhlathuze
43412059,52802028,KZN282 - uMhlathuze
43418516,52802028,KZN282 - uMhlathuze
43420025,52802028,KZN282 - uMhlathuze
43420104,52802028,KZN282 - uMhlathuze
43412835,52802029,KZN282 - uMhlathuze
43412879,52802029,KZN282 - uMhlathuze
43415030,52802029,KZN282 - uMhlathuze
43418066,52802029,KZN282 - uMhlathuze
44500014,52802029,KZN282 - uMhlathuze
43412824,52802030,KZN282 - uMhlathuze
43480188,52802030,KZN282 - uMhlathuze
43480414,52802030,KZN282 - uMhlathuze
43413139,52802031,KZN282 - uMhlathuze
43413140,52802031,KZN282 - uMhlathuze
43413364,52802031,KZN282 - uMhlathuze
43413375,52802031,KZN282 - uMhlathuze
43416884,52802031,KZN282 - uMhlathuze
43418235,52802031,KZN282 - uMhlathuze
43418257,52802031,KZN282 - uMhlathuze
43413151,52802032,KZN282 - uMhlathuze
43413162,52802032,KZN282 - uMhlathuze
43413386,52802032,KZN282 - uMhlathuze
43415108,52802032,KZN282 - uMhlathuze
43416851,52802032,KZN282 - uMhlathuze
43416862,52802032,KZN282 - uMhlathuze
43418246,52802032,KZN282 - uMhlathuze
43418268,52802032,KZN282 - uMhlathuze
43413128,52802033,KZN282 - uMhlathuze
43416918,52802033,KZN282 - uMhlathuze
43417919,52802033,KZN282 - uMhlathuze
43412778,52802034,KZN282 - uMhlathuze
43480324,52802034,KZN282 - uMhlathuze
43480391,52802034,KZN282 - uMhlathuze
43411250,52804001,KZN284 - uMlalazi
43411340,52804001,KZN284 - uMlalazi
43411351,52804001,KZN284 - uMlalazi
43411520,52804001,KZN284 - uMlalazi
43414983,52804001,KZN284 - uMlalazi
43415568,52804001,KZN284 - uMlalazi
44520016,52804001,KZN284 - uMlalazi
44520027,52804001,KZN284 - uMlalazi
43411294,52804002,KZN284 - uMlalazi
43411317,52804002,KZN284 - uMlalazi
43411328,52804002,KZN284 - uMlalazi
43411339,52804002,KZN284 - uMlalazi
43414972,52804002,KZN284 - uMlalazi
43416503,52804002,KZN284 - uMlalazi
43418549,52804002,KZN284 - uMlalazi
43411362,52804003,KZN284 - uMlalazi
43411430,52804003,KZN284 - uMlalazi
43411733,52804003,KZN284 - uMlalazi
43412082,52804003,KZN284 - uMlalazi
43415186,52804003,KZN284 - uMlalazi
43415579,52804003,KZN284 - uMlalazi
43415580,52804003,KZN284 - uMlalazi
43418561,52804003,KZN284 - uMlalazi
43411384,52804004,KZN284 - uMlalazi
43411407,52804004,KZN284 - uMlalazi
43411418,52804004,KZN284 - uMlalazi
43414376,52804004,KZN284 - uMlalazi
43418550,52804004,KZN284 - uMlalazi
43411395,52804005,KZN284 - uMlalazi
43411429,52804005,KZN284 - uMlalazi
43411722,52804005,KZN284 - uMlalazi
43411744,52804005,KZN284 - uMlalazi
43411755,52804005,KZN284 - uMlalazi
43411845,52804005,KZN284 - uMlalazi
43417661,52804005,KZN284 - uMlalazi
43411485,52804006,KZN284 - uMlalazi
43411766,52804006,KZN284 - uMlalazi
43411777,52804006,KZN284 - uMlalazi
43412093,52804006,KZN284 - uMlalazi
43412116,52804006,KZN284 - uMlalazi
43415007,52804006,KZN284 - uMlalazi
43418572,52804006,KZN284 - uMlalazi
43411373,52804007,KZN284 - uMlalazi
43411452,52804007,KZN284 - uMlalazi
43411463,52804007,KZN284 - uMlalazi
43415209,52804007,KZN284 - uMlalazi
43417481,52804007,KZN284 - uMlalazi
43430048,52804007,KZN284 - uMlalazi
43411564,52804008,KZN284 - uMlalazi
43411575,52804008,KZN284 - uMlalazi
43411586,52804008,KZN284 - uMlalazi
43415591,52804008,KZN284 - uMlalazi
43416514,52804008,KZN284 - uMlalazi
43411597,52804009,KZN284 - uMlalazi
43411643,52804009,KZN284 - uMlalazi
43412060,52804009,KZN284 - uMlalazi
43414994,52804009,KZN284 - uMlalazi
43416525,52804009,KZN284 - uMlalazi
43416604,52804009,KZN284 - uMlalazi
43412363,52804010,KZN284 - uMlalazi
43414769,52804010,KZN284 - uMlalazi
43416536,52804010,KZN284 - uMlalazi
43419371,52804010,KZN284 - uMlalazi
43417920,52804011,KZN284 - uMlalazi
43430037,52804011,KZN284 - uMlalazi
43430060,52804011,KZN284 - uMlalazi
43430071,52804011,KZN284 - uMlalazi
43430105,52804011,KZN284 - uMlalazi
43430015,52804012,KZN284 - uMlalazi
43430059,52804012,KZN284 - uMlalazi
43430116,52804012,KZN284 - uMlalazi
43412352,52804013,KZN284 - uMlalazi
43414770,52804013,KZN284 - uMlalazi
43415029,52804013,KZN284 - uMlalazi
43417492,52804013,KZN284 - uMlalazi
43418606,52804013,KZN284 - uMlalazi
43412330,52804014,KZN284 - uMlalazi
43412341,52804014,KZN284 - uMlalazi
43412396,52804014,KZN284 - uMlalazi
43412486,52804014,KZN284 - uMlalazi
43416569,52804014,KZN284 - uMlalazi
43416648,52804014,KZN284 - uMlalazi
43411474,52804015,KZN284 - uMlalazi
43411496,52804015,KZN284 - uMlalazi
43411508,52804015,KZN284 - uMlalazi
43411665,52804015,KZN284 - uMlalazi
43416547,52804015,KZN284 - uMlalazi
43412206,52804016,KZN284 - uMlalazi
43412217,52804016,KZN284 - uMlalazi
43412239,52804016,KZN284 - uMlalazi
43412240,52804016,KZN284 - uMlalazi
43416570,52804016,KZN284 - uMlalazi
43412071,52804017,KZN284 - uMlalazi
43412228,52804017,KZN284 - uMlalazi
43412251,52804017,KZN284 - uMlalazi
43414758,52804017,KZN284 - uMlalazi
43416581,52804017,KZN284 - uMlalazi
43418617,52804017,KZN284 - uMlalazi
43411711,52804018,KZN284 - uMlalazi
43412026,52804018,KZN284 - uMlalazi
43412037,52804018,KZN284 - uMlalazi
43440016,52804018,KZN284 - uMlalazi
43412183,52804019,KZN284 - uMlalazi
43412273,52804019,KZN284 - uMlalazi
43412307,52804019,KZN284 - uMlalazi
43418628,52804019,KZN284 - uMlalazi
43470019,52804019,KZN284 - uMlalazi
43412194,52804020,KZN284 - uMlalazi
43412262,52804020,KZN284 - uMlalazi
43412295,52804020,KZN284 - uMlalazi
43416660,52804020,KZN284 - uMlalazi
43418639,52804020,KZN284 - uMlalazi
43419506,52804020,KZN284 - uMlalazi
43412284,52804021,KZN284 - uMlalazi
43412329,52804021,KZN284 - uMlalazi
43412419,52804021,KZN284 - uMlalazi
43416659,52804021,KZN284 - uMlalazi
43416671,52804021,KZN284 - uMlalazi
43418640,52804021,KZN284 - uMlalazi
43412420,52804022,KZN284 - uMlalazi
43412509,52804022,KZN284 - uMlalazi
43412666,52804022,KZN284 - uMlalazi
43415603,52804022,KZN284 - uMlalazi
43416637,52804022,KZN284 - uMlalazi
43417931,52804022,KZN284 - uMlalazi
43412644,52804023,KZN284 - uMlalazi
43412655,52804023,KZN284 - uMlalazi
43412857,52804023,KZN284 - uMlalazi
43413342,52804023,KZN284 - uMlalazi
43419405,52804023,KZN284 - uMlalazi
43412633,52804024,KZN284 - uMlalazi
43413331,52804024,KZN284 - uMlalazi
43417504,52804024,KZN284 - uMlalazi
43418651,52804024,KZN284 - uMlalazi
43412611,52804025,KZN284 - uMlalazi
43413320,52804025,KZN284 - uMlalazi
43416592,52804025,KZN284 - uMlalazi
43416626,52804025,KZN284 - uMlalazi
43417885,52804025,KZN284 - uMlalazi
43419393,52804025,KZN284 - uMlalazi
43412048,52804026,KZN284 - uMlalazi
43412598,52804026,KZN284 - uMlalazi
43412622,52804026,KZN284 - uMlalazi
43414781,52804026,KZN284 - uMlalazi
43416615,52804026,KZN284 - uMlalazi
43418662,52804026,KZN284 - uMlalazi
43411632,52804027,KZN284 - uMlalazi
43412543,52804027,KZN284 - uMlalazi
43412587,52804027,KZN284 - uMlalazi
43412600,52804027,KZN284 - uMlalazi
43416558,52804027,KZN284 - uMlalazi
43418594,52804027,KZN284 - uMlalazi
43417896,52804028,KZN284 - uMlalazi
43430026,52804028,KZN284 - uMlalazi
43430082,52804028,KZN284 - uMlalazi
44520038,52804028,KZN284 - uMlalazi
43413049,52805001,KZN285 - Mthonjaneni
43413050,52805001,KZN285 - Mthonjaneni
43413061,52805001,KZN285 - Mthonjaneni
43416794,52805001,KZN285 - Mthonjaneni
43416806,52805001,KZN285 - Mthonjaneni
43416817,52805001,KZN285 - Mthonjaneni
43417379,52805001,KZN285 - Mthonjaneni
43418022,52805001,KZN285 - Mthonjaneni
43500024,52805002,KZN285 - Mthonjaneni
43520026,52805002,KZN285 - Mthonjaneni
43520037,52805002,KZN285 - Mthonjaneni
43520048,52805002,KZN285 - Mthonjaneni
43412958,52805003,KZN285 - Mthonjaneni
43412981,52805003,KZN285 - Mthonjaneni
43415052,52805003,KZN285 - Mthonjaneni
43504512,52805003,KZN285 - Mthonjaneni
43520015,52805003,KZN285 - Mthonjaneni
43500013,52805004,KZN285 - Mthonjaneni
43500035,52805004,KZN285 - Mthonjaneni
43500046,52805004,KZN285 - Mthonjaneni
43500057,52805004,KZN285 - Mthonjaneni
43500068,52805004,KZN285 - Mthonjaneni
43503892,52805004,KZN285 - Mthonjaneni
43504523,52805004,KZN285 - Mthonjaneni
43411542,52805005,KZN285 - Mthonjaneni
43411553,52805005,KZN285 - Mthonjaneni
43416828,52805005,KZN285 - Mthonjaneni
43417795,52805005,KZN285 - Mthonjaneni
43418280,52805005,KZN285 - Mthonjaneni
43504545,52805005,KZN285 - Mthonjaneni
43504556,52805005,KZN285 - Mthonjaneni
43411609,52805006,KZN285 - Mthonjaneni
43415658,52805006,KZN285 - Mthonjaneni
43416840,52805006,KZN285 - Mthonjaneni
43417289,52805006,KZN285 - Mthonjaneni
43417290,52805006,KZN285 - Mthonjaneni
43417368,52805006,KZN285 - Mthonjaneni
43418044,52805006,KZN285 - Mthonjaneni
43418279,52805006,KZN285 - Mthonjaneni
43412936,52805007,KZN285 - Mthonjaneni
43412947,52805007,KZN285 - Mthonjaneni
43414859,52805007,KZN285 - Mthonjaneni
43415041,52805007,KZN285 - Mthonjaneni
43417302,52805007,KZN285 - Mthonjaneni
43418033,52805007,KZN285 - Mthonjaneni
43411610,52805008,KZN285 - Mthonjaneni
43411621,52805008,KZN285 - Mthonjaneni
43412891,52805008,KZN285 - Mthonjaneni
43416839,52805008,KZN285 - Mthonjaneni
43418291,52805008,KZN285 - Mthonjaneni
43412914,52805009,KZN285 - Mthonjaneni
43412925,52805009,KZN285 - Mthonjaneni
43416064,52805009,KZN285 - Mthonjaneni
43416873,52805009,KZN285 - Mthonjaneni
43418213,52805009,KZN285 - Mthonjaneni
43418224,52805009,KZN285 - Mthonjaneni
43412903,52805010,KZN285 - Mthonjaneni
43412969,52805010,KZN285 - Mthonjaneni
43412970,52805010,KZN285 - Mthonjaneni
43413016,52805010,KZN285 - Mthonjaneni
43415063,52805010,KZN285 - Mthonjaneni
43415928,52805010,KZN285 - Mthonjaneni
43416930,52805010,KZN285 - Mthonjaneni
43418202,52805010,KZN285 - Mthonjaneni
43412992,52805011,KZN285 - Mthonjaneni
43413038,52805011,KZN285 - Mthonjaneni
43416941,52805011,KZN285 - Mthonjaneni
43416952,52805011,KZN285 - Mthonjaneni
43418190,52805011,KZN285 - Mthonjaneni
43413005,52805012,KZN285 - Mthonjaneni
43413027,52805012,KZN285 - Mthonjaneni
43413072,52805012,KZN285 - Mthonjaneni
43413083,52805012,KZN285 - Mthonjaneni
43415276,52805012,KZN285 - Mthonjaneni
43416929,52805012,KZN285 - Mthonjaneni
43416963,52805012,KZN285 - Mthonjaneni
43416974,52805012,KZN285 - Mthonjaneni
43417908,52805012,KZN285 - Mthonjaneni
43413094,52805013,KZN285 - Mthonjaneni
43413106,52805013,KZN285 - Mthonjaneni
43413117,52805013,KZN285 - Mthonjaneni
43418189,52805013,KZN285 - Mthonjaneni
43410732,52806001,KZN286 - Nkandla
43410754,52806001,KZN286 - Nkandla
43410912,52806001,KZN286 - Nkandla
43410923,52806001,KZN286 - Nkandla
43411092,52806001,KZN286 - Nkandla
43416277,52806001,KZN286 - Nkandla
43417638,52806001,KZN286 - Nkandla
43417807,52806001,KZN286 - Nkandla
43419281,52806001,KZN286 - Nkandla
43410743,52806002,KZN286 - Nkandla
43410776,52806002,KZN286 - Nkandla
43410787,52806002,KZN286 - Nkandla
43410811,52806002,KZN286 - Nkandla
43416749,52806002,KZN286 - Nkandla
43410710,52806003,KZN286 - Nkandla
43410721,52806003,KZN286 - Nkandla
43410765,52806003,KZN286 - Nkandla
43410800,52806003,KZN286 - Nkandla
43410901,52806003,KZN286 - Nkandla
43416750,52806003,KZN286 - Nkandla
43411070,52806004,KZN286 - Nkandla
43411081,52806004,KZN286 - Nkandla
43415984,52806004,KZN286 - Nkandla
43417278,52806004,KZN286 - Nkandla
43419214,52806004,KZN286 - Nkandla
43411115,52806005,KZN286 - Nkandla
43411126,52806005,KZN286 - Nkandla
43411137,52806005,KZN286 - Nkandla
43414950,52806005,KZN286 - Nkandla
43419225,52806005,KZN286 - Nkandla
43419236,52806005,KZN286 - Nkandla
43411148,52806006,KZN286 - Nkandla
43411193,52806006,KZN286 - Nkandla
43411216,52806006,KZN286 - Nkandla
43411238,52806006,KZN286 - Nkandla
43415287,52806006,KZN286 - Nkandla
43419179,52806006,KZN286 - Nkandla
43411227,52806007,KZN286 - Nkandla
43411249,52806007,KZN286 - Nkandla
43411519,52806007,KZN286 - Nkandla
43411531,52806007,KZN286 - Nkandla
43415298,52806007,KZN286 - Nkandla
43417942,52806007,KZN286 - Nkandla
44540029,52806007,KZN286 - Nkandla
43410798,52806008,KZN286 - Nkandla
43410822,52806008,KZN286 - Nkandla
43410833,52806008,KZN286 - Nkandla
43410844,52806008,KZN286 - Nkandla
43411003,52806008,KZN286 - Nkandla
43417953,52806008,KZN286 - Nkandla
43419180,52806008,KZN286 - Nkandla
43419359,52806008,KZN286 - Nkandla
43410855,52806009,KZN286 - Nkandla
43410866,52806009,KZN286 - Nkandla
43410888,52806009,KZN286 - Nkandla
43410899,52806009,KZN286 - Nkandla
43416255,52806009,KZN286 - Nkandla
43416761,52806009,KZN286 - Nkandla
43419292,52806009,KZN286 - Nkandla
43411036,52806010,KZN286 - Nkandla
43411047,52806010,KZN286 - Nkandla
43411058,52806010,KZN286 - Nkandla
43411069,52806010,KZN286 - Nkandla
43415153,52806010,KZN286 - Nkandla
43416772,52806010,KZN286 - Nkandla
43419203,52806010,KZN286 - Nkandla
43411182,52806011,KZN286 - Nkandla
43411205,52806011,KZN286 - Nkandla
43415939,52806011,KZN286 - Nkandla
43415940,52806011,KZN286 - Nkandla
43415995,52806011,KZN286 - Nkandla
43416266,52806011,KZN286 - Nkandla
43419360,52806011,KZN286 - Nkandla
44540018,52806011,KZN286 - Nkandla
43410945,52806012,KZN286 - Nkandla
43411025,52806012,KZN286 - Nkandla
43415951,52806012,KZN286 - Nkandla
43415962,52806012,KZN286 - Nkandla
43416783,52806012,KZN286 - Nkandla
43417267,52806012,KZN286 - Nkandla
43417403,52806012,KZN286 - Nkandla
43417649,52806012,KZN286 - Nkandla
43417650,52806012,KZN286 - Nkandla
43417964,52806012,KZN286 - Nkandla
43419382,52806012,KZN286 - Nkandla
43410956,52806013,KZN286 - Nkandla
43410990,52806013,KZN286 - Nkandla
43411159,52806013,KZN286 - Nkandla
43411160,52806013,KZN286 - Nkandla
43415973,52806013,KZN286 - Nkandla
43419191,52806013,KZN286 - Nkandla
43411171,52806014,KZN286 - Nkandla
43411261,52806014,KZN286 - Nkandla
43411272,52806014,KZN286 - Nkandla
43411283,52806014,KZN286 - Nkandla
43411306,52806014,KZN286 - Nkandla
43414848,52806014,KZN286 - Nkandla
43414961,52806014,KZN286 - Nkandla
43416288,52806014,KZN286 - Nkandla
43411991,52901001,KZN291 - Mandeni
43412004,52901001,KZN291 - Mandeni
43412015,52901001,KZN291 - Mandeni
43417447,52901001,KZN291 - Mandeni
43417559,52901001,KZN291 - Mandeni
43411924,52901002,KZN291 - Mandeni
43411946,52901002,KZN291 - Mandeni
43411979,52901002,KZN291 - Mandeni
43417515,52901002,KZN291 - Mandeni
43418156,52901002,KZN291 - Mandeni
43415210,52901003,KZN291 - Mandeni
43415535,52901003,KZN291 - Mandeni
43417458,52901003,KZN291 - Mandeni
43460018,52901003,KZN291 - Mandeni
43460029,52901003,KZN291 - Mandeni
43460119,52901003,KZN291 - Mandeni
43460096,52901004,KZN291 - Mandeni
43580976,52901004,KZN291 - Mandeni
43582237,52901004,KZN291 - Mandeni
43411788,52901005,KZN291 - Mandeni
43411799,52901005,KZN291 - Mandeni
43411878,52901005,KZN291 - Mandeni
43417469,52901005,KZN291 - Mandeni
43411698,52901006,KZN291 - Mandeni
43411700,52901006,KZN291 - Mandeni
43412138,52901006,KZN291 - Mandeni
43415513,52901006,KZN291 - Mandeni
43411801,52901007,KZN291 - Mandeni
43416299,52901007,KZN291 - Mandeni
43411968,52901008,KZN291 - Mandeni
43411980,52901008,KZN291 - Mandeni
43415018,52901008,KZN291 - Mandeni
43415524,52901008,KZN291 - Mandeni
43418178,52901008,KZN291 - Mandeni
43411935,52901009,KZN291 - Mandeni
43411957,52901009,KZN291 - Mandeni
43416020,52901009,KZN291 - Mandeni
43418167,52901009,KZN291 - Mandeni
43418785,52901009,KZN291 - Mandeni
43411654,52901010,KZN291 - Mandeni
43415546,52901010,KZN291 - Mandeni
43418796,52901010,KZN291 - Mandeni
43418808,52901010,KZN291 - Mandeni
43411890,52901011,KZN291 - Mandeni
43414804,52901011,KZN291 - Mandeni
43417009,52901011,KZN291 - Mandeni
43419472,52901011,KZN291 - Mandeni
44560021,52901011,KZN291 - Mandeni
43411856,52901012,KZN291 - Mandeni
43411867,52901012,KZN291 - Mandeni
43419483,52901013,KZN291 - Mandeni
43460052,52901013,KZN291 - Mandeni
43460120,52901013,KZN291 - Mandeni
43460041,52901014,KZN291 - Mandeni
43460074,52901014,KZN291 - Mandeni
43460063,52901015,KZN291 - Mandeni
43460085,52901015,KZN291 - Mandeni
43411913,52901016,KZN291 - Mandeni
43412161,52901016,KZN291 - Mandeni
43415557,52901016,KZN291 - Mandeni
43418820,52901016,KZN291 - Mandeni
43414747,52901017,KZN291 - Mandeni
43418831,52901017,KZN291 - Mandeni
44560010,52901017,KZN291 - Mandeni
43411823,52901018,KZN291 - Mandeni
43417010,52901018,KZN291 - Mandeni
43418819,52901018,KZN291 - Mandeni
43582260,52902001,KZN292 - KwaDukuza
43582282,52902001,KZN292 - KwaDukuza
43583834,52902001,KZN292 - KwaDukuza
43584431,52902001,KZN292 - KwaDukuza
43610015,52902002,KZN292 - KwaDukuza
43610037,52902002,KZN292 - KwaDukuza
43610048,52902002,KZN292 - KwaDukuza
43581168,52902003,KZN292 - KwaDukuza
43581191,52902003,KZN292 - KwaDukuza
43582327,52902003,KZN292 - KwaDukuza
43582620,52902003,KZN292 - KwaDukuza
43584442,52902003,KZN292 - KwaDukuza
43584453,52902003,KZN292 - KwaDukuza
43584464,52902003,KZN292 - KwaDukuza
43610026,52902003,KZN292 - KwaDukuza
43582844,52902004,KZN292 - KwaDukuza
43600250,52902005,KZN292 - KwaDukuza
43600294,52902005,KZN292 - KwaDukuza
43590034,52902006,KZN292 - KwaDukuza
43590078,52902007,KZN292 - KwaDukuza
43590056,52902008,KZN292 - KwaDukuza
43581258,52902009,KZN292 - KwaDukuza
43600148,52902009,KZN292 - KwaDukuza
43600160,52902009,KZN292 - KwaDukuza
43600441,52902009,KZN292 - KwaDukuza
43600452,52902009,KZN292 - KwaDukuza
43600137,52902010,KZN292 - KwaDukuza
43600339,52902010,KZN292 - KwaDukuza
43600340,52902010,KZN292 - KwaDukuza
43583711,52902011,KZN292 - KwaDukuza
43600126,52902011,KZN292 - KwaDukuza
43600205,52902011,KZN292 - KwaDukuza
43600351,52902011,KZN292 - KwaDukuza
43580909,52902012,KZN292 - KwaDukuza
43600081,52902012,KZN292 - KwaDukuza
43600047,52902013,KZN292 - KwaDukuza
43600249,52902013,KZN292 - KwaDukuza
43600430,52902013,KZN292 - KwaDukuza
43600182,52902014,KZN292 - KwaDukuza
43600362,52902014,KZN292 - KwaDukuza
43600070,52902015,KZN292 - KwaDukuza
43600261,52902015,KZN292 - KwaDukuza
43600373,52902015,KZN292 - KwaDukuza
43600463,52902015,KZN292 - KwaDukuza
43600036,52902016,KZN292 - KwaDukuza
43600092,52902016,KZN292 - KwaDukuza
43600384,52902016,KZN292 - KwaDukuza
43600429,52902016,KZN292 - KwaDukuza
43600025,52902017,KZN292 - KwaDukuza
43600104,52902018,KZN292 - KwaDukuza
43600395,52902018,KZN292 - KwaDukuza
43600058,52902019,KZN292 - KwaDukuza
43600227,52902019,KZN292 - KwaDukuza
43600407,52902019,KZN292 - KwaDukuza
43580910,52902020,KZN292 - KwaDukuza
43590023,52902020,KZN292 - KwaDukuza
43590102,52902020,KZN292 - KwaDukuza
43590135,52902020,KZN292 - KwaDukuza
43580932,52902021,KZN292 - KwaDukuza
43581506,52902021,KZN292 - KwaDukuza
43582361,52902021,KZN292 - KwaDukuza
43583542,52902021,KZN292 - KwaDukuza
43584330,52902022,KZN292 - KwaDukuza
43590113,52902022,KZN292 - KwaDukuza
43590090,52902023,KZN292 - KwaDukuza
43590146,52902023,KZN292 - KwaDukuza
43600216,52902024,KZN292 - KwaDukuza
43600272,52902024,KZN292 - KwaDukuza
43600418,52902024,KZN292 - KwaDukuza
43581124,52902025,KZN292 - KwaDukuza
43582271,52902025,KZN292 - KwaDukuza
43583902,52902025,KZN292 - KwaDukuza
43584127,52902025,KZN292 - KwaDukuza
43600238,52902026,KZN292 - KwaDukuza
43600328,52902026,KZN292 - KwaDukuza
43580213,52902027,KZN292 - KwaDukuza
43581236,52902027,KZN292 - KwaDukuza
43581269,52902027,KZN292 - KwaDukuza
43581281,52902027,KZN292 - KwaDukuza
43582495,52902027,KZN292 - KwaDukuza
43590067,52902028,KZN292 - KwaDukuza
43590089,52902028,KZN292 - KwaDukuza
43600283,52902029,KZN292 - KwaDukuza
43600306,52902029,KZN292 - KwaDukuza
43582822,52902030,KZN292 - KwaDukuza
43590124,52902030,KZN292 - KwaDukuza
43580998,52903001,KZN293 - Ndwedwe
43581270,52903001,KZN293 - Ndwedwe
43581304,52903001,KZN293 - Ndwedwe
43582080,52903001,KZN293 - Ndwedwe
43583788,52903001,KZN293 - Ndwedwe
43584475,52903001,KZN293 - Ndwedwe
43581461,52903002,KZN293 - Ndwedwe
43581472,52903002,KZN293 - Ndwedwe
43581483,52903002,KZN293 - Ndwedwe
43581595,52903002,KZN293 - Ndwedwe
43581630,52903002,KZN293 - Ndwedwe
43581539,52903003,KZN293 - Ndwedwe
43581540,52903003,KZN293 - Ndwedwe
43581573,52903003,KZN293 - Ndwedwe
43582350,52903003,KZN293 - Ndwedwe
43582697,52903003,KZN293 - Ndwedwe
43583519,52903003,KZN293 - Ndwedwe
43583913,52903003,KZN293 - Ndwedwe
43584701,52903003,KZN293 - Ndwedwe
43770652,52903004,KZN293 - Ndwedwe
43770663,52903004,KZN293 - Ndwedwe
43770731,52903004,KZN293 - Ndwedwe
43773576,52903004,KZN293 - Ndwedwe
43770685,52903005,KZN293 - Ndwedwe
43770753,52903005,KZN293 - Ndwedwe
43770764,52903005,KZN293 - Ndwedwe
43770775,52903005,KZN293 - Ndwedwe
43770786,52903005,KZN293 - Ndwedwe
43581551,52903006,KZN293 - Ndwedwe
43581584,52903006,KZN293 - Ndwedwe
43770674,52903006,KZN293 - Ndwedwe
43770696,52903006,KZN293 - Ndwedwe
43581629,52903007,KZN293 - Ndwedwe
43582192,52903007,KZN293 - Ndwedwe
43582204,52903007,KZN293 - Ndwedwe
43582349,52903007,KZN293 - Ndwedwe
43582732,52903007,KZN293 - Ndwedwe
43583924,52903007,KZN293 - Ndwedwe
43584734,52903007,KZN293 - Ndwedwe
43580842,52903008,KZN293 - Ndwedwe
43581438,52903008,KZN293 - Ndwedwe
43581618,52903008,KZN293 - Ndwedwe
43584161,52903008,KZN293 - Ndwedwe
43584172,52903008,KZN293 - Ndwedwe
43581674,52903009,KZN293 - Ndwedwe
43581708,52903009,KZN293 - Ndwedwe
43581719,52903009,KZN293 - Ndwedwe
43581720,52903009,KZN293 - Ndwedwe
43584486,52903009,KZN293 - Ndwedwe
43584745,52903009,KZN293 - Ndwedwe
43581517,52903010,KZN293 - Ndwedwe
43581652,52903010,KZN293 - Ndwedwe
43581663,52903010,KZN293 - Ndwedwe
43582675,52903010,KZN293 - Ndwedwe
43583430,52903010,KZN293 - Ndwedwe
43581562,52903011,KZN293 - Ndwedwe
43582653,52903011,KZN293 - Ndwedwe
43582664,52903011,KZN293 - Ndwedwe
43582686,52903011,KZN293 - Ndwedwe
43583935,52903011,KZN293 - Ndwedwe
43584677,52903011,KZN293 - Ndwedwe
43581494,52903012,KZN293 - Ndwedwe
43582798,52903012,KZN293 - Ndwedwe
43582990,52903012,KZN293 - Ndwedwe
43583946,52903012,KZN293 - Ndwedwe
43584497,52903012,KZN293 - Ndwedwe
43584510,52903012,KZN293 - Ndwedwe
43580718,52903013,KZN293 - Ndwedwe
43582709,52903013,KZN293 - Ndwedwe
43582754,52903013,KZN293 - Ndwedwe
43583968,52903013,KZN293 - Ndwedwe
43582529,52903014,KZN293 - Ndwedwe
43582530,52903014,KZN293 - Ndwedwe
43582541,52903014,KZN293 - Ndwedwe
43582585,52903014,KZN293 - Ndwedwe
43583957,52903014,KZN293 - Ndwedwe
43584509,52903014,KZN293 - Ndwedwe
43581450,52903015,KZN293 - Ndwedwe
43581854,52903015,KZN293 - Ndwedwe
43582574,52903015,KZN293 - Ndwedwe
43582710,52903015,KZN293 - Ndwedwe
43582743,52903015,KZN293 - Ndwedwe
43581405,52903016,KZN293 - Ndwedwe
43581797,52903016,KZN293 - Ndwedwe
43581821,52903016,KZN293 - Ndwedwe
43581832,52903016,KZN293 - Ndwedwe
43581887,52903016,KZN293 - Ndwedwe
43581900,52903016,KZN293 - Ndwedwe
43581911,52903016,KZN293 - Ndwedwe
43581922,52903016,KZN293 - Ndwedwe
43584756,52903016,KZN293 - Ndwedwe
43581337,52903017,KZN293 - Ndwedwe
43581348,52903017,KZN293 - Ndwedwe
43581382,52903017,KZN293 - Ndwedwe
43581944,52903017,KZN293 - Ndwedwe
43581977,52903017,KZN293 - Ndwedwe
43583643,52903017,KZN293 - Ndwedwe
43584521,52903017,KZN293 - Ndwedwe
43584688,52903017,KZN293 - Ndwedwe
43584699,52903017,KZN293 - Ndwedwe
43581876,52903018,KZN293 - Ndwedwe
43581898,52903018,KZN293 - Ndwedwe
43581933,52903018,KZN293 - Ndwedwe
43581955,52903018,KZN293 - Ndwedwe
43581999,52903018,KZN293 - Ndwedwe
43583025,52903018,KZN293 - Ndwedwe
43581427,52903019,KZN293 - Ndwedwe
43581449,52903019,KZN293 - Ndwedwe
43581731,52903019,KZN293 - Ndwedwe
43581742,52903019,KZN293 - Ndwedwe
43581753,52903019,KZN293 - Ndwedwe
43581809,52903019,KZN293 - Ndwedwe
43581865,52903019,KZN293 - Ndwedwe
43582721,52903019,KZN293 - Ndwedwe
43770056,52904001,KZN294 - Maphumulo
43770191,52904001,KZN294 - Maphumulo
43773790,52904001,KZN294 - Maphumulo
43774522,52904001,KZN294 - Maphumulo
43775129,52904001,KZN294 - Maphumulo
43775646,52904001,KZN294 - Maphumulo
43770012,52904002,KZN294 - Maphumulo
43770023,52904002,KZN294 - Maphumulo
43770034,52904002,KZN294 - Maphumulo
43770067,52904002,KZN294 - Maphumulo
43770078,52904002,KZN294 - Maphumulo
43770089,52904002,KZN294 - Maphumulo
43770157,52904002,KZN294 - Maphumulo
43770179,52904002,KZN294 - Maphumulo
43770180,52904002,KZN294 - Maphumulo
43773813,52904002,KZN294 - Maphumulo
43775130,52904002,KZN294 - Maphumulo
43581012,52904003,KZN294 - Maphumulo
43581023,52904003,KZN294 - Maphumulo
43581045,52904003,KZN294 - Maphumulo
43583632,52904003,KZN294 - Maphumulo
43583856,52904003,KZN294 - Maphumulo
43584273,52904003,KZN294 - Maphumulo
43770090,52904003,KZN294 - Maphumulo
43770102,52904003,KZN294 - Maphumulo
43770146,52904003,KZN294 - Maphumulo
43773857,52904003,KZN294 - Maphumulo
43775657,52904003,KZN294 - Maphumulo
43580224,52904004,KZN294 - Maphumulo
43580886,52904004,KZN294 - Maphumulo
43581102,52904004,KZN294 - Maphumulo
43581113,52904004,KZN294 - Maphumulo
43581146,52904004,KZN294 - Maphumulo
43584329,52904004,KZN294 - Maphumulo
43584622,52904004,KZN294 - Maphumulo
43584723,52904004,KZN294 - Maphumulo
43770124,52904005,KZN294 - Maphumulo
43770337,52904005,KZN294 - Maphumulo
43770348,52904005,KZN294 - Maphumulo
43773543,52904005,KZN294 - Maphumulo
43773947,52904005,KZN294 - Maphumulo
43774229,52904005,KZN294 - Maphumulo
43774724,52904005,KZN294 - Maphumulo
43770281,52904006,KZN294 - Maphumulo
43770292,52904006,KZN294 - Maphumulo
43770304,52904006,KZN294 - Maphumulo
43770326,52904006,KZN294 - Maphumulo
43770427,52904006,KZN294 - Maphumulo
43770438,52904006,KZN294 - Maphumulo
43773846,52904006,KZN294 - Maphumulo
43774230,52904006,KZN294 - Maphumulo
43775567,52904006,KZN294 - Maphumulo
43580875,52904007,KZN294 - Maphumulo
43581371,52904007,KZN294 - Maphumulo
43581416,52904007,KZN294 - Maphumulo
43582125,52904007,KZN294 - Maphumulo
43582136,52904007,KZN294 - Maphumulo
43582158,52904007,KZN294 - Maphumulo
43582170,52904007,KZN294 - Maphumulo
43584295,52904007,KZN294 - Maphumulo
43584341,52904007,KZN294 - Maphumulo
43580505,52904008,KZN294 - Maphumulo
43580640,52904008,KZN294 - Maphumulo
43580707,52904008,KZN294 - Maphumulo
43580864,52904008,KZN294 - Maphumulo
43582091,52904008,KZN294 - Maphumulo
43582147,52904008,KZN294 - Maphumulo
43582169,52904008,KZN294 - Maphumulo
43582181,52904008,KZN294 - Maphumulo
43583867,52904008,KZN294 - Maphumulo
43584284,52904008,KZN294 - Maphumulo
43584363,52904008,KZN294 - Maphumulo
43580741,52904009,KZN294 - Maphumulo
43580921,52904009,KZN294 - Maphumulo
43582079,52904009,KZN294 - Maphumulo
43583722,52904009,KZN294 - Maphumulo
43583733,52904009,KZN294 - Maphumulo
43583878,52904009,KZN294 - Maphumulo
43583889,52904009,KZN294 - Maphumulo
43584149,52904009,KZN294 - Maphumulo
43584374,52904009,KZN294 - Maphumulo
43584385,52904009,KZN294 - Maphumulo
43581067,52904010,KZN294 - Maphumulo
43581089,52904010,KZN294 - Maphumulo
43583474,52904010,KZN294 - Maphumulo
43583890,52904010,KZN294 - Maphumulo
43580628,52904011,KZN294 - Maphumulo
43580639,52904011,KZN294 - Maphumulo
43581090,52904011,KZN294 - Maphumulo
43770315,52904011,KZN294 - Maphumulo
43770528,52904011,KZN294 - Maphumulo
43770551,52904011,KZN294 - Maphumulo
43772564,52904011,KZN294 - Maphumulo
43773969,52904011,KZN294 - Maphumulo
43774511,52904011,KZN294 - Maphumulo
43774713,52904011,KZN294 - Maphumulo
43580729,52904012,KZN294 - Maphumulo
43580897,52904012,KZN294 - Maphumulo
43581078,52904012,KZN294 - Maphumulo
43582068,52904012,KZN294 - Maphumulo
43583799,52904012,KZN294 - Maphumulo
43584262,52904012,KZN294 - Maphumulo
43584419,52904012,KZN294 - Maphumulo
43584420,52904012,KZN294 - Maphumulo
43900017,54303001,KZN433 - Greater Kokstad
43772755,54303002,KZN433 - Greater Kokstad
43772766,54303002,KZN433 - Greater Kokstad
43772777,54303002,KZN433 - Greater Kokstad
43773880,54303002,KZN433 - Greater Kokstad
43774173,54303002,KZN433 - Greater Kokstad
43774768,54303002,KZN433 - Greater Kokstad
43774779,54303002,KZN433 - Greater Kokstad
43775264,54303002,KZN433 - Greater Kokstad
43775578,54303002,KZN433 - Greater Kokstad
43900051,54303003,KZN433 - Greater Kokstad
43900130,54303003,KZN433 - Greater Kokstad
43900163,54303003,KZN433 - Greater Kokstad
43900107,54303004,KZN433 - Greater Kokstad
43900028,54303005,KZN433 - Greater Kokstad
43900062,54303005,KZN433 - Greater Kokstad
43900220,54303005,KZN433 - Greater Kokstad
43772733,54303006,KZN433 - Greater Kokstad
43772744,54303006,KZN433 - Greater Kokstad
43772788,54303006,KZN433 - Greater Kokstad
43774184,54303006,KZN433 - Greater Kokstad
43774814,54303006,KZN433 - Greater Kokstad
43774825,54303006,KZN433 - Greater Kokstad
43774836,54303006,KZN433 - Greater Kokstad
43774847,54303006,KZN433 - Greater Kokstad
43775501,54303006,KZN433 - Greater Kokstad
43900084,54303007,KZN433 - Greater Kokstad
43900095,54303007,KZN433 - Greater Kokstad
43900129,54303007,KZN433 - Greater Kokstad
43900040,54303008,KZN433 - Greater Kokstad
43900196,54303008,KZN433 - Greater Kokstad
43900118,54303009,KZN433 - Greater Kokstad
43900141,54303009,KZN433 - Greater Kokstad
43900152,54303009,KZN433 - Greater Kokstad
43900174,54303009,KZN433 - Greater Kokstad
43900039,54303010,KZN433 - Greater Kokstad
43900219,54303010,KZN433 - Greater Kokstad
43771642,54304001,KZN434 - uBuhlebezwe
43771653,54304001,KZN434 - uBuhlebezwe
43774353,54304001,KZN434 - uBuhlebezwe
43775231,54304001,KZN434 - uBuhlebezwe
43994009,54304001,KZN434 - uBuhlebezwe
43771530,54304002,KZN434 - uBuhlebezwe
43771552,54304002,KZN434 - uBuhlebezwe
43771596,54304002,KZN434 - uBuhlebezwe
43774319,54304002,KZN434 - uBuhlebezwe
43890015,54304002,KZN434 - uBuhlebezwe
43771563,54304003,KZN434 - uBuhlebezwe
43771574,54304003,KZN434 - uBuhlebezwe
43771585,54304003,KZN434 - uBuhlebezwe
43771608,54304003,KZN434 - uBuhlebezwe
43771619,54304003,KZN434 - uBuhlebezwe
43771620,54304003,KZN434 - uBuhlebezwe
43775242,54304003,KZN434 - uBuhlebezwe
43771541,54304004,KZN434 - uBuhlebezwe
43890026,54304004,KZN434 - uBuhlebezwe
43890037,54304004,KZN434 - uBuhlebezwe
43990016,54304005,KZN434 - uBuhlebezwe
43990027,54304005,KZN434 - uBuhlebezwe
43990050,54304005,KZN434 - uBuhlebezwe
43990151,54304005,KZN434 - uBuhlebezwe
43990162,54304005,KZN434 - uBuhlebezwe
43990263,54304005,KZN434 - uBuhlebezwe
43993356,54304005,KZN434 - uBuhlebezwe
43993604,54304005,KZN434 - uBuhlebezwe
43994324,54304005,KZN434 - uBuhlebezwe
43990342,54304006,KZN434 - uBuhlebezwe
43990353,54304006,KZN434 - uBuhlebezwe
43990498,54304006,KZN434 - uBuhlebezwe
43990230,54304007,KZN434 - uBuhlebezwe
43990386,54304007,KZN434 - uBuhlebezwe
43994425,54304007,KZN434 - uBuhlebezwe
43990364,54304008,KZN434 - uBuhlebezwe
43990375,54304008,KZN434 - uBuhlebezwe
43990409,54304008,KZN434 - uBuhlebezwe
43990410,54304008,KZN434 - uBuhlebezwe
43993985,54304008,KZN434 - uBuhlebezwe
43771507,54304009,KZN434 - uBuhlebezwe
43775253,54304009,KZN434 - uBuhlebezwe
43990038,54304009,KZN434 - uBuhlebezwe
43990049,54304009,KZN434 - uBuhlebezwe
43993569,54304009,KZN434 - uBuhlebezwe
43993570,54304009,KZN434 - uBuhlebezwe
43994212,54304009,KZN434 - uBuhlebezwe
43992175,54304010,KZN434 - uBuhlebezwe
43992456,54304010,KZN434 - uBuhlebezwe
43992872,54304010,KZN434 - uBuhlebezwe
43992962,54304010,KZN434 - uBuhlebezwe
43992973,54304010,KZN434 - uBuhlebezwe
43993200,54304010,KZN434 - uBuhlebezwe
43992322,54304011,KZN434 - uBuhlebezwe
43992377,54304011,KZN434 - uBuhlebezwe
43992388,54304011,KZN434 - uBuhlebezwe
43992399,54304011,KZN434 - uBuhlebezwe
43993075,54304011,KZN434 - uBuhlebezwe
43994223,54304011,KZN434 - uBuhlebezwe
43994234,54304011,KZN434 - uBuhlebezwe
43992186,54304012,KZN434 - uBuhlebezwe
43992197,54304012,KZN434 - uBuhlebezwe
43992311,54304012,KZN434 - uBuhlebezwe
43992478,54304012,KZN434 - uBuhlebezwe
43993772,54304012,KZN434 - uBuhlebezwe
43994010,54304012,KZN434 - uBuhlebezwe
43994896,54304012,KZN434 - uBuhlebezwe
43771484,54304013,KZN434 - uBuhlebezwe
43771495,54304013,KZN434 - uBuhlebezwe
43771518,54304013,KZN434 - uBuhlebezwe
43993996,54304013,KZN434 - uBuhlebezwe
43994874,54304013,KZN434 - uBuhlebezwe
43994885,54304013,KZN434 - uBuhlebezwe
43992232,54304014,KZN434 - uBuhlebezwe
43992287,54304014,KZN434 - uBuhlebezwe
43992298,54304014,KZN434 - uBuhlebezwe
43994313,54304014,KZN434 - uBuhlebezwe
43994706,54304014,KZN434 - uBuhlebezwe
43994717,54304014,KZN434 - uBuhlebezwe
11830014,54305001,KZN435 - uMzimkhulu
11830025,54305001,KZN435 - uMzimkhulu
11830081,54305001,KZN435 - uMzimkhulu
11830878,54305001,KZN435 - uMzimkhulu
11830889,54305001,KZN435 - uMzimkhulu
11830890,54305001,KZN435 - uMzimkhulu
11831497,54305001,KZN435 - uMzimkhulu
11830058,54305002,KZN435 - uMzimkhulu
11830069,54305002,KZN435 - uMzimkhulu
11830867,54305002,KZN435 - uMzimkhulu
11830913,54305002,KZN435 - uMzimkhulu
11830980,54305002,KZN435 - uMzimkhulu
11831004,54305002,KZN435 - uMzimkhulu
11830092,54305003,KZN435 - uMzimkhulu
11830531,54305003,KZN435 - uMzimkhulu
11830553,54305003,KZN435 - uMzimkhulu
11830799,54305003,KZN435 - uMzimkhulu
11830902,54305003,KZN435 - uMzimkhulu
11830946,54305003,KZN435 - uMzimkhulu
11830957,54305003,KZN435 - uMzimkhulu
11831295,54305003,KZN435 - uMzimkhulu
11831576,54305003,KZN435 - uMzimkhulu
11830047,54305004,KZN435 - uMzimkhulu
11830070,54305004,KZN435 - uMzimkhulu
11830542,54305004,KZN435 - uMzimkhulu
11830924,54305004,KZN435 - uMzimkhulu
11830935,54305004,KZN435 - uMzimkhulu
11830979,54305004,KZN435 - uMzimkhulu
11831509,54305004,KZN435 - uMzimkhulu
11830148,54305005,KZN435 - uMzimkhulu
11830205,54305005,KZN435 - uMzimkhulu
11830216,54305005,KZN435 - uMzimkhulu
11830777,54305005,KZN435 - uMzimkhulu
11830991,54305005,KZN435 - uMzimkhulu
11831510,54305005,KZN435 - uMzimkhulu
11831554,54305005,KZN435 - uMzimkhulu
11830115,54305006,KZN435 - uMzimkhulu
11830126,54305006,KZN435 - uMzimkhulu
11830250,54305006,KZN435 - uMzimkhulu
11830564,54305006,KZN435 - uMzimkhulu
11830586,54305006,KZN435 - uMzimkhulu
11830766,54305006,KZN435 - uMzimkhulu
11831015,54305006,KZN435 - uMzimkhulu
11831082,54305006,KZN435 - uMzimkhulu
11831420,54305006,KZN435 - uMzimkhulu
11830171,54305007,KZN435 - uMzimkhulu
11830182,54305007,KZN435 - uMzimkhulu
11830193,54305007,KZN435 - uMzimkhulu
11831026,54305007,KZN435 - uMzimkhulu
11831307,54305007,KZN435 - uMzimkhulu
11830104,54305008,KZN435 - uMzimkhulu
11830137,54305008,KZN435 - uMzimkhulu
11830261,54305008,KZN435 - uMzimkhulu
11830272,54305008,KZN435 - uMzimkhulu
11830968,54305008,KZN435 - uMzimkhulu
11831071,54305008,KZN435 - uMzimkhulu
11831385,54305008,KZN435 - uMzimkhulu
11831431,54305008,KZN435 - uMzimkhulu
11831442,54305008,KZN435 - uMzimkhulu
11830249,54305009,KZN435 - uMzimkhulu
11830283,54305009,KZN435 - uMzimkhulu
11830373,54305009,KZN435 - uMzimkhulu
11830610,54305009,KZN435 - uMzimkhulu
11831093,54305009,KZN435 - uMzimkhulu
11831105,54305009,KZN435 - uMzimkhulu
11830294,54305010,KZN435 - uMzimkhulu
11830306,54305010,KZN435 - uMzimkhulu
11830676,54305010,KZN435 - uMzimkhulu
11830700,54305010,KZN435 - uMzimkhulu
11831059,54305010,KZN435 - uMzimkhulu
11831060,54305010,KZN435 - uMzimkhulu
11831127,54305010,KZN435 - uMzimkhulu
11831138,54305010,KZN435 - uMzimkhulu
11831453,54305010,KZN435 - uMzimkhulu
11831464,54305010,KZN435 - uMzimkhulu
11830351,54305011,KZN435 - uMzimkhulu
11830362,54305011,KZN435 - uMzimkhulu
11830621,54305011,KZN435 - uMzimkhulu
11830711,54305011,KZN435 - uMzimkhulu
11831161,54305011,KZN435 - uMzimkhulu
11830036,54305012,KZN435 - uMzimkhulu
11830340,54305012,KZN435 - uMzimkhulu
11830496,54305012,KZN435 - uMzimkhulu
11830698,54305012,KZN435 - uMzimkhulu
11831150,54305012,KZN435 - uMzimkhulu
11831183,54305012,KZN435 - uMzimkhulu
11831318,54305012,KZN435 - uMzimkhulu
11830441,54305013,KZN435 - uMzimkhulu
11830463,54305013,KZN435 - uMzimkhulu
11830474,54305013,KZN435 - uMzimkhulu
11831217,54305013,KZN435 - uMzimkhulu
11831228,54305013,KZN435 - uMzimkhulu
11831352,54305013,KZN435 - uMzimkhulu
11830452,54305014,KZN435 - uMzimkhulu
11830508,54305014,KZN435 - uMzimkhulu
11830519,54305014,KZN435 - uMzimkhulu
11830520,54305014,KZN435 - uMzimkhulu
11831239,54305014,KZN435 - uMzimkhulu
11831419,54305014,KZN435 - uMzimkhulu
11831565,54305014,KZN435 - uMzimkhulu
11830429,54305015,KZN435 - uMzimkhulu
11830430,54305015,KZN435 - uMzimkhulu
11830665,54305015,KZN435 - uMzimkhulu
11830744,54305015,KZN435 - uMzimkhulu
11830755,54305015,KZN435 - uMzimkhulu
11830823,54305015,KZN435 - uMzimkhulu
11831240,54305015,KZN435 - uMzimkhulu
11831543,54305015,KZN435 - uMzimkhulu
11740014,54305016,KZN435 - uMzimkhulu
11740025,54305016,KZN435 - uMzimkhulu
11740036,54305016,KZN435 - uMzimkhulu
11740047,54305016,KZN435 - uMzimkhulu
11830384,54305017,KZN435 - uMzimkhulu
11830395,54305017,KZN435 - uMzimkhulu
11831284,54305017,KZN435 - uMzimkhulu
11831363,54305017,KZN435 - uMzimkhulu
11831374,54305017,KZN435 - uMzimkhulu
11830317,54305018,KZN435 - uMzimkhulu
11830328,54305018,KZN435 - uMzimkhulu
11830339,54305018,KZN435 - uMzimkhulu
11830722,54305018,KZN435 - uMzimkhulu
11830812,54305018,KZN435 - uMzimkhulu
11831149,54305018,KZN435 - uMzimkhulu
11831172,54305018,KZN435 - uMzimkhulu
11831396,54305018,KZN435 - uMzimkhulu
11831408,54305018,KZN435 - uMzimkhulu
11830238,54305019,KZN435 - uMzimkhulu
11830609,54305019,KZN435 - uMzimkhulu
11830834,54305019,KZN435 - uMzimkhulu
11831037,54305019,KZN435 - uMzimkhulu
11831116,54305019,KZN435 - uMzimkhulu
11831475,54305019,KZN435 - uMzimkhulu
11830407,54305020,KZN435 - uMzimkhulu
11830418,54305020,KZN435 - uMzimkhulu
11830632,54305020,KZN435 - uMzimkhulu
11830643,54305020,KZN435 - uMzimkhulu
11830654,54305020,KZN435 - uMzimkhulu
11831330,54305020,KZN435 - uMzimkhulu
11831341,54305020,KZN435 - uMzimkhulu
11830159,54305021,KZN435 - uMzimkhulu
11830160,54305021,KZN435 - uMzimkhulu
11830227,54305021,KZN435 - uMzimkhulu
11830575,54305021,KZN435 - uMzimkhulu
11830597,54305021,KZN435 - uMzimkhulu
11830733,54305021,KZN435 - uMzimkhulu
11830845,54305021,KZN435 - uMzimkhulu
11830856,54305021,KZN435 - uMzimkhulu
11831521,54305021,KZN435 - uMzimkhulu
11830485,54305022,KZN435 - uMzimkhulu
11830687,54305022,KZN435 - uMzimkhulu
11830801,54305022,KZN435 - uMzimkhulu
11831194,54305022,KZN435 - uMzimkhulu
11831206,54305022,KZN435 - uMzimkhulu
11831251,54305022,KZN435 - uMzimkhulu
11831329,54305022,KZN435 - uMzimkhulu
11831486,54305022,KZN435 - uMzimkhulu
11831532,54305022,KZN435 - uMzimkhulu
11831587,54305022,KZN435 - uMzimkhulu
43772711,54306001,KZN436 - Dr. Nkosazana Dlamini Zuma
43772722,54306001,KZN436 - Dr. Nkosazana Dlamini Zuma
43772878,54306001,KZN436 - Dr. Nkosazana Dlamini Zuma
43773127,54306001,KZN436 - Dr. Nkosazana Dlamini Zuma
43774498,54306001,KZN436 - Dr. Nkosazana Dlamini Zuma
43774500,54306001,KZN436 - Dr. Nkosazana Dlamini Zuma
43774678,54306001,KZN436 - Dr. Nkosazana Dlamini Zuma
43774937,54306001,KZN436 - Dr. Nkosazana Dlamini Zuma
43774948,54306001,KZN436 - Dr. Nkosazana Dlamini Zuma
43772834,54306002,KZN436 - Dr. Nkosazana Dlamini Zuma
43772856,54306002,KZN436 - Dr. Nkosazana Dlamini Zuma
43772867,54306002,KZN436 - Dr. Nkosazana Dlamini Zuma
43774465,54306002,KZN436 - Dr. Nkosazana Dlamini Zuma
43970025,54306002,KZN436 - Dr. Nkosazana Dlamini Zuma
43772812,54306003,KZN436 - Dr. Nkosazana Dlamini Zuma
43772823,54306003,KZN436 - Dr. Nkosazana Dlamini Zuma
43970014,54306003,KZN436 - Dr. Nkosazana Dlamini Zuma
43970036,54306003,KZN436 - Dr. Nkosazana Dlamini Zuma
43771787,54306004,KZN436 - Dr. Nkosazana Dlamini Zuma
43771798,54306004,KZN436 - Dr. Nkosazana Dlamini Zuma
43771800,54306004,KZN436 - Dr. Nkosazana Dlamini Zuma
43773925,54306004,KZN436 - Dr. Nkosazana Dlamini Zuma
43775051,54306004,KZN436 - Dr. Nkosazana Dlamini Zuma
43771754,54306005,KZN436 - Dr. Nkosazana Dlamini Zuma
43771765,54306005,KZN436 - Dr. Nkosazana Dlamini Zuma
43771811,54306005,KZN436 - Dr. Nkosazana Dlamini Zuma
43771822,54306005,KZN436 - Dr. Nkosazana Dlamini Zuma
43774803,54306005,KZN436 - Dr. Nkosazana Dlamini Zuma
43775062,54306005,KZN436 - Dr. Nkosazana Dlamini Zuma
43771721,54306006,KZN436 - Dr. Nkosazana Dlamini Zuma
43771833,54306006,KZN436 - Dr. Nkosazana Dlamini Zuma
43771844,54306006,KZN436 - Dr. Nkosazana Dlamini Zuma
43771855,54306006,KZN436 - Dr. Nkosazana Dlamini Zuma
43774218,54306006,KZN436 - Dr. Nkosazana Dlamini Zuma
43775073,54306006,KZN436 - Dr. Nkosazana Dlamini Zuma
43775725,54306006,KZN436 - Dr. Nkosazana Dlamini Zuma
43771686,54306007,KZN436 - Dr. Nkosazana Dlamini Zuma
43771866,54306007,KZN436 - Dr. Nkosazana Dlamini Zuma
43771877,54306007,KZN436 - Dr. Nkosazana Dlamini Zuma
43771888,54306007,KZN436 - Dr. Nkosazana Dlamini Zuma
43771732,54306008,KZN436 - Dr. Nkosazana Dlamini Zuma
43771743,54306008,KZN436 - Dr. Nkosazana Dlamini Zuma
43771776,54306008,KZN436 - Dr. Nkosazana Dlamini Zuma
43773914,54306008,KZN436 - Dr. Nkosazana Dlamini Zuma
43775589,54306008,KZN436 - Dr. Nkosazana Dlamini Zuma
43771978,54306009,KZN436 - Dr. Nkosazana Dlamini Zuma
43771990,54306009,KZN436 - Dr. Nkosazana Dlamini Zuma
43772003,54306009,KZN436 - Dr. Nkosazana Dlamini Zuma
43775107,54306009,KZN436 - Dr. Nkosazana Dlamini Zuma
43771923,54306010,KZN436 - Dr. Nkosazana Dlamini Zuma
43771989,54306010,KZN436 - Dr. Nkosazana Dlamini Zuma
43772014,54306010,KZN436 - Dr. Nkosazana Dlamini Zuma
43772047,54306010,KZN436 - Dr. Nkosazana Dlamini Zuma
43774375,54306010,KZN436 - Dr. Nkosazana Dlamini Zuma
43772081,54306011,KZN436 - Dr. Nkosazana Dlamini Zuma
43772092,54306011,KZN436 - Dr. Nkosazana Dlamini Zuma
43772104,54306011,KZN436 - Dr. Nkosazana Dlamini Zuma
43772115,54306011,KZN436 - Dr. Nkosazana Dlamini Zuma
43772126,54306011,KZN436 - Dr. Nkosazana Dlamini Zuma
43775118,54306011,KZN436 - Dr. Nkosazana Dlamini Zuma
43772025,54306012,KZN436 - Dr. Nkosazana Dlamini Zuma
43772036,54306012,KZN436 - Dr. Nkosazana Dlamini Zuma
43772058,54306012,KZN436 - Dr. Nkosazana Dlamini Zuma
43772069,54306012,KZN436 - Dr. Nkosazana Dlamini Zuma
43775736,54306012,KZN436 - Dr. Nkosazana Dlamini Zuma
43771956,54306013,KZN436 - Dr. Nkosazana Dlamini Zuma
43771967,54306013,KZN436 - Dr. Nkosazana Dlamini Zuma
43773835,54306013,KZN436 - Dr. Nkosazana Dlamini Zuma
43773981,54306013,KZN436 - Dr. Nkosazana Dlamini Zuma
43771697,54306014,KZN436 - Dr. Nkosazana Dlamini Zuma
43771709,54306014,KZN436 - Dr. Nkosazana Dlamini Zuma
43771710,54306014,KZN436 - Dr. Nkosazana Dlamini Zuma
43773644,54306014,KZN436 - Dr. Nkosazana Dlamini Zuma
43774364,54306014,KZN436 - Dr. Nkosazana Dlamini Zuma
43775084,54306014,KZN436 - Dr. Nkosazana Dlamini Zuma
43820018,54306014,KZN436 - Dr. Nkosazana Dlamini Zuma
43771664,54306015,KZN436 - Dr. Nkosazana Dlamini Zuma
43771675,54306015,KZN436 - Dr. Nkosazana Dlamini Zuma
43771899,54306015,KZN436 - Dr. Nkosazana Dlamini Zuma
43771901,54306015,KZN436 - Dr. Nkosazana Dlamini Zuma
43771912,54306015,KZN436 - Dr. Nkosazana Dlamini Zuma
43771934,54306015,KZN436 - Dr. Nkosazana Dlamini Zuma
43773633,54306015,KZN436 - Dr. Nkosazana Dlamini Zuma
43775095,54306015,KZN436 - Dr. Nkosazana Dlamini Zuma
